{
        "Reff": 0.9094395894549946,
        "R": 2.2735989736374864,
        "MthetaE": 0.0,
        "Mstar": 10.63249087929843,
        "Mdm": 10.608043679512585,
        "Mbh": 8.274933815002441,
        "Mtotal": 10.921469274343053,
        "fdm": 0.4859307755243753,
        "projMstar": 10.714692474183407,
        "projMdm": 10.768149505668532,
        "projMtotal": 11.043272965876945,
        "projfdm": 0.5307335471058287,
        "MMstar": 10.666238434011358,
        "MMdm": 10.648437393739496,
        "MMbh": -Infinity,
        "MMtotal": 10.958459107697685,
        "Mfdm": 0.4897543319034037,
        "MMthetaE": 0.0,
        "projMMstar": 10.68419944229884,
        "projMMdm": 10.935301049053622,
        "projMMtotal": 11.128680784380911,
        "projMfdm": 0.6406491653455813,
        "Dstar": 0.08080552154368711,
        "Ddm": 0.09747267068320987,
        "Dtotal": 0.08890460225083574,
        "Dfdm": 0.007868520726851087,
        "projDstar": -0.06780457300224275,
        "projDdm": 0.46943893647931156,
        "projDtotal": 0.21732858044448655,
        "projDfdm": 0.20710132012407978,
        "DthetaE": 0
}