{
        "Reff": 0.9887552142199191,
        "R": 2.4718880355497976,
        "MthetaE": 1.2083783783783781,
        "Mstar": 11.04893017688709,
        "Mdm": 11.003926349216886,
        "Mbh": 8.475809097290039,
        "Mtotal": 11.328040939089043,
        "fdm": 0.47411687162874955,
        "projMstar": 11.150297977464037,
        "projMdm": 11.244430859000468,
        "projMtotal": 11.50093983769244,
        "projfdm": 0.5539760908064386,
        "MMstar": [
                11.161090504605289,
                11.166211836941743,
                11.175637921219193
        ],
        "MMdm": [
                10.750595067255267,
                10.779978637797225,
                10.794199487275188
        ],
        "MMbh": -Infinity,
        "MMtotal": [
                11.312978813297851,
                11.315277839724331,
                11.317814427907553
        ],
        "Mfdm": [
                0.27334929244187606,
                0.2916008643864643,
                0.3002788704860136
        ],
        "MMthetaE": 1.224463753867507,
        "projMMstar": [
                11.176748268156807,
                11.181612913669667,
                11.191375034902924
        ],
        "projMMdm": [
                11.03974871386406,
                11.067403482642098,
                11.085100841071501
        ],
        "projMMtotal": [
                11.421575806916612,
                11.42983899398735,
                11.43524628365101
        ],
        "projMfdm": [
                0.4146763313966173,
                0.4342139435126225,
                0.44700551826567086
        ],
        "Dstar": 0.31003126340564363,
        "Ddm": -0.40289282669358634,
        "Dtotal": -0.028960490805242132,
        "Dfdm": -0.3849599500968651,
        "projDstar": 0.0747685169207448,
        "projDdm": -0.3347687788977753,
        "projDtotal": -0.15101668280821834,
        "projDfdm": -0.21618649122469344,
        "DthetaE": -0.013311538651258465
}