{
        "Reff": 0.9887552142199191,
        "R": 2.4718880355497976,
        "MthetaE": 1.2083783783783781,
        "Mstar": 11.04893017688709,
        "Mdm": 11.003926349216886,
        "Mbh": 8.475809097290039,
        "Mtotal": 11.328040939089043,
        "fdm": 0.47411687162874955,
        "projMstar": 11.150297977464037,
        "projMdm": 11.244430859000468,
        "projMtotal": 11.50093983769244,
        "projfdm": 0.5539760908064386,
        "MMstar": [
                11.161257799344645,
                11.166821196199846,
                11.176983692043208
        ],
        "MMdm": [
                10.747211463002216,
                10.778376650352088,
                10.794195808116408
        ],
        "MMbh": -Infinity,
        "MMtotal": [
                11.313020929405605,
                11.315307933380497,
                11.31788597125306
        ],
        "Mfdm": [
                0.2712046899744469,
                0.2901828535657257,
                0.3002743336376735
        ],
        "MMthetaE": 1.2504724864817973,
        "projMMstar": [
                11.176926359504055,
                11.182203810551226,
                11.192466079830778
        ],
        "projMMdm": [
                11.03799426437937,
                11.064012981727672,
                11.084873098341742
        ],
        "projMMtotal": [
                11.42118705521844,
                11.428826468826278,
                11.43518353259919
        ],
        "projMfdm": [
                0.41240722732857144,
                0.4320028442012212,
                0.4465725424496235
        ],
        "Dstar": 0.31187066042262596,
        "Ddm": -0.40509132602533626,
        "Dtotal": -0.028893202035060826,
        "Dfdm": -0.38795079666992055,
        "projDstar": 0.07623183185474117,
        "projDdm": -0.3399419641476765,
        "projDtotal": -0.15299371847794202,
        "projDfdm": -0.22017781747161239,
        "DthetaE": -0.034835204648322744,
        "PL_slope1": -2.7195893487439236,
        "AV_slope1": 2.5216493942692457,
        "PL_slope2": -2.027335043641169,
        "AV_slope2": 2.035830514356794
}