{
        "Reff": 0.35973259940631447,
        "R": 0.46202702702702697,
        "MthetaE": 0.46202702702702697,
        "Mstar": 10.154514149873487,
        "Mdm": 9.85340370134865,
        "Mbh": 8.119908332824707,
        "Mtotal": 10.330578592964834,
        "fdm": 0.33329216803596157,
        "projMstar": 10.270689529883358,
        "projMdm": 10.129276943838029,
        "projMtotal": 10.506743732429133,
        "projfdm": 0.4193080608244642,
        "MMstar": [
                10.3386861571083,
                10.36345485344558,
                10.389338850986535
        ],
        "MMdm": [
                9.342771800213383,
                9.440619273950823,
                9.542857463892904
        ],
        "MMbh": -Infinity,
        "MMtotal": [
                10.398703827334325,
                10.41347421358174,
                10.43020751787623
        ],
        "Mfdm": [
                0.08244943984437754,
                0.10722492288047633,
                0.1369091221242571
        ],
        "MMthetaE": 0.48492597519012226,
        "projMMstar": [
                10.36611975624143,
                10.390840900579164,
                10.416563005926108
        ],
        "projMMdm": [
                9.782442919205131,
                9.867465732657681,
                9.940799798180114
        ],
        "projMMtotal": [
                10.490579768718273,
                10.505393510695962,
                10.5189186374302
        ],
        "projMfdm": [
                0.19100091402790081,
                0.23231178093422647,
                0.2691453561114989
        ],
        "Dstar": 0.617859128051596,
        "Ddm": -0.6134411927176681,
        "Dtotal": 0.21030721043765563,
        "Dfdm": -0.6782855009395031,
        "projDstar": 0.31871628899348703,
        "projDdm": -0.4527461963056374,
        "projDtotal": -0.0031041724978302754,
        "projDfdm": -0.4459639519511178,
        "DthetaE": -0.049561923488419174
}