{
        "Reff": 0.35973259940631447,
        "R": 0.46202702702702697,
        "MthetaE": 0.46202702702702697,
        "Mstar": 10.154514149873487,
        "Mdm": 9.85340370134865,
        "Mbh": 8.119908332824707,
        "Mtotal": 10.330578592964834,
        "fdm": 0.33329216803596157,
        "projMstar": 10.270689529883358,
        "projMdm": 10.129276943838029,
        "projMtotal": 10.506743732429133,
        "projfdm": 0.4193080608244642,
        "MMstar": [
                10.339822548462969,
                10.364200840605205,
                10.389062678616922
        ],
        "MMdm": [
                9.338820503831897,
                9.439595830356074,
                9.542956891906737
        ],
        "MMbh": -Infinity,
        "MMtotal": [
                10.399840648653221,
                10.414470525507022,
                10.430428385675258
        ],
        "Mfdm": [
                0.08269019231833086,
                0.10577706073287572,
                0.1356411841721106
        ],
        "MMthetaE": 0.509223606974525,
        "projMMstar": [
                10.36696298828606,
                10.391356509360586,
                10.415892279487151
        ],
        "projMMdm": [
                9.77765345617545,
                9.862922545514358,
                9.941331524726584
        ],
        "projMMtotal": [
                10.491133304550866,
                10.505036840736187,
                10.51913271727157
        ],
        "projMfdm": [
                0.18809364342990145,
                0.2286166115337043,
                0.27087568567443354
        ],
        "Dstar": 0.6206405110231348,
        "Ddm": -0.6143510715305001,
        "Dtotal": 0.21308695499852426,
        "Dfdm": -0.6826296238636409,
        "projDstar": 0.3202828423612626,
        "projDdm": -0.4584412194175034,
        "projDtotal": -0.00392254999097188,
        "projDfdm": -0.4547764927671864,
        "DthetaE": -0.10215112360675202
}