{
        "Reff": 0.9365665652080015,
        "R": 2.3414164130200037,
        "MthetaE": 0.46202702702702697,
        "Mstar": 10.640716130724964,
        "Mdm": 10.623906835986013,
        "Mbh": 8.274933815002441,
        "Mtotal": 10.933422799058757,
        "fdm": 0.4903249999115269,
        "projMstar": 10.720203291334967,
        "projMdm": 10.779935899085148,
        "projMtotal": 11.052125730909896,
        "projfdm": 0.5343307502741772,
        "MMstar": [
                10.692976874716761,
                10.725997807546765,
                10.75383329765089
        ],
        "MMdm": [
                10.38956595326255,
                10.469990620494425,
                10.541266342396435
        ],
        "MMbh": -Infinity,
        "MMtotal": [
                10.897834011072332,
                10.916912606147601,
                10.937645116250488
        ],
        "Mfdm": [
                0.3059646568507907,
                0.35631574493687357,
                0.41030785924462654
        ],
        "MMthetaE": 0.5475522655640054,
        "projMMstar": [
                10.708240843576236,
                10.740079529432414,
                10.767891020840732
        ],
        "projMMdm": [
                10.62796319135183,
                10.715824395961333,
                10.797383380671913
        ],
        "projMMtotal": [
                10.996157086740762,
                11.02881417252748,
                11.063036949457707
        ],
        "projMfdm": [
                0.4280689495133465,
                0.4867403334849085,
                0.5439586253127178
        ],
        "Dstar": 0.2169750563194087,
        "Ddm": -0.29840936309599925,
        "Dtotal": -0.03730258184383013,
        "Dfdm": -0.2733070004565006,
        "projDstar": 0.04683018792191196,
        "projDdm": -0.13724298959140782,
        "projDtotal": -0.05226167833111987,
        "projDfdm": -0.08906546509787984,
        "DthetaE": -0.1851087350610238
}