{
        "Reff": 0.9365665652080015,
        "R": 2.3414164130200037,
        "MthetaE": 0.46202702702702697,
        "Mstar": 10.640716130724963,
        "Mdm": 10.623906835986013,
        "Mbh": 8.274933815002441,
        "Mtotal": 10.933422799058757,
        "fdm": 0.4903249999115269,
        "projMstar": 10.720203291334967,
        "projMdm": 10.779935899085148,
        "projMtotal": 11.052125730909896,
        "projfdm": 0.5343307502741772,
        "MMstar": [
                10.694754994149967,
                10.726607744920136,
                10.753429269942549
        ],
        "MMdm": [
                10.391301844532753,
                10.47140818406243,
                10.544849227797009
        ],
        "MMbh": -Infinity,
        "MMtotal": [
                10.898604730473087,
                10.919566438806207,
                10.938505307345935
        ],
        "Mfdm": [
                0.30517284969933434,
                0.35699434553691206,
                0.4097125891909698
        ],
        "MMthetaE": 0.0,
        "projMMstar": [
                10.709932362965768,
                10.740642299375438,
                10.767586906548024
        ],
        "projMMdm": [
                10.633869336513357,
                10.720121782216244,
                10.792837925055842
        ],
        "projMMtotal": [
                10.998439178335673,
                11.031718375626207,
                11.062328222264167
        ],
        "projMfdm": [
                0.42993479264219314,
                0.4889529589532871,
                0.5417648275864277
        ],
        "Dstar": 0.21868541664980773,
        "Ddm": -0.29611558716701686,
        "Dtotal": -0.031401839900125,
        "Dfdm": -0.27192301921923767,
        "projDstar": 0.048187576643328296,
        "projDdm": -0.12866354762483442,
        "projDtotal": -0.04590274860483413,
        "projDfdm": -0.08492453653024035,
        "DthetaE": 1.0
}