{
        "Reff": 0.42908660556761313,
        "R": 1.0727165139190329,
        "MthetaE": 0.533108108108108,
        "Mstar": 10.461121573211894,
        "Mdm": 10.349580676302088,
        "Mbh": 8.356976509094238,
        "Mtotal": 10.709952236130166,
        "fdm": 0.4361425316510598,
        "projMstar": 10.519498947164227,
        "projMdm": 10.555126770256262,
        "projMtotal": 10.838708097904357,
        "projfdm": 0.5204975293137197,
        "MMstar": [
                10.469624453429494,
                10.474427046524466,
                10.484707087911946
        ],
        "MMdm": [
                9.912396707409707,
                9.975053095573596,
                10.035612898307843
        ],
        "MMbh": -Infinity,
        "MMtotal": [
                10.582992151166206,
                10.596438495787973,
                10.610395665400242
        ],
        "Mfdm": [
                0.21319801753274437,
                0.239072885311761,
                0.2667373894907153
        ],
        "MMthetaE": 0.509223606974525,
        "projMMstar": [
                10.495599935987185,
                10.5004371935086,
                10.510823272084854
        ],
        "projMMdm": [
                10.36940703337942,
                10.427816502298338,
                10.493659608381336
        ],
        "projMMtotal": [
                10.743369072556103,
                10.76918640438712,
                10.798170095917818
        ],
        "projMfdm": [
                0.4227621706873564,
                0.4575969551128908,
                0.4953739730778054
        ],
        "Dstar": 0.03111112662197958,
        "Ddm": -0.5778445316166622,
        "Dtotal": -0.2300079172744877,
        "Dfdm": -0.4518468895782133,
        "projDstar": -0.04294202537038646,
        "projDdm": -0.2540843278527683,
        "projDtotal": -0.14792405187383265,
        "projDfdm": -0.12084701782112948,
        "DthetaE": 0.04480235954081493,
        "PL_slope1": -2.562741784372062,
        "AV_slope1": 2.5367937481166285,
        "PL_slope2": -2.1977481686313847,
        "AV_slope2": 2.189333088779234
}