{
        "Reff": 0.42908660556761313,
        "R": 1.0727165139190329,
        "MthetaE": 0.533108108108108,
        "Mstar": 10.461121573211894,
        "Mdm": 10.349580676302088,
        "Mbh": 8.356976509094238,
        "Mtotal": 10.709952236130166,
        "fdm": 0.4361425316510598,
        "projMstar": 10.519498947164227,
        "projMdm": 10.555126770256262,
        "projMtotal": 10.838708097904357,
        "projfdm": 0.5204975293137197,
        "MMstar": [
                10.46948123137716,
                10.474370953588657,
                10.483568314738795
        ],
        "MMdm": [
                9.909067994100162,
                9.974702285457424,
                10.032781572393358
        ],
        "MMbh": -Infinity,
        "MMtotal": [
                10.58087258689761,
                10.595183600506543,
                10.609942827396399
        ],
        "Mfdm": [
                0.21167293038404664,
                0.2397218584519807,
                0.26560458366346007
        ],
        "MMthetaE": 0.4500195182604169,
        "projMMstar": [
                10.495459538892037,
                10.500392067535763,
                10.509513654203607
        ],
        "projMMdm": [
                10.364894018873505,
                10.42731580522071,
                10.492935260999287
        ],
        "projMMtotal": [
                10.741239136729716,
                10.767908603001992,
                10.797461081311882
        ],
        "projMfdm": [
                0.4207447228656366,
                0.45739821499011635,
                0.49565167571872704
        ],
        "Dstar": 0.03097795818981557,
        "Ddm": -0.5781853985105518,
        "Dtotal": -0.23222960051092814,
        "Dfdm": -0.4503589055062106,
        "projDstar": -0.043041464645530124,
        "projDdm": -0.25494379672615725,
        "projDtotal": -0.1504273847657712,
        "projDfdm": -0.1212288450375554,
        "DthetaE": 0.15585692392215827
}