{
        "Reff": 0.35973259940631447,
        "R": 0.46202702702702697,
        "MthetaE": 0.46202702702702697,
        "Mstar": 10.154514149873487,
        "Mdm": 9.85340370134865,
        "Mbh": 8.119908332824707,
        "Mtotal": 10.330578592964834,
        "fdm": 0.33329216803596157,
        "projMstar": 10.270689529883358,
        "projMdm": 10.129276943838029,
        "projMtotal": 10.506743732429133,
        "projfdm": 0.4193080608244642,
        "MMstar": -Infinity,
        "MMdm": -Infinity,
        "MMbh": -Infinity,
        "MMtotal": -Infinity,
        "Mfdm": 0.0,
        "MMthetaE": 0.48492597519012226,
        "projMMstar": 10.43727985636001,
        "projMMdm": 9.380680507110382,
        "projMMtotal": 10.473821335419055,
        "projMfdm": 0.08069733112562412,
        "Dstar": -1.0,
        "Ddm": -1.0,
        "Dtotal": -1.0,
        "Dfdm": -1.0,
        "projDstar": 0.4675412808596456,
        "projDdm": -0.8215964207322651,
        "projDtotal": -0.0730045489305653,
        "projDfdm": -0.8075464350316733,
        "DthetaE": -0.049561923488419174
}