{
        "Reff": 0.5148342648334497,
        "R": 0.5804954954954954,
        "MthetaE": 0.5804954954954954,
        "Mstar": 10.332992349204273,
        "Mdm": 9.915833221302163,
        "Mbh": 8.260486602783203,
        "Mtotal": 10.473715443571665,
        "fdm": 0.2767692123056929,
        "projMstar": 10.40732278043186,
        "projMdm": 10.179791668756826,
        "projMtotal": 10.609320580506106,
        "projfdm": 0.3719384597388031,
        "MMstar": 10.17037924808991,
        "MMdm": 9.863552631207762,
        "MMbh": -Infinity,
        "MMtotal": 10.344546883808508,
        "Mfdm": 0.33037391313523295,
        "MMthetaE": 0.5762987595061156,
        "projMMstar": 10.199252952516654,
        "projMMdm": 10.282306247583092,
        "projMMtotal": 10.543791938507253,
        "projMfdm": 0.547664145028799,
        "Dstar": -0.3123192002438383,
        "Ddm": -0.1134169788774027,
        "Dtotal": -0.2572691891103973,
        "Dfdm": 0.19368014376661738,
        "projDstar": -0.3806585135745612,
        "projDdm": 0.266235773051018,
        "projDtotal": -0.14005364899321157,
        "projDfdm": 0.4724590337159561,
        "DthetaE": 0.0072295754608699084
}