{
        "Reff": 0.5447542281665589,
        "R": 1.3618855704163972,
        "MthetaE": 0.0,
        "Mstar": 10.514312794352605,
        "Mdm": 10.43474709606854,
        "Mbh": 8.265588760375977,
        "Mtotal": 10.777379520299181,
        "fdm": 0.4543259838895221,
        "projMstar": 10.612743061209496,
        "projMdm": 10.67090916452487,
        "projMtotal": 10.943829172321944,
        "projfdm": 0.5334331388782186,
        "MMstar": 10.52546232495565,
        "MMdm": 10.128064254433776,
        "MMbh": -Infinity,
        "MMtotal": 10.671745269124013,
        "Mfdm": 0.28596901883845205,
        "MMthetaE": 0.0,
        "projMMstar": 10.550658403861911,
        "projMMdm": 10.6170264976518,
        "projMMtotal": 10.886138996154093,
        "projMfdm": 0.5381303685826152,
        "Dstar": 0.026005126126187366,
        "Ddm": -0.5064659075052205,
        "Dtotal": -0.21591030012107282,
        "Dfdm": -0.37056424466360527,
        "projDstar": -0.13320710529712684,
        "projDdm": -0.11668148608675687,
        "projDtotal": -0.12439179236983308,
        "projDfdm": 0.008805657845469798,
        "DthetaE": 0
}