{
        "Reff": 0.2351342034821731,
        "R": 0.5878355087054328,
        "Mstar": 10.050720464297624,
        "Mdm": 9.733344266485139,
        "Mbh": 8.0,
        "Mtotal": 10.22143106152323,
        "fdm": 0.32502233421827237,
        "MMstar": 10.040178054536003,
        "MMdm": 9.314448049910299,
        "MMbh": -Infinity,
        "MMtotal": 10.115012244137661,
        "Mfdm": 0.1582835586258498,
        "Dstar": -0.023982532364174938,
        "Ddm": -0.6188431023609363,
        "Dtotal": -0.21732550335893433,
        "Dfdm": -0.5130071322435562
}