{
        "Reff": 0.3465146838858552,
        "R": 0.8662867097146381,
        "MthetaE": 1.0543693693693692,
        "Mstar": 11.033412259839897,
        "Mdm": 10.707664354405054,
        "Mbh": 8.772610664367676,
        "Mtotal": 11.201419526893796,
        "fdm": 0.32080773240888977,
        "projMstar": 11.066829826989872,
        "projMdm": 10.9365370114967,
        "projMtotal": 11.30758134804791,
        "projfdm": 0.42555496657047037,
        "MMstar": 11.15300788017685,
        "MMdm": 10.213764158357224,
        "MMbh": -Infinity,
        "MMtotal": 11.200288775144525,
        "Mfdm": 0.10315146092160596,
        "MMthetaE": 1.0536958910447327,
        "projMMstar": 11.171077886156466,
        "projMMdm": 10.68270942040048,
        "projMMtotal": 11.293232009121978,
        "projMfdm": 0.24517569286001115,
        "Dstar": 0.3170298564835859,
        "Ddm": -0.6792993767393227,
        "Dtotal": -0.002600265559343341,
        "Dfdm": -0.6784632959216429,
        "projDstar": 0.2713000356429547,
        "projDdm": -0.4425930121191568,
        "projDtotal": -0.03250069643234194,
        "projDfdm": -0.42386833166142607,
        "DthetaE": 0.000638749895626525
}