{
        "Reff": 0.6860226179383073,
        "R": 1.0899099099099099,
        "MthetaE": 1.0899099099099099,
        "Mstar": 10.742246908926605,
        "Mdm": 10.494685451500338,
        "Mbh": 8.453516006469727,
        "Mtotal": 10.936902124158186,
        "fdm": 0.36122959761691914,
        "projMstar": 10.856106322719304,
        "projMdm": 10.77867479018461,
        "projMtotal": 11.120143955811441,
        "projfdm": 0.45554452811787544,
        "MMstar": -Infinity,
        "MMdm": -Infinity,
        "MMbh": -Infinity,
        "MMtotal": -Infinity,
        "Mfdm": 0.0,
        "MMthetaE": 1.2792189804239076,
        "projMMstar": 10.796665832595846,
        "projMMdm": 10.728999456474378,
        "projMMtotal": 11.065179176194489,
        "projMfdm": 0.46112671163962354,
        "Dstar": -1.0,
        "Ddm": -1.0,
        "Dtotal": -1.0,
        "Dfdm": -1.0,
        "projDstar": -0.1279136079061881,
        "projDdm": -0.10808253872881124,
        "projDtotal": -0.11887967285570702,
        "projDfdm": 0.012253870208498427,
        "DthetaE": -0.17369240227354724
}