{
        "Reff": 0.9842781252851374,
        "R": 1.2083783783783781,
        "MthetaE": 1.2083783783783781,
        "Mstar": 10.895234730204656,
        "Mdm": 10.600000777609383,
        "Mbh": 8.475809097290039,
        "Mtotal": 11.073266611131011,
        "fdm": 0.3363056522233072,
        "projMstar": 10.999048452312893,
        "projMdm": 10.872514045276716,
        "projMtotal": 11.241403360007325,
        "projfdm": 0.42767186967863274,
        "MMstar": 11.033242015593958,
        "MMdm": 10.136899028027358,
        "MMbh": -Infinity,
        "MMtotal": 11.08514940174635,
        "Mfdm": 0.11265478064666724,
        "MMthetaE": 1.2504724864817973,
        "projMMstar": 11.062977502193128,
        "projMMdm": 10.413727243571536,
        "projMMtotal": 11.150850781940608,
        "projMfdm": 0.183179328072015,
        "Dstar": 0.37406502507436523,
        "Ddm": -0.6557307365232463,
        "Dtotal": 0.027738889813483047,
        "Dfdm": -0.6650226366940025,
        "projDstar": 0.15858806368128275,
        "projDdm": -0.652293188664288,
        "projDtotal": -0.1882030375966987,
        "projDfdm": -0.5716825420160035,
        "DthetaE": -0.034835204648322744
}