{
        "Reff": 0.4869602608436856,
        "R": 1.217400652109214,
        "MthetaE": 0.0,
        "Mstar": 10.871962745737973,
        "Mdm": 10.636325001583948,
        "Mbh": 8.438713073730469,
        "Mtotal": 11.070963023250732,
        "fdm": 0.3675885527327633,
        "projMstar": 10.969617127006549,
        "projMdm": 10.902209723190229,
        "projMtotal": 11.238249908839622,
        "projfdm": 0.46127489041534686,
        "MMstar": 10.884224714326086,
        "MMdm": 10.54795771894795,
        "MMbh": -Infinity,
        "MMtotal": 11.048885052710686,
        "Mfdm": 0.31555325635287496,
        "MMthetaE": 0.0,
        "projMMstar": 10.896385654429558,
        "projMMdm": 10.966386922907741,
        "projMMtotal": 11.233825144699905,
        "projMfdm": 0.5402089537963711,
        "Dstar": 0.02863658972512673,
        "Ddm": -0.1841079200323076,
        "Dtotal": -0.04956585671844987,
        "Dfdm": -0.14155853329229756,
        "projDstar": -0.15517155600372903,
        "projDdm": 0.15925025398035783,
        "projDtotal": -0.010136670059124364,
        "projDfdm": 0.17112152649356108,
        "DthetaE": 0,
        "PL_slope1": -3.3352682364224906,
        "AV_slope1": 3.026480717867639,
        "PL_slope2": -1.4120534733564982,
        "AV_slope2": 1.4302119988188755
}