{
        "Reff": 0.4869602608436856,
        "R": 1.217400652109214,
        "MthetaE": 0.0,
        "Mstar": 10.871962745737973,
        "Mdm": 10.636325001583948,
        "Mbh": 8.438713073730469,
        "Mtotal": 11.070963023250732,
        "fdm": 0.3675885527327633,
        "projMstar": 10.969617127006549,
        "projMdm": 10.902209723190229,
        "projMtotal": 11.238249908839622,
        "projfdm": 0.46127489041534686,
        "MMstar": 10.879294631726317,
        "MMdm": 10.608500907416628,
        "MMbh": -Infinity,
        "MMtotal": 11.065700324756538,
        "Mfdm": 0.34898003563770486,
        "MMthetaE": 0.0,
        "projMMstar": 10.891493685929932,
        "projMMdm": 11.026067568201459,
        "projMMtotal": 11.265002415635246,
        "projMfdm": 0.5768529959999653,
        "Dstar": 0.017025602599469846,
        "Ddm": -0.06205816777843152,
        "Dtotal": -0.01204468609839303,
        "Dfdm": -0.05062322250439293,
        "projDstar": -0.1646344544580369,
        "projDdm": 0.3300189996373282,
        "projDtotal": 0.06353676337337544,
        "projDfdm": 0.25056231758149283,
        "DthetaE": 0,
        "PL_slope1": -3.2581725899953025,
        "AV_slope1": 2.956504088007224,
        "PL_slope2": -1.3888774637419723,
        "AV_slope2": 1.4085571418620193
}