{
        "Reff": 0.3129603324922881,
        "R": 0.7824008312307202,
        "MthetaE": 0.45018018018018013,
        "Mstar": 10.273399770015239,
        "Mdm": 10.022244869721614,
        "Mbh": 8.01979923248291,
        "Mtotal": 10.466760355017644,
        "fdm": 0.35932258444479737,
        "projMstar": 10.311296349477995,
        "projMdm": 10.185498404817997,
        "projMtotal": 10.553966374268237,
        "projfdm": 0.4280869911502228,
        "MMstar": [
                10.284412514091512,
                10.291123993183195,
                10.303482805502133
        ],
        "MMdm": [
                9.229074057203373,
                9.297765864419985,
                9.33853492673057
        ],
        "MMbh": -Infinity,
        "MMtotal": [
                10.328528229157351,
                10.334023378838884,
                10.341619737533563
        ],
        "Mfdm": [
                0.07812175805004849,
                0.09213095948783478,
                0.10126529125992345
        ],
        "MMthetaE": 0.4027931353555214,
        "projMMstar": [
                10.309993152647507,
                10.317158831565084,
                10.329498308881998
        ],
        "projMMdm": [
                10.123995757188336,
                10.173984095344865,
                10.216251670589129
        ],
        "projMMtotal": [
                10.538080645864138,
                10.552622150553638,
                10.56884413196019
        ],
        "projMfdm": [
                0.3853203610385556,
                0.41978634540915044,
                0.44460928908899555
        ],
        "Dstar": 0.0416557683186588,
        "Ddm": -0.8114089863895482,
        "Dtotal": -0.2633468948734059,
        "Dfdm": -0.7435981942794112,
        "projDstar": 0.013590384870671351,
        "projDdm": -0.02616430189768715,
        "projDtotal": -0.0030904043261697645,
        "projDfdm": -0.019390091062495125,
        "DthetaE": 0.10526239694891172,
        "PL_slope1": -2.8119752511341645,
        "AV_slope1": 2.8391771638842975,
        "PL_slope2": -2.7108156304022923,
        "AV_slope2": 2.6891139867782874
}