{
        "Reff": 0.9887552142199191,
        "R": 2.4718880355497976,
        "MthetaE": 1.2083783783783781,
        "Mstar": 11.04893017688709,
        "Mdm": 11.003926349216886,
        "Mbh": 8.475809097290039,
        "Mtotal": 11.328040939089043,
        "fdm": 0.47411687162874955,
        "projMstar": 11.150297977464037,
        "projMdm": 11.244430859000468,
        "projMtotal": 11.50093983769244,
        "projfdm": 0.5539760908064386,
        "MMstar": 11.167154909020464,
        "MMdm": 10.795027934456092,
        "MMbh": -Infinity,
        "MMtotal": 11.320815971199474,
        "Mfdm": 0.2979970489196638,
        "MMthetaE": 1.2504724864817973,
        "projMMstar": 11.182789234298388,
        "projMMdm": 11.086227115116072,
        "projMMtotal": 11.438216393286023,
        "projMfdm": 0.444642244628456,
        "Dstar": 0.3128790920706442,
        "Ddm": -0.3818390235669736,
        "Dtotal": -0.016498487579283017,
        "Dfdm": -0.3714692162378771,
        "projDstar": 0.07768355767675711,
        "projDdm": -0.3053016680010128,
        "projDtotal": -0.13448110048083553,
        "projDfdm": -0.19736203058659496,
        "DthetaE": -0.034835204648322744,
        "PL_slope1": -2.6608546456477375,
        "AV_slope1": 2.4750459241394345,
        "PL_slope2": -1.944808922796682,
        "AV_slope2": 1.9545218095646966
}