{
        "Reff": 0.9887552142199191,
        "R": 2.4718880355497976,
        "MthetaE": 1.2083783783783781,
        "Mstar": 11.04893017688709,
        "Mdm": 11.003926349216886,
        "Mbh": 8.475809097290039,
        "Mtotal": 11.328040939089043,
        "fdm": 0.47411687162874955,
        "projMstar": 11.150297977464037,
        "projMdm": 11.244430859000468,
        "projMtotal": 11.50093983769244,
        "projfdm": 0.5539760908064386,
        "MMstar": 11.166294102091582,
        "MMdm": 10.788928813765095,
        "MMbh": -Infinity,
        "MMtotal": 11.318400760227421,
        "Mfdm": 0.2954799749547929,
        "MMthetaE": 1.224463753867507,
        "projMMstar": 11.18190789234831,
        "projMMdm": 11.082014206306788,
        "projMMtotal": 11.435856850555219,
        "projMfdm": 0.4427487622530007,
        "Dstar": 0.3102794363167374,
        "Ddm": -0.39045964373054887,
        "Dtotal": -0.021952784143289838,
        "Dfdm": -0.3767781898591361,
        "projDstar": 0.07549876218376589,
        "projDdm": -0.31200806489352684,
        "projDtotal": -0.13917075504131937,
        "projDfdm": -0.2007800163207787,
        "DthetaE": -0.013311538651258465
}