{
        "Reff": 0.6860226179383071,
        "R": 1.7150565448457677,
        "Mstar": 10.843012842101018,
        "Mdm": 10.743582061030395,
        "Mbh": 8.453516006469727,
        "Mtotal": 11.09716681177973,
        "fdm": 0.4430117541648793,
        "MMstar": 10.822776013721915,
        "MMdm": 10.784109238605318,
        "MMbh": -Infinity,
        "MMtotal": 11.104902809752293,
        "Mfdm": 0.47775630682434955,
        "Dstar": -0.04552804617579553,
        "Ddm": 0.09780998762288556,
        "Dtotal": 0.017972387615902825,
        "Dfdm": 0.07842806050364766
}