{
        "Reff": 0.367224520196528,
        "R": 0.713063063063063,
        "MthetaE": 0.713063063063063,
        "Mstar": 10.452284376364998,
        "Mdm": 10.238318973238464,
        "Mbh": 8.265618324279785,
        "Mtotal": 10.659377408559873,
        "fdm": 0.37926395070350144,
        "projMstar": 10.499069571045958,
        "projMdm": 10.455822579532708,
        "projMtotal": 10.7790141649497,
        "projfdm": 0.475125581985932,
        "MMstar": 10.720338309783484,
        "MMdm": 7.705294772235951,
        "MMbh": -Infinity,
        "MMtotal": 10.720757615809504,
        "Mfdm": 0.0009650218715245054,
        "MMthetaE": 0.7029446191885824,
        "projMMstar": 10.736006615129519,
        "projMMdm": 8.171089998100005,
        "projMMtotal": 10.737187688896835,
        "projMfdm": 0.002715828297980509,
        "Dstar": 0.853761820915424,
        "Ddm": -0.9970692700738373,
        "Dtotal": 0.15180830926196504,
        "Dfdm": -0.9974555402122071,
        "projDstar": 0.7255877303237036,
        "projDdm": -0.9948088040949594,
        "projDtotal": -0.09181667433854408,
        "projDfdm": -0.9942839779608816,
        "DthetaE": 0.014190110803125005
}