{
        "Reff": 0.3555664498963653,
        "R": 0.7108108108108108,
        "MthetaE": 0.7108108108108108,
        "Mstar": 10.451843296180769,
        "Mdm": 10.23681373681996,
        "Mbh": 8.265618324279785,
        "Mtotal": 10.658533039151479,
        "fdm": 0.3786872626768167,
        "projMstar": 10.498681972681283,
        "projMdm": 10.45430910397408,
        "projMtotal": 10.778091997453737,
        "projfdm": 0.4744791210545737,
        "MMstar": [
                -Infinity,
                -Infinity,
                -Infinity
        ],
        "MMdm": [
                -Infinity,
                -Infinity,
                -Infinity
        ],
        "MMbh": -Infinity,
        "MMtotal": [
                -Infinity,
                -Infinity,
                -Infinity
        ],
        "Mfdm": [
                0.0,
                0.0,
                0.0
        ],
        "MMthetaE": 0.7422755400052048,
        "projMMstar": [
                10.55590707131802,
                10.559647492384897,
                10.563063609127417
        ],
        "projMMdm": [
                10.296610623967824,
                10.303640693695064,
                10.311012529072027
        ],
        "projMMtotal": [
                10.75098497830679,
                10.751269325755583,
                10.751546162172238
        ],
        "projMfdm": [
                0.3512485158034608,
                0.35674736863012774,
                0.3626371912996951
        ],
        "Dstar": -1.0,
        "Ddm": -1.0,
        "Dtotal": -1.0,
        "Dfdm": -1.0,
        "projDstar": 0.15070902613644419,
        "projDdm": -0.29314295678744107,
        "projDtotal": -0.05989290937130411,
        "projDfdm": -0.2481284153510828,
        "DthetaE": -0.04426596882861517
}