{
        "Reff": 0.16132178706696065,
        "R": 0.40330446766740163,
        "MthetaE": 0.0,
        "Mstar": 9.599760029832073,
        "Mdm": 9.279234321206893,
        "Mbh": 7.548817157745361,
        "Mtotal": 9.769449468963973,
        "fdm": 0.32343338962162704,
        "projMstar": 9.717313111667044,
        "projMdm": 9.527509505220532,
        "projMtotal": 9.93372876526527,
        "projfdm": 0.39244675278136476,
        "MMstar": 9.849392946136447,
        "MMdm": 8.879868781947229,
        "MMbh": -Infinity,
        "MMtotal": 9.893646242735288,
        "Mfdm": 0.09687741439579005,
        "MMthetaE": 0.0,
        "projMMstar": 9.881947194131921,
        "projMMdm": 9.330615963299271,
        "projMMtotal": 9.989488087029455,
        "projMfdm": 0.21934506930419845,
        "Dstar": 0.776776969631906,
        "Ddm": -0.6013108097108725,
        "Dtotal": 0.33105736796293034,
        "Dfdm": -0.7004718204600847,
        "projDstar": 0.4609457267775799,
        "projDdm": -0.3645133111592951,
        "projDtotal": 0.1369970077852239,
        "projDfdm": -0.44108323549718004,
        "DthetaE": 0,
        "PL_slope1": -3.024108388645187,
        "AV_slope1": 2.9860235330431952,
        "PL_slope2": -2.81627618537379,
        "AV_slope2": 2.8477403751371204
}