{
        "Reff": 0.3555664498963653,
        "R": 0.8889161247409133,
        "MthetaE": 0.7108108108108108,
        "Mstar": 10.480430779715173,
        "Mdm": 10.35153228832647,
        "Mbh": 8.265618324279785,
        "Mtotal": 10.721776209571578,
        "fdm": 0.4263399979307349,
        "projMstar": 10.52668112853081,
        "projMdm": 10.557453231213469,
        "projMtotal": 10.843369664689648,
        "projfdm": 0.5177064389389725,
        "MMstar": -Infinity,
        "MMdm": -Infinity,
        "MMbh": -Infinity,
        "MMtotal": -Infinity,
        "Mfdm": 0.0,
        "MMthetaE": 0.7200312292166671,
        "projMMstar": 10.584930554155303,
        "projMMdm": 10.423306299441707,
        "projMMtotal": 10.812624061698177,
        "projMfdm": 0.4080207386645756,
        "Dstar": -1.0,
        "Ddm": -1.0,
        "Dtotal": -1.0,
        "Dfdm": -1.0,
        "projDstar": 0.14353490545597178,
        "projDdm": -0.26573459267787886,
        "projDtotal": -0.06834654898924437,
        "projDfdm": -0.211868526300726,
        "DthetaE": -0.012971691293410007
}