{
        "Reff": 0.3555664498963653,
        "R": 0.8889161247409133,
        "MthetaE": 0.7108108108108108,
        "Mstar": 10.480430779715173,
        "Mdm": 10.35153228832647,
        "Mbh": 8.265618324279785,
        "Mtotal": 10.721776209571578,
        "fdm": 0.4263399979307349,
        "projMstar": 10.52668112853081,
        "projMdm": 10.557453231213469,
        "projMtotal": 10.843369664689648,
        "projfdm": 0.5177064389389725,
        "MMstar": -Infinity,
        "MMdm": -Infinity,
        "MMbh": -Infinity,
        "MMtotal": -Infinity,
        "Mfdm": 0.0,
        "MMthetaE": 0.7200312292166671,
        "projMMstar": 10.584964721927204,
        "projMMdm": 10.423929452938705,
        "projMMtotal": 10.812898644336862,
        "projMfdm": 0.4083483533035682,
        "Dstar": -1.0,
        "Ddm": -1.0,
        "Dtotal": -1.0,
        "Dfdm": -1.0,
        "projDstar": 0.14362487569151278,
        "projDdm": -0.2646802654859492,
        "projDtotal": -0.06775732494794542,
        "projDfdm": -0.21123570697619903,
        "DthetaE": -0.012971691293410007
}