{
        "Reff": 0.9365665652080015,
        "R": 0.46202702702702697,
        "MthetaE": 0.46202702702702697,
        "Mstar": 10.249161196740573,
        "Mdm": 9.727404978743367,
        "Mbh": 8.274933815002441,
        "Mtotal": 10.36336385144635,
        "fdm": 0.23122837510002717,
        "projMstar": 10.357000467888106,
        "projMdm": 9.994571718724659,
        "projMtotal": 10.513574293257767,
        "projfdm": 0.30268954843648216,
        "MMstar": [
                10.276476398462474,
                10.309992802526567,
                10.337717015435556
        ],
        "MMdm": [
                9.40432834302634,
                9.538331154024295,
                9.660218691694693
        ],
        "MMbh": -Infinity,
        "MMtotal": [
                10.359751299952457,
                10.378921828179093,
                10.396339414817087
        ],
        "Mfdm": [
                0.10704435322850936,
                0.14676403848954733,
                0.19030533890201642
        ],
        "MMthetaE": 0.5475522655640054,
        "projMMstar": [
                10.311869931454986,
                10.344526961423982,
                10.371915066820183
        ],
        "projMMdm": [
                9.735740065385817,
                9.839162840556956,
                9.932122108293889
        ],
        "projMMtotal": [
                10.4464216688515,
                10.463743203455039,
                10.478479291123731
        ],
        "projMfdm": [
                0.19090088818770887,
                0.2383295292586414,
                0.28771055372777216
        ],
        "Dstar": 0.15035426178877379,
        "Ddm": -0.352967381185378,
        "Dtotal": 0.036472960563865287,
        "Dfdm": -0.3652853443005919,
        "projDstar": -0.028312773791842494,
        "projDdm": -0.30081657891715297,
        "projDtotal": -0.10840236013071888,
        "projDfdm": -0.21262716043645088,
        "DthetaE": -0.1851087350610238
}