{
        "Reff": 0.9365665652080015,
        "R": 0.46202702702702697,
        "MthetaE": 0.46202702702702697,
        "Mstar": 10.249161196740573,
        "Mdm": 9.727404978743365,
        "Mbh": 8.274933815002441,
        "Mtotal": 10.36336385144635,
        "fdm": 0.23122837510002717,
        "projMstar": 10.357000467888106,
        "projMdm": 9.994571718724659,
        "projMtotal": 10.513574293257767,
        "projfdm": 0.30268954843648216,
        "MMstar": [
                10.277992959099663,
                10.3106658706001,
                10.33825237750786
        ],
        "MMdm": [
                9.417707049567756,
                9.53087342873429,
                9.647530219022546
        ],
        "MMbh": -Infinity,
        "MMtotal": [
                10.359164418475961,
                10.378941623453128,
                10.397252130782672
        ],
        "Mfdm": [
                0.10912134653451615,
                0.14308250996749258,
                0.18661649825975674
        ],
        "MMthetaE": 0.0,
        "projMMstar": [
                10.314408473281507,
                10.345128722356911,
                10.372402007098463
        ],
        "projMMdm": [
                9.740826605583427,
                9.837752065070376,
                9.924396379569224
        ],
        "projMMtotal": [
                10.444805947237748,
                10.463312564514538,
                10.47887999618567
        ],
        "projMfdm": [
                0.19165791589994377,
                0.236532945104624,
                0.2860869595780306
        ],
        "Dstar": 0.15213845902626105,
        "Ddm": -0.3639834012721671,
        "Dtotal": 0.03652020439204993,
        "Dfdm": -0.3812069565182194,
        "projDstar": -0.026965465176676716,
        "projDdm": -0.30308414273482565,
        "projDtotal": -0.10928601483845558,
        "projDfdm": -0.2185625624458612,
        "DthetaE": 1.0
}