{
        "Reff": 0.4021615124324089,
        "R": 0.45018018018018013,
        "MthetaE": 0.45018018018018013,
        "Mstar": 10.143283281527738,
        "Mdm": 9.666221446383181,
        "Mbh": 8.139239311218262,
        "Mtotal": 10.268236873791992,
        "fdm": 0.2500256543701848,
        "projMstar": 10.238793465359723,
        "projMdm": 9.866167182171507,
        "projMtotal": 10.392305795077736,
        "projfdm": 0.29775659339548977,
        "MMstar": 10.196677068091182,
        "MMdm": 9.241166818034992,
        "MMbh": -Infinity,
        "MMtotal": 10.242307950989266,
        "Mfdm": 0.09973758932734443,
        "MMthetaE": 0.458917242575832,
        "projMMstar": 10.24468722726706,
        "projMMdm": 9.563285386489682,
        "projMMtotal": 10.326846297449594,
        "projMfdm": 0.172361033312544,
        "Dstar": 0.13082079578662809,
        "Ddm": -0.6242098679800504,
        "Dtotal": -0.057956239991190706,
        "Dfdm": -0.6010905777705745,
        "projDstar": 0.013663390787525324,
        "projDdm": -0.5021274247428846,
        "projDtotal": -0.139916725349491,
        "projDfdm": -0.42113445298721364,
        "DthetaE": -0.019407923272310522
}