{
        "Reff": 0.3465146838858552,
        "R": 1.0543693693693692,
        "MthetaE": 1.0543693693693692,
        "Mstar": 11.051047526846789,
        "Mdm": 10.793390939483194,
        "Mbh": 8.772610664367676,
        "Mtotal": 11.242083096745356,
        "fdm": 0.355883491538148,
        "projMstar": 11.083819296434118,
        "projMdm": 11.030129712404289,
        "projMtotal": 11.35883364304146,
        "projfdm": 0.4691330928669549,
        "MMstar": [
                11.133938474654215,
                11.15583415045397,
                11.189541508753695
        ],
        "MMdm": [
                10.45779400504726,
                10.559550576185622,
                10.641131821156728
        ],
        "MMbh": -Infinity,
        "MMtotal": [
                11.245138887946744,
                11.258796962890708,
                11.270148432118132
        ],
        "Mfdm": [
                0.15764220225576828,
                0.2026618485668934,
                0.2390860190758007
        ],
        "MMthetaE": 1.0875756874765057,
        "projMMstar": [
                11.151357128573379,
                11.173472697312116,
                11.20653859305195
        ],
        "projMMdm": [
                10.783820649168051,
                10.865746052213991,
                10.912426640955374
        ],
        "projMMtotal": [
                11.343616357917995,
                11.3468554205267,
                11.35050823525863
        ],
        "projMfdm": [
                0.2744568546861748,
                0.3298427134919102,
                0.3664917788767941
        ],
        "Dstar": 0.2728775406016983,
        "Ddm": -0.41634039525157746,
        "Dtotal": 0.039235242632118826,
        "Dfdm": -0.43053877635352583,
        "projDstar": 0.22928731701682095,
        "projDdm": -0.3151170734590939,
        "projDtotal": -0.027203997064353537,
        "projDfdm": -0.2969101551199825,
        "DthetaE": -0.03149400871442004
}