{
        "Reff": 0.5148342648334497,
        "R": 1.2870856620836244,
        "MthetaE": 0.0,
        "Mstar": 10.485052405687021,
        "Mdm": 10.343082781744615,
        "Mbh": 8.260486602783203,
        "Mtotal": 10.72087312472932,
        "fdm": 0.41899578782519636,
        "projMstar": 10.567427798541386,
        "projMdm": 10.56775212156492,
        "projMtotal": 10.868619985991932,
        "projfdm": 0.5001866953311498,
        "MMstar": [
                10.274873485770543,
                10.356845967319696,
                10.41646657187604
        ],
        "MMdm": [
                10.189817686190958,
                10.280611075728793,
                10.371503433429304
        ],
        "MMbh": -Infinity,
        "MMtotal": [
                10.60470038554464,
                10.623393602013666,
                10.641408761278203
        ],
        "Mfdm": [
                0.37645396110468904,
                0.45547484672915406,
                0.5547744037926247
        ],
        "MMthetaE": 0.0,
        "projMMstar": [
                10.294629452995583,
                10.375589673529243,
                10.435585401747284
        ],
        "projMMdm": [
                10.585432148233291,
                10.67467650646609,
                10.750561783888783
        ],
        "projMMtotal": [
                10.803483689112054,
                10.849739328347956,
                10.893263830961866
        ],
        "projMfdm": [
                0.5946655742630647,
                0.6648671992165842,
                0.7324858512059819
        ],
        "Dstar": -0.25562194428812135,
        "Ddm": -0.13397925782727735,
        "Dtotal": -0.20104838810116774,
        "Dfdm": 0.0870630683265404,
        "projDstar": -0.357072688440539,
        "projDdm": 0.27915857021427337,
        "projDtotal": -0.04254285952668671,
        "projDfdm": 0.329238073348607,
        "DthetaE": 0
}