{
        "Reff": 0.1711945002191585,
        "R": 0.5568018018018017,
        "MthetaE": 0.5568018018018017,
        "Mstar": 10.29718412001835,
        "Mdm": 10.054040228274305,
        "Mbh": 8.217829704284668,
        "Mtotal": 10.493440279762195,
        "fdm": 0.3635799691958276,
        "projMstar": 10.317644882056662,
        "projMdm": 10.217508581624593,
        "projMtotal": 10.571486439761745,
        "projfdm": 0.44261093765245546,
        "MMstar": [
                10.124173613088129,
                10.164216338494988,
                10.1911749583052
        ],
        "MMdm": [
                10.017927973620056,
                10.067426832781045,
                10.113230016695603
        ],
        "MMbh": -Infinity,
        "MMtotal": [
                10.40081068305669,
                10.420024825654908,
                10.433468231997775
        ],
        "Mfdm": [
                0.40714261480275066,
                0.4415576930995066,
                0.48737946160006806
        ],
        "MMthetaE": 0.8493904519561634,
        "projMMstar": [
                10.133079453241182,
                10.173179400754032,
                10.20014464466387
        ],
        "projMMdm": [
                10.322993223472027,
                10.342198320726288,
                10.369422195708987
        ],
        "projMMtotal": [
                10.562198845652635,
                10.567788518756473,
                10.57292035945371
        ],
        "projMfdm": [
                0.5702379557001895,
                0.5956342267003074,
                0.6336808067307141
        ],
        "Dstar": -0.26373828437861196,
        "Ddm": 0.03130376800905152,
        "Dtotal": -0.15552937752309098,
        "Dfdm": 0.21447200206367664,
        "projDstar": -0.2829746359037611,
        "projDdm": 0.33256910183985905,
        "projDtotal": -0.008478629731767672,
        "projDfdm": 0.3457286660367351,
        "DthetaE": -0.5254807890483641
}