{
        "Reff": 0.39391362270631924,
        "R": 0.9847840567657982,
        "MthetaE": 0.0,
        "Mstar": 10.342988026078821,
        "Mdm": 10.05084423957988,
        "Mbh": 8.139239311218262,
        "Mtotal": 10.522061603102003,
        "fdm": 0.3378956777648907,
        "projMstar": 10.39835509943564,
        "projMdm": 10.18970749862652,
        "projMtotal": 10.607472654621885,
        "projfdm": 0.38215086240880686,
        "MMstar": [
                10.287192239707435,
                10.39186377562682,
                10.455929469325937
        ],
        "MMdm": [
                9.006036737526578,
                9.688813511537715,
                10.013224224882856
        ],
        "MMbh": -Infinity,
        "MMtotal": [
                10.455508342658842,
                10.473981835000767,
                10.489096527798697
        ],
        "Mfdm": [
                0.03271974347142786,
                0.16470293961768565,
                0.34514182945452315
        ],
        "MMthetaE": 0.0,
        "projMMstar": [
                10.315549852397996,
                10.422375866289633,
                10.486939684429592
        ],
        "projMMdm": [
                9.403039192081925,
                10.06860092772039,
                10.314848512368918
        ],
        "projMMtotal": [
                10.52168407632901,
                10.574602774934933,
                10.623171463330689
        ],
        "projMfdm": [
                0.07589172999535423,
                0.3076795092981443,
                0.4954697273971215
        ],
        "Dstar": 0.11911766118947309,
        "Ddm": -0.5655205180476286,
        "Dtotal": -0.10479967353849137,
        "Dfdm": -0.5125627510030281,
        "projDstar": 0.056868044738637324,
        "projDdm": -0.24335280034359003,
        "projDtotal": -0.07289244466648723,
        "projDfdm": -0.19487422491015247,
        "DthetaE": 0
}