{
        "Reff": 0.36353050538478376,
        "R": 0.9088262634619594,
        "MthetaE": 0.40279279279279273,
        "Mstar": 10.272530530124925,
        "Mdm": 10.112920856537993,
        "Mbh": 8.177248001098633,
        "Mtotal": 10.501047157477451,
        "fdm": 0.40914165639821615,
        "projMstar": 10.358462718448601,
        "projMdm": 10.354303934401873,
        "projMtotal": 10.657418300110868,
        "projfdm": 0.49760602975593043,
        "MMstar": 10.332598610653635,
        "MMdm": 9.86659557283333,
        "MMbh": -Infinity,
        "MMtotal": 10.460343699544326,
        "Mfdm": 0.25483077398449316,
        "MMthetaE": 0.4027931353555214,
        "projMMstar": 10.345154833880112,
        "projMMdm": 10.314020809963694,
        "projMMtotal": 10.63089675272907,
        "projMfdm": 0.4820854868055357,
        "Dstar": 0.14833362155660806,
        "Ddm": -0.4328803226064117,
        "Dtotal": -0.08946521427999017,
        "Dfdm": -0.37715759322128944,
        "projDstar": -0.030177812968071573,
        "projDdm": -0.08858352326859395,
        "projDtotal": -0.05924084658578948,
        "projDfdm": -0.031190423793713607,
        "DthetaE": -8.504688634280417e-07
}