{
        "Reff": 0.36422601544215016,
        "R": 0.9105650386053754,
        "MthetaE": 0.40279279279279273,
        "Mstar": 10.27293859069873,
        "Mdm": 10.113967989717644,
        "Mbh": 8.177248001098633,
        "Mtotal": 10.501716802955189,
        "fdm": 0.40949743592464155,
        "projMstar": 10.358796827178473,
        "projMdm": 10.355252888833848,
        "projMtotal": 10.658058468574506,
        "projfdm": 0.4979599564196837,
        "MMstar": [
                -Infinity,
                -Infinity,
                -Infinity
        ],
        "MMdm": [
                -Infinity,
                -Infinity,
                -Infinity
        ],
        "MMbh": -Infinity,
        "MMtotal": [
                -Infinity,
                -Infinity,
                -Infinity
        ],
        "Mfdm": [
                0.0,
                0.0,
                0.0
        ],
        "MMthetaE": 0.4500195182604169,
        "projMMstar": [
                10.303196600672006,
                10.325964532549056,
                10.352067157281938
        ],
        "projMMdm": [
                10.21519024437637,
                10.313065137555359,
                10.37995386432737
        ],
        "projMMtotal": [
                10.588649227617633,
                10.620938709683275,
                10.645035725204027
        ],
        "projMfdm": [
                0.42193971764706556,
                0.49363837399455907,
                0.5444182944050057
        ],
        "Dstar": -1.0,
        "Ddm": -1.0,
        "Dtotal": -1.0,
        "Dfdm": -1.0,
        "projDstar": -0.07281220671709271,
        "projDdm": -0.09257184788527952,
        "projDtotal": -0.08192060344400251,
        "projDfdm": -0.00867857418937195,
        "DthetaE": -0.11724818892655525
}