{
        "Reff": 0.36422601544215016,
        "R": 0.9105650386053754,
        "MthetaE": 0.40279279279279273,
        "Mstar": 10.27293859069873,
        "Mdm": 10.113967989717644,
        "Mbh": 8.177248001098633,
        "Mtotal": 10.501716802955189,
        "fdm": 0.40949743592464155,
        "projMstar": 10.358796827178473,
        "projMdm": 10.355252888833848,
        "projMtotal": 10.658058468574506,
        "projfdm": 0.4979599564196837,
        "MMstar": [
                -Infinity,
                -Infinity,
                -Infinity
        ],
        "MMdm": [
                -Infinity,
                -Infinity,
                -Infinity
        ],
        "MMbh": -Infinity,
        "MMtotal": [
                -Infinity,
                -Infinity,
                -Infinity
        ],
        "Mfdm": [
                0.0,
                0.0,
                0.0
        ],
        "MMthetaE": 0.4500195182604169,
        "projMMstar": [
                10.30290437872614,
                10.326717340018593,
                10.3522710414557
        ],
        "projMMdm": [
                10.21457844877678,
                10.313981230425478,
                10.376511481102694
        ],
        "projMMtotal": [
                10.588192070911806,
                10.620693665579426,
                10.643781976747801
        ],
        "projMfdm": [
                0.42193660973506697,
                0.49337622819303945,
                0.5417059225547564
        ],
        "Dstar": -1.0,
        "Ddm": -1.0,
        "Dtotal": -1.0,
        "Dfdm": -1.0,
        "projDstar": -0.07120362261644846,
        "projDdm": -0.09065571525146597,
        "projDtotal": -0.08243846976824112,
        "projDfdm": -0.009205013711546464,
        "DthetaE": -0.11724818892655525
}