{
        "Reff": 0.23513420348217307,
        "R": 0.5878355087054327,
        "MthetaE": 0.0,
        "Mstar": 10.050722827275926,
        "Mdm": 9.733344266485139,
        "Mbh": 7.900820732116699,
        "Mtotal": 10.22143265648222,
        "fdm": 0.3250211405665837,
        "projMstar": 10.118482880290474,
        "projMdm": 9.9181948845171,
        "projMtotal": 10.330814090773245,
        "projfdm": 0.3867058960445534,
        "MMstar": [
                9.99385226183986,
                10.037669925609606,
                10.07328163425457
        ],
        "MMdm": [
                9.12966365249302,
                9.243403139346682,
                9.418124203820637
        ],
        "MMbh": -Infinity,
        "MMtotal": [
                10.08603060486265,
                10.107390609878355,
                10.131032560831887
        ],
        "Mfdm": [
                0.10504102396522223,
                0.13836960672812976,
                0.20357090317617632
        ],
        "MMthetaE": 0.0,
        "projMMstar": [
                10.0132345272065,
                10.057863957953876,
                10.093069188902826
        ],
        "projMMdm": [
                9.873268827120057,
                9.96051633881654,
                10.050063489987053
        ],
        "projMMtotal": [
                10.274224624407246,
                10.308987669925328,
                10.35839258780241
        ],
        "projMfdm": [
                0.3868295328632497,
                0.4498595720831047,
                0.5065445315095102
        ],
        "Dstar": -0.029608243944703388,
        "Ddm": -0.6763624738141885,
        "Dtotal": -0.23094402015178392,
        "Dfdm": -0.5742750564258038,
        "projDstar": -0.1302767548166965,
        "projDdm": 0.10235494418628091,
        "projDtotal": -0.049015191952525336,
        "projDfdm": 0.16331190365733436,
        "DthetaE": 0
}