{
        "Reff": 0.1711945002191585,
        "R": 0.5568018018018017,
        "MthetaE": 0.5568018018018017,
        "Mstar": 10.29718412001835,
        "Mdm": 10.054040228274305,
        "Mbh": 8.217829704284668,
        "Mtotal": 10.493440279762195,
        "fdm": 0.3635799691958276,
        "projMstar": 10.317644882056662,
        "projMdm": 10.217508581624593,
        "projMtotal": 10.571486439761745,
        "projfdm": 0.44261093765245546,
        "MMstar": [
                10.135431073259047,
                10.169326777448195,
                10.192796893604395
        ],
        "MMdm": [
                10.02475359142515,
                10.078632737722613,
                10.120644327297784
        ],
        "MMbh": -Infinity,
        "MMtotal": [
                10.406847254874739,
                10.424872199653297,
                10.44158191718724
        ],
        "Mfdm": [
                0.4087162318002423,
                0.446807523710021,
                0.4875832411684056
        ],
        "MMthetaE": 0.7422755400052048,
        "projMMstar": [
                10.144479284924117,
                10.177139803289258,
                10.201111919397515
        ],
        "projMMdm": [
                10.316326542388067,
                10.334738280360327,
                10.359925835087916
        ],
        "projMMtotal": [
                10.560045625545733,
                10.56372197599444,
                10.568945240058829
        ],
        "projMfdm": [
                0.5662493078388025,
                0.5897911344837189,
                0.6224134010611999
        ],
        "Dstar": -0.2550233557037184,
        "Ddm": 0.05826031294634582,
        "Dtotal": -0.14605102832343658,
        "Dfdm": 0.22891127555315433,
        "projDstar": -0.27640605968958337,
        "projDdm": 0.3098745336218622,
        "projDtotal": -0.017719469213459276,
        "projDfdm": 0.3325272475458604,
        "DthetaE": -0.3331054921216365
}