{
        "Reff": 0.9662426539989696,
        "R": 2.415606634997424,
        "MthetaE": 0.45018018018018013,
        "Mstar": 10.5918964286169,
        "Mdm": 10.646142705336276,
        "Mbh": 8.30414867401123,
        "Mtotal": 10.920895977836436,
        "fdm": 0.5311861312447683,
        "projMstar": 10.67843889325413,
        "projMdm": 10.847396843209468,
        "projMtotal": 11.07211299151808,
        "projfdm": 0.5960515911979375,
        "MMstar": 10.607794167594506,
        "MMdm": 10.705323501415949,
        "MMbh": -Infinity,
        "MMtotal": 10.960320861852669,
        "Mfdm": 0.5559076359661637,
        "MMthetaE": 0.4500195182604169,
        "projMMstar": 10.628658211701325,
        "projMMdm": 10.947911873081177,
        "projMMtotal": 11.118013142555982,
        "projMfdm": 0.6759253436726178,
        "Dstar": 0.037284143254778086,
        "Ddm": 0.14598991587699137,
        "Dtotal": 0.09502714205794482,
        "Dfdm": 0.04654019234926857,
        "projDstar": -0.10829886702422854,
        "projDdm": 0.26041925717287434,
        "projDtotal": 0.11147615760697337,
        "projDfdm": 0.1340047634369216,
        "DthetaE": 0.00035688359202955825,
        "PL_slope1": -2.3891734059759533,
        "AV_slope1": 2.4237240459541334,
        "PL_slope2": -1.8710343652255808,
        "AV_slope2": 1.8624618755837783
}