{
        "Reff": 0.544754228166559,
        "R": 0.6397297297297296,
        "MthetaE": 0.6397297297297296,
        "Mstar": 10.387700894003224,
        "Mdm": 9.983169393265646,
        "Mbh": 8.265588760375977,
        "Mtotal": 10.531955832442545,
        "fdm": 0.2826269428551476,
        "projMstar": 10.480275896075595,
        "projMdm": 10.275593071737097,
        "projMtotal": 10.690912870135643,
        "projfdm": 0.3843086871203482,
        "MMstar": [
                10.413428073713106,
                10.435851342239602,
                10.451092809813865
        ],
        "MMdm": [
                9.71996152849009,
                9.770918865590529,
                9.827387120765986
        ],
        "MMbh": -Infinity,
        "MMtotal": [
                10.510740679723874,
                10.51993808780754,
                10.527965929591014
        ],
        "Mfdm": [
                0.15726606342201835,
                0.17665523500147257,
                0.20567899678439502
        ],
        "MMthetaE": 0.6365295087181563,
        "projMMstar": [
                10.435927650473898,
                10.45973859793384,
                10.474352846690662
        ],
        "projMMdm": [
                10.107285249616131,
                10.147309400803488,
                10.201725410540893
        ],
        "projMMtotal": [
                10.628491799413897,
                10.632140587717814,
                10.636648567908326
        ],
        "projMfdm": [
                0.3005322121930792,
                0.327572344030415,
                0.36830465152469827
        ],
        "Dstar": 0.1172502184208797,
        "Ddm": -0.38659194827649024,
        "Dtotal": -0.027292520434695777,
        "Dfdm": -0.3749526028308908,
        "projDstar": -0.04618817608164421,
        "projDdm": -0.25575430865918947,
        "projDtotal": -0.12657077855678614,
        "projDfdm": -0.14763221595395767,
        "DthetaE": 0.005002457855015387
}