{
        "Reff": 0.5447542281665592,
        "R": 1.361885570416398,
        "MthetaE": 0.6397297297297296,
        "Mstar": 10.514315208436313,
        "Mdm": 10.434754337870459,
        "Mbh": 8.265588760375977,
        "Mtotal": 10.777384127747368,
        "fdm": 0.45432873975917076,
        "projMstar": 10.612744809851986,
        "projMdm": 10.670909164524872,
        "projMtotal": 10.943829988181458,
        "projfdm": 0.5334321367791579,
        "MMstar": [
                10.512470921366619,
                10.541035231414595,
                10.561994618495595
        ],
        "MMdm": [
                10.332260906516638,
                10.376781764449044,
                10.428117074840507
        ],
        "MMbh": -Infinity,
        "MMtotal": [
                10.762471970299288,
                10.76740506723221,
                10.773694266901051
        ],
        "Mfdm": [
                0.37059949300328104,
                0.40644225616394253,
                0.4520346455802855
        ],
        "MMthetaE": 0.6365295087181563,
        "projMMstar": [
                10.538329903926542,
                10.566840662077814,
                10.588146188202954
        ],
        "projMMdm": [
                10.660539531357756,
                10.70821993101347,
                10.756014110888543
        ],
        "projMMtotal": [
                10.92701671021612,
                10.94428417645443,
                10.962977760111801
        ],
        "projMfdm": [
                0.5420352732694931,
                0.5796496641423583,
                0.623006065253693
        ],
        "Dstar": 0.06345721725110094,
        "Ddm": -0.12496096602523168,
        "Dtotal": -0.02271566046879199,
        "Dfdm": -0.10540051598015077,
        "projDstar": -0.10030387033223727,
        "projDdm": 0.0897095738456388,
        "projDtotal": 0.0010463541937360983,
        "projDfdm": 0.08664181285038429,
        "DthetaE": 0.005002457855015387,
        "PL_slope1": -2.6055420483776226,
        "AV_slope1": 2.575647190084397,
        "PL_slope2": -1.5326157484874572,
        "AV_slope2": 1.584452652990922
}