{
        "Reff": 1.1035545250518053,
        "R": 2.7588863126295133,
        "MthetaE": 0.6634234234234233,
        "Mstar": 10.900020863315055,
        "Mdm": 10.946236990033489,
        "Mbh": 8.336731910705566,
        "Mtotal": 11.224773402653952,
        "fdm": 0.526579062991917,
        "projMstar": 10.958959151544681,
        "projMdm": 11.188491183100519,
        "projMtotal": 11.389745840450614,
        "projfdm": 0.629137167379847,
        "MMstar": [
                10.925611586766404,
                10.94347390889458,
                10.954605976543434
        ],
        "MMdm": [
                10.898786339870412,
                10.92662095957029,
                10.971786571501564
        ],
        "MMbh": -Infinity,
        "MMtotal": [
                11.228452949176747,
                11.237224342377717,
                11.250819255703266
        ],
        "Mfdm": [
                0.46786994742102833,
                0.49068543969430983,
                0.5269502530667409
        ],
        "MMthetaE": 0.6553516178469189,
        "projMMstar": [
                10.945049228098204,
                10.963946172343118,
                10.975870486421433
        ],
        "projMMdm": [
                11.275359459658143,
                11.30902415664636,
                11.355161089716432
        ],
        "projMMtotal": [
                11.44968750274529,
                11.473322426367005,
                11.497858262206863
        ],
        "projMfdm": [
                0.6692009111979024,
                0.6876467385491472,
                0.719132717580661
        ],
        "Dstar": 0.1052309691651542,
        "Ddm": -0.04416271015993527,
        "Dtotal": 0.02908426964937134,
        "Dfdm": -0.06816378739721782,
        "projDstar": 0.011549222935322947,
        "projDdm": 0.3198755186533776,
        "projDtotal": 0.21220643718623394,
        "projDfdm": 0.09299970531541407,
        "DthetaE": 0.012166898682672369
}