{
        "Reff": 0.33542414752571353,
        "R": 0.8385603688142839,
        "Mstar": 10.277665526691122,
        "Mdm": 9.98913029177223,
        "Mbh": [
                7.912351131439209,
                6.072244644165039
        ],
        "Mtotal": 10.457961774682195,
        "fdm": 0.3397570812371014,
        "MMstar": 10.30163857282148,
        "MMdm": 10.053964004357512,
        "MMbh": -Infinity,
        "MMtotal": 10.49625293239713,
        "Mfdm": 0.36116950334346554,
        "Dstar": 0.056751921372611834,
        "Ddm": 0.1610039908358957,
        "Dtotal": 0.09217230020638471,
        "Dfdm": 0.06302273974216697
}