{
        "Reff": 0.17139511835893803,
        "R": 0.4284877958973451,
        "MthetaE": 0.5704504504504504,
        "Mstar": 10.27291174804152,
        "Mdm": 9.91931159824612,
        "Mbh": 8.217829704284668,
        "Mtotal": 10.43217688920371,
        "fdm": 0.30699740823157523,
        "projMstar": 10.299543750996003,
        "projMdm": 10.107108354633704,
        "projMtotal": 10.514928467670378,
        "projfdm": 0.39100281759344385,
        "MMstar": 10.182960731400328,
        "MMdm": 9.878034900946915,
        "MMbh": -Infinity,
        "MMtotal": 10.35775725804181,
        "Mfdm": 0.3313428801023259,
        "MMthetaE": 0.7421739775871687,
        "projMMstar": 10.197059172480689,
        "projMMdm": 10.177751624522852,
        "projMMtotal": 10.48854268044511,
        "projMfdm": 0.4888875121843766,
        "Dstar": -0.18707780085140552,
        "Ddm": -0.0906662658345211,
        "Dtotal": -0.15747970947759427,
        "Dfdm": 0.07930188079107917,
        "projDstar": -0.2102031059783972,
        "projDdm": 0.17663908344055482,
        "projDtotal": -0.058946719951570296,
        "projDfdm": 0.25034268344508737,
        "DthetaE": -0.3010314515504697,
        "PL_slope1": 1.320423579490196,
        "AV_slope1": 2.8038113590688916,
        "PL_slope2": -3.331689671285955,
        "AV_slope2": 3.2700740294488093
}