{
        "Reff": 0.17139511835893803,
        "R": 0.4284877958973451,
        "MthetaE": 0.5704504504504504,
        "Mstar": 10.27291174804152,
        "Mdm": 9.91931159824612,
        "Mbh": 8.217829704284668,
        "Mtotal": 10.43217688920371,
        "fdm": 0.30699740823157523,
        "projMstar": 10.299543750996003,
        "projMdm": 10.107108354633704,
        "projMtotal": 10.514928467670378,
        "projfdm": 0.39100281759344385,
        "MMstar": 10.180462472169628,
        "MMdm": 9.86609070197566,
        "MMbh": -Infinity,
        "MMtotal": 10.352151857188721,
        "Mfdm": 0.3265418469177685,
        "MMthetaE": 0.7256294220886346,
        "projMMstar": 10.194529208485465,
        "projMMdm": 10.169218892102636,
        "projMMtotal": 10.483088402858623,
        "projMfdm": 0.48543433310840933,
        "Dstar": -0.19174067444185708,
        "Ddm": -0.11533447422531541,
        "Dtotal": -0.16828416900255594,
        "Dfdm": 0.06366320419047461,
        "projDstar": -0.2147906588538794,
        "projDdm": 0.1537468743326737,
        "projDtotal": -0.07069144498899976,
        "projDfdm": 0.24151108704580562,
        "DthetaE": -0.272028835310146
}