{
        "Reff": 0.1711945002191585,
        "R": 0.42798625054789624,
        "thetaE": 0.5556667661267963,
        "Mstar": 10.272765887623335,
        "Mdm": 9.918860506492777,
        "Mbh": 8.0,
        "Mtotal": 10.431937346374543,
        "fdm": 0.306847903324061,
        "MMstar": 10.114561141066785,
        "MMdm": 9.890855174717215,
        "MMbh": -Infinity,
        "MMtotal": 10.317985597842158,
        "Mfdm": 0.37399825586100227,
        "Dstar": -0.305303271875564,
        "Ddm": -0.06244950332746253,
        "Dtotal": -0.2307841021822322,
        "Dfdm": 0.21883920929394146
}