{
        "Reff": 0.23513420348217307,
        "R": 0.29617117117117114,
        "MthetaE": 0.29617117117117114,
        "Mstar": 9.876642141429853,
        "Mdm": 9.343449316493516,
        "Mbh": 7.900820732116699,
        "Mtotal": 9.988226969854768,
        "fdm": 0.22658040390447187,
        "projMstar": 10.002798214419613,
        "projMdm": 9.58959111729185,
        "projMtotal": 10.14461871342537,
        "projfdm": 0.2785944137301345,
        "MMstar": [
                -Infinity,
                -Infinity,
                -Infinity
        ],
        "MMdm": [
                -Infinity,
                -Infinity,
                -Infinity
        ],
        "MMbh": -Infinity,
        "MMtotal": [
                -Infinity,
                -Infinity,
                -Infinity
        ],
        "Mfdm": [
                0.0,
                0.0,
                0.0
        ],
        "MMthetaE": 0.3247669375126507,
        "projMMstar": [
                10.094677569332655,
                10.095287646861511,
                10.095501535402384
        ],
        "projMMdm": [
                5.973800256774915,
                6.657180172787665,
                7.424999486559124
        ],
        "projMMtotal": [
                10.095385170508022,
                10.095549813550747,
                10.095636431870311
        ],
        "projMfdm": [
                7.556534467882093e-05,
                0.0003644388313858926,
                0.0021342795592450446
        ],
        "Dstar": -1.0,
        "Ddm": -1.0,
        "Dtotal": -1.0,
        "Dfdm": -1.0,
        "projDstar": 0.23734108171753332,
        "projDdm": -0.9988316067064767,
        "projDtotal": -0.10683622599679143,
        "projDfdm": -0.9986918659763979,
        "DthetaE": -0.0965514848335887
}