{
        "Reff": 0.23513420348217307,
        "R": 0.29617117117117114,
        "MthetaE": 0.29617117117117114,
        "Mstar": 9.876642141429853,
        "Mdm": 9.343449316493516,
        "Mbh": 7.900820732116699,
        "Mtotal": 9.988226969854768,
        "fdm": 0.22658040390447187,
        "projMstar": 10.002798214419613,
        "projMdm": 9.58959111729185,
        "projMtotal": 10.14461871342537,
        "projfdm": 0.2785944137301345,
        "MMstar": [
                -Infinity,
                -Infinity,
                -Infinity
        ],
        "MMdm": [
                -Infinity,
                -Infinity,
                -Infinity
        ],
        "MMbh": -Infinity,
        "MMtotal": [
                -Infinity,
                -Infinity,
                -Infinity
        ],
        "Mfdm": [
                0.0,
                0.0,
                0.0
        ],
        "MMthetaE": 0.3247669375126507,
        "projMMstar": [
                10.09457786099345,
                10.09531422289148,
                10.095507064218637
        ],
        "projMMdm": [
                6.012571147275432,
                6.623097228727604,
                7.441743895574494
        ],
        "projMMtotal": [
                10.095390247022172,
                10.09554831934182,
                10.095629422059426
        ],
        "projMfdm": [
                8.237975380469217e-05,
                0.0003370648317606007,
                0.0022190980027977586
        ],
        "Dstar": -1.0,
        "Ddm": -1.0,
        "Dtotal": -1.0,
        "Dfdm": -1.0,
        "projDstar": 0.23741680135292587,
        "projDdm": -0.9989197951784738,
        "projDtotal": -0.10683929896005795,
        "projDfdm": -0.9987901235087682,
        "DthetaE": -0.0965514848335887
}