{
        "Reff": 0.4869602608436852,
        "R": 1.220225225225225,
        "MthetaE": 1.220225225225225,
        "Mstar": 10.87244459182217,
        "Mdm": 10.637575202464305,
        "Mbh": 8.438713073730469,
        "Mtotal": 11.071727465792158,
        "fdm": 0.3679999305160368,
        "projMstar": 10.97001301300598,
        "projMdm": 10.903444554972886,
        "projMtotal": 11.239032980836678,
        "projfdm": 0.4617549652833109,
        "MMstar": 10.870922649159983,
        "MMdm": 10.590540756120204,
        "MMbh": -Infinity,
        "MMtotal": 11.05400625542531,
        "Mfdm": 0.3439810364190831,
        "MMthetaE": 1.2538946881415722,
        "projMMstar": 10.88286830019211,
        "projMMdm": 10.907485735118518,
        "projMMtotal": 11.196381416003746,
        "projMfdm": 0.5141671415687082,
        "Dstar": -0.0034982692345019006,
        "Ddm": -0.10264238281426277,
        "Dtotal": -0.039983296142927956,
        "Dfdm": -0.06526874628283925,
        "projDstar": -0.1818078900049829,
        "projDdm": 0.00934858876934034,
        "projDtotal": -0.09354043678486532,
        "projDfdm": 0.11350647037057789,
        "DthetaE": -0.027592826488349813
}