{
        "Reff": 0.40810977250075836,
        "R": 1.0202744312518959,
        "MthetaE": 0.0,
        "Mstar": 10.364938806152935,
        "Mdm": 10.152496114847926,
        "Mbh": 8.278263092041016,
        "Mtotal": 10.572609976674574,
        "fdm": 0.38008973264361234,
        "projMstar": 10.459067719564095,
        "projMdm": 10.470347334956701,
        "projMtotal": 10.765774141553232,
        "projfdm": 0.5064927035925472,
        "MMstar": 10.36303877119727,
        "MMdm": 10.266637561766233,
        "MMbh": -Infinity,
        "MMtotal": 10.618537484818948,
        "Mfdm": 0.4447337381866781,
        "MMthetaE": 0.0,
        "projMMstar": 10.374861332511333,
        "projMMdm": 10.662232983510796,
        "projMMtotal": 10.8429249171441,
        "projMfdm": 0.659641645482774,
        "Dstar": -0.004365435828243477,
        "Ddm": 0.3005931038650432,
        "Dtotal": 0.1115461739911643,
        "Dfdm": 0.17007564264746564,
        "projDstar": -0.1762534419474649,
        "projDdm": 0.5555559936640155,
        "projDtotal": 0.19440269760993,
        "projDfdm": 0.30237146715824953,
        "DthetaE": 0,
        "PL_slope1": -2.4769986727324773,
        "AV_slope1": 2.4867291964653924,
        "PL_slope2": -1.7639019081040075,
        "AV_slope2": 1.766011530892373
}