{
        "Reff": 0.9094395894549948,
        "R": 0.46202702702702697,
        "MthetaE": 0.46202702702702697,
        "Mstar": 10.249161196740573,
        "Mdm": 9.727404978743367,
        "Mbh": 8.274933815002441,
        "Mtotal": 10.36336385144635,
        "fdm": 0.23122837510002717,
        "projMstar": 10.357000467888106,
        "projMdm": 9.994571718724659,
        "projMtotal": 10.513574293257767,
        "projfdm": 0.30268954843648216,
        "MMstar": 10.31841309950728,
        "MMdm": 9.46118757735542,
        "MMbh": -Infinity,
        "MMtotal": 10.374907502514393,
        "Mfdm": 0.12197759741667516,
        "MMthetaE": 0.48492597519012226,
        "projMMstar": 10.350137863110193,
        "projMMdm": 9.79911114105734,
        "projMMtotal": 10.45774556678937,
        "projMfdm": 0.21946515407779085,
        "Dstar": 0.17287546838070356,
        "Ddm": -0.4582703593223702,
        "Dtotal": 0.026936644189760002,
        "Dfdm": -0.47247997844594625,
        "projDstar": -0.015677539114011055,
        "projDdm": -0.36241304573550964,
        "projDtotal": -0.12063075304016736,
        "projDfdm": -0.274949679592771,
        "DthetaE": -0.049561923488419174
}