{
        "Reff": 0.36422601544215016,
        "R": 0.9105650386053754,
        "MthetaE": 0.40279279279279273,
        "Mstar": 10.27293859069873,
        "Mdm": 10.113967989717644,
        "Mbh": 8.177248001098633,
        "Mtotal": 10.501716802955189,
        "fdm": 0.40949743592464155,
        "projMstar": 10.358796827178473,
        "projMdm": 10.355252888833848,
        "projMtotal": 10.658058468574506,
        "projfdm": 0.4979599564196837,
        "MMstar": [
                -Infinity,
                -Infinity,
                -Infinity
        ],
        "MMdm": [
                -Infinity,
                -Infinity,
                -Infinity
        ],
        "MMbh": -Infinity,
        "MMtotal": [
                -Infinity,
                -Infinity,
                -Infinity
        ],
        "Mfdm": [
                0.0,
                0.0,
                0.0
        ],
        "MMthetaE": 0.4500195182604169,
        "projMMstar": [
                10.22687477452332,
                10.244849118531873,
                10.262045989007573
        ],
        "projMMdm": [
                10.49579373554283,
                10.52783611639785,
                10.561715393794895
        ],
        "projMMtotal": [
                10.694794349022514,
                10.70971652052369,
                10.726893531425832
        ],
        "projMfdm": [
                0.6316896536985428,
                0.6572804989322422,
                0.6831196823491
        ],
        "Dstar": -1.0,
        "Ddm": -1.0,
        "Dtotal": -1.0,
        "Dfdm": -1.0,
        "projDstar": -0.23077694676361113,
        "projDdm": 0.48793249198142186,
        "projDtotal": 0.12631029023893367,
        "projDfdm": 0.319946494609864,
        "DthetaE": -0.11724818892655525
}