{
        "Reff": 0.42908660556761313,
        "R": 1.0727165139190329,
        "MthetaE": 0.533108108108108,
        "Mstar": 10.461121573211894,
        "Mdm": 10.349580676302088,
        "Mbh": 8.356976509094238,
        "Mtotal": 10.709952236130166,
        "fdm": 0.4361425316510598,
        "projMstar": 10.519498947164227,
        "projMdm": 10.555126770256262,
        "projMtotal": 10.838708097904357,
        "projfdm": 0.5204975293137197,
        "MMstar": -Infinity,
        "MMdm": -Infinity,
        "MMbh": -Infinity,
        "MMtotal": -Infinity,
        "Mfdm": 0.0,
        "MMthetaE": 0.509223606974525,
        "projMMstar": 10.682369748627814,
        "projMMdm": 9.082471755220428,
        "projMMtotal": 10.69314647393117,
        "projMfdm": 0.024508982475637837,
        "Dstar": -1.0,
        "Ddm": -1.0,
        "Dtotal": -1.0,
        "Dfdm": -1.0,
        "projDstar": 0.4550261595500674,
        "projDdm": -0.9663221014026353,
        "projDtotal": -0.28478209857016656,
        "projDfdm": -0.952912394208762,
        "DthetaE": 0.04480235954081493
}