{
        "Reff": 0.3129603324922881,
        "R": 0.7824008312307202,
        "MthetaE": 0.0,
        "Mstar": 10.273399770015239,
        "Mdm": 10.022244869721614,
        "Mbh": 8.01979923248291,
        "Mtotal": 10.466760355017644,
        "fdm": 0.35932258444479737,
        "projMstar": 10.311296349477995,
        "projMdm": 10.185498404817997,
        "projMtotal": 10.553966374268237,
        "projfdm": 0.4280869911502228,
        "MMstar": 10.242398674442544,
        "MMdm": 9.465862414427093,
        "MMbh": -Infinity,
        "MMtotal": 10.309576544997645,
        "Mfdm": 0.1433130931091562,
        "MMthetaE": 0.0,
        "projMMstar": 10.267834251592673,
        "projMMdm": 9.948750521652839,
        "projMMtotal": 10.437990598823276,
        "projMfdm": 0.32416037256829466,
        "Dstar": -0.0688944733878895,
        "Ddm": -0.7222733569879932,
        "Dtotal": -0.3036682624647351,
        "Dfdm": -0.6011575689554984,
        "projDstar": -0.09523060390880558,
        "projDdm": -0.42023483570269393,
        "projDtotal": -0.2343606876085409,
        "projDfdm": -0.2427698592351258,
        "DthetaE": 0,
        "PL_slope1": -2.706781993452415,
        "AV_slope1": 2.7415500173597125,
        "PL_slope2": -2.6871377641523684,
        "AV_slope2": 2.665638344181574
}