{
        "Reff": 0.9887552142199191,
        "R": 2.4718880355497976,
        "MthetaE": 1.2122072072072072,
        "Mstar": 11.04893017688709,
        "Mdm": 11.003926349216886,
        "Mbh": 8.475809097290039,
        "Mtotal": 11.328040939089043,
        "fdm": 0.47411687162874955,
        "projMstar": 11.150297977464037,
        "projMdm": 11.244430859000468,
        "projMtotal": 11.50093983769244,
        "projfdm": 0.5539760908064386,
        "MMstar": 11.190268168310666,
        "MMdm": 10.707848222731263,
        "MMbh": -Infinity,
        "MMtotal": 11.313888280589326,
        "Mfdm": 0.24771935591175714,
        "MMthetaE": 1.2632421945770878,
        "projMMstar": 11.208522909241498,
        "projMMdm": 10.904898802963608,
        "projMMtotal": 11.383751185285846,
        "projMfdm": 0.3320072884048782,
        "Dstar": 0.3846435641666174,
        "Ddm": -0.4942663240685799,
        "Dtotal": -0.032062442487028255,
        "Dfdm": -0.47751415160410016,
        "projDstar": 0.143470412858498,
        "projDdm": -0.5424190412127199,
        "projDtotal": -0.23649594563323767,
        "projDfdm": -0.4006830007382343,
        "DthetaE": -0.042100877693558324,
        "PL_slope1": -2.725926122393987,
        "AV_slope1": 2.534376967401413,
        "PL_slope2": -2.121043176925714,
        "AV_slope2": 2.130725379378448
}