{
        "Reff": 0.9887552142199191,
        "R": 2.4718880355497976,
        "MthetaE": 1.2122072072072072,
        "Mstar": 11.04893017688709,
        "Mdm": 11.003926349216886,
        "Mbh": 8.475809097290039,
        "Mtotal": 11.328040939089043,
        "fdm": 0.47411687162874955,
        "projMstar": 11.150297977464037,
        "projMdm": 11.244430859000468,
        "projMtotal": 11.50093983769244,
        "projfdm": 0.5539760908064386,
        "MMstar": 11.190635841963738,
        "MMdm": 10.703490709695853,
        "MMbh": -Infinity,
        "MMtotal": 11.313090215576379,
        "Mfdm": 0.24569736230622372,
        "MMthetaE": 1.2632421945770878,
        "projMMstar": 11.208810983248132,
        "projMMdm": 10.900105711849415,
        "projMMtotal": 11.382358858995447,
        "projMfdm": 0.3294176410185463,
        "Dstar": 0.3858162995804898,
        "Ddm": -0.4993152537528805,
        "Dtotal": -0.03383950346582336,
        "Dfdm": -0.48177890936010914,
        "projDstar": 0.1442291454478251,
        "projDdm": -0.547441368098471,
        "projDtotal": -0.23893978177263378,
        "projDfdm": -0.4053576562501032,
        "DthetaE": -0.042100877693558324
}