{
        "Reff": 0.9094395894549946,
        "R": 0.46202702702702697,
        "MthetaE": 0.46202702702702697,
        "Mstar": 10.249161196740573,
        "Mdm": 9.727404978743365,
        "Mbh": 8.274933815002441,
        "Mtotal": 10.36336385144635,
        "fdm": 0.23122837510002717,
        "projMstar": 10.357000467888106,
        "projMdm": 9.994571718724659,
        "projMtotal": 10.513574293257767,
        "projfdm": 0.30268954843648216,
        "MMstar": [
                -Infinity,
                -Infinity,
                -Infinity
        ],
        "MMdm": [
                -Infinity,
                -Infinity,
                -Infinity
        ],
        "MMbh": -Infinity,
        "MMtotal": [
                -Infinity,
                -Infinity,
                -Infinity
        ],
        "Mfdm": [
                0.0,
                0.0,
                0.0
        ],
        "MMthetaE": 0.6040185929502934,
        "projMMstar": [
                10.337908213493003,
                10.340934116714758,
                10.345285089276985
        ],
        "projMMdm": [
                9.811181406029169,
                9.830279826704315,
                9.842502515003448
        ],
        "projMMtotal": [
                10.456451242118888,
                10.457573805162705,
                10.458841106585233
        ],
        "projMfdm": [
                0.22627902005343536,
                0.23581867120700398,
                0.24215923577445994
        ],
        "Dstar": -1.0,
        "Ddm": -1.0,
        "Dtotal": -1.0,
        "Dfdm": -1.0,
        "projDstar": -0.03631821817700143,
        "projDdm": -0.3149723396525059,
        "projDtotal": -0.1209784710847524,
        "projDfdm": -0.220922319831967,
        "DthetaE": -0.3073230733641917
}