{
        "Reff": 0.3555664498963653,
        "R": 0.7108108108108108,
        "MthetaE": 0.7108108108108108,
        "Mstar": 10.451843296180769,
        "Mdm": 10.23681373681996,
        "Mbh": 8.265618324279785,
        "Mtotal": 10.658533039151479,
        "fdm": 0.3786872626768167,
        "projMstar": 10.498681972681283,
        "projMdm": 10.45430910397408,
        "projMtotal": 10.778091997453737,
        "projfdm": 0.4744791210545737,
        "MMstar": -Infinity,
        "MMdm": -Infinity,
        "MMbh": -Infinity,
        "MMtotal": -Infinity,
        "Mfdm": 0.0,
        "MMthetaE": 0.7032624410837693,
        "projMMstar": 10.697115389241047,
        "projMMdm": 9.765870266284242,
        "projMMtotal": 10.745228198747267,
        "projMfdm": 0.10486777836736887,
        "Dstar": -1.0,
        "Ddm": -1.0,
        "Dtotal": -1.0,
        "Dfdm": -1.0,
        "projDstar": 0.5791864777241064,
        "projDdm": -0.7950909394014651,
        "projDtotal": -0.07287946323878439,
        "projDfdm": -0.7789833657289481,
        "DthetaE": 0.010619379463898584
}