{
        "Reff": 0.3555664498963653,
        "R": 0.7108108108108108,
        "MthetaE": 0.7108108108108108,
        "Mstar": 10.451843296180769,
        "Mdm": 10.23681373681996,
        "Mbh": 8.265618324279785,
        "Mtotal": 10.658533039151479,
        "fdm": 0.3786872626768167,
        "projMstar": 10.498681972681283,
        "projMdm": 10.45430910397408,
        "projMtotal": 10.778091997453737,
        "projfdm": 0.4744791210545737,
        "MMstar": [
                10.715870683854085,
                10.719377823542233,
                10.722599866767332
        ],
        "MMdm": [
                6.794159934600987,
                7.241759979530503,
                7.6437316614952735
        ],
        "MMbh": -Infinity,
        "MMtotal": [
                10.716084361079899,
                10.719511116112834,
                10.722832875146702
        ],
        "Mfdm": [
                0.00011811133761008516,
                0.0003341305081136662,
                0.0008490576032528788
        ],
        "MMthetaE": 0.7032624410837693,
        "projMMstar": [
                10.732433445084286,
                10.734897407376765,
                10.73757493470506
        ],
        "projMMdm": [
                7.0590426964130595,
                7.5126563624758065,
                7.915404628769669
        ],
        "projMMtotal": [
                10.732926785840228,
                10.735264936380103,
                10.737956650872208
        ],
        "projMfdm": [
                0.00021142422944546153,
                0.000595916395990863,
                0.0015069340325679532
        ],
        "Dstar": 0.8515460903189986,
        "Ddm": -0.9989885457520375,
        "Dtotal": 0.1507422983960087,
        "Dfdm": -0.9991176610859531,
        "projDstar": 0.7227229313478021,
        "projDdm": -0.9988562074631059,
        "projDtotal": -0.09390665858800096,
        "projDfdm": -0.9987440619206459,
        "DthetaE": 0.010619379463898584
}