{
        "Reff": 0.3939136227063193,
        "R": 0.45018018018018013,
        "MthetaE": 0.45018018018018013,
        "Mstar": 10.143283281527738,
        "Mdm": 9.666221446383181,
        "Mbh": 8.139239311218262,
        "Mtotal": 10.268236873791992,
        "fdm": 0.2500256543701848,
        "projMstar": 10.238793465359723,
        "projMdm": 9.866167182171507,
        "projMtotal": 10.392305795077736,
        "projfdm": 0.29775659339548977,
        "MMstar": [
                10.174320611169493,
                10.201142235964676,
                10.23515269507042
        ],
        "MMdm": [
                8.868148426789704,
                9.112078196239025,
                9.265758695302672
        ],
        "MMbh": -Infinity,
        "MMtotal": [
                10.220372248502208,
                10.237242407760172,
                10.25452058460515
        ],
        "Mfdm": [
                0.041499780144247225,
                0.0758786429975235,
                0.10995358592846488
        ],
        "MMthetaE": 0.4500195182604169,
        "projMMstar": [
                10.217156306960383,
                10.246165412993097,
                10.278683251307745
        ],
        "projMMdm": [
                9.370236464968132,
                9.604534390025318,
                9.717254079438248
        ],
        "projMMtotal": [
                10.327596171063607,
                10.334121101747158,
                10.34060764719591
        ],
        "projMfdm": [
                0.10942721066369994,
                0.18572043873489053,
                0.23954861998413696
        ],
        "Dstar": 0.14250722313232778,
        "Ddm": -0.7208377115296263,
        "Dtotal": -0.068880259877197,
        "Dfdm": -0.6965165707148653,
        "projDstar": 0.01711942280590059,
        "projDdm": -0.4525213245688543,
        "projDtotal": -0.12538825185668315,
        "projDfdm": -0.3762675861615238,
        "DthetaE": 0.00035688359202955825
}