{
        "Reff": 0.4021615124324089,
        "R": 0.45018018018018013,
        "MthetaE": 0.45018018018018013,
        "Mstar": 10.143283281527738,
        "Mdm": 9.666221446383181,
        "Mbh": 8.139239311218262,
        "Mtotal": 10.268236873791992,
        "fdm": 0.2500256543701848,
        "projMstar": 10.238793465359723,
        "projMdm": 9.866167182171507,
        "projMtotal": 10.392305795077736,
        "projfdm": 0.29775659339548977,
        "MMstar": [
                10.168534575128154,
                10.20045308051799,
                10.230531016796583
        ],
        "MMdm": [
                9.084766006423799,
                9.291238142671821,
                9.428819834233801
        ],
        "MMbh": -Infinity,
        "MMtotal": [
                10.24086971536426,
                10.251412334519124,
                10.26133964921884
        ],
        "Mfdm": [
                0.0669821815483952,
                0.10982189298654908,
                0.15326156288273068
        ],
        "MMthetaE": 0.458917242575832,
        "projMMstar": [
                10.213821842802222,
                10.246768918997232,
                10.276949450011651
        ],
        "projMMdm": [
                9.41791223699455,
                9.60562193413635,
                9.739536118950932
        ],
        "projMMtotal": [
                10.330359764118837,
                10.33606943449519,
                10.341310762558637
        ],
        "projMfdm": [
                0.12112542533142633,
                0.18667812302829523,
                0.25081907693878674
        ],
        "Dstar": 0.14069568573555305,
        "Ddm": -0.5782872842957051,
        "Dtotal": -0.03799913901901143,
        "Dfdm": -0.5607575020123807,
        "projDstar": 0.01853381880578791,
        "projDdm": -0.4511486307972224,
        "projDtotal": -0.12145575253624827,
        "projDfdm": -0.3730512533761312,
        "DthetaE": -0.019407923272310522
}