{
        "Reff": 0.4021615124324089,
        "R": 0.45018018018018013,
        "MthetaE": 0.45018018018018013,
        "Mstar": 10.143283281527738,
        "Mdm": 9.666221446383181,
        "Mbh": 8.139239311218262,
        "Mtotal": 10.268236873791992,
        "fdm": 0.2500256543701848,
        "projMstar": 10.238793465359723,
        "projMdm": 9.866167182171507,
        "projMtotal": 10.392305795077736,
        "projfdm": 0.29775659339548977,
        "MMstar": [
                10.166158088292129,
                10.199484437686726,
                10.228145413860794
        ],
        "MMdm": [
                9.095495502193375,
                9.291238142671821,
                9.434578823270128
        ],
        "MMbh": -Infinity,
        "MMtotal": [
                10.240723317865426,
                10.25048210116148,
                10.261318336975384
        ],
        "Mfdm": [
                0.06910307975309789,
                0.10994422340615662,
                0.15760217161993265
        ],
        "MMthetaE": 0.48492597519012226,
        "projMMstar": [
                10.21270284530863,
                10.246071828806087,
                10.275683279987993
        ],
        "projMMdm": [
                9.427207079592371,
                9.606194492311726,
                9.741647554698577
        ],
        "projMMtotal": [
                10.33060241254328,
                10.336102794546985,
                10.341241450205656
        ],
        "projMfdm": [
                0.12447311119311187,
                0.18722349708640457,
                0.25266230820667773
        ],
        "Dstar": 0.1381543331381633,
        "Ddm": -0.5782872842957051,
        "Dtotal": -0.04005748333645296,
        "Dfdm": -0.5602682305417563,
        "projDstar": 0.016900271876423748,
        "projDdm": -0.45042456777048895,
        "projDtotal": -0.12138826513196602,
        "projDfdm": -0.3712196430265832,
        "DthetaE": -0.07718197410653545
}