{
        "Reff": 0.4888927916199904,
        "R": 1.222231979049976,
        "MthetaE": 1.220225225225225,
        "Mstar": 10.872799948028954,
        "Mdm": 10.63840063344136,
        "Mbh": 8.438713073730469,
        "Mtotal": 11.07225586865504,
        "fdm": 0.36825170371954624,
        "projMstar": 10.970296737631696,
        "projMdm": 10.904246176794656,
        "projMtotal": 11.23955592381404,
        "projfdm": 0.46205136010423437,
        "MMstar": [
                10.876058979651809,
                10.890188586902772,
                10.913746814418646
        ],
        "MMdm": [
                10.602556055555828,
                10.6348190842887,
                10.653714868969157
        ],
        "MMbh": -Infinity,
        "MMtotal": [
                11.077537398231959,
                11.081773773507463,
                11.088466807208384
        ],
        "Mfdm": [
                0.3288943520928169,
                0.35796704175366384,
                0.37415775767509163
        ],
        "MMthetaE": 1.224463753867507,
        "projMMstar": [
                10.888679782061748,
                10.902459181855393,
                10.926114084947834
        ],
        "projMMdm": [
                10.843035158954406,
                10.87763113654452,
                10.896171749238539
        ],
        "projMMtotal": [
                11.187271761956191,
                11.19119976825688,
                11.193784406423223
        ],
        "projMfdm": [
                0.45303435682009935,
                0.48609622070563935,
                0.5043248456986476
        ],
        "Dstar": 0.04085117993610429,
        "Ddm": -0.008212909940167533,
        "Dtotal": 0.022157700683101123,
        "Dfdm": -0.027928348632203514,
        "projDstar": -0.14461339673050666,
        "projDdm": -0.05944334698315085,
        "projDtotal": -0.10536920282646274,
        "projDfdm": 0.052039367649476656,
        "DthetaE": -0.0034735625478481487,
        "PL_slope1": -3.2927269134909047,
        "AV_slope1": 3.0244216851344863,
        "PL_slope2": -1.6828261214910716,
        "AV_slope2": 1.7065952784875291
}