{
        "Reff": 0.4888927916199904,
        "R": 1.222231979049976,
        "MthetaE": 1.220225225225225,
        "Mstar": 10.872799948028954,
        "Mdm": 10.63840063344136,
        "Mbh": 8.438713073730469,
        "Mtotal": 11.07225586865504,
        "fdm": 0.36825170371954624,
        "projMstar": 10.970296737631696,
        "projMdm": 10.904246176794656,
        "projMtotal": 11.23955592381404,
        "projfdm": 0.46205136010423437,
        "MMstar": [
                10.87551329590607,
                10.889965241253082,
                10.913679731105786
        ],
        "MMdm": [
                10.60123690959289,
                10.633946586414552,
                10.65446255267843
        ],
        "MMbh": -Infinity,
        "MMtotal": [
                11.077447694247834,
                11.081935113788047,
                11.088470067000033
        ],
        "Mfdm": [
                0.3280772107595184,
                0.3569571323168391,
                0.37422191564704993
        ],
        "MMthetaE": 1.224463753867507,
        "projMMstar": [
                10.8882300258644,
                10.902489532044768,
                10.926029114539121
        ],
        "projMMdm": [
                10.844165547242435,
                10.87754598740893,
                10.89654587410437
        ],
        "projMMtotal": [
                11.18759736489702,
                11.19107295183725,
                11.193595834592578
        ],
        "projMfdm": [
                0.4523082705072786,
                0.48519957249533835,
                0.5048987483348437
        ],
        "Dstar": 0.04031603655620148,
        "Ddm": -0.010203410669797254,
        "Dtotal": 0.022537502531555266,
        "Dfdm": -0.030670791984465224,
        "projDstar": -0.14455361689531415,
        "projDdm": -0.05962773738809183,
        "projDtotal": -0.10563040188918199,
        "projDfdm": 0.05009878639007137,
        "DthetaE": -0.0034735625478481487
}