{
        "Reff": 0.42908660556761313,
        "R": 0.533108108108108,
        "MthetaE": 0.533108108108108,
        "Mstar": 10.316567053263963,
        "Mdm": 9.953675599223988,
        "Mbh": 8.356976509094238,
        "Mtotal": 10.473000874721839,
        "fdm": 0.3024647195873248,
        "projMstar": 10.385313712548719,
        "projMdm": 10.208555729354114,
        "projMtotal": 10.606895895322637,
        "projfdm": 0.3996316112517674,
        "MMstar": [
                -Infinity,
                -Infinity,
                -Infinity
        ],
        "MMdm": [
                -Infinity,
                -Infinity,
                -Infinity
        ],
        "MMbh": -Infinity,
        "MMtotal": [
                -Infinity,
                -Infinity,
                -Infinity
        ],
        "Mfdm": [
                0.0,
                0.0,
                0.0
        ],
        "MMthetaE": 0.509223606974525,
        "projMMstar": [
                10.437771915909034,
                10.438049573550806,
                10.43821421722686
        ],
        "projMMdm": [
                9.54080746764842,
                9.542641597003009,
                9.545467325491696
        ],
        "projMMtotal": [
                10.489947418159034,
                10.490075829481913,
                10.490166477765412
        ],
        "projMfdm": [
                0.11240437671790177,
                0.11287346420618635,
                0.11357003977949638
        ],
        "Dstar": -1.0,
        "Ddm": -1.0,
        "Dtotal": -1.0,
        "Dfdm": -1.0,
        "projDstar": 0.12910897887067513,
        "projDdm": -0.7841828924691404,
        "projDtotal": -0.23584768321529614,
        "projDfdm": -0.7175562167050988,
        "DthetaE": 0.04480235954081493
}