{
        "Reff": 0.3939136227063193,
        "R": 0.45018018018018013,
        "MthetaE": 0.45018018018018013,
        "Mstar": 10.143283281527738,
        "Mdm": 9.666221446383181,
        "Mbh": 8.139239311218262,
        "Mtotal": 10.268236873791992,
        "fdm": 0.2500256543701848,
        "projMstar": 10.238793465359723,
        "projMdm": 9.866167182171507,
        "projMtotal": 10.392305795077736,
        "projfdm": 0.29775659339548977,
        "MMstar": [
                10.19696803791284,
                10.22801538595078,
                10.253347751050548
        ],
        "MMdm": [
                8.551238112246363,
                8.91404968932339,
                9.114398889308763
        ],
        "MMbh": -Infinity,
        "MMtotal": [
                10.231841335054085,
                10.248198867070256,
                10.262121222303994
        ],
        "Mfdm": [
                0.019612922496133327,
                0.04643205966929503,
                0.07703990196886182
        ],
        "MMthetaE": 0.4500195182604169,
        "projMMstar": [
                10.24617149556332,
                10.276354038777123,
                10.302388325784415
        ],
        "projMMdm": [
                9.015804523098804,
                9.365895239374426,
                9.573878996055377
        ],
        "projMMtotal": [
                10.321644678318657,
                10.327428818889224,
                10.333038987793277
        ],
        "projMfdm": [
                0.049219510931443895,
                0.10846244749885676,
                0.17411794460802527
        ],
        "Dstar": 0.21543602477523394,
        "Ddm": -0.8230590955246646,
        "Dtotal": -0.04509098526678181,
        "Dfdm": -0.8142908183311929,
        "projDstar": 0.0903365569599267,
        "projDdm": -0.6839701847937988,
        "projDtotal": -0.13876231716141413,
        "projDfdm": -0.6357345230814302,
        "DthetaE": 0.00035688359202955825
}