{
        "Reff": 0.3939136227063193,
        "R": 0.45018018018018013,
        "MthetaE": 0.45018018018018013,
        "Mstar": 10.143283281527738,
        "Mdm": 9.666221446383181,
        "Mbh": 8.139239311218262,
        "Mtotal": 10.268236873791992,
        "fdm": 0.2500256543701848,
        "projMstar": 10.238793465359723,
        "projMdm": 9.866167182171507,
        "projMtotal": 10.392305795077736,
        "projfdm": 0.29775659339548977,
        "MMstar": [
                10.164127387807707,
                10.199186183331694,
                10.230329137239005
        ],
        "MMdm": [
                9.03017046684291,
                9.214215649065432,
                9.380539994061632
        ],
        "MMbh": -Infinity,
        "MMtotal": [
                10.230033221611206,
                10.243921196672519,
                10.258228271459126
        ],
        "Mfdm": [
                0.05950458701018003,
                0.09408953502235524,
                0.1433445207683898
        ],
        "MMthetaE": 0.458917242575832,
        "projMMstar": [
                10.208709036222274,
                10.244643666960199,
                10.273512479763522
        ],
        "projMMdm": [
                9.416975977709246,
                9.600526657274035,
                9.750349888800574
        ],
        "projMMtotal": [
                10.32780638656647,
                10.334138949995506,
                10.339601715149938
        ],
        "projMfdm": [
                0.12184697186586466,
                0.18546596673381882,
                0.2573971327356742
        ],
        "Dstar": 0.13737296711936697,
        "Ddm": -0.6468215447542298,
        "Dtotal": -0.054450383375532346,
        "Dfdm": -0.6236804768719955,
        "projDstar": 0.013561724116995947,
        "projDdm": -0.45755029781058537,
        "projDtotal": -0.12535230710234843,
        "projDfdm": -0.37712221711417476,
        "DthetaE": -0.019407923272310522
}