{
        "Reff": 0.42908660556761313,
        "R": 1.0727165139190329,
        "MthetaE": 0.533108108108108,
        "Mstar": 10.461121573211894,
        "Mdm": 10.349580676302088,
        "Mbh": 8.356976509094238,
        "Mtotal": 10.709952236130166,
        "fdm": 0.4361425316510598,
        "projMstar": 10.519498947164227,
        "projMdm": 10.555126770256264,
        "projMtotal": 10.838708097904357,
        "projfdm": 0.5204975293137197,
        "MMstar": 10.443732439253681,
        "MMdm": 10.16075739716712,
        "MMbh": -Infinity,
        "MMtotal": 10.62592579733003,
        "Mfdm": 0.3426349021468106,
        "MMthetaE": 0.48492597519012226,
        "projMMstar": 10.46978466725195,
        "projMMdm": 10.718550600647564,
        "projMMtotal": 10.912771108808977,
        "projMfdm": 0.6394100997289853,
        "Dstar": -0.039248953834024894,
        "Ddm": -0.3525939987402033,
        "Dtotal": -0.17591205499972054,
        "Dfdm": -0.21439695218502777,
        "projDstar": -0.10816251957499579,
        "projDdm": 0.45688016447239305,
        "projDtotal": 0.18594080142846287,
        "projDfdm": 0.22845943298146448,
        "DthetaE": 0.09037966631003672
}