{
        "Reff": 0.3465146838858552,
        "R": 0.8662867097146381,
        "MthetaE": 1.0543693693693692,
        "Mstar": 11.033412259839897,
        "Mdm": 10.707664354405054,
        "Mbh": 8.772610664367676,
        "Mtotal": 11.201419526893796,
        "fdm": 0.32080773240888977,
        "projMstar": 11.066829826989872,
        "projMdm": 10.9365370114967,
        "projMtotal": 11.30758134804791,
        "projfdm": 0.42555496657047037,
        "MMstar": [
                11.181186203122271,
                11.188121737302728,
                11.200707487741791
        ],
        "MMdm": [
                10.23473015565658,
                10.285135665351644,
                10.344429630825207
        ],
        "MMbh": -Infinity,
        "MMtotal": [
                11.235278285737518,
                11.24179117357768,
                11.248173939368439
        ],
        "Mfdm": [
                0.0985475892339902,
                0.11088992671749785,
                0.12656415298878623
        ],
        "MMthetaE": 1.0800468438250006,
        "projMMstar": [
                11.199220467427493,
                11.20627907141154,
                11.219135181407458
        ],
        "projMMdm": [
                10.572801418213633,
                10.6145305317096,
                10.64104119231067
        ],
        "projMMtotal": [
                11.303463834033211,
                11.30596584092186,
                11.308593736414775
        ],
        "projMfdm": [
                0.18412705764013781,
                0.20399137412759782,
                0.2163876853919829
        ],
        "Dstar": 0.4279384154485253,
        "Ddm": -0.6220178326418963,
        "Dtotal": 0.09741690688445134,
        "Dfdm": -0.6543414777292162,
        "projDstar": 0.37863482382785013,
        "projDdm": -0.5235761216163137,
        "projDtotal": -0.003712932582230495,
        "projDfdm": -0.5206462380839877,
        "DthetaE": -0.024353395689965272
}