{
        "Reff": 0.3281228274892596,
        "R": 0.48572072072072064,
        "MthetaE": 0.48572072072072064,
        "Mstar": 10.193931422797494,
        "Mdm": 9.704516155365626,
        "Mbh": [
                7.912351131439209,
                6.072244644165039
        ],
        "Mtotal": 10.315829128814833,
        "fdm": 0.2447298965108559,
        "projMstar": 10.263860798608103,
        "projMdm": 9.965676135596594,
        "projMtotal": 10.440902574668815,
        "projfdm": 0.3347908352976755,
        "MMstar": [
                10.171818751381226,
                10.191336110393069,
                10.222389267358228
        ],
        "MMdm": [
                9.591197195263442,
                9.658201209354575,
                9.703741547170875
        ],
        "MMbh": -Infinity,
        "MMtotal": [
                10.293388055786096,
                10.305508258565077,
                10.318982285823171
        ],
        "Mfdm": [
                0.19044604997438047,
                0.2273225592807803,
                0.2497754989222452
        ],
        "MMthetaE": 0.509223606974525,
        "projMMstar": [
                10.197007781723924,
                10.216720904165664,
                10.24737647449436
        ],
        "projMMdm": [
                9.948779348453959,
                10.009535757445395,
                10.043603356491497
        ],
        "projMMtotal": [
                10.42147316660548,
                10.426386084529787,
                10.430895415892683
        ],
        "projMfdm": [
                0.33585279852729893,
                0.3833379028796154,
                0.4113248426836922
        ],
        "Dstar": -0.0059581073137913556,
        "Ddm": -0.10115448864628993,
        "Dtotal": -0.02348452559281972,
        "Dfdm": -0.07112877289719863,
        "projDstar": -0.10286023768359472,
        "projDdm": 0.10626614485576287,
        "projDtotal": -0.03287299580950608,
        "projDfdm": 0.14500715809252904,
        "DthetaE": -0.04838765416252024
}