{
        "Reff": 0.3281228274892596,
        "R": 0.48572072072072064,
        "MthetaE": 0.48572072072072064,
        "Mstar": 10.193931422797494,
        "Mdm": 9.704516155365626,
        "Mbh": [
                7.912351131439209,
                6.072244644165039
        ],
        "Mtotal": 10.315829128814833,
        "fdm": 0.2447298965108559,
        "projMstar": 10.263860798608103,
        "projMdm": 9.965676135596594,
        "projMtotal": 10.440902574668815,
        "projfdm": 0.3347908352976755,
        "MMstar": [
                10.17085748350009,
                10.190832984671923,
                10.219280726568872
        ],
        "MMdm": [
                9.596876328810724,
                9.659823877419713,
                9.707985166741038
        ],
        "MMbh": -Infinity,
        "MMtotal": [
                10.293892346394848,
                10.304878080916469,
                10.31706576883799
        ],
        "Mfdm": [
                0.19320205062446125,
                0.22839822157585402,
                0.2538510411415616
        ],
        "MMthetaE": 0.509223606974525,
        "projMMstar": [
                10.196316310433486,
                10.21548498566618,
                10.244433511454853
        ],
        "projMMdm": [
                9.957721818485629,
                10.011864404945294,
                10.04520013177092
        ],
        "projMMtotal": [
                10.42150434785374,
                10.426830108458379,
                10.431145683474991
        ],
        "projMfdm": [
                0.34136530054110986,
                0.3862100653228771,
                0.41366756249228176
        ],
        "Dstar": -0.007109027899146668,
        "Ddm": -0.09778982219043955,
        "Dtotal": -0.024900458786756674,
        "Dfdm": -0.06673346888894476,
        "projDstar": -0.10540969540590428,
        "projDdm": 0.11221377435106794,
        "projDtotal": -0.03188369673121608,
        "projDfdm": 0.15358613380047506,
        "DthetaE": -0.04838765416252024
}