{
        "Reff": 0.5148342648334497,
        "R": 1.2870856620836244,
        "Mstar": 10.485048613230262,
        "Mdm": 10.34306489408524,
        "Mbh": 8.260486602783203,
        "Mtotal": 10.720863426497717,
        "fdm": 0.41898788695716166,
        "MMstar": 10.376394433353457,
        "MMdm": 10.241334959846052,
        "MMbh": -Infinity,
        "MMtotal": 10.615123870571754,
        "Mfdm": 0.42287410271000925,
        "Dstar": -0.2213436670853455,
        "Ddm": -0.20882953606564178,
        "Dtotal": -0.21610039777229478,
        "Dfdm": 0.009275246072316464
}