{
        "Reff": 0.3465146838858552,
        "R": 0.8662867097146381,
        "MthetaE": 1.0543693693693692,
        "Mstar": 11.033412259839897,
        "Mdm": 10.707664354405054,
        "Mbh": 8.772610664367676,
        "Mtotal": 11.201419526893796,
        "fdm": 0.32080773240888977,
        "projMstar": 11.066829826989872,
        "projMdm": 10.9365370114967,
        "projMtotal": 11.30758134804791,
        "projfdm": 0.42555496657047037,
        "MMstar": -Infinity,
        "MMdm": -Infinity,
        "MMbh": -Infinity,
        "MMtotal": -Infinity,
        "Mfdm": 0.0,
        "MMthetaE": 1.0800468438250006,
        "projMMstar": 11.192638814600851,
        "projMMdm": 10.652023139325951,
        "projMMtotal": 11.30255285236325,
        "projMfdm": 0.22359922140643737,
        "Dstar": -1.0,
        "Ddm": -1.0,
        "Dtotal": -1.0,
        "Dfdm": -1.0,
        "projDstar": 0.3360077813185329,
        "projDdm": -0.4806189167524627,
        "projDtotal": -0.011511765879623326,
        "projDfdm": -0.47457029297903836,
        "DthetaE": -0.024353395689965272
}