{
        "Reff": 0.1711945002191585,
        "R": 0.42798625054789624,
        "MthetaE": 0.5568018018018017,
        "Mstar": 10.272768103513672,
        "Mdm": 9.918860506492777,
        "Mbh": 8.217829704284668,
        "Mtotal": 10.43193888232478,
        "fdm": 0.30684681811046544,
        "projMstar": 10.299456228808682,
        "projMdm": 10.106476541384401,
        "projMtotal": 10.514628207353143,
        "projfdm": 0.3907044286802383,
        "MMstar": 10.156144840728482,
        "MMdm": 9.908043446284434,
        "MMbh": -Infinity,
        "MMtotal": 10.350605092165663,
        "Mfdm": 0.3609427759684371,
        "MMthetaE": 0.76896871295145,
        "projMMstar": 10.17099062123617,
        "projMMdm": 10.191090566284915,
        "projMMtotal": 10.482186861837343,
        "projMfdm": 0.5115683935674236,
        "Dstar": -0.23550132470341748,
        "Ddm": -0.024599576558835858,
        "Dtotal": -0.17078679435131786,
        "Dfdm": 0.17629629725701448,
        "projDstar": -0.2560660261846064,
        "projDdm": 0.21510560704537848,
        "projDtotal": -0.07197718241315038,
        "projDfdm": 0.30934884791414324,
        "DthetaE": -0.3810456619628017
}