{
        "Reff": 0.9842781252851374,
        "R": 2.4606953132128435,
        "MthetaE": 1.2083783783783781,
        "Mstar": 11.047832343965455,
        "Mdm": 11.001254446472288,
        "Mbh": 8.475809097290039,
        "Mtotal": 11.326197524289501,
        "fdm": 0.4732132780951882,
        "projMstar": 11.149499647980916,
        "projMdm": 11.24215644498053,
        "projMtotal": 11.499324412551626,
        "projfdm": 0.5531361371153823,
        "MMstar": [
                -Infinity,
                -Infinity,
                -Infinity
        ],
        "MMdm": [
                -Infinity,
                -Infinity,
                -Infinity
        ],
        "MMbh": -Infinity,
        "MMtotal": [
                -Infinity,
                -Infinity,
                -Infinity
        ],
        "Mfdm": [
                0.0,
                0.0,
                0.0
        ],
        "MMthetaE": 1.2111171673943844,
        "projMMstar": [
                11.135620833977256,
                11.13663902138608,
                11.13744547776239
        ],
        "projMMdm": [
                11.164110830385926,
                11.166724817906893,
                11.169928658093527
        ],
        "projMMtotal": [
                11.451990854513264,
                11.452978350812108,
                11.454150163059351
        ],
        "projMfdm": [
                0.515340504401303,
                0.5173114637869203,
                0.5197090079311671
        ],
        "Dstar": -1.0,
        "Ddm": -1.0,
        "Dtotal": -1.0,
        "Dfdm": -1.0,
        "projDstar": -0.0291785275636206,
        "projDdm": -0.15944067029457865,
        "projDtotal": -0.10121888557542279,
        "projDfdm": -0.06476646692311329,
        "DthetaE": -0.002266499521186088
}