{
        "Reff": 1.1035545250518053,
        "R": 2.7588863126295133,
        "MthetaE": 0.6634234234234233,
        "Mstar": 10.900020863315055,
        "Mdm": 10.946236990033489,
        "Mbh": 8.336731910705566,
        "Mtotal": 11.22477340265395,
        "fdm": 0.526579062991917,
        "projMstar": 10.958959151544681,
        "projMdm": 11.188491183100519,
        "projMtotal": 11.389745840450614,
        "projfdm": 0.629137167379847,
        "MMstar": [
                11.056605972613957,
                11.061481556593042,
                11.067547202507672
        ],
        "MMdm": [
                10.105052166190633,
                10.228493988635524,
                10.29582876055685
        ],
        "MMbh": -Infinity,
        "MMtotal": [
                11.112416938198766,
                11.120658116218872,
                11.127289195277134
        ],
        "Mfdm": [
                0.09838543626247347,
                0.12827919207854685,
                0.1478066007357257
        ],
        "MMthetaE": 0.6491916548593238,
        "projMMstar": [
                11.082078457256706,
                11.086823544873086,
                11.092835169150158
        ],
        "projMMdm": [
                10.349828865415821,
                10.477825007002446,
                10.551101695060652
        ],
        "projMMtotal": [
                11.165052936135517,
                11.182674207041172,
                11.195007586244872
        ],
        "projMfdm": [
                0.1532365485575579,
                0.19799946650671224,
                0.22737589956803303
        ],
        "Dstar": 0.4503095050976572,
        "Ddm": -0.8084610957456997,
        "Dtotal": -0.21316310925475568,
        "Dfdm": -0.756391392871395,
        "projDstar": 0.342345753734683,
        "projDdm": -0.8053144027063214,
        "projDtotal": -0.3792333647178788,
        "projDfdm": -0.6852841053226659,
        "DthetaE": 0.021452013995315607
}