{
        "Reff": 0.9365583424776649,
        "R": 0.533108108108108,
        "MthetaE": 0.533108108108108,
        "Mstar": 10.310065097968831,
        "Mdm": 9.833454064524009,
        "Mbh": 8.183881759643555,
        "Mtotal": 10.435131446102673,
        "fdm": 0.25022034492304296,
        "projMstar": 10.391067736586477,
        "projMdm": 10.102557322907726,
        "projMtotal": 10.571372417928766,
        "projfdm": 0.33976990204554613,
        "MMstar": [
                10.246531210919809,
                10.285252289511627,
                10.312522812876047
        ],
        "MMdm": [
                9.727124979887304,
                9.826973982833161,
                9.92305326018226
        ],
        "MMbh": -Infinity,
        "MMtotal": [
                10.403173226077142,
                10.413028837316778,
                10.422155551249185
        ],
        "Mfdm": [
                0.20614294053764984,
                0.25812902054532016,
                0.32210956853952033
        ],
        "MMthetaE": 0.6491916548593238,
        "projMMstar": [
                10.277896456459864,
                10.317095056009052,
                10.344485835524287
        ],
        "projMMdm": [
                10.038444062690731,
                10.101066137536888,
                10.171870304857977
        ],
        "projMMtotal": [
                10.51601507821919,
                10.523073760594697,
                10.530927447060263
        ],
        "projMfdm": [
                0.3290997282799965,
                0.37794598342118735,
                0.4367223656537669
        ],
        "Dstar": -0.05553212268106731,
        "Ddm": -0.014810173878290634,
        "Dtotal": -0.04961977489340068,
        "Dfdm": 0.03160684485791743,
        "projDstar": -0.15661219034525586,
        "projDdm": -0.0034276932067382974,
        "projDtotal": -0.10525075074240613,
        "projDfdm": 0.11235863196182606,
        "DthetaE": -0.2177486048058294
}