{
        "Reff": 0.3252354630461267,
        "R": 0.8130886576153168,
        "MthetaE": 0.45018018018018013,
        "Mstar": 10.279244816479249,
        "Mdm": 10.038776024887166,
        "Mbh": 8.01979923248291,
        "Mtotal": 10.47647549649999,
        "fdm": 0.3650064411580266,
        "projMstar": 10.316428278646478,
        "projMdm": 10.200359625260543,
        "projMtotal": 10.563289996087967,
        "projfdm": 0.43358038749917766,
        "MMstar": 10.236579187946791,
        "MMdm": 9.91211437860419,
        "MMbh": -Infinity,
        "MMtotal": 10.404998495286154,
        "Mfdm": 0.32145181579549964,
        "MMthetaE": 0.4500195182604169,
        "projMMstar": 10.255350673011733,
        "projMMdm": 10.26369741262152,
        "projMMtotal": 10.560574090252164,
        "projMfdm": 0.5048046216596134,
        "Dstar": -0.0935697900671477,
        "Ddm": -0.2529694655537024,
        "Dtotal": -0.15175169833823932,
        "Dfdm": -0.11932563497878204,
        "projDstar": -0.13119483448895036,
        "projDdm": 0.15701179774510904,
        "projDtotal": -0.006234091205073909,
        "projDfdm": 0.16426996288103737,
        "DthetaE": 0.00035688359202955825
}