{
        "Reff": 0.3252354630461267,
        "R": 0.8130886576153168,
        "MthetaE": 0.45018018018018013,
        "Mstar": 10.279244816479249,
        "Mdm": 10.038776024887166,
        "Mbh": 8.01979923248291,
        "Mtotal": 10.47647549649999,
        "fdm": 0.3650064411580266,
        "projMstar": 10.316428278646478,
        "projMdm": 10.200359625260543,
        "projMtotal": 10.563289996087967,
        "projfdm": 0.43358038749917766,
        "MMstar": 10.236752154408116,
        "MMdm": 9.913640858308723,
        "MMbh": -Infinity,
        "MMtotal": 10.40560701126015,
        "Mfdm": 0.32213198373475904,
        "MMthetaE": 0.4500195182604169,
        "projMMstar": 10.255720230177216,
        "projMMdm": 10.264293609769789,
        "projMMtotal": 10.561058071111251,
        "projMfdm": 0.5049350737442567,
        "Dstar": -0.09320871421350835,
        "Ddm": -0.25033914583774475,
        "Dtotal": -0.15056233385829554,
        "Dfdm": -0.11746219405674929,
        "projDstar": -0.13045522154668054,
        "projDdm": 0.15860122810079735,
        "projDtotal": -0.005126014099390663,
        "projDfdm": 0.16457083461879235,
        "DthetaE": 0.00035688359202955825
}