{
        "Reff": 0.6860226179383071,
        "R": 1.7150565448457677,
        "thetaE": 1.1226076748689862,
        "Mstar": 10.843012842101018,
        "Mdm": 10.743582061030395,
        "Mbh": 8.453516006469727,
        "Mtotal": 11.09716681177973,
        "fdm": 0.4430117541648793,
        "MMstar": 10.980929152147652,
        "MMdm": 10.38724274861301,
        "MMbh": -Infinity,
        "MMtotal": 11.079526848559688,
        "Mfdm": 0.2031027950289872,
        "Dstar": 0.3737772181839045,
        "Ddm": -0.5597892056927488,
        "Dtotal": -0.03980368088712505,
        "Dfdm": -0.5415408437370789
}