{
        "Reff": 0.23513420348217307,
        "R": 0.29617117117117114,
        "MthetaE": 0.29617117117117114,
        "Mstar": 9.876642141429853,
        "Mdm": 9.343449316493516,
        "Mbh": 7.900820732116699,
        "Mtotal": 9.988226969854768,
        "fdm": 0.22658040390447187,
        "projMstar": 10.002798214419613,
        "projMdm": 9.58959111729185,
        "projMtotal": 10.14461871342537,
        "projfdm": 0.2785944137301345,
        "MMstar": [
                9.982848627239008,
                10.003258785906413,
                10.026404263922666
        ],
        "MMdm": [
                8.279603482228087,
                8.511556371785527,
                8.654245937921106
        ],
        "MMbh": -Infinity,
        "MMtotal": [
                9.999678052575723,
                10.017307278209163,
                10.036338426840553
        ],
        "Mfdm": [
                0.018001977385416076,
                0.031397968687421146,
                0.04313630058183459
        ],
        "MMthetaE": 0.2847271780932828,
        "projMMstar": [
                10.011110162687137,
                10.032684092734492,
                10.055282214325151
        ],
        "projMMdm": [
                8.959162971866201,
                9.134945824871366,
                9.241972030748633
        ],
        "projMMtotal": [
                10.07014372889816,
                10.083936099708083,
                10.097307021677047
        ],
        "projMfdm": [
                0.0749459802394685,
                0.11268466829818621,
                0.14206342812748113
        ],
        "Dstar": 0.3384946649080896,
        "Ddm": -0.8527324522029076,
        "Dtotal": 0.06925258372986069,
        "Dfdm": -0.8614268129707334,
        "projDstar": 0.07123777386033155,
        "projDdm": -0.648961534403738,
        "projDtotal": -0.1304042945735235,
        "projDfdm": -0.5955243079377024,
        "DthetaE": 0.03863979411849754
}