{
        "Reff": 0.544754228166559,
        "R": 1.3618855704163977,
        "MthetaE": 0.0,
        "Mstar": 10.514315208436313,
        "Mdm": 10.434754337870459,
        "Mbh": 8.265588760375977,
        "Mtotal": 10.777384127747368,
        "fdm": 0.45432873975917076,
        "projMstar": 10.612744809851986,
        "projMdm": 10.67090916452487,
        "projMtotal": 10.943829988181458,
        "projfdm": 0.5334321367791579,
        "MMstar": 10.495283168060874,
        "MMdm": 10.205187891788947,
        "MMbh": -Infinity,
        "MMtotal": 10.675050009249839,
        "Mfdm": 0.3389517515886777,
        "MMthetaE": 0.0,
        "projMMstar": 10.52093270406077,
        "projMMdm": 10.638261469456733,
        "projMMtotal": 10.884577275951191,
        "projMfdm": 0.5671320532612603,
        "Dstar": -0.042876543754182116,
        "Ddm": -0.4105682115750625,
        "Dtotal": -0.20992943581519036,
        "Dfdm": -0.2539504505738549,
        "projDstar": -0.19055397589257675,
        "projDdm": -0.07241801602820931,
        "projDtotal": -0.12753645839167038,
        "projDfdm": 0.06317563970851309,
        "DthetaE": 0,
        "PL_slope1": -2.7556097663875834,
        "AV_slope1": 2.6930736634231507,
        "PL_slope2": -1.4549083441402793,
        "AV_slope2": 1.5013774671131144
}