{
        "Reff": 0.3939136227063193,
        "R": 0.9847840567657983,
        "MthetaE": 0.45018018018018013,
        "Mstar": 10.342989362034055,
        "Mdm": 10.05084423957988,
        "Mbh": 8.139239311218262,
        "Mtotal": 10.522062487644199,
        "fdm": 0.33789498956208713,
        "projMstar": 10.39835509943564,
        "projMdm": 10.18970749862652,
        "projMtotal": 10.607472654621885,
        "projfdm": 0.38215086240880686,
        "MMstar": [
                -Infinity,
                -Infinity,
                -Infinity
        ],
        "MMdm": [
                -Infinity,
                -Infinity,
                -Infinity
        ],
        "MMbh": -Infinity,
        "MMtotal": [
                -Infinity,
                -Infinity,
                -Infinity
        ],
        "Mfdm": [
                0.0,
                0.0,
                0.0
        ],
        "MMthetaE": 0.4500195182604169,
        "projMMstar": [
                10.437583931796526,
                10.446648726870883,
                10.464919161550617
        ],
        "projMMdm": [
                9.86328989137692,
                10.019669855120654,
                10.08543041767499
        ],
        "projMMtotal": [
                10.562893009375898,
                10.584663391322128,
                10.59703775006465
        ],
        "projMfdm": [
                0.19975185774274842,
                0.2722320019344592,
                0.30776873233486957
        ],
        "Dstar": -1.0,
        "Ddm": -1.0,
        "Dtotal": -1.0,
        "Dfdm": -1.0,
        "projDstar": 0.11761861675406697,
        "projDdm": -0.3239756231662942,
        "projDtotal": -0.051164911700149016,
        "projDfdm": -0.2876321141381115,
        "DthetaE": 0.00035688359202955825
}