{
        "Reff": 0.9842781252851374,
        "R": 2.4606953132128435,
        "MthetaE": 1.2083783783783781,
        "Mstar": 11.047832343965455,
        "Mdm": 11.001254446472288,
        "Mbh": 8.475809097290039,
        "Mtotal": 11.326197524289501,
        "fdm": 0.4732132780951882,
        "projMstar": 11.149499647980916,
        "projMdm": 11.24215644498053,
        "projMtotal": 11.499324412551626,
        "projfdm": 0.5531361371153823,
        "MMstar": [
                11.181384846752145,
                11.215386105126079,
                11.24250457095389
        ],
        "MMdm": [
                10.334921626369802,
                10.549785487229808,
                10.714714540529375
        ],
        "MMbh": -Infinity,
        "MMtotal": [
                11.293066197053196,
                11.30078808647218,
                11.308408149519021
        ],
        "Mfdm": [
                0.11028559711803415,
                0.17798197360982543,
                0.254520439111578
        ],
        "MMthetaE": 1.224463753867507,
        "projMMstar": [
                11.197614790186947,
                11.232573354322765,
                11.259614195094064
        ],
        "projMMdm": [
                10.577375256644757,
                10.80082979090808,
                10.951196561205208
        ],
        "projMMtotal": [
                11.341615897802786,
                11.369175304200581,
                11.394205856613164
        ],
        "projMfdm": [
                0.17212278910179268,
                0.2695007581301305,
                0.3614482557144827
        ],
        "Dstar": 0.4708004740073787,
        "Ddm": -0.6463847055083723,
        "Dtotal": -0.05682873224561615,
        "Dfdm": -0.6238863492456274,
        "projDstar": 0.21080360779838642,
        "projDdm": -0.6380293597792835,
        "projDtotal": -0.25894423251610565,
        "projDfdm": -0.5127768011405236,
        "DthetaE": -0.013311538651258465
}