{
        "Reff": 0.35973259940631447,
        "R": 0.46202702702702697,
        "MthetaE": 0.46202702702702697,
        "Mstar": 10.154514149873487,
        "Mdm": 9.85340370134865,
        "Mbh": 8.119908332824707,
        "Mtotal": 10.330578592964834,
        "fdm": 0.33329216803596157,
        "projMstar": 10.270689529883358,
        "projMdm": 10.129276943838029,
        "projMtotal": 10.506743732429133,
        "projfdm": 0.4193080608244642,
        "MMstar": [
                10.41676106248275,
                10.453538688044897,
                10.45543281682648
        ],
        "MMdm": [
                8.73591117787817,
                8.769663157013486,
                8.842188296658291
        ],
        "MMbh": -Infinity,
        "MMtotal": [
                10.428818367026944,
                10.462278630161027,
                10.464404634242406
        ],
        "Mfdm": [
                0.01890131784545618,
                0.02025183821628061,
                0.025880678407501898
        ],
        "MMthetaE": 0.48492597519012226,
        "projMMstar": [
                10.442260948953374,
                10.478564121666547,
                10.48074718829849
        ],
        "projMMdm": [
                9.200846112172204,
                9.23614713818032,
                9.293855504224942
        ],
        "projMMtotal": [
                10.472999629933922,
                10.502413373604696,
                10.504612164128526
        ],
        "projMfdm": [
                0.05029748080294856,
                0.054007923286123145,
                0.06638376287103238
        ],
        "Dstar": 0.9907858176523485,
        "Ddm": -0.9175369382327166,
        "Dtotal": 0.3542537199116144,
        "Dfdm": -0.9392369813679645,
        "projDstar": 0.6138924569597886,
        "projDdm": -0.8721001031153394,
        "projDtotal": -0.009921473870575926,
        "projDfdm": -0.8711975076750729,
        "DthetaE": -0.049561923488419174
}