{
        "Reff": 0.9662426539989696,
        "R": 0.45018018018018013,
        "MthetaE": 0.45018018018018013,
        "Mstar": 10.307116544969112,
        "Mdm": 9.689914983895168,
        "Mbh": 8.30414867401123,
        "Mtotal": 10.401040182296704,
        "fdm": 0.19447993540979114,
        "projMstar": 10.389112670322442,
        "projMdm": 9.993272781079773,
        "projMtotal": 10.53584177711993,
        "projfdm": 0.286702185777595,
        "MMstar": [
                10.27404319821881,
                10.319633685310622,
                10.346075030114555
        ],
        "MMdm": [
                9.467334702417125,
                9.597979595416499,
                9.74520442102926
        ],
        "MMbh": -Infinity,
        "MMtotal": [
                10.382252126916384,
                10.394304247601331,
                10.404762526496663
        ],
        "Mfdm": [
                0.11727388411178949,
                0.15917628253627047,
                0.22889076983130507
        ],
        "MMthetaE": 0.4500195182604169,
        "projMMstar": [
                10.299720975595779,
                10.346020640238716,
                10.372214007880405
        ],
        "projMMdm": [
                9.881063377876155,
                9.957564064459556,
                10.072441925898739
        ],
        "projMMtotal": [
                10.489939358161163,
                10.496937954858556,
                10.502651480324324
        ],
        "projMfdm": [
                0.2439995995652605,
                0.2891061550125795,
                0.37336405861571975
        ],
        "Dstar": 0.02924114755083534,
        "Ddm": -0.19078371981741146,
        "Dtotal": -0.01539040124427487,
        "Dfdm": -0.1815285098646906,
        "projDstar": -0.0944593099352754,
        "projDdm": -0.07893287125417453,
        "projDtotal": -0.08568429894583099,
        "projDfdm": 0.008384900270168786,
        "DthetaE": 0.00035688359202955825
}