{
        "Reff": 0.9662426539989696,
        "R": 0.45018018018018013,
        "MthetaE": 0.45018018018018013,
        "Mstar": 10.307116544969112,
        "Mdm": 9.689914983895168,
        "Mbh": 8.30414867401123,
        "Mtotal": 10.401040182296704,
        "fdm": 0.19447993540979114,
        "projMstar": 10.389112670322442,
        "projMdm": 9.993272781079773,
        "projMtotal": 10.53584177711993,
        "projfdm": 0.286702185777595,
        "MMstar": [
                10.277905485792328,
                10.319882502020894,
                10.346793291034672
        ],
        "MMdm": [
                9.472466839447664,
                9.590420568392544,
                9.725386675385892
        ],
        "MMbh": -Infinity,
        "MMtotal": [
                10.382374597170914,
                10.394362182691932,
                10.404815493128435
        ],
        "Mfdm": [
                0.11750535219893271,
                0.1559319988344832,
                0.22021181906067056
        ],
        "MMthetaE": 0.4500195182604169,
        "projMMstar": [
                10.303517782068415,
                10.345769569015989,
                10.373176130921072
        ],
        "projMMdm": [
                9.874172968659769,
                9.958927653340542,
                10.062095502935057
        ],
        "projMMtotal": [
                10.489624705850785,
                10.496319989180224,
                10.501828634998732
        ],
        "projMfdm": [
                0.2405589508262006,
                0.29016873895618145,
                0.3659400674186095
        ],
        "Dstar": 0.029830991036153054,
        "Ddm": -0.2047465085423322,
        "Dtotal": -0.015259045093854194,
        "Dfdm": -0.1982103526211231,
        "projDstar": -0.09498266335543895,
        "projDdm": -0.07603637883524579,
        "projDtotal": -0.0869843705581946,
        "projDfdm": 0.012091129229393423,
        "DthetaE": 0.00035688359202955825
}