{
        "Reff": 0.1711945002191585,
        "R": 0.42798625054789624,
        "MthetaE": 0.5568018018018017,
        "Mstar": 10.272768103513672,
        "Mdm": 9.918860506492777,
        "Mbh": 8.217829704284668,
        "Mtotal": 10.43193888232478,
        "fdm": 0.30684681811046544,
        "projMstar": 10.299456228808682,
        "projMdm": 10.106476541384401,
        "projMtotal": 10.514628207353143,
        "projfdm": 0.3907044286802383,
        "MMstar": [
                10.1427481582867,
                10.174660142826593,
                10.197773688088942
        ],
        "MMdm": [
                9.810751551658925,
                9.889617200915284,
                9.948447110251976
        ],
        "MMbh": -Infinity,
        "MMtotal": [
                10.335409530342233,
                10.353272850369068,
                10.371879092161777
        ],
        "Mfdm": [
                0.2952492458605268,
                0.340260225169058,
                0.38369072649400604
        ],
        "MMthetaE": 0.8052440505450654,
        "projMMstar": [
                10.155841853630413,
                10.187703156640483,
                10.21075712997563
        ],
        "projMMdm": [
                10.126916843262832,
                10.159026014988598,
                10.188945842717505
        ],
        "projMMtotal": [
                10.465586659728267,
                10.472516307314551,
                10.480911918496417
        ],
        "projMfdm": [
                0.4520500353715267,
                0.4829219116161218,
                0.5202837619621941
        ],
        "Dstar": -0.2022036605144344,
        "Ddm": -0.06511822308741091,
        "Dtotal": -0.16567747645937675,
        "Dfdm": 0.10889279303709022,
        "projDstar": -0.22687996517479792,
        "projDdm": 0.12862449992917518,
        "projDtotal": -0.09241334814754644,
        "projDfdm": 0.23602876283584812,
        "DthetaE": -0.44619512354182145
}