{
        "Reff": 0.36422601544215016,
        "R": 0.9105650386053754,
        "MthetaE": 0.40279279279279273,
        "Mstar": 10.27293859069873,
        "Mdm": 10.113967989717644,
        "Mbh": 8.177248001098633,
        "Mtotal": 10.501716802955189,
        "fdm": 0.40949743592464155,
        "projMstar": 10.358796827178473,
        "projMdm": 10.355252888833848,
        "projMtotal": 10.658058468574506,
        "projfdm": 0.4979599564196837,
        "MMstar": [
                10.276990116768424,
                10.302391995324196,
                10.316831998373434
        ],
        "MMdm": [
                9.875481417519964,
                9.921503645139852,
                9.980086070768932
        ],
        "MMbh": -Infinity,
        "MMtotal": [
                10.447787503961482,
                10.452388820859575,
                10.458132957045901
        ],
        "Mfdm": [
                0.26539694341748427,
                0.2941634663214838,
                0.3351411839298356
        ],
        "MMthetaE": 0.4500195182604169,
        "projMMstar": [
                10.289555632951785,
                10.314723711186023,
                10.329614916449248
        ],
        "projMMdm": [
                10.350516469468982,
                10.394125311356085,
                10.45876229137847
        ],
        "projMMtotal": [
                10.640673819228931,
                10.657657350575377,
                10.682319004324901
        ],
        "projMfdm": [
                0.5126163510561903,
                0.5458524540850528,
                0.5949575580632686
        ],
        "Dstar": 0.07017155824344468,
        "Ddm": -0.35799907260819125,
        "Dtotal": -0.10736889186046075,
        "Dfdm": -0.2816475989470719,
        "projDstar": -0.09650264809694116,
        "projDdm": 0.0936350550356763,
        "projDtotal": -0.0009231819304413951,
        "projDfdm": 0.09617740753637022,
        "DthetaE": -0.11724818892655525
}