{
        "Reff": 0.36422601544215016,
        "R": 0.9105650386053754,
        "MthetaE": 0.40279279279279273,
        "Mstar": 10.27293859069873,
        "Mdm": 10.113967989717644,
        "Mbh": 8.177248001098633,
        "Mtotal": 10.501716802955189,
        "fdm": 0.40949743592464155,
        "projMstar": 10.358796827178473,
        "projMdm": 10.355252888833848,
        "projMtotal": 10.658058468574506,
        "projfdm": 0.4979599564196837,
        "MMstar": [
                10.275350466262333,
                10.30157613740006,
                10.317740817285834
        ],
        "MMdm": [
                9.877757398520625,
                9.92168070609052,
                9.98470242766961
        ],
        "MMbh": -Infinity,
        "MMtotal": [
                10.447990825939165,
                10.45258956241088,
                10.45845604225165
        ],
        "Mfdm": [
                0.2664760721400692,
                0.29419862610826436,
                0.3382999398288284
        ],
        "MMthetaE": 0.4027931353555214,
        "projMMstar": [
                10.28765299845226,
                10.31422890063776,
                10.330111806419856
        ],
        "projMMdm": [
                10.349291333460158,
                10.395567402335896,
                10.458661374164206
        ],
        "projMMtotal": [
                10.64005765642121,
                10.658308601253022,
                10.682712252128123
        ],
        "projMfdm": [
                0.5123978852969775,
                0.5475836064518035,
                0.5964737938339292
        ],
        "Dstar": 0.06816304007647823,
        "Ddm": -0.35773727681155637,
        "Dtotal": -0.1069562005189409,
        "Dfdm": -0.28156173812427787,
        "projDstar": -0.09753145564094892,
        "projDdm": 0.09727254678240999,
        "projDtotal": 0.000576117668896158,
        "projDfdm": 0.09965389664846194,
        "DthetaE": -8.504688634280417e-07
}