{
        "Reff": 0.4869602608436852,
        "R": 1.217400652109213,
        "MthetaE": 1.220225225225225,
        "Mstar": 10.871967128271251,
        "Mdm": 10.636338659573704,
        "Mbh": 8.438713073730469,
        "Mtotal": 11.070970815358658,
        "fdm": 0.36759351767167864,
        "projMstar": 10.969620351737936,
        "projMdm": 10.902219596043672,
        "projMtotal": 11.238256200195426,
        "projfdm": 0.46127869442808966,
        "MMstar": -Infinity,
        "MMdm": -Infinity,
        "MMbh": -Infinity,
        "MMtotal": -Infinity,
        "Mfdm": 0.0,
        "MMthetaE": 1.2111171673943844,
        "projMMstar": 10.934473488850163,
        "projMMdm": 10.830810710949443,
        "projMMtotal": 11.186757720175748,
        "projMfdm": 0.4406086214250909,
        "Dstar": -1.0,
        "Ddm": -1.0,
        "Dtotal": -1.0,
        "Dfdm": -1.0,
        "projDstar": -0.07774050081807621,
        "projDdm": -0.15161864595887886,
        "projDtotal": -0.11181891515539466,
        "projDfdm": -0.0448103787421318,
        "DthetaE": 0.007464243192611874
}