{
        "Reff": 0.42908660556761313,
        "R": 1.0727165139190329,
        "MthetaE": 0.533108108108108,
        "Mstar": 10.461121573211894,
        "Mdm": 10.349580676302088,
        "Mbh": 8.356976509094238,
        "Mtotal": 10.709952236130166,
        "fdm": 0.4361425316510598,
        "projMstar": 10.519498947164227,
        "projMdm": 10.555126770256262,
        "projMtotal": 10.838708097904357,
        "projfdm": 0.5204975293137197,
        "MMstar": 10.572773324873289,
        "MMdm": 9.097983642242399,
        "MMbh": -Infinity,
        "MMtotal": 10.587089171698747,
        "Mfdm": 0.032426081546079615,
        "MMthetaE": 0.4500195182604169,
        "projMMstar": 10.59899124171599,
        "projMMdm": 9.394412887790192,
        "projMMtotal": 10.62529323081022,
        "projMfdm": 0.05876512401191076,
        "Dstar": 0.2931584787471909,
        "Ddm": -0.9439722778901264,
        "Dtotal": -0.24640686143599977,
        "Dfdm": -0.9256525580678235,
        "projDstar": 0.2008597666309949,
        "projDdm": -0.9309305309470863,
        "projDtotal": -0.3882342869596361,
        "projDfdm": -0.8870981691509794,
        "DthetaE": 0.15585692392215827,
        "PL_slope1": -2.8620661903611646,
        "AV_slope1": 2.830913606198547,
        "PL_slope2": -2.831594741831166,
        "AV_slope2": 2.8422099698702343
}