{
        "Reff": 0.42908660556761313,
        "R": 1.0727165139190329,
        "MthetaE": 0.533108108108108,
        "Mstar": 10.461121573211894,
        "Mdm": 10.349580676302088,
        "Mbh": 8.356976509094238,
        "Mtotal": 10.709952236130166,
        "fdm": 0.4361425316510598,
        "projMstar": 10.519498947164227,
        "projMdm": 10.555126770256262,
        "projMtotal": 10.838708097904357,
        "projfdm": 0.5204975293137197,
        "MMstar": 10.572066258080204,
        "MMdm": 9.098861229663814,
        "MMbh": -Infinity,
        "MMtotal": 10.586433579841133,
        "Mfdm": 0.032540756854150685,
        "MMthetaE": 0.4500195182604169,
        "projMMstar": 10.598273597926774,
        "projMMdm": 9.39444982162409,
        "projMMtotal": 10.624619966145756,
        "projMfdm": 0.05886130079417434,
        "Dstar": 0.2910548243313688,
        "Ddm": -0.9438589471011929,
        "Dtotal": -0.2475435943119868,
        "Dfdm": -0.9253896272602341,
        "projDstar": 0.19887706145016099,
        "projDdm": -0.9309246568020546,
        "projDtotal": -0.3891819415145125,
        "projDfdm": -0.8869133905942196,
        "DthetaE": 0.15585692392215827
}