{
        "Reff": 0.3129603324922881,
        "R": 0.45018018018018013,
        "MthetaE": 0.45018018018018013,
        "Mstar": 10.157419078496352,
        "Mdm": 9.745693003339381,
        "Mbh": 8.01979923248291,
        "Mtotal": 10.299652689733843,
        "fdm": 0.27928030725671116,
        "projMstar": 10.210306231675538,
        "projMdm": 9.953741366541735,
        "projMtotal": 10.401730642113568,
        "projfdm": 0.3564599357065718,
        "MMstar": [
                10.223947589134104,
                10.244047742752121,
                10.263680908780197
        ],
        "MMdm": [
                7.435717320792997,
                8.184799769377598,
                8.734869144989402
        ],
        "MMbh": -Infinity,
        "MMtotal": [
                10.236254481735635,
                10.24832962917158,
                10.266664652435988
        ],
        "Mfdm": [
                0.0015123790100484108,
                0.008653590753734862,
                0.030712227065548166
        ],
        "MMthetaE": 0.4027931353555214,
        "projMMstar": [
                10.257321657635528,
                10.278109804721757,
                10.297100919158199
        ],
        "projMMdm": [
                7.925496685446096,
                8.694719359025179,
                9.210242556596244
        ],
        "projMMtotal": [
                10.282009783688618,
                10.294750510769065,
                10.309243878079636
        ],
        "projMfdm": [
                0.004218174023919701,
                0.025327161779755813,
                0.08118227534891308
        ],
        "Dstar": 0.22075542866496287,
        "Ddm": -0.9725143022735941,
        "Dtotal": -0.11146009016266052,
        "Dfdm": -0.9690146761913272,
        "projDstar": 0.16897055800459254,
        "projDdm": -0.9449220214615512,
        "projDtotal": -0.21833643569224376,
        "projDfdm": -0.9289480829604244,
        "DthetaE": 0.10526239694891172
}