{
        "Reff": 0.3129603324922881,
        "R": 0.45018018018018013,
        "MthetaE": 0.45018018018018013,
        "Mstar": 10.157419078496352,
        "Mdm": 9.745693003339381,
        "Mbh": 8.01979923248291,
        "Mtotal": 10.299652689733843,
        "fdm": 0.27928030725671116,
        "projMstar": 10.210306231675538,
        "projMdm": 9.953741366541735,
        "projMtotal": 10.401730642113568,
        "projfdm": 0.3564599357065718,
        "MMstar": [
                10.220713172299954,
                10.242930460226587,
                10.263468993958286
        ],
        "MMdm": [
                7.440791543386828,
                8.273855682604923,
                8.767349008333632
        ],
        "MMbh": -Infinity,
        "MMtotal": [
                10.23376950476413,
                10.24832962917158,
                10.265899417919888
        ],
        "Mfdm": [
                0.0015439982157192402,
                0.010480011101058213,
                0.034314923532248374
        ],
        "MMthetaE": 0.4027931353555214,
        "projMMstar": [
                10.25451396166992,
                10.276883663863394,
                10.297047890669026
        ],
        "projMMdm": [
                7.953103152421314,
                8.793677177130695,
                9.262089918545286
        ],
        "projMMtotal": [
                10.283251066917002,
                10.294957495661361,
                10.308903418605796
        ],
        "projMfdm": [
                0.004490381351143695,
                0.03177670307474819,
                0.09140151643239705
        ],
        "Dstar": 0.2176189030556387,
        "Ddm": -0.966258632563345,
        "Dtotal": -0.11146009016266052,
        "Dfdm": -0.9624749370838198,
        "projDstar": 0.1656748653798831,
        "projDdm": -0.9308271275236082,
        "projDtotal": -0.21796380579080482,
        "projDfdm": -0.9108547696622324,
        "DthetaE": 0.10526239694891172
}