{
        "Reff": 1.1035545250518053,
        "R": 2.7588863126295133,
        "MthetaE": 0.6634234234234233,
        "Mstar": 10.900020863315055,
        "Mdm": 10.946236990033489,
        "Mbh": 8.336731910705566,
        "Mtotal": 11.22477340265395,
        "fdm": 0.526579062991917,
        "projMstar": 10.958959151544681,
        "projMdm": 11.188491183100519,
        "projMtotal": 11.389745840450614,
        "projfdm": 0.629137167379847,
        "MMstar": 10.936013566831894,
        "MMdm": 10.929481656764825,
        "MMbh": -Infinity,
        "MMtotal": 11.233789887565118,
        "Mfdm": 0.49624000119153605,
        "MMthetaE": 0.6553516178469189,
        "projMMstar": 10.960468627532945,
        "projMMdm": 11.300586067202017,
        "projMMtotal": 11.464035067872457,
        "projMfdm": 0.6863584729579002,
        "Dstar": 0.08640737097972329,
        "Ddm": -0.037845829356473897,
        "Dtotal": 0.02097823717294181,
        "Dfdm": -0.057615397064973484,
        "projDstar": 0.0034817441474033813,
        "projDdm": 0.2944786265879829,
        "projDtotal": 0.186558698482436,
        "projDfdm": 0.09095203485809208,
        "DthetaE": 0.012166898682672369
}