{
        "Reff": 0.9662426539989696,
        "R": 2.415606634997424,
        "MthetaE": 0.0,
        "Mstar": 10.5918964286169,
        "Mdm": 10.646142705336276,
        "Mbh": 8.30414867401123,
        "Mtotal": 10.920895977836436,
        "fdm": 0.5311861312447683,
        "projMstar": 10.67843889325413,
        "projMdm": 10.847396843209468,
        "projMtotal": 11.07211299151808,
        "projfdm": 0.5960515911979375,
        "MMstar": [
                10.524213326500028,
                10.638817590919452,
                10.708482063905599
        ],
        "MMdm": [
                10.563155620416733,
                10.684879280537556,
                10.787074688781829
        ],
        "MMbh": -Infinity,
        "MMtotal": [
                10.9294646467349,
                10.964031848960428,
                10.990700305919592
        ],
        "Mfdm": [
                0.4201167141535036,
                0.523678964953708,
                0.644014179022909
        ],
        "MMthetaE": 0.0,
        "projMMstar": [
                10.544491102420633,
                10.658668732435878,
                10.727094716896202
        ],
        "projMMdm": [
                10.840212826852424,
                10.944522795587917,
                11.028372804112228
        ],
        "projMMtotal": [
                11.065938201554127,
                11.118096898128776,
                11.178116190185348
        ],
        "projMfdm": [
                0.578555749247932,
                0.6627996422677117,
                0.7409713004766353
        ],
        "Dstar": 0.11409227349894466,
        "Ddm": 0.09329301946994421,
        "Dtotal": 0.1044240902633401,
        "Dfdm": -0.01413283564739951,
        "projDstar": -0.04450187496089935,
        "projDdm": 0.2506216780112474,
        "projDtotal": 0.11169053127118514,
        "projDfdm": 0.11198368070056615,
        "DthetaE": 0
}