{
        "Reff": 0.9662426539989696,
        "R": 2.415606634997424,
        "MthetaE": 0.0,
        "Mstar": 10.5918964286169,
        "Mdm": 10.646142705336276,
        "Mbh": 8.30414867401123,
        "Mtotal": 10.920895977836436,
        "fdm": 0.5311861312447683,
        "projMstar": 10.67843889325413,
        "projMdm": 10.847396843209468,
        "projMtotal": 11.07211299151808,
        "projfdm": 0.5960515911979375,
        "MMstar": [
                10.522438569119558,
                10.6369226555303,
                10.708756871377942
        ],
        "MMdm": [
                10.55500210539802,
                10.686865536618992,
                10.795260598056672
        ],
        "MMbh": -Infinity,
        "MMtotal": [
                10.926764711258363,
                10.962965904797205,
                10.99217162888454
        ],
        "Mfdm": [
                0.4182936355400215,
                0.5283543734560352,
                0.6475151309919015
        ],
        "MMthetaE": 0.0,
        "projMMstar": [
                10.54222236548619,
                10.656761321249293,
                10.728717020522172
        ],
        "projMMdm": [
                10.836392413072272,
                10.944686678318325,
                11.03297487526906
        ],
        "projMMtotal": [
                11.064091806863152,
                11.116627029932863,
                11.182614915442807
        ],
        "projMfdm": [
                0.5775362453939905,
                0.665454598534625,
                0.7485568507330201
        ],
        "Dstar": 0.10924180001913265,
        "Ddm": 0.09830467266570711,
        "Dtotal": 0.10171668572466046,
        "Dfdm": -0.005331008515032676,
        "projDstar": -0.04868919828954125,
        "projDdm": 0.2510936940718969,
        "projDtotal": 0.10793437838049165,
        "projDfdm": 0.11643791973980326,
        "DthetaE": 0,
        "PL_slope1": -2.6197365843483014,
        "AV_slope1": 2.6220781912608646,
        "PL_slope2": -1.8493726197359124,
        "AV_slope2": 1.8532593705100828
}