{
        "Reff": 0.16132178706696065,
        "R": 0.40330446766740163,
        "MthetaE": 0.18954954954954953,
        "Mstar": 9.599760029832073,
        "Mdm": 9.279234321206893,
        "Mbh": 7.548817157745361,
        "Mtotal": 9.769449468963973,
        "fdm": 0.32343338962162704,
        "projMstar": 9.717313111667044,
        "projMdm": 9.527509505220532,
        "projMtotal": 9.93372876526527,
        "projfdm": 0.39244675278136476,
        "MMstar": [
                9.789544462509703,
                9.830956596890216,
                9.872113461122034
        ],
        "MMdm": [
                8.589606625703707,
                8.762085968121808,
                8.911518166755394
        ],
        "MMbh": -Infinity,
        "MMtotal": [
                9.842031695964701,
                9.868463437598772,
                9.897940118333558
        ],
        "Mfdm": [
                0.05002409134761349,
                0.07894605133317707,
                0.11407567202731984
        ],
        "MMthetaE": 0.18000780730416677,
        "projMMstar": [
                9.822126350866043,
                9.863389401761271,
                9.904243151835587
        ],
        "projMMdm": [
                9.111350951246726,
                9.266873551753156,
                9.38117333994571
        ],
        "projMMtotal": [
                9.940636319409283,
                9.962865941802109,
                9.982061333921834
        ],
        "projMfdm": [
                0.1425690306226359,
                0.20056979168620634,
                0.263288370219878
        ],
        "Dstar": 0.7029291007815897,
        "Ddm": -0.6960153549878823,
        "Dtotal": 0.25607036325496957,
        "Dfdm": -0.755912488115302,
        "projDstar": 0.3998332018825579,
        "projDdm": -0.4512632502645599,
        "projDtotal": 0.0693926049247701,
        "projDfdm": -0.48892482798056075,
        "DthetaE": 0.05033903941242807
}