{
        "Reff": 0.5148342648334497,
        "R": 0.5804954954954954,
        "MthetaE": 0.5804954954954954,
        "Mstar": 10.332992349204273,
        "Mdm": 9.915833221302163,
        "Mbh": 8.260486602783203,
        "Mtotal": 10.473715443571665,
        "fdm": 0.2767692123056929,
        "projMstar": 10.40732278043186,
        "projMdm": 10.179791668756826,
        "projMtotal": 10.609320580506106,
        "projfdm": 0.3719384597388031,
        "MMstar": [
                10.148575848004787,
                10.171761286343875,
                10.202115737326597
        ],
        "MMdm": [
                9.834769991542647,
                9.869743543870632,
                9.900533584934024
        ],
        "MMbh": -Infinity,
        "MMtotal": [
                10.338822002392622,
                10.348429573707586,
                10.361513360435891
        ],
        "Mfdm": [
                0.301425506207949,
                0.33284146903397405,
                0.3581883772246599
        ],
        "MMthetaE": 0.5762987595061156,
        "projMMstar": [
                10.177334849376011,
                10.200402048391753,
                10.230284730003596
        ],
        "projMMdm": [
                10.243809836933043,
                10.28496622066528,
                10.309173684265538
        ],
        "projMMtotal": [
                10.538085696657468,
                10.545180513094248,
                10.551304897302973
        ],
        "projMfdm": [
                0.5078169380747696,
                0.5489748385458185,
                0.5754993095849167
        ],
        "Dstar": -0.31012733497972,
        "Ddm": -0.10068813647583047,
        "Dtotal": -0.25059923837635284,
        "Dfdm": 0.20259571597995904,
        "projDstar": -0.37901763365216595,
        "projDdm": 0.2740150310423043,
        "projDtotal": -0.13729973272391474,
        "projDfdm": 0.4759829863557018,
        "DthetaE": 0.0072295754608699084
}