{
        "Reff": 0.5148342648334497,
        "R": 0.5804954954954954,
        "MthetaE": 0.5804954954954954,
        "Mstar": 10.332992349204273,
        "Mdm": 9.915833221302163,
        "Mbh": 8.260486602783203,
        "Mtotal": 10.473715443571665,
        "fdm": 0.2767692123056929,
        "projMstar": 10.40732278043186,
        "projMdm": 10.179791668756826,
        "projMtotal": 10.609320580506106,
        "projfdm": 0.3719384597388031,
        "MMstar": [
                10.14915196204735,
                10.173215498583364,
                10.202799933084082
        ],
        "MMdm": [
                9.832257410553144,
                9.866952337831027,
                9.898417381283796
        ],
        "MMbh": -Infinity,
        "MMtotal": [
                10.338677386587474,
                10.348228048431046,
                10.361500215448517
        ],
        "Mfdm": [
                0.2998887830631308,
                0.3308770108285526,
                0.35781147810270053
        ],
        "MMthetaE": 0.5762987595061156,
        "projMMstar": [
                10.177651461234587,
                10.201935376386526,
                10.231943173822545
        ],
        "projMMdm": [
                10.245304238043145,
                10.282924902697983,
                10.309084564323955
        ],
        "projMMtotal": [
                10.538003982105424,
                10.544624557971172,
                10.551604540696008
        ],
        "projMfdm": [
                0.5074060362116908,
                0.5465072662614058,
                0.5752535170053807
        ],
        "Dstar": -0.30781346085017935,
        "Ddm": -0.10644947045860313,
        "Dtotal": -0.2509469014663929,
        "Dfdm": 0.1954978954201646,
        "projDstar": -0.3768213071042044,
        "projDdm": 0.26804081890857595,
        "projDtotal": -0.13840339807906732,
        "projDfdm": 0.4693486299996917,
        "DthetaE": 0.0072295754608699084
}