{
        "Reff": 0.1711945002191585,
        "R": 0.42798625054789624,
        "MthetaE": 0.5568018018018017,
        "Mstar": 10.272768103513672,
        "Mdm": 9.918860506492777,
        "Mbh": 8.217829704284668,
        "Mtotal": 10.43193888232478,
        "fdm": 0.30684681811046544,
        "projMstar": 10.299456228808682,
        "projMdm": 10.106476541384401,
        "projMtotal": 10.514628207353143,
        "projfdm": 0.3907044286802383,
        "MMstar": -Infinity,
        "MMdm": -Infinity,
        "MMbh": -Infinity,
        "MMtotal": -Infinity,
        "Mfdm": 0.0,
        "MMthetaE": 0.6040185929502934,
        "projMMstar": 10.111852024515592,
        "projMMdm": 10.202406521629197,
        "projMMtotal": 10.460515188977936,
        "projMfdm": 0.5519393180538508,
        "Dstar": -1.0,
        "Ddm": -1.0,
        "Dtotal": -1.0,
        "Dfdm": -1.0,
        "projDstar": -0.3507741618754328,
        "projDdm": 0.24718241924530487,
        "projDtotal": -0.11714987747306636,
        "projDfdm": 0.4126774040372368,
        "DthetaE": -0.0847999970468825
}