{
        "Reff": 0.31296033249228816,
        "R": 0.7824008312307205,
        "MthetaE": 0.0,
        "Mstar": 10.273398214805393,
        "Mdm": 10.022244869721614,
        "Mbh": 8.01979923248291,
        "Mtotal": 10.46675935863046,
        "fdm": 0.3593234088274306,
        "projMstar": 10.311292475410198,
        "projMdm": 10.185498404817997,
        "projMtotal": 10.553964158642696,
        "projfdm": 0.42808917511278727,
        "MMstar": [
                10.151180527983257,
                10.204664599587913,
                10.245300152647344
        ],
        "MMdm": [
                9.402458976068464,
                9.538620340186833,
                9.706316695929821
        ],
        "MMbh": -Infinity,
        "MMtotal": [
                10.272005781735555,
                10.293471859612598,
                10.314751722984676
        ],
        "Mfdm": [
                0.12707787983592728,
                0.17536864358464013,
                0.25924421915673995
        ],
        "MMthetaE": 0.0,
        "projMMstar": [
                10.176412412661424,
                10.229544975263746,
                10.270270086702018
        ],
        "projMMdm": [
                10.020302340955023,
                10.15316132152741,
                10.28008762536166
        ],
        "projMMtotal": [
                10.436176688127192,
                10.48914214709546,
                10.55215516726063
        ],
        "projMfdm": [
                0.3696278172464889,
                0.45941894836669284,
                0.5440130574267729
        ],
        "Dstar": -0.14637645635682667,
        "Ddm": -0.6716209285636704,
        "Dtotal": -0.3290154798117665,
        "Dfdm": -0.5119476235714355,
        "projDstar": -0.17157632876639606,
        "projDdm": -0.07175436277483316,
        "projDtotal": -0.13865331136481115,
        "projDfdm": 0.07318515644702114,
        "DthetaE": 0,
        "PL_slope1": -2.7375976726587705,
        "AV_slope1": 2.7624602848135025,
        "PL_slope2": -2.594112390341612,
        "AV_slope2": 2.5770930561525707
}