{
        "Reff": 0.31296033249228816,
        "R": 0.7824008312307205,
        "MthetaE": 0.0,
        "Mstar": 10.273398214805393,
        "Mdm": 10.022244869721614,
        "Mbh": 8.01979923248291,
        "Mtotal": 10.46675935863046,
        "fdm": 0.3593234088274306,
        "projMstar": 10.311292475410198,
        "projMdm": 10.185498404817997,
        "projMtotal": 10.553964158642696,
        "projfdm": 0.42808917511278727,
        "MMstar": [
                10.15285445504157,
                10.20808547274066,
                10.245648951628906
        ],
        "MMdm": [
                9.389841255156544,
                9.523329768501242,
                9.690795343470088
        ],
        "MMbh": -Infinity,
        "MMtotal": [
                10.273930803091135,
                10.293097236490821,
                10.315133566902873
        ],
        "Mfdm": [
                0.12360217713190584,
                0.17193244373657302,
                0.24775671291670961
        ],
        "MMthetaE": 0.0,
        "projMMstar": [
                10.178859835755015,
                10.233053453512948,
                10.269894497701786
        ],
        "projMMdm": [
                10.01205979809641,
                10.146633777630706,
                10.270880876069318
        ],
        "projMMtotal": [
                10.439050097514086,
                10.487451377174166,
                10.549140700341123
        ],
        "projMfdm": [
                0.3635714650142032,
                0.4544428473309523,
                0.5368182660506062
        ],
        "Dstar": -0.13962603932997253,
        "Ddm": -0.6829812868219113,
        "Dtotal": -0.3295940225811508,
        "Dfdm": -0.5215105959902945,
        "projDstar": -0.16485674461482056,
        "projDdm": -0.08560177823623806,
        "projDtotal": -0.1420001369443692,
        "projDfdm": 0.06156117405029389,
        "DthetaE": 0
}