{
        "Reff": 0.9365583424776649,
        "R": 0.533108108108108,
        "MthetaE": 0.533108108108108,
        "Mstar": 10.31006509796883,
        "Mdm": 9.833454064524009,
        "Mbh": 8.183881759643555,
        "Mtotal": 10.435131446102673,
        "fdm": 0.25022034492304296,
        "projMstar": 10.391067736586477,
        "projMdm": 10.102557322907726,
        "projMtotal": 10.571372417928766,
        "projfdm": 0.33976990204554613,
        "MMstar": [
                -Infinity,
                -Infinity,
                -Infinity
        ],
        "MMdm": [
                -Infinity,
                -Infinity,
                -Infinity
        ],
        "MMbh": -Infinity,
        "MMtotal": [
                -Infinity,
                -Infinity,
                -Infinity
        ],
        "Mfdm": [
                0.0,
                0.0,
                0.0
        ],
        "MMthetaE": 0.5400234219125003,
        "projMMstar": [
                10.273309482901483,
                10.289691709181541,
                10.306383084033744
        ],
        "projMMdm": [
                10.125290809213285,
                10.154789020723582,
                10.18114845962304
        ],
        "projMMtotal": [
                10.525977288630187,
                10.528372050966794,
                10.530624737454202
        ],
        "projMfdm": [
                0.39710809656673557,
                0.42321924128347643,
                0.4467808959838179
        ],
        "Dstar": -1.0,
        "Ddm": -1.0,
        "Dtotal": -1.0,
        "Dfdm": -1.0,
        "projDstar": -0.20818454801431943,
        "projDdm": 0.12779898089964362,
        "projDtotal": -0.09426816441035271,
        "projDfdm": 0.24560544867433232,
        "DthetaE": -0.012971691293410059
}