{
        "Reff": 0.3939136227063193,
        "R": 0.9847840567657983,
        "MthetaE": 0.0,
        "Mstar": 10.342989362034055,
        "Mdm": 10.05084423957988,
        "Mbh": 8.139239311218262,
        "Mtotal": 10.522062487644199,
        "fdm": 0.33789498956208713,
        "projMstar": 10.39835509943564,
        "projMdm": 10.18970749862652,
        "projMtotal": 10.607472654621885,
        "projfdm": 0.38215086240880686,
        "MMstar": [
                10.298918332836006,
                10.388113523377168,
                10.450237287711044
        ],
        "MMdm": [
                9.166065764158526,
                9.726135080659759,
                9.995349616490172
        ],
        "MMbh": -Infinity,
        "MMtotal": [
                10.457800086505706,
                10.47374781861406,
                10.491238397428155
        ],
        "Mfdm": [
                0.05091151838134764,
                0.17723477732954124,
                0.3285925587658837
        ],
        "MMthetaE": 0.0,
        "projMMstar": [
                10.329051525085124,
                10.419041552548853,
                10.480977201451338
        ],
        "projMMdm": [
                9.496813437403388,
                10.040179447545343,
                10.274443775460883
        ],
        "projMMtotal": [
                10.521489836547833,
                10.564134654822348,
                10.606395069478122
        ],
        "projMfdm": [
                0.09470810511477003,
                0.2925046275489849,
                0.46429287148960213
        ],
        "Dstar": 0.10949196486588694,
        "Ddm": -0.5265317719829465,
        "Dtotal": -0.10528373801150775,
        "Dfdm": -0.4754737927329493,
        "projDstar": 0.04878496566259486,
        "projDdm": -0.29128447096416765,
        "projDtotal": -0.09497203236768764,
        "projDfdm": -0.23458336400121138,
        "DthetaE": 0
}