{
        "Reff": 0.9094395894549948,
        "R": 0.46202702702702697,
        "MthetaE": 0.46202702702702697,
        "Mstar": 10.249161196740573,
        "Mdm": 9.727404978743367,
        "Mbh": 8.274933815002441,
        "Mtotal": 10.36336385144635,
        "fdm": 0.23122837510002717,
        "projMstar": 10.357000467888106,
        "projMdm": 9.994571718724659,
        "projMtotal": 10.513574293257767,
        "projfdm": 0.30268954843648216,
        "MMstar": [
                10.293836372975958,
                10.315659169466487,
                10.348767512849351
        ],
        "MMdm": [
                9.329506956127915,
                9.466616968004189,
                9.571259426768243
        ],
        "MMbh": -Infinity,
        "MMtotal": [
                10.362693586585392,
                10.37775304576964,
                10.395633706862462
        ],
        "Mfdm": [
                0.08893479685296794,
                0.1230741557191055,
                0.15751193436177233
        ],
        "MMthetaE": 0.509223606974525,
        "projMMstar": [
                10.326765825118404,
                10.348192192794537,
                10.380370106953634
        ],
        "projMMdm": [
                9.675462849796181,
                9.797442297270292,
                9.889641303781188
        ],
        "projMMtotal": [
                10.446124377017181,
                10.46162225198695,
                10.4733743495582
        ],
        "projMfdm": [
                0.16549918133829028,
                0.22019750435558735,
                0.2662591597700734
        ],
        "Dstar": 0.16546161048339297,
        "Ddm": -0.4514553429831597,
        "Dtotal": 0.033687332866318864,
        "Dfdm": -0.4677376612370138,
        "projDstar": -0.020077510630351562,
        "projDdm": -0.3648583710431667,
        "projDtotal": -0.1127460147526372,
        "projDfdm": -0.2725302029984208,
        "DthetaE": -0.10215112360675202
}