{
        "Reff": 0.3129603324922881,
        "R": 0.45018018018018013,
        "MthetaE": 0.45018018018018013,
        "Mstar": 10.157419078496352,
        "Mdm": 9.745693003339381,
        "Mbh": 8.01979923248291,
        "Mtotal": 10.299652689733843,
        "fdm": 0.27928030725671116,
        "projMstar": 10.210306231675538,
        "projMdm": 9.953741366541735,
        "projMtotal": 10.401730642113568,
        "projfdm": 0.3564599357065718,
        "MMstar": [
                10.145501795612239,
                10.15133428215591,
                10.158734068467743
        ],
        "MMdm": [
                8.818474036338758,
                8.850664292474699,
                8.901224826442181
        ],
        "MMbh": -Infinity,
        "MMtotal": [
                10.167929467336393,
                10.173024462039518,
                10.179902188497989
        ],
        "Mfdm": [
                0.04401169807801096,
                0.047844932876031206,
                0.05327935196958191
        ],
        "MMthetaE": 0.4027931353555214,
        "projMMstar": [
                10.179901273652572,
                10.184362356398173,
                10.191986178530396
        ],
        "projMMdm": [
                9.738032998057559,
                9.764321823549036,
                9.780695448445227
        ],
        "projMMtotal": [
                10.322430247407752,
                10.324416377232781,
                10.326496059666166
        ],
        "projMfdm": [
                0.26013591705267725,
                0.2754870160117658,
                0.28505496966500105
        ],
        "Dstar": -0.013913067418290296,
        "Ddm": -0.87265811064819,
        "Dtotal": -0.2529119799817898,
        "Dfdm": -0.8286849031856274,
        "projDstar": -0.05798867338267294,
        "projDdm": -0.35348224379303295,
        "projDtotal": -0.16307655295309667,
        "projDfdm": -0.22715854317344866,
        "DthetaE": 0.10526239694891172
}