{
        "Reff": 0.3129603324922881,
        "R": 0.45018018018018013,
        "MthetaE": 0.45018018018018013,
        "Mstar": 10.157419078496352,
        "Mdm": 9.745693003339381,
        "Mbh": 8.01979923248291,
        "Mtotal": 10.299652689733843,
        "fdm": 0.27928030725671116,
        "projMstar": 10.210306231675538,
        "projMdm": 9.953741366541735,
        "projMtotal": 10.401730642113568,
        "projfdm": 0.3564599357065718,
        "MMstar": [
                10.145561117268262,
                10.151469472380986,
                10.158889364756057
        ],
        "MMdm": [
                8.815438616596085,
                8.847373979477853,
                8.89378262440438
        ],
        "MMbh": -Infinity,
        "MMtotal": [
                10.167591860383622,
                10.173211751598075,
                10.180368558502874
        ],
        "Mfdm": [
                0.04360959246534701,
                0.047413484908463165,
                0.05266254248857292
        ],
        "MMthetaE": 0.4027931353555214,
        "projMMstar": [
                10.180098184354224,
                10.185044639035025,
                10.192370490819862
        ],
        "projMMdm": [
                9.737230520352727,
                9.763662239804118,
                9.78054951175005
        ],
        "projMMtotal": [
                10.322327603919964,
                10.324405727000457,
                10.32648095905675
        ],
        "projMfdm": [
                0.2595297642504602,
                0.27476147556752933,
                0.28470737964006054
        ],
        "Dstar": -0.013606063597619034,
        "Ddm": -0.8736192360886866,
        "Dtotal": -0.2525897286839095,
        "Dfdm": -0.8302297595767064,
        "projDstar": -0.05650759747089613,
        "projDdm": -0.35446339589755194,
        "projDtotal": -0.16309707663052925,
        "projDfdm": -0.22919394847867122,
        "DthetaE": 0.10526239694891172
}