{
        "Reff": 0.1711945002191585,
        "R": 0.5568018018018017,
        "MthetaE": 0.5568018018018017,
        "Mstar": 10.29718412001835,
        "Mdm": 10.054040228274305,
        "Mbh": 8.217829704284668,
        "Mtotal": 10.493440279762195,
        "fdm": 0.3635799691958276,
        "projMstar": 10.317644882056662,
        "projMdm": 10.217508581624593,
        "projMtotal": 10.571486439761745,
        "projfdm": 0.44261093765245546,
        "MMstar": [
                10.152685791741778,
                10.185531111419781,
                10.211126301079807
        ],
        "MMdm": [
                9.97414900630252,
                10.033126243248828,
                10.082383349918441
        ],
        "MMbh": -Infinity,
        "MMtotal": [
                10.39752729710659,
                10.416842888029974,
                10.432907270157694
        ],
        "Mfdm": [
                0.37411519827388295,
                0.41115480928075293,
                0.4513752400570448
        ],
        "MMthetaE": 0.76896871295145,
        "projMMstar": [
                10.162022111042067,
                10.195000999505435,
                10.22066276077911
        ],
        "projMMdm": [
                10.288114878822837,
                10.315964762797373,
                10.33912498767604
        ],
        "projMMtotal": [
                10.549058204829546,
                10.559929021744292,
                10.570964251355067
        ],
        "projMfdm": [
                0.5437583767246412,
                0.5667542241683402,
                0.5978923186625998
        ],
        "Dstar": -0.22670181402036602,
        "Ddm": -0.047015109530187796,
        "Dtotal": -0.16169393489978395,
        "Dfdm": 0.13085110323913662,
        "projDstar": -0.24602643834679894,
        "projDdm": 0.25445816093639834,
        "projDtotal": -0.02626096109472911,
        "projDfdm": 0.2804794819900358,
        "DthetaE": -0.3810456619628017
}