{
        "Reff": 0.1711945002191585,
        "R": 0.5568018018018017,
        "MthetaE": 0.5568018018018017,
        "Mstar": 10.29718412001835,
        "Mdm": 10.054040228274305,
        "Mbh": 8.217829704284668,
        "Mtotal": 10.493440279762195,
        "fdm": 0.3635799691958276,
        "projMstar": 10.317644882056662,
        "projMdm": 10.217508581624593,
        "projMtotal": 10.571486439761745,
        "projfdm": 0.44261093765245546,
        "MMstar": [
                10.158193697134159,
                10.187435826888256,
                10.210164062349646
        ],
        "MMdm": [
                9.977903831555842,
                10.033723251474548,
                10.07673769986177
        ],
        "MMbh": -Infinity,
        "MMtotal": [
                10.399000591434083,
                10.417965585205218,
                10.433237235029043
        ],
        "Mfdm": [
                0.3742075987205199,
                0.41239802489803473,
                0.45012198101569184
        ],
        "MMthetaE": 0.76896871295145,
        "projMMstar": [
                10.166980936735369,
                10.196887602982176,
                10.219808668480491
        ],
        "projMMdm": [
                10.287131698594969,
                10.313811815540522,
                10.337839896475007
        ],
        "projMMtotal": [
                10.548853567473465,
                10.559481557970365,
                10.571384564967769
        ],
        "projMfdm": [
                0.5421849927962378,
                0.5663024292818433,
                0.5971318290238865
        ],
        "Dstar": -0.22330285839548802,
        "Ddm": -0.045704176346341975,
        "Dtotal": -0.1595240215263869,
        "Dfdm": 0.13427047647917395,
        "projDstar": -0.24274400376228752,
        "projDdm": 0.24825476885256303,
        "projDtotal": -0.027263710560263162,
        "projDfdm": 0.27945873250541353,
        "DthetaE": -0.3810456619628017
}