{
        "Reff": 0.3252354630461267,
        "R": 0.8130886576153168,
        "MthetaE": 0.4991441441441441,
        "Mstar": 10.279244816479249,
        "Mdm": 10.038776024887166,
        "Mbh": 8.01979923248291,
        "Mtotal": 10.47647549649999,
        "fdm": 0.3650064411580266,
        "projMstar": 10.316428278646478,
        "projMdm": 10.200359625260543,
        "projMtotal": 10.563289996087967,
        "projfdm": 0.43358038749917766,
        "MMstar": [
                10.207276084521936,
                10.241870969397098,
                10.275153930249274
        ],
        "MMdm": [
                9.609195257102677,
                9.684002612079402,
                9.757838557153374
        ],
        "MMbh": -Infinity,
        "MMtotal": [
                10.331245488143967,
                10.34955124400496,
                10.366722966121218
        ],
        "Mfdm": [
                0.17884095309813813,
                0.21837618555613283,
                0.26077707085594537
        ],
        "MMthetaE": 0.4025273296550601,
        "projMMstar": [
                10.229660744715781,
                10.26526538147218,
                10.296680104547884
        ],
        "projMMdm": [
                10.307118717194069,
                10.384318891348553,
                10.452823495193035
        ],
        "projMMtotal": [
                10.598488796812168,
                10.629063429272211,
                10.65941458999599
        ],
        "projMfdm": [
                0.5071803533844541,
                0.568614067577043,
                0.6230921129757256
        ],
        "Dstar": -0.08245757758634985,
        "Ddm": -0.5581991092090987,
        "Dtotal": -0.2534210383187986,
        "Dfdm": -0.4017196385266291,
        "projDstar": -0.11113234524996482,
        "projDdm": 0.5274227894976802,
        "projDtotal": 0.16351887561927753,
        "projDfdm": 0.31143862584910276,
        "DthetaE": 0.19356495638098228,
        "PL_slope1": -2.90379211260547,
        "AV_slope1": 2.881519553523342,
        "PL_slope2": -1.8610800103107141,
        "AV_slope2": 1.8493575301469731
}