{
        "Reff": 0.4081097725007585,
        "R": 0.37909909909909906,
        "MthetaE": 0.37909909909909906,
        "Mstar": 10.136938839434904,
        "Mdm": 9.556086234548895,
        "Mbh": 8.278263092041016,
        "Mtotal": 10.23817398702835,
        "fdm": 0.20792765111354303,
        "projMstar": 10.290529101756526,
        "projMdm": 9.899801459426145,
        "projMtotal": 10.438730064546228,
        "projfdm": 0.28911551283478226,
        "MMstar": [
                10.176290731033257,
                10.209217971512379,
                10.233819933245588
        ],
        "MMdm": [
                9.250249169393314,
                9.352433223441434,
                9.45582696440721
        ],
        "MMbh": -Infinity,
        "MMtotal": [
                10.246793605470307,
                10.266251621785331,
                10.281917621278222
        ],
        "Mfdm": [
                0.09548935691580418,
                0.12153105134033079,
                0.15800335895923653
        ],
        "MMthetaE": 0.37130888008559115,
        "projMMstar": [
                10.202608789930322,
                10.236416478349595,
                10.261028577203977
        ],
        "projMMdm": [
                9.77506727259562,
                9.841477062638376,
                9.90789719633912
        ],
        "projMMtotal": [
                10.371609477467313,
                10.381997934536635,
                10.393590256211922
        ],
        "projMfdm": [
                0.24717099358282232,
                0.2870200684451345,
                0.33710423453719524
        ],
        "Dstar": 0.1810795015029051,
        "Ddm": -0.37432761249626423,
        "Dtotal": 0.06678680367199068,
        "Dfdm": -0.4155127964487689,
        "projDstar": -0.11714907456636908,
        "projDdm": -0.12566955092845855,
        "projDtotal": -0.12245808364223337,
        "projDfdm": -0.007247775704257079,
        "DthetaE": 0.020549294451030833
}