{
        "Reff": 0.33542414752571365,
        "R": 0.48572072072072064,
        "MthetaE": 0.48572072072072064,
        "Mstar": 10.193931422797494,
        "Mdm": 9.704516155365626,
        "Mbh": [
                7.912351131439209,
                6.072244644165039
        ],
        "Mtotal": 10.315829128814833,
        "fdm": 0.2447298965108559,
        "projMstar": 10.263860798608103,
        "projMdm": 9.965676135596594,
        "projMtotal": 10.440902574668815,
        "projfdm": 0.3347908352976755,
        "MMstar": [
                10.17977980969274,
                10.21991704029144,
                10.251526486923282
        ],
        "MMdm": [
                9.498425013070625,
                9.588145015565013,
                9.670875044671995
        ],
        "MMbh": -Infinity,
        "MMtotal": [
                10.293268465937617,
                10.312332448232757,
                10.32628788758685
        ],
        "Mfdm": [
                0.15077794623008678,
                0.19020498818642545,
                0.23302673003208477
        ],
        "MMthetaE": 0.48492597519012226,
        "projMMstar": [
                10.204043336024316,
                10.243562228272141,
                10.276573977730164
        ],
        "projMMdm": [
                9.877572268820973,
                9.956189167221945,
                10.022409843455472
        ],
        "projMMtotal": [
                10.413956119574273,
                10.423855715889902,
                10.43312528442126
        ],
        "projMfdm": [
                0.28431844312985816,
                0.3398785362295247,
                0.39554586238371475
        ],
        "Dstar": 0.061660397668561066,
        "Ddm": -0.23505737790018663,
        "Dtotal": -0.008019078839424392,
        "Dfdm": -0.22279627091662577,
        "projDstar": -0.04566373009501954,
        "projDdm": -0.021607687599077843,
        "projDtotal": -0.03849147045085997,
        "projDfdm": 0.015196655330560378,
        "DthetaE": 0.001636219120771968
}