{
        "Reff": 0.33542414752571365,
        "R": 0.8385603688142841,
        "MthetaE": 0.0,
        "Mstar": 10.277667357888435,
        "Mdm": 9.98913029177223,
        "Mbh": [
                7.912351131439209,
                6.072244644165039
        ],
        "Mtotal": 10.457962983718119,
        "fdm": 0.3397561353859292,
        "projMstar": 10.32902983598197,
        "projMdm": 10.227985957460554,
        "projMtotal": 10.582469923635239,
        "projfdm": 0.44209543840509763,
        "MMstar": [
                10.226292831009577,
                10.300786754799772,
                10.35487398050441
        ],
        "MMdm": [
                9.775906161269441,
                9.911592277231408,
                10.110849006601109
        ],
        "MMbh": -Infinity,
        "MMtotal": [
                10.430934888228373,
                10.455113625364719,
                10.48477477810448
        ],
        "Mfdm": [
                0.21193521236071083,
                0.286758510187413,
                0.4296642970018244
        ],
        "MMthetaE": 0.0,
        "projMMstar": [
                10.245978874264164,
                10.321838906901167,
                10.373577439333818
        ],
        "projMMdm": [
                10.180258920992054,
                10.264598407013832,
                10.35015437662896
        ],
        "projMMtotal": [
                10.56982680062825,
                10.59393233967056,
                10.615427719861428
        ],
        "projMfdm": [
                0.39186897129455317,
                0.46698483250544504,
                0.5567625671414406
        ],
        "Dstar": 0.05467680991912467,
        "Ddm": -0.16350762706080219,
        "Dtotal": -0.0065394144220057415,
        "Dfdm": -0.1559872499088682,
        "projDstar": -0.016421400410880933,
        "projDdm": 0.08795880053274824,
        "projDtotal": 0.026744573063655862,
        "projDfdm": 0.05629869014287576,
        "DthetaE": 0,
        "PL_slope1": -2.8885228722897383,
        "AV_slope1": 2.9162293917830424,
        "PL_slope2": -2.139888901599762,
        "AV_slope2": 2.138821059305617
}