{
        "Reff": 0.4869602608436852,
        "R": 1.220225225225225,
        "MthetaE": 1.220225225225225,
        "Mstar": 10.87244459182217,
        "Mdm": 10.637575202464305,
        "Mbh": 8.438713073730469,
        "Mtotal": 11.071727465792158,
        "fdm": 0.3679999305160368,
        "projMstar": 10.97001301300598,
        "projMdm": 10.903444554972886,
        "projMtotal": 11.239032980836678,
        "projfdm": 0.4617549652833109,
        "MMstar": [
                10.920727015159098,
                10.93459046745418,
                10.950330795484195
        ],
        "MMdm": [
                10.44769821448994,
                10.47595859788755,
                10.500742073065954
        ],
        "MMbh": -Infinity,
        "MMtotal": [
                11.05788486117939,
                11.06420553564699,
                11.071517860832323
        ],
        "Mfdm": [
                0.24065363854621905,
                0.2583251330944425,
                0.2754909908608647
        ],
        "MMthetaE": 1.224463753867507,
        "projMMstar": [
                10.93294687651468,
                10.946599724060777,
                10.961942956169459
        ],
        "projMMdm": [
                10.787325219750935,
                10.817277087894475,
                10.840347232409256
        ],
        "projMMtotal": [
                11.184231296526843,
                11.18781658413671,
                11.190125364219043
        ],
        "projMfdm": [
                0.4007747918752834,
                0.42612891914337575,
                0.44708120416916586
        ],
        "Dstar": 0.15384075752875961,
        "Ddm": -0.3107394925797162,
        "Dtotal": -0.01717075722338361,
        "Dfdm": -0.2980293970920053,
        "projDstar": -0.05248365366255596,
        "projDdm": -0.1799647281484355,
        "projDtotal": -0.11124183563262437,
        "projDfdm": -0.07715357455458371,
        "DthetaE": -0.0034735625478481487
}