{
        "Reff": 0.9365583424776649,
        "R": 2.341395856194162,
        "MthetaE": 0.0,
        "Mstar": 10.604333704610394,
        "Mdm": 10.634934192831413,
        "Mbh": 8.183881759643555,
        "Mtotal": 10.920933403323664,
        "fdm": 0.5176077729134222,
        "projMstar": 10.682572097391489,
        "projMdm": 10.838119149014558,
        "projMtotal": 11.068302560459982,
        "projfdm": 0.5885950271362097,
        "MMstar": [
                10.439136345606853,
                10.588564912383974,
                10.676396133481731
        ],
        "MMdm": [
                10.475646977886418,
                10.634784882995264,
                10.75518156303197
        ],
        "MMbh": -Infinity,
        "MMtotal": [
                10.877736954826732,
                10.908498670719867,
                10.94306051307146
        ],
        "Mfdm": [
                0.3902346678586265,
                0.5271725991618844,
                0.6737147162771533
        ],
        "MMthetaE": 0.0,
        "projMMstar": [
                10.462517606043088,
                10.611612730236699,
                10.699814913180077
        ],
        "projMMdm": [
                10.786953332504913,
                10.903180763022881,
                11.014091844211213
        ],
        "projMMtotal": [
                11.017815164351447,
                11.070220537200598,
                11.146497171410406
        ],
        "projMfdm": [
                0.5648696120418029,
                0.674379068622332,
                0.7597486134961279
        ],
        "Dstar": -0.03565772073720367,
        "Ddm": -0.0003437395109827906,
        "Dtotal": -0.028226017573950105,
        "Dfdm": 0.018478907676801996,
        "projDstar": -0.15074007142600065,
        "projDdm": 0.1616134019830672,
        "projDtotal": 0.004426070896651452,
        "projDfdm": 0.14574374150509187,
        "DthetaE": 0
}