{
        "Reff": 0.9365583424776649,
        "R": 2.341395856194162,
        "MthetaE": 0.0,
        "Mstar": 10.604333704610394,
        "Mdm": 10.634934192831413,
        "Mbh": 8.183881759643555,
        "Mtotal": 10.920933403323664,
        "fdm": 0.5176077729134222,
        "projMstar": 10.682572097391489,
        "projMdm": 10.838119149014558,
        "projMtotal": 11.068302560459982,
        "projfdm": 0.5885950271362097,
        "MMstar": [
                10.430073791673468,
                10.583226205473629,
                10.678458742227862
        ],
        "MMdm": [
                10.47542705873719,
                10.6392569666068,
                10.771791056897898
        ],
        "MMbh": -Infinity,
        "MMtotal": [
                10.877942776340058,
                10.914378778173772,
                10.946079116872816
        ],
        "Mfdm": [
                0.3863310698133184,
                0.5312232647233158,
                0.6899090206122213
        ],
        "MMthetaE": 0.0,
        "projMMstar": [
                10.451882405409453,
                10.604890058661509,
                10.701412836007453
        ],
        "projMMdm": [
                10.786467537598991,
                10.921648802758998,
                11.0125916368984
        ],
        "projMMtotal": [
                11.014429278483343,
                11.07513166922811,
                11.14100253101079
        ],
        "projMfdm": [
                0.5603500265966744,
                0.6800432907071979,
                0.7660305264172372
        ],
        "Dstar": -0.04743964852766166,
        "Ddm": 0.01000325584369807,
        "Dtotal": -0.01497925996665848,
        "Dfdm": 0.02630465097781874,
        "projDstar": -0.16378498532003727,
        "projDdm": 0.2120754467881662,
        "projDtotal": 0.015848886208899845,
        "projDfdm": 0.15536703396208906,
        "DthetaE": 0,
        "PL_slope1": -2.638540433899703,
        "AV_slope1": 2.5743208143392287,
        "PL_slope2": -1.7579902616290073,
        "AV_slope2": 1.7837491281797082
}