{
        "Reff": 0.3555664498963653,
        "R": 0.7108108108108108,
        "MthetaE": 0.7108108108108108,
        "Mstar": 10.451843296180769,
        "Mdm": 10.23681373681996,
        "Mbh": 8.265618324279785,
        "Mtotal": 10.658533039151479,
        "fdm": 0.3786872626768167,
        "projMstar": 10.498681972681283,
        "projMdm": 10.45430910397408,
        "projMtotal": 10.778091997453737,
        "projfdm": 0.4744791210545737,
        "MMstar": -Infinity,
        "MMdm": -Infinity,
        "MMbh": -Infinity,
        "MMtotal": -Infinity,
        "Mfdm": 0.0,
        "MMthetaE": 0.7200312292166671,
        "projMMstar": 10.558892270785446,
        "projMMdm": 10.305929492545198,
        "projMMtotal": 10.751604110332194,
        "projMfdm": 0.3583648307291596,
        "Dstar": -1.0,
        "Ddm": -1.0,
        "Dtotal": -1.0,
        "Dfdm": -1.0,
        "projDstar": 0.1487097257281516,
        "projDdm": -0.2894078776574031,
        "projDtotal": -0.059167929644762564,
        "projDfdm": -0.24471949380478397,
        "DthetaE": -0.012971691293410007
}