{
        "Reff": 0.3555664498963653,
        "R": 0.7108108108108108,
        "MthetaE": 0.7108108108108108,
        "Mstar": 10.451843296180769,
        "Mdm": 10.23681373681996,
        "Mbh": 8.265618324279785,
        "Mtotal": 10.658533039151479,
        "fdm": 0.3786872626768167,
        "projMstar": 10.498681972681283,
        "projMdm": 10.45430910397408,
        "projMtotal": 10.778091997453737,
        "projfdm": 0.4744791210545737,
        "MMstar": -Infinity,
        "MMdm": -Infinity,
        "MMbh": -Infinity,
        "MMtotal": -Infinity,
        "Mfdm": 0.0,
        "MMthetaE": 0.7200312292166671,
        "projMMstar": 10.559398160062626,
        "projMMdm": 10.30493250955455,
        "projMMtotal": 10.751572020768316,
        "projMfdm": 0.3575695177658508,
        "Dstar": -1.0,
        "Ddm": -1.0,
        "Dtotal": -1.0,
        "Dfdm": -1.0,
        "projDstar": 0.15004858345764835,
        "projDdm": -0.29103726909618,
        "projDtotal": -0.059237444171699315,
        "projDfdm": -0.24639567496432827,
        "DthetaE": -0.012971691293410007
}