{
        "Reff": 0.3129603324922881,
        "R": 0.45018018018018013,
        "MthetaE": 0.45018018018018013,
        "Mstar": 10.157419078496352,
        "Mdm": 9.745693003339381,
        "Mbh": 8.01979923248291,
        "Mtotal": 10.299652689733843,
        "fdm": 0.27928030725671116,
        "projMstar": 10.210306231675538,
        "projMdm": 9.953741366541735,
        "projMtotal": 10.401730642113568,
        "projfdm": 0.3564599357065718,
        "MMstar": [
                -Infinity,
                -Infinity,
                -Infinity
        ],
        "MMdm": [
                -Infinity,
                -Infinity,
                -Infinity
        ],
        "MMbh": -Infinity,
        "MMtotal": [
                -Infinity,
                -Infinity,
                -Infinity
        ],
        "Mfdm": [
                0.0,
                0.0,
                0.0
        ],
        "MMthetaE": 0.4027931353555214,
        "projMMstar": [
                10.322335492577553,
                10.32486778749233,
                10.325696125457466
        ],
        "projMMdm": [
                7.258069228570418,
                7.708683793622081,
                8.332941883911756
        ],
        "projMMtotal": [
                10.32576465639039,
                10.326307779122459,
                10.326922615339713
        ],
        "projMfdm": [
                0.0008549179373165102,
                0.0024115230244479368,
                0.010141490535773389
        ],
        "Dstar": -1.0,
        "Ddm": -1.0,
        "Dtotal": -1.0,
        "Dfdm": -1.0,
        "projDstar": 0.30185182373394237,
        "projDdm": -0.9943122247502645,
        "projDtotal": -0.15942370759766786,
        "projDfdm": -0.9932347992498293,
        "DthetaE": 0.10526239694891172
}