{
        "Reff": 0.4081097725007585,
        "R": 1.0202744312518963,
        "MthetaE": 0.37909909909909906,
        "Mstar": 10.364943218193039,
        "Mdm": 10.152496114847926,
        "Mbh": 8.278263092041016,
        "Mtotal": 10.572612711748814,
        "fdm": 0.38008733894439084,
        "projMstar": 10.459069556768531,
        "projMdm": 10.470354006813059,
        "projMtotal": 10.765778427480319,
        "projfdm": 0.5064954861724276,
        "MMstar": 10.39702749849888,
        "MMdm": 10.11988456794098,
        "MMbh": -Infinity,
        "MMtotal": 10.581227974059448,
        "Mfdm": 0.34566594413464286,
        "MMthetaE": 0.37130888008559115,
        "projMMstar": 10.408895300109975,
        "projMMdm": 10.520352607285714,
        "projMMtotal": 10.769219729220525,
        "projMfdm": 0.5638101345081096,
        "Dstar": 0.07667413551332733,
        "Ddm": -0.0723408062547741,
        "Dtotal": 0.020035442833736358,
        "Dfdm": -0.09056180325644589,
        "projDstar": -0.1091065963582118,
        "projDdm": 0.12201483856875753,
        "projDtotal": 0.007955367189992617,
        "projDfdm": 0.11315924800990276,
        "DthetaE": 0.020549294451030833,
        "PL_slope1": -2.6186521563694938,
        "AV_slope1": 2.631526598594988,
        "PL_slope2": -1.90978819757081,
        "AV_slope2": 1.9363688703669426
}