{
        "Reff": 0.4081097725007585,
        "R": 1.0202744312518963,
        "MthetaE": 0.37909909909909906,
        "Mstar": 10.364943218193039,
        "Mdm": 10.152496114847926,
        "Mbh": 8.278263092041016,
        "Mtotal": 10.572612711748814,
        "fdm": 0.38008733894439084,
        "projMstar": 10.459069556768531,
        "projMdm": 10.470354006813059,
        "projMtotal": 10.765778427480319,
        "projfdm": 0.5064954861724276,
        "MMstar": 10.396119022977294,
        "MMdm": 10.126585234639464,
        "MMbh": -Infinity,
        "MMtotal": 10.58296482384835,
        "Mfdm": 0.3496394358251002,
        "MMthetaE": 0.37130888008559115,
        "projMMstar": 10.407986824588388,
        "projMMdm": 10.525235279788069,
        "projMMtotal": 10.771585851815225,
        "projMfdm": 0.5670866558186969,
        "Dstar": 0.07442425714383505,
        "Ddm": -0.05791710233893334,
        "Dtotal": 0.02412298198574659,
        "Dfdm": -0.08010764895208822,
        "projDstar": -0.11096825694079979,
        "projDdm": 0.13470056987143247,
        "projDtotal": 0.013461894932871768,
        "projDfdm": 0.11962825197941075,
        "DthetaE": 0.020549294451030833
}