{
        "Reff": 0.4076096212652897,
        "R": 1.0190240531632242,
        "Mstar": 10.302198837933137,
        "Mdm": 10.088337631418545,
        "Mbh": 8.361756017743174,
        "Mtotal": 10.512412220224869,
        "fdm": 0.37663910676434964,
        "MMstar": 10.046628386015675,
        "MMdm": 9.625422548903746,
        "MMbh": 8.694760266976882,
        "MMtotal": 10.200019989290215,
        "Mfdm": 0.26631925031263826,
        "Dstar": -0.44482545145318425,
        "Ddm": -0.6555827320027591,
        "Dtotal": -0.512911620093493,
        "Dfdm": -0.29290600596271804
}