{
        "Reff": 1.1035545250518053,
        "R": 2.7588863126295133,
        "MthetaE": 0.0,
        "Mstar": 10.900020863315055,
        "Mdm": 10.946236990033489,
        "Mbh": 8.336731910705566,
        "Mtotal": 11.22477340265395,
        "fdm": 0.526579062991917,
        "projMstar": 10.958959151544681,
        "projMdm": 11.188491183100519,
        "projMtotal": 11.389745840450614,
        "projfdm": 0.629137167379847,
        "MMstar": [
                10.687384067943496,
                10.815828349458897,
                10.917239974052181
        ],
        "MMdm": [
                10.849603119666632,
                10.972464563503546,
                11.070807497628852
        ],
        "MMbh": -Infinity,
        "MMtotal": [
                11.170101698065743,
                11.201505311139671,
                11.239309405567571
        ],
        "Mfdm": [
                0.4652678283551833,
                0.5900929940660015,
                0.7070732848286932
        ],
        "MMthetaE": 0.0,
        "projMMstar": [
                10.71055630871416,
                10.839835518690728,
                10.94176261337732
        ],
        "projMMdm": [
                11.195297176057748,
                11.324944254061762,
                11.454970429235884
        ],
        "projMMtotal": [
                11.356685329810649,
                11.440587313815698,
                11.549941094970084
        ],
        "projMfdm": [
                0.6600761416214999,
                0.7589718075185596,
                0.8306892809178547
        ],
        "Dstar": -0.17622712758944675,
        "Ddm": 0.06225203918710963,
        "Dtotal": -0.05216681809232797,
        "Dfdm": 0.12061613447601004,
        "projDstar": -0.23989013826383385,
        "projDdm": 0.36915643194782155,
        "projDtotal": 0.12419454437233543,
        "projDfdm": 0.20636936882847332,
        "DthetaE": 0,
        "PL_slope1": -2.2013696784032786,
        "AV_slope1": 2.1763670971075366,
        "PL_slope2": -1.989139354111217,
        "AV_slope2": 2.009038672974065
}