{
        "Reff": 0.3555664498963653,
        "R": 0.7108108108108108,
        "MthetaE": 0.7108108108108108,
        "Mstar": 10.451843296180769,
        "Mdm": 10.23681373681996,
        "Mbh": 8.265618324279785,
        "Mtotal": 10.658533039151479,
        "fdm": 0.3786872626768167,
        "projMstar": 10.498681972681283,
        "projMdm": 10.45430910397408,
        "projMtotal": 10.778091997453737,
        "projfdm": 0.4744791210545737,
        "MMstar": 10.717115482729966,
        "MMdm": 8.216849717610922,
        "MMbh": -Infinity,
        "MMtotal": 10.7184858380443,
        "Mfdm": 0.003150386803235354,
        "MMthetaE": 0.7032624410837693,
        "projMMstar": 10.731018375846183,
        "projMMdm": 8.801981430640383,
        "projMMtotal": 10.73610234494042,
        "projMfdm": 0.011638019638354613,
        "Dstar": 0.8419260350559031,
        "Ddm": -0.9904492829067979,
        "Dtotal": 0.14802884170004635,
        "Dfdm": -0.9916807690309773,
        "projDstar": 0.7074044271117333,
        "projDdm": -0.9777324556141804,
        "projDtotal": -0.0921578398607022,
        "projDfdm": -0.975472008942168,
        "DthetaE": 0.010619379463898584
}