{
        "Reff": 0.35973259940631447,
        "R": 0.46202702702702697,
        "MthetaE": 0.46202702702702697,
        "Mstar": 10.154514149873487,
        "Mdm": 9.85340370134865,
        "Mbh": 8.119908332824707,
        "Mtotal": 10.330578592964834,
        "fdm": 0.33329216803596157,
        "projMstar": 10.270689529883358,
        "projMdm": 10.129276943838029,
        "projMtotal": 10.506743732429133,
        "projfdm": 0.4193080608244642,
        "MMstar": [
                10.137019772233856,
                10.168988059022118,
                10.190316156656031
        ],
        "MMdm": [
                9.929414067380165,
                9.98109662994258,
                10.022825893605622
        ],
        "MMbh": -Infinity,
        "MMtotal": [
                10.367577910029524,
                10.384059313216726,
                10.398258828539316
        ],
        "Mfdm": [
                0.3600549962876677,
                0.3912326139389691,
                0.42927907073590965
        ],
        "MMthetaE": 1.0951045311280108,
        "projMMstar": [
                10.162804589322086,
                10.194742078048078,
                10.21595132021637
        ],
        "projMMdm": [
                10.163802073855004,
                10.195847480236193,
                10.226336581324333
        ],
        "projMMtotal": [
                10.481400219232107,
                10.49516771405101,
                10.506111864737349
        ],
        "projMfdm": [
                0.47279303611617507,
                0.49869590367865024,
                0.533715496360309
        ],
        "Dstar": 0.033888986782655936,
        "Ddm": 0.3418158839393112,
        "Dtotal": 0.13104717734709373,
        "Dfdm": 0.17384280658150914,
        "projDstar": -0.16043843551381032,
        "projDdm": 0.1656563567751486,
        "projDtotal": -0.026302664386446295,
        "projDfdm": 0.18933059073104808,
        "DthetaE": -1.3702174701220475
}