{
        "Reff": 0.35973259940631447,
        "R": 0.46202702702702697,
        "MthetaE": 0.46202702702702697,
        "Mstar": 10.154514149873487,
        "Mdm": 9.85340370134865,
        "Mbh": 8.119908332824707,
        "Mtotal": 10.330578592964834,
        "fdm": 0.33329216803596157,
        "projMstar": 10.270689529883358,
        "projMdm": 10.129276943838029,
        "projMtotal": 10.506743732429133,
        "projfdm": 0.4193080608244642,
        "MMstar": [
                10.137458954795665,
                10.169985990420049,
                10.190373601663817
        ],
        "MMdm": [
                9.923121310829778,
                9.97969403295641,
                10.020884663137684
        ],
        "MMbh": -Infinity,
        "MMtotal": [
                10.367086582301122,
                10.382690695766167,
                10.397594741214697
        ],
        "Mfdm": [
                0.3553115259735699,
                0.3906277488690596,
                0.4301152635183515
        ],
        "MMthetaE": 1.1457531156926812,
        "projMMstar": [
                10.16291173607289,
                10.195277729206444,
                10.215705926893785
        ],
        "projMMdm": [
                10.162528306426053,
                10.1942961521256,
                10.227775776796136
        ],
        "projMMtotal": [
                10.482554620593493,
                10.494892022645683,
                10.506526135985466
        ],
        "projMfdm": [
                0.4718830657850443,
                0.49748127336531645,
                0.534792257677693
        ],
        "Dstar": 0.03626741115278898,
        "Ddm": 0.3374893470706275,
        "Dtotal": 0.12748845297108488,
        "Dfdm": 0.17202798724904822,
        "projDstar": -0.15940229623310365,
        "projDdm": 0.16149998435797405,
        "projDtotal": -0.02692057415224791,
        "projDfdm": 0.1864338414747959,
        "DthetaE": -1.479840028115192
}