{
        "Reff": 0.16132178706696065,
        "R": 0.40330446766740163,
        "MthetaE": 0.18954954954954953,
        "Mstar": 9.599760029832073,
        "Mdm": 9.279234321206893,
        "Mbh": 7.548817157745361,
        "Mtotal": 9.769449468963973,
        "fdm": 0.32343338962162704,
        "projMstar": 9.717313111667044,
        "projMdm": 9.527509505220532,
        "projMtotal": 9.93372876526527,
        "projfdm": 0.39244675278136476,
        "MMstar": [
                -Infinity,
                -Infinity,
                -Infinity
        ],
        "MMdm": [
                -Infinity,
                -Infinity,
                -Infinity
        ],
        "MMbh": -Infinity,
        "MMtotal": [
                -Infinity,
                -Infinity,
                -Infinity
        ],
        "Mfdm": [
                0.0,
                0.0,
                0.0
        ],
        "MMthetaE": 0.20156767776074946,
        "projMMstar": [
                9.823858283775726,
                9.864274171146112,
                9.88880431259408
        ],
        "projMMdm": [
                9.508469075743937,
                9.661707085616424,
                9.763565302762647
        ],
        "projMMtotal": [
                10.024576650608946,
                10.071793111807263,
                10.105976953359473
        ],
        "projMfdm": [
                0.2979679874604594,
                0.3849462914903473,
                0.4607240075018285
        ],
        "Dstar": -1.0,
        "Ddm": -1.0,
        "Dtotal": -1.0,
        "Dfdm": -1.0,
        "projDstar": 0.4026879285049885,
        "projDdm": 0.3620642067492224,
        "projDtotal": 0.3742455728098015,
        "projDfdm": -0.01911204829154495,
        "DthetaE": -0.06340362316745214
}