{
        "Reff": 1.1035545250518053,
        "R": 2.7588863126295133,
        "MthetaE": 0.6634234234234233,
        "Mstar": 10.900020863315055,
        "Mdm": 10.946236990033489,
        "Mbh": 8.336731910705566,
        "Mtotal": 11.22477340265395,
        "fdm": 0.526579062991917,
        "projMstar": 10.958959151544681,
        "projMdm": 11.188491183100519,
        "projMtotal": 11.389745840450614,
        "projfdm": 0.629137167379847,
        "MMstar": [
                10.939493474677594,
                10.973471919779408,
                11.00418326785215
        ],
        "MMdm": [
                10.722966360082877,
                10.842625168029384,
                10.931510131419914
        ],
        "MMbh": -Infinity,
        "MMtotal": [
                11.186204827664529,
                11.213719349811258,
                11.235996267267057
        ],
        "Mfdm": [
                0.34245782846916967,
                0.42786853529289687,
                0.4956682981932131
        ],
        "MMthetaE": 0.6491916548593238,
        "projMMstar": [
                10.962306406952823,
                10.996667256496945,
                11.027562259934896
        ],
        "projMMdm": [
                11.136441941108274,
                11.255987017613883,
                11.351762120162888
        ],
        "projMMtotal": [
                11.386001879980066,
                11.446212345664055,
                11.501185959002692
        ],
        "projMfdm": [
                0.5633034823139289,
                0.6452024756747292,
                0.7108658010331235
        ],
        "Dstar": 0.18427089610715322,
        "Ddm": -0.21225042417163428,
        "Dtotal": -0.025131703179703254,
        "Dfdm": -0.18745623333021763,
        "projDstar": 0.0907070114735919,
        "projDdm": 0.1681425257000519,
        "projDtotal": 0.13884994514638646,
        "projDfdm": 0.02553546210246804,
        "DthetaE": 0.021452013995315607
}