{
        "Reff": 0.544754228166559,
        "R": 1.3618855704163977,
        "MthetaE": 0.6397297297297296,
        "Mstar": 10.514315208436313,
        "Mdm": 10.434754337870459,
        "Mbh": 8.265588760375977,
        "Mtotal": 10.777384127747368,
        "fdm": 0.45432873975917076,
        "projMstar": 10.612744809851986,
        "projMdm": 10.67090916452487,
        "projMtotal": 10.943829988181458,
        "projfdm": 0.5334321367791579,
        "MMstar": 10.520610020165066,
        "MMdm": 10.452358016511567,
        "MMbh": -Infinity,
        "MMtotal": 10.788853413377225,
        "Mfdm": 0.46079165264511857,
        "MMthetaE": 0.6365295087181563,
        "projMMstar": 10.54671875287617,
        "projMMdm": 10.765614521675198,
        "projMMtotal": 10.970844226447156,
        "projMfdm": 0.62340502013662,
        "Dstar": 0.014599891944474558,
        "Ddm": 0.041366682266949346,
        "Dtotal": 0.026760814059082497,
        "Dfdm": 0.014225190529160986,
        "projDstar": -0.1410380163888645,
        "projDdm": 0.24367056933623576,
        "projDtotal": 0.0641779065317635,
        "projDfdm": 0.16866790947526114,
        "DthetaE": 0.005002457855015387
}