{
        "Reff": 0.3252354630461267,
        "R": 0.8130886576153168,
        "MthetaE": 0.4991441441441441,
        "Mstar": 10.279244816479249,
        "Mdm": 10.038776024887166,
        "Mbh": 8.01979923248291,
        "Mtotal": 10.47647549649999,
        "fdm": 0.3650064411580266,
        "projMstar": 10.316428278646478,
        "projMdm": 10.200359625260543,
        "projMtotal": 10.563289996087967,
        "projfdm": 0.43358038749917766,
        "MMstar": 10.240557377159464,
        "MMdm": 9.685982791229609,
        "MMbh": -Infinity,
        "MMtotal": 10.347388926985667,
        "Mfdm": 0.21806896596047845,
        "MMthetaE": 0.4025273296550601,
        "projMMstar": 10.263135106947468,
        "projMMdm": 10.383695808294776,
        "projMMtotal": 10.62861556455448,
        "projMfdm": 0.568958046395743,
        "Dstar": -0.08522863666168669,
        "Ddm": -0.5561801049965932,
        "Dtotal": -0.25712895607675795,
        "Dfdm": -0.40256132119578886,
        "projDstar": -0.11548168829902623,
        "projDdm": 0.5252329645950167,
        "projDtotal": 0.16231961917917406,
        "projDfdm": 0.31223197081722726,
        "DthetaE": 0.19356495638098228
}