{
        "Reff": 0.31296033249228816,
        "R": 0.420704950005486,
        "Mstar": 10.139268359527827,
        "Mdm": 9.707424777760863,
        "Mbh": 8.01979923248291,
        "Mtotal": 10.275976691267921,
        "fdm": 0.2700524281138154,
        "MMstar": 10.065528788392227,
        "MMdm": 9.010738550985595,
        "MMbh": -Infinity,
        "MMtotal": 10.102216537808163,
        "Mfdm": 0.08100690007807212,
        "Dstar": -0.15615937677616276,
        "Ddm": -0.7989455114338846,
        "Dtotal": -0.32974533319837457,
        "Dfdm": -0.700032691267152
}