{
        "Reff": 1.1035545250518053,
        "R": 0.6634234234234233,
        "MthetaE": 0.6634234234234233,
        "Mstar": 10.522028515683154,
        "Mdm": 10.064407877741875,
        "Mbh": 8.336731910705566,
        "Mtotal": 10.6519251077602,
        "fdm": 0.25851322760668544,
        "projMstar": 10.610449633395211,
        "projMdm": 10.389287224511984,
        "projMtotal": 10.814827120951854,
        "projfdm": 0.37537046949957625,
        "MMstar": -Infinity,
        "MMdm": -Infinity,
        "MMbh": -Infinity,
        "MMtotal": -Infinity,
        "Mfdm": 0.0,
        "MMthetaE": 0.6491916548593238,
        "projMMstar": 10.652098723073266,
        "projMMdm": 9.98153007178294,
        "projMMtotal": 10.736144392437419,
        "projMfdm": 0.17594854481430647,
        "Dstar": -1.0,
        "Ddm": -1.0,
        "Dtotal": -1.0,
        "Dfdm": -1.0,
        "projDstar": 0.10064962429567054,
        "projDdm": -0.6089404940459598,
        "projDtotal": -0.16570955157848719,
        "projDfdm": -0.5312669506238155,
        "DthetaE": 0.021452013995315607
}