{
        "Reff": 0.9662426539989696,
        "R": 2.415606634997424,
        "MthetaE": 0.45018018018018013,
        "Mstar": 10.5918964286169,
        "Mdm": 10.646142705336276,
        "Mbh": 8.30414867401123,
        "Mtotal": 10.920895977836436,
        "fdm": 0.5311861312447683,
        "projMstar": 10.67843889325413,
        "projMdm": 10.847396843209468,
        "projMtotal": 11.07211299151808,
        "projfdm": 0.5960515911979375,
        "MMstar": 10.574398928523594,
        "MMdm": 10.738532667922467,
        "MMbh": -Infinity,
        "MMtotal": 10.965204004279045,
        "Mfdm": 0.5933742060689087,
        "MMthetaE": 0.5249657346094901,
        "projMMstar": 10.595303963541857,
        "projMMdm": 11.002777046998792,
        "projMMtotal": 11.146202632713866,
        "projMfdm": 0.7187443012328895,
        "Dstar": -0.03948865268776489,
        "Ddm": 0.23705771628166067,
        "Dtotal": 0.10740894315489252,
        "Dfdm": 0.11707398059962591,
        "projDstar": -0.17421864993112962,
        "projDdm": 0.43014543370433705,
        "projDtotal": 0.18601352378267355,
        "projDfdm": 0.2058424335188261,
        "DthetaE": -0.16612360499606588,
        "PL_slope1": -2.397099372087328,
        "AV_slope1": 2.4327831759067515,
        "PL_slope2": -1.7087691976996373,
        "AV_slope2": 1.7259086944987383
}