{
        "Reff": 0.9662426539989696,
        "R": 2.415606634997424,
        "MthetaE": 0.45018018018018013,
        "Mstar": 10.5918964286169,
        "Mdm": 10.646142705336276,
        "Mbh": 8.30414867401123,
        "Mtotal": 10.920895977836436,
        "fdm": 0.5311861312447683,
        "projMstar": 10.67843889325413,
        "projMdm": 10.847396843209468,
        "projMtotal": 11.07211299151808,
        "projfdm": 0.5960515911979375,
        "MMstar": 10.576715621648143,
        "MMdm": 10.73234126603168,
        "MMbh": -Infinity,
        "MMtotal": 10.962492345746613,
        "Mfdm": 0.5886388476427241,
        "MMthetaE": 0.5249657346094901,
        "projMMstar": 10.597620656666406,
        "projMMdm": 10.998236245464412,
        "projMMtotal": 11.143601510194793,
        "projMfdm": 0.7155413487794174,
        "Dstar": -0.03435122691775418,
        "Ddm": 0.2195470519261165,
        "Dtotal": 0.10051601755102689,
        "Dfdm": 0.10815929298327599,
        "projDstar": -0.1698018459026197,
        "projDdm": 0.41527033040154165,
        "projDtotal": 0.17893135574911603,
        "projDfdm": 0.2004688173742324,
        "DthetaE": -0.16612360499606588
}