{
        "Reff": 0.3939136227063193,
        "R": 0.45018018018018013,
        "MthetaE": 0.45018018018018013,
        "Mstar": 10.143283281527738,
        "Mdm": 9.666221446383181,
        "Mbh": 8.139239311218262,
        "Mtotal": 10.268236873791992,
        "fdm": 0.2500256543701848,
        "projMstar": 10.238793465359723,
        "projMdm": 9.866167182171507,
        "projMtotal": 10.392305795077736,
        "projfdm": 0.29775659339548977,
        "MMstar": 10.266634628070413,
        "MMdm": 8.195490903422796,
        "MMbh": -Infinity,
        "MMtotal": 10.270305791444693,
        "Mfdm": 0.00841753851055221,
        "MMthetaE": 0.4500195182604169,
        "projMMstar": 10.31564047648375,
        "projMMdm": 8.561535461320497,
        "projMMtotal": 10.3232241900504,
        "projMfdm": 0.017310566124583638,
        "Dstar": 0.32846876139677783,
        "Ddm": -0.9661725347139368,
        "Dtotal": 0.004775224162032154,
        "Dfdm": -0.9663333007496531,
        "projDstar": 0.1935675724626253,
        "projDdm": -0.9504129492179219,
        "projDtotal": -0.14706017058376974,
        "projDfdm": -0.9418633658882871,
        "DthetaE": 0.00035688359202955825
}