{
        "Reff": 0.3939136227063193,
        "R": 0.45018018018018013,
        "MthetaE": 0.45018018018018013,
        "Mstar": 10.143283281527738,
        "Mdm": 9.666221446383181,
        "Mbh": 8.139239311218262,
        "Mtotal": 10.268236873791992,
        "fdm": 0.2500256543701848,
        "projMstar": 10.238793465359723,
        "projMdm": 9.866167182171507,
        "projMtotal": 10.392305795077736,
        "projfdm": 0.29775659339548977,
        "MMstar": 10.266969536090446,
        "MMdm": 8.196363595745058,
        "MMbh": -Infinity,
        "MMtotal": 10.270645229065103,
        "Mfdm": 0.008427880453764887,
        "MMthetaE": 0.4500195182604169,
        "projMMstar": 10.315916136791046,
        "projMMdm": 8.564753276291427,
        "projMMtotal": 10.323550950619804,
        "projMfdm": 0.017426185216221177,
        "Dstar": 0.3294936107885684,
        "Ddm": -0.9661044918288063,
        "Dtotal": 0.005560847380889522,
        "Dfdm": -0.9662919372214234,
        "projDstar": 0.19432540766203654,
        "projDdm": -0.9500441797670086,
        "projDtotal": -0.14641818227623807,
        "projDfdm": -0.9414750651950293,
        "DthetaE": 0.00035688359202955825
}