{
        "Reff": 0.24958845221212395,
        "R": 0.6239711305303098,
        "MthetaE": 0.2852252252252252,
        "Mstar": 10.062504234261093,
        "Mdm": 9.76112941174306,
        "Mbh": 7.900820732116699,
        "Mtotal": 10.238480581450535,
        "fdm": 0.3331569137610791,
        "projMstar": 10.125914805718981,
        "projMdm": 9.944301255632622,
        "projMtotal": 10.34556305800306,
        "projfdm": 0.39695218572581625,
        "MMstar": [
                10.09887059244215,
                10.112621576079496,
                10.132479172344446
        ],
        "MMdm": [
                9.079164459726082,
                9.150221732401766,
                9.214571854084218
        ],
        "MMbh": -Infinity,
        "MMtotal": [
                10.147325936894104,
                10.159956367460014,
                10.174175654420289
        ],
        "Mfdm": [
                0.08236539455434881,
                0.09932673755029468,
                0.11325826763016018
        ],
        "MMthetaE": 0.32452344599874056,
        "projMMstar": [
                10.119368067325395,
                10.134269211659184,
                10.154025724941645
        ],
        "projMMdm": [
                9.980219347583217,
                10.04732343069931,
                10.109384413345337
        ],
        "projMMtotal": [
                10.371994003769627,
                10.396200858430246,
                10.420035939227363
        ],
        "projMfdm": [
                0.4074404172654729,
                0.44872255672155525,
                0.4884915096354286
        ],
        "Dstar": 0.12232165289032247,
        "Ddm": -0.755041609032623,
        "Dtotal": -0.16540498567599513,
        "Dfdm": -0.7018619952112832,
        "projDstar": 0.01942294863933893,
        "projDdm": 0.2677165937867094,
        "projDtotal": 0.12366744966240367,
        "projDfdm": 0.1304196647792184,
        "DthetaE": -0.13777961168225536
}