{
        "Reff": 0.3939136227063193,
        "R": 0.9847840567657983,
        "MthetaE": 0.45018018018018013,
        "Mstar": 10.342989362034055,
        "Mdm": 10.05084423957988,
        "Mbh": 8.139239311218262,
        "Mtotal": 10.522062487644199,
        "fdm": 0.33789498956208713,
        "projMstar": 10.39835509943564,
        "projMdm": 10.18970749862652,
        "projMtotal": 10.607472654621885,
        "projfdm": 0.38215086240880686,
        "MMstar": 10.401128219351545,
        "MMdm": 9.71588732963206,
        "MMbh": -Infinity,
        "MMtotal": 10.482628002964265,
        "Mfdm": 0.17110367072929608,
        "MMthetaE": 0.458917242575832,
        "projMMstar": 10.43082879231109,
        "projMMdm": 10.066658150992804,
        "projMMtotal": 10.586876102054594,
        "projMfdm": 0.30184365352465087,
        "Dstar": 0.1432438066050154,
        "Ddm": -0.5375730995679217,
        "Dtotal": -0.08680081479998164,
        "Dfdm": -0.4936187986952783,
        "projDstar": 0.07763997433008032,
        "projDdm": -0.24673003303052043,
        "projDtotal": -0.04631830372232423,
        "projDfdm": -0.21014530329188985,
        "DthetaE": -0.019407923272310522,
        "PL_slope1": -2.666073855844804,
        "AV_slope1": 2.66230676936529,
        "PL_slope2": -2.43944732536435,
        "AV_slope2": 2.4503809653379243
}