{
        "Reff": 0.3939136227063193,
        "R": 0.9847840567657983,
        "MthetaE": 0.45018018018018013,
        "Mstar": 10.342989362034055,
        "Mdm": 10.05084423957988,
        "Mbh": 8.139239311218262,
        "Mtotal": 10.522062487644199,
        "fdm": 0.33789498956208713,
        "projMstar": 10.39835509943564,
        "projMdm": 10.18970749862652,
        "projMtotal": 10.607472654621885,
        "projfdm": 0.38215086240880686,
        "MMstar": 10.404168922506846,
        "MMdm": 9.693435358712698,
        "MMbh": -Infinity,
        "MMtotal": 10.481411569765834,
        "Mfdm": 0.16293852815247986,
        "MMthetaE": 0.458917242575832,
        "projMMstar": 10.433556580234951,
        "projMMdm": 10.038755471408233,
        "projMMtotal": 10.58058376179392,
        "projMfdm": 0.2871915844175955,
        "Dstar": 0.15127628950052976,
        "Ddm": -0.5608720107747495,
        "Dtotal": -0.08935505298764387,
        "Dfdm": -0.5177835327962435,
        "projDstar": 0.0844298933049615,
        "projDdm": -0.29360442059333924,
        "projDtotal": -0.060036245771395734,
        "projDfdm": -0.2484863631934668,
        "DthetaE": -0.019407923272310522
}