{
        "Reff": 0.9842781252851374,
        "R": 2.4606953132128435,
        "MthetaE": 1.2083783783783781,
        "Mstar": 11.047832343965455,
        "Mdm": 11.001254446472288,
        "Mbh": 8.475809097290039,
        "Mtotal": 11.326197524289501,
        "fdm": 0.4732132780951882,
        "projMstar": 11.149499647980916,
        "projMdm": 11.24215644498053,
        "projMtotal": 11.499324412551626,
        "projfdm": 0.5531361371153823,
        "MMstar": 11.138294109619915,
        "MMdm": 10.843051514243214,
        "MMbh": -Infinity,
        "MMtotal": 11.31632308394922,
        "Mfdm": 0.33630121030988414,
        "MMthetaE": 1.1840817742821617,
        "projMMstar": 11.154203782909363,
        "projMMdm": 11.161490605585032,
        "projMMtotal": 11.458892472502857,
        "projMfdm": 0.504194533914102,
        "Dstar": 0.2315775555429511,
        "Ddm": -0.30530036967430246,
        "Dtotal": -0.0224802073860487,
        "Dfdm": -0.28932423100301047,
        "projDstar": 0.010890545888849896,
        "projDdm": -0.16951047202169156,
        "projDtotal": -0.08889577628986983,
        "projDfdm": -0.08848021294813961,
        "DthetaE": 0.02010678487049899
}