{
        "Reff": 0.36353050538478376,
        "R": 0.40279279279279273,
        "MthetaE": 0.40279279279279273,
        "Mstar": 10.09249136930786,
        "Mdm": 9.657160343916678,
        "Mbh": 8.177248001098633,
        "Mtotal": 10.228260665224283,
        "fdm": 0.2684724207169141,
        "projMstar": 10.177779355267997,
        "projMdm": 9.932815037193404,
        "projMtotal": 10.37337452695279,
        "projfdm": 0.3626106123565712,
        "MMstar": 10.08257851104614,
        "MMdm": 9.243768942993995,
        "MMbh": -Infinity,
        "MMtotal": 10.14136151466969,
        "Mfdm": 0.12659234019104984,
        "MMthetaE": 0.4027931353555214,
        "projMMstar": 10.104392065404827,
        "projMMdm": 9.739028194466334,
        "projMMtotal": 10.260079551671543,
        "projMfdm": 0.30126497442282096,
        "Dstar": -0.022566675483559003,
        "Ddm": -0.6139810731141967,
        "Dtotal": -0.181345130462292,
        "Dfdm": -0.5284717146997647,
        "projDstar": -0.15547461134721308,
        "projDdm": -0.35995109742988785,
        "projDtotal": -0.22961995517817171,
        "projDfdm": -0.1691777235505351,
        "DthetaE": -8.504688634280417e-07
}