{
        "Reff": 0.5148342648334497,
        "R": 0.5804954954954954,
        "MthetaE": 0.5804954954954954,
        "Mstar": 10.332992349204273,
        "Mdm": 9.915833221302163,
        "Mbh": 8.260486602783203,
        "Mtotal": 10.473715443571665,
        "fdm": 0.2767692123056929,
        "projMstar": 10.40732278043186,
        "projMdm": 10.179791668756826,
        "projMtotal": 10.609320580506106,
        "projfdm": 0.3719384597388031,
        "MMstar": [
                10.172211900920079,
                10.205780698566162,
                10.245225505923752
        ],
        "MMdm": [
                9.747655908968753,
                9.811152548904277,
                9.864293728409873
        ],
        "MMbh": -Infinity,
        "MMtotal": [
                10.342216232482613,
                10.354178131271972,
                10.369401447957564
        ],
        "Mfdm": [
                0.24292802149970188,
                0.2886778172013712,
                0.3305592693652696
        ],
        "MMthetaE": 0.5475522655640054,
        "projMMstar": [
                10.2002983482954,
                10.23446313551858,
                10.273765510501752
        ],
        "projMMdm": [
                10.146793690549858,
                10.21770039773676,
                10.26249359669692
        ],
        "projMMtotal": [
                10.514653377514096,
                10.526333191631895,
                10.53499711305359
        ],
        "projMfdm": [
                0.42775452180773715,
                0.4904214904633997,
                0.5357277134117033
        ],
        "Dstar": -0.2539149299904318,
        "Ddm": -0.21418678582123796,
        "Dtotal": -0.24061382260468955,
        "Dfdm": 0.0430272023266995,
        "projDstar": -0.3283541199451838,
        "projDdm": 0.09121098422341518,
        "projDtotal": -0.17393806342741952,
        "projDfdm": 0.3185554696543142,
        "DthetaE": 0.056750190461634084
}