{
        "Reff": 0.9842781252851374,
        "R": 1.2083783783783781,
        "MthetaE": 1.2083783783783781,
        "Mstar": 10.895234730204656,
        "Mdm": 10.600000777609383,
        "Mbh": 8.475809097290039,
        "Mtotal": 11.073266611131011,
        "fdm": 0.3363056522233072,
        "projMstar": 10.999048452312893,
        "projMdm": 10.872514045276716,
        "projMtotal": 11.241403360007325,
        "projfdm": 0.42767186967863274,
        "MMstar": [
                -Infinity,
                -Infinity,
                -Infinity
        ],
        "MMdm": [
                -Infinity,
                -Infinity,
                -Infinity
        ],
        "MMbh": -Infinity,
        "MMtotal": [
                -Infinity,
                -Infinity,
                -Infinity
        ],
        "Mfdm": [
                0.0,
                0.0,
                0.0
        ],
        "MMthetaE": 1.2792189804239076,
        "projMMstar": [
                10.787288333503907,
                10.789948257337977,
                10.792188483771168
        ],
        "projMMdm": [
                10.98191459590027,
                10.983779716093693,
                10.985966808206692
        ],
        "projMMtotal": [
                11.198354002280704,
                11.1986181098842,
                11.198924990645779
        ],
        "projMfdm": [
                0.6075099455261803,
                0.6097666273150654,
                0.6124143430091282
        ],
        "Dstar": -1.0,
        "Ddm": -1.0,
        "Dtotal": -1.0,
        "Dfdm": -1.0,
        "projDstar": -0.3821261644068163,
        "projDdm": 0.2920093923893117,
        "projDtotal": -0.09381942181864236,
        "projDfdm": 0.42578147067111255,
        "DthetaE": -0.05862451969770946
}