{
        "Reff": 0.9842781252851374,
        "R": 1.2083783783783781,
        "MthetaE": 1.2083783783783781,
        "Mstar": 10.895234730204656,
        "Mdm": 10.600000777609383,
        "Mbh": 8.475809097290039,
        "Mtotal": 11.073266611131011,
        "fdm": 0.3363056522233072,
        "projMstar": 10.999048452312893,
        "projMdm": 10.872514045276716,
        "projMtotal": 11.241403360007325,
        "projfdm": 0.42767186967863274,
        "MMstar": [
                -Infinity,
                -Infinity,
                -Infinity
        ],
        "MMdm": [
                -Infinity,
                -Infinity,
                -Infinity
        ],
        "MMbh": -Infinity,
        "MMtotal": [
                -Infinity,
                -Infinity,
                -Infinity
        ],
        "Mfdm": [
                0.0,
                0.0,
                0.0
        ],
        "MMthetaE": 1.2888011450712775,
        "projMMstar": [
                10.787202292974467,
                10.78992694697226,
                10.792246288948457
        ],
        "projMMdm": [
                10.98187550585311,
                10.983808205813556,
                10.986037108411239
        ],
        "projMMtotal": [
                11.198353944111478,
                11.198623755123329,
                11.198934694813058
        ],
        "projMfdm": [
                0.6074681376325118,
                0.6097845284894436,
                0.6124987775086823
        ],
        "Dstar": -1.0,
        "Ddm": -1.0,
        "Dtotal": -1.0,
        "Dfdm": -1.0,
        "projDstar": -0.3821564820712339,
        "projDdm": 0.29209415099100783,
        "projDtotal": -0.0938076426238349,
        "projDfdm": 0.4258233279351681,
        "DthetaE": -0.06655429138083824
}