{
        "Reff": 0.4081097725007585,
        "R": 0.37909909909909906,
        "MthetaE": 0.37909909909909906,
        "Mstar": 10.136938839434904,
        "Mdm": 9.556086234548895,
        "Mbh": 8.278263092041016,
        "Mtotal": 10.23817398702835,
        "fdm": 0.20792765111354303,
        "projMstar": 10.290529101756526,
        "projMdm": 9.899801459426145,
        "projMtotal": 10.438730064546228,
        "projfdm": 0.28911551283478226,
        "MMstar": 10.239002297739958,
        "MMdm": 9.043407212922283,
        "MMbh": -Infinity,
        "MMtotal": 10.26583736007189,
        "Mfdm": 0.059919730703345796,
        "MMthetaE": 0.37130888008559115,
        "projMMstar": 10.266580186137634,
        "projMMdm": 9.751328223084249,
        "projMMtotal": 10.382295490402077,
        "projMfdm": 0.23390135229647468,
        "Dstar": 0.26492116190503934,
        "Ddm": -0.6928708920366519,
        "Dtotal": 0.06576970987372759,
        "Dfdm": -0.7118241350659733,
        "projDstar": -0.05365152986838667,
        "projDdm": -0.2895610501193572,
        "projDtotal": -0.12185663179835345,
        "projDfdm": -0.19097612576001835,
        "DthetaE": 0.020549294451030833
}