{
        "Reff": 0.539322810286842,
        "R": 0.6416216216216216,
        "MthetaE": 0.6416216216216216,
        "Mstar": 10.388249336850366,
        "Mdm": 9.985029504731974,
        "Mbh": 8.265588760375977,
        "Mtotal": 10.532875389956226,
        "fdm": 0.2832396928612464,
        "projMstar": 10.480771500823595,
        "projMdm": 10.277511134109538,
        "projMtotal": 10.691955689042764,
        "projfdm": 0.38508397405017825,
        "MMstar": 10.35076885173466,
        "MMdm": 9.903823593816128,
        "MMbh": -Infinity,
        "MMtotal": 10.48345042012301,
        "Mfdm": 0.2632529058259718,
        "MMthetaE": 0.6364461740027794,
        "projMMstar": 10.428355573827053,
        "projMMdm": 10.330402587942132,
        "projMMtotal": 10.68316484462845,
        "projMfdm": 0.44385155252386066,
        "Dstar": -0.08268284618200536,
        "Ddm": -0.17054259421762058,
        "Dtotal": -0.10756821423047958,
        "Dfdm": -0.07056492271041177,
        "projDstar": -0.11369321703143828,
        "projDdm": 0.12951357239728165,
        "projDtotal": -0.020038180042242008,
        "projDfdm": 0.1526097745787383,
        "DthetaE": 0.008066198900470237
}