{
        "Reff": 0.544754228166559,
        "R": 0.6397297297297296,
        "MthetaE": 0.6397297297297296,
        "Mstar": 10.387700894003224,
        "Mdm": 9.983169393265646,
        "Mbh": 8.265588760375977,
        "Mtotal": 10.531955832442545,
        "fdm": 0.2826269428551476,
        "projMstar": 10.480275896075595,
        "projMdm": 10.275593071737097,
        "projMtotal": 10.690912870135643,
        "projfdm": 0.3843086871203482,
        "MMstar": -Infinity,
        "MMdm": -Infinity,
        "MMbh": -Infinity,
        "MMtotal": -Infinity,
        "Mfdm": 0.0,
        "MMthetaE": 0.7258489720382846,
        "projMMstar": 10.377978763184872,
        "projMMdm": 10.295311954776727,
        "projMMtotal": 10.639639318485255,
        "projMfdm": 0.4525563221331583,
        "Dstar": -1.0,
        "Ddm": -1.0,
        "Dtotal": -1.0,
        "Dfdm": -1.0,
        "projDstar": -0.2098621485601884,
        "projDdm": 0.046450965542799136,
        "projDtotal": -0.11135879218754124,
        "projDfdm": 0.1775854600742813,
        "DthetaE": -0.13461816499436136
}