{
        "Reff": 0.5148342648334497,
        "R": 1.2870856620836244,
        "MthetaE": 0.0,
        "Mstar": 10.485052405687021,
        "Mdm": 10.343082781744615,
        "Mbh": 8.260486602783203,
        "Mtotal": 10.72087312472932,
        "fdm": 0.41899578782519636,
        "projMstar": 10.567427798541386,
        "projMdm": 10.56775212156492,
        "projMtotal": 10.868619985991932,
        "projfdm": 0.5001866953311498,
        "MMstar": [
                10.218888533758852,
                10.291203876508504,
                10.358856874056473
        ],
        "MMdm": [
                10.239713008685936,
                10.329717593322812,
                10.405863157998207
        ],
        "MMbh": -Infinity,
        "MMtotal": [
                10.582252816142256,
                10.612678079114259,
                10.639815328429131
        ],
        "Mfdm": [
                0.4350277952093152,
                0.5199800414180191,
                0.6026912283132864
        ],
        "MMthetaE": 0.0,
        "projMMstar": [
                10.238513301559585,
                10.309372057301191,
                10.377670736367914
        ],
        "projMMdm": [
                10.739002056837688,
                10.870163442475176,
                11.00541827054951
        ],
        "projMMtotal": [
                10.88211922665285,
                10.976552255999461,
                11.087219303345906
        ],
        "projMfdm": [
                0.719266727675878,
                0.7881388224175242,
                0.8388650516417968
        ],
        "Dstar": -0.36004200243404244,
        "Ddm": -0.030305769652706708,
        "Dtotal": -0.22052003966215694,
        "Dfdm": 0.2410149613125778,
        "projDstar": -0.4479934147310808,
        "projDdm": 1.0063713649119486,
        "projDtotal": 0.28213061357467345,
        "projDfdm": 0.5756892971648017,
        "DthetaE": 0,
        "PL_slope1": -2.3704747750348867,
        "AV_slope1": 2.2843148244002194,
        "PL_slope2": -1.9480587234068942,
        "AV_slope2": 1.926994881113892
}