{
        "Reff": 0.9094395894549946,
        "R": 0.46202702702702697,
        "MthetaE": 0.46202702702702697,
        "Mstar": 10.249161196740573,
        "Mdm": 9.727404978743365,
        "Mbh": 8.274933815002441,
        "Mtotal": 10.36336385144635,
        "fdm": 0.23122837510002717,
        "projMstar": 10.357000467888106,
        "projMdm": 9.994571718724659,
        "projMtotal": 10.513574293257767,
        "projfdm": 0.30268954843648216,
        "MMstar": -Infinity,
        "MMdm": -Infinity,
        "MMbh": -Infinity,
        "MMtotal": -Infinity,
        "Mfdm": 0.0,
        "MMthetaE": 0.458917242575832,
        "projMMstar": 10.363462250180818,
        "projMMdm": 9.708283928803775,
        "projMMtotal": 10.450255667543225,
        "projMfdm": 0.18114579675226178,
        "Dstar": -1.0,
        "Ddm": -1.0,
        "Dtotal": -1.0,
        "Dfdm": -1.0,
        "projDstar": 0.014990044002764344,
        "projDdm": -0.48273605217684634,
        "projDtotal": -0.1356664432948951,
        "projDfdm": -0.4015459149879624,
        "DthetaE": 0.006730741426979472
}