{
        "Reff": 0.4869602608436852,
        "R": 1.217400652109213,
        "MthetaE": 1.220225225225225,
        "Mstar": 10.871967128271251,
        "Mdm": 10.636338659573704,
        "Mbh": 8.438713073730469,
        "Mtotal": 11.070970815358658,
        "fdm": 0.36759351767167864,
        "projMstar": 10.969620351737936,
        "projMdm": 10.902219596043672,
        "projMtotal": 11.238256200195426,
        "projfdm": 0.46127869442808966,
        "MMstar": [
                10.857860465349415,
                10.876428365079782,
                10.898404917064752
        ],
        "MMdm": [
                10.598280091230787,
                10.629874760544698,
                10.653541145679926
        ],
        "MMbh": -Infinity,
        "MMtotal": [
                11.065509851677932,
                11.071088830906177,
                11.078074599338102
        ],
        "Mfdm": [
                0.3349461202391847,
                0.3617703421785464,
                0.38461342995241193
        ],
        "MMthetaE": 1.2111171673943844,
        "projMMstar": [
                10.869433261027607,
                10.888006696426764,
                10.909561573660179
        ],
        "projMMdm": [
                10.862574562408811,
                10.892694904967582,
                10.915497339087496
        ],
        "projMMtotal": [
                11.188019054712562,
                11.191515404959787,
                11.194309990824365
        ],
        "projMfdm": [
                0.47283199364095524,
                0.5029357170516234,
                0.5265081200823278
        ],
        "Dstar": 0.01032531936482914,
        "Ddm": -0.014773463094463672,
        "Dtotal": 0.00027177776534561464,
        "Dfdm": -0.015841344346918727,
        "projDstar": -0.17132097825600223,
        "projDdm": -0.021692666800484456,
        "projDtotal": -0.10203542330388057,
        "projDfdm": 0.09030771012561437,
        "DthetaE": 0.007464243192611874,
        "PL_slope1": -3.2661536406672895,
        "AV_slope1": 2.991343977767761,
        "PL_slope2": -1.7059264829368532,
        "AV_slope2": 1.7160820884693393
}