{
        "Reff": 0.36422601544214994,
        "R": 0.41400930611243,
        "Mstar": 10.10003947979649,
        "Mdm": 9.67480578499775,
        "Mbh": 8.177248001098633,
        "Mtotal": 10.23854276613587,
        "fdm": 0.27306310159349895,
        "MMstar": 9.965160632461005,
        "MMdm": 9.076045131474348,
        "MMbh": -Infinity,
        "MMtotal": 10.017888267191653,
        "Mfdm": 0.11432912094136899,
        "Dstar": -0.2669710064467931,
        "Ddm": -0.7480935158722004,
        "Dtotal": -0.3983478111169424,
        "Dfdm": -0.5813087880633269
}