{
        "Reff": 0.3555664498963653,
        "R": 0.8889161247409133,
        "MthetaE": 0.7108108108108108,
        "Mstar": 10.480430779715173,
        "Mdm": 10.35153228832647,
        "Mbh": 8.265618324279785,
        "Mtotal": 10.721776209571578,
        "fdm": 0.4263399979307349,
        "projMstar": 10.52668112853081,
        "projMdm": 10.557453231213469,
        "projMtotal": 10.843369664689648,
        "projfdm": 0.5177064389389725,
        "MMstar": 10.745883389305867,
        "MMdm": 8.323280799324483,
        "MMbh": -Infinity,
        "MMtotal": 10.74752157214606,
        "Mfdm": 0.0037649501231274813,
        "MMthetaE": 0.7032624410837693,
        "projMMstar": 10.756891711382425,
        "projMMdm": 8.889479126087933,
        "projMMtotal": 10.762745560358699,
        "projMfdm": 0.013388550644703155,
        "Dstar": 0.8426914026843392,
        "Ddm": -0.9906298075446621,
        "Dtotal": 0.06107324170893415,
        "Dfdm": -0.9911691369765894,
        "projDstar": 0.6990673048969195,
        "projDdm": -0.9785204145733312,
        "projDtotal": -0.16943065935777582,
        "projDfdm": -0.9741387210247131,
        "DthetaE": 0.010619379463898584
}