{
        "Reff": 0.23513420348217307,
        "R": 0.5878355087054327,
        "MthetaE": 0.0,
        "Mstar": 10.050722827275926,
        "Mdm": 9.733344266485139,
        "Mbh": 7.900820732116699,
        "Mtotal": 10.22143265648222,
        "fdm": 0.3250211405665837,
        "projMstar": 10.118482880290474,
        "projMdm": 9.9181948845171,
        "projMtotal": 10.330814090773245,
        "projfdm": 0.3867058960445534,
        "MMstar": 10.076124696817223,
        "MMdm": 9.46058975171134,
        "MMbh": -Infinity,
        "MMtotal": 10.170372958867876,
        "Mfdm": 0.19508181739016034,
        "MMthetaE": 0.0,
        "projMMstar": 10.095781111469867,
        "projMMdm": 9.996542611448195,
        "projMMtotal": 10.350020274416702,
        "projMfdm": 0.4431210049085112,
        "Dstar": 0.06023434739818284,
        "Ddm": -0.46636355141224595,
        "Dtotal": -0.11092110229314911,
        "Dfdm": -0.399787296758329,
        "projDstar": -0.0509300315404696,
        "projDdm": 0.19769911026515372,
        "projDtotal": 0.045216323524262206,
        "projDfdm": 0.14588634267282558,
        "DthetaE": 0,
        "PL_slope1": -2.9424067830755303,
        "AV_slope1": 2.9242288064014064,
        "PL_slope2": -2.399622282657049,
        "AV_slope2": 2.409232372401027
}