{
        "Reff": 0.1610837669734156,
        "R": 0.2139189189189189,
        "MthetaE": 0.2139189189189189,
        "Mstar": 9.390928731079235,
        "Mdm": 8.836651975254435,
        "Mbh": 7.548817157745361,
        "Mtotal": 9.49782524582419,
        "fdm": 0.2181859241283298,
        "projMstar": 9.612591783057342,
        "projMdm": 9.171360799891524,
        "projMtotal": 9.746784957211958,
        "projfdm": 0.2658127709092187,
        "MMstar": [
                9.603954752675573,
                9.649666906538686,
                9.682160936768483
        ],
        "MMdm": [
                8.429224755306185,
                8.592663701680703,
                8.737270789613092
        ],
        "MMbh": -Infinity,
        "MMtotal": [
                9.655850945646865,
                9.685720231882783,
                9.712362184209153
        ],
        "Mfdm": [
                0.053369204926151596,
                0.08026515644565799,
                0.11721652986810512
        ],
        "MMthetaE": 0.20126366482753005,
        "projMMstar": [
                9.66686276724128,
                9.712662969581723,
                9.744945820945425
        ],
        "projMMdm": [
                8.873876151681626,
                8.988605134784228,
                9.084319158259767
        ],
        "projMMtotal": [
                9.763129746661066,
                9.786292385711016,
                9.806590565200366
        ],
        "projMfdm": [
                0.12149347928937325,
                0.15905284212101128,
                0.20547019244879294
        ],
        "Dstar": 0.8144214667471938,
        "Ddm": -0.42982033245211715,
        "Dtotal": 0.5413277093956945,
        "Dfdm": -0.6321249559689806,
        "projDstar": 0.2591317829857864,
        "projDdm": -0.3434854812743302,
        "projDtotal": 0.09523528893363689,
        "projDfdm": -0.40163581464890724,
        "DthetaE": 0.059159115777812674
}