{
        "Reff": 0.9365583424776649,
        "R": 2.341395856194162,
        "MthetaE": 0.533108108108108,
        "Mstar": 10.604333704610394,
        "Mdm": 10.634934192831413,
        "Mbh": 8.183881759643555,
        "Mtotal": 10.920933403323664,
        "fdm": 0.5176077729134222,
        "projMstar": 10.682572097391489,
        "projMdm": 10.838119149014558,
        "projMtotal": 11.068302560459982,
        "projfdm": 0.5885950271362097,
        "MMstar": [
                -Infinity,
                -Infinity,
                -Infinity
        ],
        "MMdm": [
                -Infinity,
                -Infinity,
                -Infinity
        ],
        "MMbh": -Infinity,
        "MMtotal": [
                -Infinity,
                -Infinity,
                -Infinity
        ],
        "Mfdm": [
                0.0,
                0.0,
                0.0
        ],
        "MMthetaE": 0.5475522655640054,
        "projMMstar": [
                10.518279511929837,
                10.526986117177424,
                10.554521343373393
        ],
        "projMMdm": [
                10.983000350191528,
                11.007856002350321,
                11.037154839601238
        ],
        "projMMtotal": [
                11.117026963497807,
                11.13233103106054,
                11.155034301198931
        ],
        "projMfdm": [
                0.7310025232673344,
                0.7518487472821982,
                0.7642812083310867
        ],
        "Dstar": -1.0,
        "Ddm": -1.0,
        "Dtotal": -1.0,
        "Dfdm": -1.0,
        "projDstar": -0.30110164256733096,
        "projDdm": 0.47821244184593686,
        "projDtotal": 0.1588533234308399,
        "projDfdm": 0.2773617047705861,
        "DthetaE": -0.027094237052887268
}