{
        "Reff": 0.5148342648334497,
        "R": 1.2870856620836244,
        "MthetaE": 0.5804954954954954,
        "Mstar": 10.485052405687021,
        "Mdm": 10.343082781744615,
        "Mbh": 8.260486602783203,
        "Mtotal": 10.72087312472932,
        "fdm": 0.41899578782519636,
        "projMstar": 10.567427798541386,
        "projMdm": 10.56775212156492,
        "projMtotal": 10.868619985991932,
        "projfdm": 0.5001866953311498,
        "MMstar": [
                10.351404147590715,
                10.372580999564256,
                10.387062648197062
        ],
        "MMdm": [
                10.432571851289909,
                10.446143550305067,
                10.46611463237982
        ],
        "MMbh": -Infinity,
        "MMtotal": [
                10.709928694081162,
                10.711994857882614,
                10.715331047363923
        ],
        "Mfdm": [
                0.5258938018807295,
                0.5423246099698488,
                0.5655610911388845
        ],
        "MMthetaE": 0.5762987595061156,
        "projMMstar": [
                10.36981127904069,
                10.390826150407172,
                10.405825188089768
        ],
        "projMMdm": [
                10.829302691981633,
                10.84728109285345,
                10.867426506672206
        ],
        "projMMtotal": [
                10.967711882504991,
                10.977131796739673,
                10.987184181463698
        ],
        "projMfdm": [
                0.7262740491109423,
                0.7411498579882875,
                0.7587098522062813
        ],
        "Dstar": -0.2281576681157315,
        "Ddm": 0.26782925417831643,
        "Dtotal": -0.020235424141472322,
        "Dfdm": 0.2943438233228845,
        "projDstar": -0.3341163493266614,
        "projDdm": 0.9033952066601517,
        "projDtotal": 0.2838426844226535,
        "projDfdm": 0.48174644568985875,
        "DthetaE": 0.0072295754608699084
}