{
        "Reff": 0.42908660556761313,
        "R": 1.0727165139190329,
        "MthetaE": 0.533108108108108,
        "Mstar": 10.461121573211894,
        "Mdm": 10.349580676302088,
        "Mbh": 8.356976509094238,
        "Mtotal": 10.709952236130166,
        "fdm": 0.4361425316510598,
        "projMstar": 10.519498947164227,
        "projMdm": 10.555126770256262,
        "projMtotal": 10.838708097904357,
        "projfdm": 0.5204975293137197,
        "MMstar": [
                -Infinity,
                -Infinity,
                -Infinity
        ],
        "MMdm": [
                -Infinity,
                -Infinity,
                -Infinity
        ],
        "MMbh": -Infinity,
        "MMtotal": [
                -Infinity,
                -Infinity,
                -Infinity
        ],
        "Mfdm": [
                0.0,
                0.0,
                0.0
        ],
        "MMthetaE": 0.509223606974525,
        "projMMstar": [
                10.675945343991165,
                10.68218895998384,
                10.68560762370537
        ],
        "projMMdm": [
                8.826286431274355,
                9.183538929151549,
                9.488927940693705
        ],
        "projMMtotal": [
                10.69151238992563,
                10.695589040073292,
                10.703950077430704
        ],
        "projMfdm": [
                0.01366847054562142,
                0.0308066595809832,
                0.06083108229595593
        ],
        "Dstar": -1.0,
        "Ddm": -1.0,
        "Dtotal": -1.0,
        "Dfdm": -1.0,
        "projDstar": 0.4544205855143892,
        "projDdm": -0.9574977267675401,
        "projDtotal": -0.280748225273379,
        "projDfdm": -0.9408130531923906,
        "DthetaE": 0.04480235954081493
}