{
        "Reff": 0.9365665652080015,
        "R": 2.3414164130200037,
        "MthetaE": 0.46202702702702697,
        "Mstar": 10.640716130724963,
        "Mdm": 10.623906835986013,
        "Mbh": 8.274933815002441,
        "Mtotal": 10.933422799058757,
        "fdm": 0.4903249999115269,
        "projMstar": 10.720203291334967,
        "projMdm": 10.779935899085148,
        "projMtotal": 11.052125730909896,
        "projfdm": 0.5343307502741772,
        "MMstar": 10.724451765088661,
        "MMdm": 10.461863867705741,
        "MMbh": -Infinity,
        "MMtotal": 10.913738773879317,
        "Mfdm": 0.35328491503516063,
        "MMthetaE": 0.5400234219125003,
        "projMMstar": 10.742132086521815,
        "projMMdm": 10.693053807754595,
        "projMMtotal": 11.019315847318483,
        "projMfdm": 0.4717782992555159,
        "Dstar": 0.21265045585966605,
        "Ddm": -0.3114158342499642,
        "Dtotal": -0.04431234779197261,
        "Dfdm": -0.27948826778380353,
        "projDstar": 0.0517894134038184,
        "projDdm": -0.18131297280958397,
        "projDtotal": -0.07276435951229006,
        "projDfdm": -0.11706691218232196,
        "DthetaE": -0.1688134899539347
}