{
        "Reff": 0.9365665652080015,
        "R": 2.3414164130200037,
        "MthetaE": 0.46202702702702697,
        "Mstar": 10.640716130724963,
        "Mdm": 10.623906835986013,
        "Mbh": 8.274933815002441,
        "Mtotal": 10.933422799058757,
        "fdm": 0.4903249999115269,
        "projMstar": 10.720203291334967,
        "projMdm": 10.779935899085148,
        "projMtotal": 11.052125730909896,
        "projfdm": 0.5343307502741772,
        "MMstar": 10.724326431861334,
        "MMdm": 10.463297226120217,
        "MMbh": -Infinity,
        "MMtotal": 10.914164742184076,
        "Mfdm": 0.35410534640518293,
        "MMthetaE": 0.0,
        "projMMstar": 10.741970258241047,
        "projMMdm": 10.695514389268872,
        "projMMtotal": 11.020393188355216,
        "projMfdm": 0.47328332227335396,
        "Dstar": 0.21230054704680026,
        "Ddm": -0.3091394561593187,
        "Dtotal": -0.04337452247910657,
        "Dfdm": -0.2778150278507584,
        "projDstar": 0.051397565080724315,
        "projDdm": -0.1766613742652792,
        "projDtotal": -0.07046133908675883,
        "projDfdm": -0.11425026160201042,
        "DthetaE": 1.0,
        "PL_slope1": -2.16725524604353,
        "AV_slope1": 2.2154297118154234,
        "PL_slope2": -1.9457528154723278,
        "AV_slope2": 1.9697096176817346
}