{
        "Reff": 0.9842781252851374,
        "R": 1.2083783783783781,
        "MthetaE": 1.2083783783783781,
        "Mstar": 10.895234730204656,
        "Mdm": 10.600000777609383,
        "Mbh": 8.475809097290039,
        "Mtotal": 11.073266611131011,
        "fdm": 0.3363056522233072,
        "projMstar": 10.999048452312893,
        "projMdm": 10.872514045276716,
        "projMtotal": 11.241403360007325,
        "projfdm": 0.42767186967863274,
        "MMstar": 11.08602896738922,
        "MMdm": 9.610127236461668,
        "MMbh": -Infinity,
        "MMtotal": 11.100308799479846,
        "Mfdm": 0.03234584022487979,
        "MMthetaE": 1.2076949657346092,
        "projMMstar": 11.109842738480909,
        "projMMdm": 9.984580283625384,
        "projMMtotal": 11.141228625566914,
        "projMfdm": 0.06971908167787587,
        "Dstar": 0.5516516843257915,
        "Ddm": -0.8976408999559534,
        "Dtotal": 0.06424639650651671,
        "Dfdm": -0.9038201112260755,
        "projDstar": 0.29060780195842445,
        "projDdm": -0.8705606753478824,
        "projDtotal": -0.2059912917430548,
        "projDfdm": -0.8369799684738087,
        "DthetaE": 0.0005655617942171796
}