{
        "Reff": 0.33542414752571365,
        "R": 0.48572072072072064,
        "MthetaE": 0.48572072072072064,
        "Mstar": 10.193931422797494,
        "Mdm": 9.704516155365626,
        "Mbh": [
                7.912351131439209,
                6.072244644165039
        ],
        "Mtotal": 10.315829128814833,
        "fdm": 0.2447298965108559,
        "projMstar": 10.263860798608103,
        "projMdm": 9.965676135596594,
        "projMtotal": 10.440902574668815,
        "projfdm": 0.3347908352976755,
        "MMstar": -Infinity,
        "MMdm": -Infinity,
        "MMbh": -Infinity,
        "MMtotal": -Infinity,
        "Mfdm": 0.0,
        "MMthetaE": 0.5249657346094901,
        "projMMstar": 10.247605312872192,
        "projMMdm": 9.967066859816022,
        "projMMtotal": 10.430635071828512,
        "projMfdm": 0.34389969288989,
        "Dstar": -1.0,
        "Ddm": -1.0,
        "Dtotal": -1.0,
        "Dfdm": -1.0,
        "projDstar": -0.03673780870239848,
        "projDdm": 0.003207393570716516,
        "projDtotal": -0.023364521067247776,
        "projDfdm": 0.027207607353156582,
        "DthetaE": -0.0807974875573294
}