{
        "Reff": 0.41926087573428844,
        "R": 0.37909909909909906,
        "MthetaE": 0.37909909909909906,
        "Mstar": 10.136938839434904,
        "Mdm": 9.556086234548895,
        "Mbh": 8.278263092041016,
        "Mtotal": 10.23817398702835,
        "fdm": 0.20792765111354303,
        "projMstar": 10.290529101756526,
        "projMdm": 9.899801459426145,
        "projMtotal": 10.438730064546228,
        "projfdm": 0.28911551283478226,
        "MMstar": 10.199862117005743,
        "MMdm": 9.321533359645768,
        "MMbh": -Infinity,
        "MMtotal": 10.25383664179327,
        "Mfdm": 0.11686829761558794,
        "MMthetaE": 0.38191770523089374,
        "projMMstar": 10.228183368930763,
        "projMMdm": 9.853874041511435,
        "projMMtotal": 10.381195242683503,
        "projMfdm": 0.2969469020798659,
        "Dstar": 0.15590802153326802,
        "Ddm": -0.4172971729878062,
        "Dtotal": 0.03672281183041949,
        "Dfdm": -0.4379376817383,
        "projDstar": -0.13372801996000946,
        "projDdm": -0.10035207608977773,
        "projDtotal": -0.12407851683162262,
        "projDfdm": 0.02708740588942027,
        "DthetaE": -0.007435011421796824
}