{
        "Reff": 0.367224520196528,
        "R": 0.713063063063063,
        "MthetaE": 0.713063063063063,
        "Mstar": 10.452284376364998,
        "Mdm": 10.238318973238464,
        "Mbh": 8.265618324279785,
        "Mtotal": 10.659377408559873,
        "fdm": 0.37926395070350144,
        "projMstar": 10.499069571045958,
        "projMdm": 10.455822579532708,
        "projMtotal": 10.7790141649497,
        "projfdm": 0.475125581985932,
        "MMstar": [
                10.717295944321487,
                10.720577540286484,
                10.723798760586178
        ],
        "MMdm": [
                6.991049148936506,
                7.624658778245194,
                8.13436015142881
        ],
        "MMbh": -Infinity,
        "MMtotal": [
                10.718261468748564,
                10.721125086408982,
                10.724198698587195
        ],
        "Mfdm": [
                0.00018567654164474223,
                0.0008106836520554082,
                0.002614724352222202
        ],
        "MMthetaE": 0.7029446191885824,
        "projMMstar": [
                10.733211676612918,
                10.73643353126168,
                10.739780800790498
        ],
        "projMMdm": [
                7.47476401200828,
                8.116159894150965,
                8.602491431374276
        ],
        "projMMtotal": [
                10.735292512415613,
                10.737933143911532,
                10.740998296323017
        ],
        "projMfdm": [
                0.0005438001685696641,
                0.0023965797056999076,
                0.007349059100804717
        ],
        "Dstar": 0.85478324429965,
        "Ddm": -0.9975658922169942,
        "Dtotal": 0.15278330393311423,
        "Dfdm": -0.9978624816554497,
        "projDstar": 0.7272848355638045,
        "projDdm": -0.995425566540878,
        "projDtotal": -0.09025646298441388,
        "projDfdm": -0.9949559026148778,
        "DthetaE": 0.014190110803125005
}