{
        "Reff": 0.367224520196528,
        "R": 0.713063063063063,
        "MthetaE": 0.713063063063063,
        "Mstar": 10.452284376364998,
        "Mdm": 10.238318973238464,
        "Mbh": 8.265618324279785,
        "Mtotal": 10.659377408559873,
        "fdm": 0.37926395070350144,
        "projMstar": 10.499069571045958,
        "projMdm": 10.455822579532708,
        "projMtotal": 10.7790141649497,
        "projfdm": 0.475125581985932,
        "MMstar": [
                10.716802807484495,
                10.720440332059878,
                10.723873448662577
        ],
        "MMdm": [
                6.943039548912639,
                7.5757025790887464,
                8.17054652027807
        ],
        "MMbh": -Infinity,
        "MMtotal": [
                10.717855678213073,
                10.720923532106966,
                10.724248547969145
        ],
        "Mfdm": [
                0.0001664945491675101,
                0.0007168274520208804,
                0.002830434674813499
        ],
        "MMthetaE": 0.7029446191885824,
        "projMMstar": [
                10.732986582665559,
                10.73617873558951,
                10.73964737555102
        ],
        "projMMdm": [
                7.452482763017578,
                8.079159464276666,
                8.62929260646364
        ],
        "projMMtotal": [
                10.73516939550213,
                10.737782367056255,
                10.741051024599532
        ],
        "projMfdm": [
                0.0005172763945240368,
                0.0022077974999404077,
                0.00781255644970214
        ],
        "Dstar": 0.8541973484770925,
        "Ddm": -0.9978253788587189,
        "Dtotal": 0.15224842601907637,
        "Dfdm": -0.9981099509966839,
        "projDstar": 0.726271754251349,
        "projDdm": -0.9957991528021368,
        "projDtotal": -0.09057224977721605,
        "projDfdm": -0.9953532337898703,
        "DthetaE": 0.014190110803125005
}