{
        "Reff": 0.1711945002191585,
        "R": 0.42798625054789624,
        "MthetaE": 0.5568018018018017,
        "Mstar": 10.272768103513672,
        "Mdm": 9.918860506492777,
        "Mbh": 8.217829704284668,
        "Mtotal": 10.43193888232478,
        "fdm": 0.30684681811046544,
        "projMstar": 10.299456228808682,
        "projMdm": 10.106476541384401,
        "projMtotal": 10.514628207353143,
        "projfdm": 0.3907044286802383,
        "MMstar": [
                -Infinity,
                -Infinity,
                -Infinity
        ],
        "MMdm": [
                -Infinity,
                -Infinity,
                -Infinity
        ],
        "MMbh": -Infinity,
        "MMtotal": [
                -Infinity,
                -Infinity,
                -Infinity
        ],
        "Mfdm": [
                0.0,
                0.0,
                0.0
        ],
        "MMthetaE": 0.5762987595061156,
        "projMMstar": [
                10.13664492829898,
                10.143200848463259,
                10.151599796099104
        ],
        "projMMdm": [
                10.182362830064601,
                10.189471535346017,
                10.195176177644123
        ],
        "projMMtotal": [
                10.466267139361934,
                10.468124580698815,
                10.469894244549458
        ],
        "projMfdm": [
                0.5178219889988259,
                0.526740275341624,
                0.5332725264332656
        ],
        "Dstar": -1.0,
        "Ddm": -1.0,
        "Dtotal": -1.0,
        "Dfdm": -1.0,
        "projDstar": -0.30217806030255673,
        "projDdm": 0.21058417927280332,
        "projDtotal": -0.10154491017176324,
        "projDfdm": 0.34818096923267966,
        "DthetaE": -0.03501597451951858
}