{
        "Reff": 0.35973259940631414,
        "R": 0.8993314985157853,
        "Mstar": 10.278276772675927,
        "Mdm": 10.211023490954043,
        "Mbh": 8.0,
        "Mtotal": 10.546980653957114,
        "fdm": 0.46136307924665615,
        "MMstar": 10.454654881056966,
        "MMdm": 9.998507418576134,
        "MMbh": -Infinity,
        "MMtotal": 10.584932787678285,
        "Mfdm": 0.25916397408119524,
        "Dstar": 0.5009910697330194,
        "Ddm": -0.3869668954100229,
        "Dtotal": 0.09132004869303048,
        "Dfdm": -0.4382645995332458
}