{
        "Reff": 0.4869602608436852,
        "R": 1.217400652109213,
        "MthetaE": 0.0,
        "Mstar": 10.871967128271251,
        "Mdm": 10.636338659573704,
        "Mbh": 8.438713073730469,
        "Mtotal": 11.070970815358658,
        "fdm": 0.36759351767167864,
        "projMstar": 10.969620351737936,
        "projMdm": 10.902219596043672,
        "projMtotal": 11.238256200195426,
        "projfdm": 0.46127869442808966,
        "MMstar": [
                10.816890343223998,
                10.885992331253933,
                10.924971937831643
        ],
        "MMdm": [
                10.338053817755936,
                10.470358037884766,
                10.63306552104727
        ],
        "MMbh": -Infinity,
        "MMtotal": [
                11.015077629052355,
                11.02941036461167,
                11.045664766446857
        ],
        "Mfdm": [
                0.20564396219406053,
                0.27610740240370196,
                0.3902264607594574
        ],
        "MMthetaE": 0.0,
        "projMMstar": [
                10.829144669424016,
                10.897424740212768,
                10.936601249764017
        ],
        "projMMdm": [
                10.826143241219803,
                10.941564147262486,
                11.050144422277862
        ],
        "projMMtotal": [
                11.160142754916617,
                11.209901499894565,
                11.281326136737295
        ],
        "projMfdm": [
                0.44769053975846984,
                0.534477147584786,
                0.6086544850123997
        ],
        "Dstar": 0.032821340722973574,
        "Ddm": -0.3176308590831209,
        "Dtotal": -0.09126019994697596,
        "Dfdm": -0.2488784781827649,
        "projDstar": -0.1531541014814522,
        "projDdm": 0.09482461022296003,
        "projDtotal": -0.06320341325310604,
        "projDfdm": 0.15868596152582012,
        "DthetaE": 0,
        "PL_slope1": -3.6094693336342893,
        "AV_slope1": 3.2361586536107625,
        "PL_slope2": -1.5184823048197913,
        "AV_slope2": 1.5210144949606599
}