{
        "Reff": 1.0651673088178268,
        "R": 0.45018018018018013,
        "MthetaE": 0.45018018018018013,
        "Mstar": 10.307116544969112,
        "Mdm": 9.689914983895168,
        "Mbh": 8.30414867401123,
        "Mtotal": 10.401040182296704,
        "fdm": 0.19447993540979114,
        "projMstar": 10.389112670322442,
        "projMdm": 9.993272781079773,
        "projMtotal": 10.53584177711993,
        "projfdm": 0.286702185777595,
        "MMstar": 10.290208311548238,
        "MMdm": 9.70272457109092,
        "MMbh": -Infinity,
        "MMtotal": 10.390072975465317,
        "Mfdm": 0.20542419587756383,
        "MMthetaE": 0.458917242575832,
        "projMMstar": 10.322778129452928,
        "projMMdm": 10.069508868531242,
        "projMMtotal": 10.51538016125006,
        "projMfdm": 0.358202578099042,
        "Dstar": -0.03818451113002501,
        "Ddm": 0.029934455236871146,
        "Dtotal": -0.02493673895080927,
        "Dfdm": 0.05627449661946824,
        "projDstar": -0.1416479293925403,
        "projDdm": 0.19188975686425785,
        "projDtotal": -0.04602194570351459,
        "projDfdm": 0.24938907294174723,
        "DthetaE": -0.019407923272310522
}