{
        "Reff": 1.0651673088178268,
        "R": 0.45018018018018013,
        "MthetaE": 0.45018018018018013,
        "Mstar": 10.307116544969112,
        "Mdm": 9.689914983895168,
        "Mbh": 8.30414867401123,
        "Mtotal": 10.401040182296704,
        "fdm": 0.19447993540979114,
        "projMstar": 10.389112670322442,
        "projMdm": 9.993272781079773,
        "projMtotal": 10.53584177711993,
        "projfdm": 0.286702185777595,
        "MMstar": 10.291077444224946,
        "MMdm": 9.688589263043436,
        "MMbh": -Infinity,
        "MMtotal": 10.387901853029316,
        "Mfdm": 0.19984229568724166,
        "MMthetaE": 0.458917242575832,
        "projMMstar": 10.323603069654986,
        "projMMdm": 10.05552454585476,
        "projMMtotal": 10.51095824301076,
        "projMfdm": 0.3504017793361836,
        "Dstar": -0.03625774868649201,
        "Ddm": -0.0030479306700477837,
        "Dtotal": -0.029799105423682946,
        "Dfdm": 0.027572820127441014,
        "projDstar": -0.14001594443304194,
        "projDdm": 0.15412211985326654,
        "projDtotal": -0.05568591848176655,
        "projDfdm": 0.22218035549963558,
        "DthetaE": -0.019407923272310522
}