{
        "Reff": 0.3555664498963653,
        "R": 0.8889161247409133,
        "Mstar": 10.480429848580666,
        "Mdm": 10.351523516915575,
        "Mbh": 8.0,
        "Mtotal": 10.72177193583096,
        "fdm": 0.4263355826620924,
        "MMstar": 10.494182380639202,
        "MMdm": 10.501538319635042,
        "MMbh": -Infinity,
        "MMtotal": 10.798905919678385,
        "Mfdm": 0.5042343176395502,
        "Dstar": 0.032173089427382076,
        "Ddm": 0.41258569110912907,
        "Dtotal": 0.1943565176173721,
        "Dfdm": 0.1827169444573412
}