{
        "Reff": 0.3887227596360936,
        "R": 0.971806899090234,
        "Mstar": 10.491114360386403,
        "Mdm": 10.39640912297139,
        "Mbh": 8.361756017743174,
        "Mtotal": 10.749151676595535,
        "fdm": 0.4438716896277833,
        "MMstar": 10.449275075086808,
        "MMdm": 10.13479229923863,
        "MMbh": 8.79992358101948,
        "MMtotal": 10.627437316997367,
        "Mfdm": 0.32162883840859896,
        "Dstar": -0.09184346024816198,
        "Ddm": -0.4525011941575311,
        "Dtotal": -0.2444109762640207,
        "Dfdm": -0.2754013244721539
}