{
        "Reff": 0.9094395894549946,
        "R": 2.2735989736374864,
        "MthetaE": 0.46202702702702697,
        "Mstar": 10.63249087929843,
        "Mdm": 10.608043679512585,
        "Mbh": 8.274933815002441,
        "Mtotal": 10.921469274343053,
        "fdm": 0.4859307755243753,
        "projMstar": 10.714692474183407,
        "projMdm": 10.768149505668532,
        "projMtotal": 11.043272965876945,
        "projfdm": 0.5307335471058287,
        "MMstar": [
                10.71119909703182,
                10.728095581303142,
                10.74347797735578
        ],
        "MMdm": [
                10.301444257371909,
                10.39830537252923,
                10.488596563103217
        ],
        "MMbh": -Infinity,
        "MMtotal": [
                10.877349249628201,
                10.894990776118778,
                10.915934042208415
        ],
        "Mfdm": [
                0.2652068712808556,
                0.3193284035200864,
                0.3745182638252991
        ],
        "MMthetaE": 0.458917242575832,
        "projMMstar": [
                10.728313401911118,
                10.745844050580319,
                10.76110869652111
        ],
        "projMMdm": [
                10.572881539250202,
                10.66578660752754,
                10.767338705431643
        ],
        "projMMtotal": [
                10.976555962796134,
                11.009191675359656,
                11.049051969701784
        ],
        "projMfdm": [
                0.39353643059001786,
                0.452972353807489,
                0.5236545704312207
        ],
        "Dstar": 0.2462486532559673,
        "Ddm": -0.38303334425494234,
        "Dtotal": -0.05914758982579617,
        "Dfdm": -0.3428520694629924,
        "projDstar": 0.074364318917473,
        "projDdm": -0.20998179014322532,
        "projDtotal": -0.07547489332706574,
        "projDfdm": -0.1465164463832809,
        "DthetaE": 0.006730741426979472,
        "PL_slope1": -2.2118866393519654,
        "AV_slope1": 2.316475051372007,
        "PL_slope2": -1.9319112061382715,
        "AV_slope2": 1.9500008899313257
}