{
        "Reff": 1.1035545250518053,
        "R": 2.7588863126295133,
        "MthetaE": 0.6634234234234233,
        "Mstar": 10.900020863315055,
        "Mdm": 10.946236990033489,
        "Mbh": 8.336731910705566,
        "Mtotal": 11.22477340265395,
        "fdm": 0.526579062991917,
        "projMstar": 10.958959151544681,
        "projMdm": 11.188491183100519,
        "projMtotal": 11.389745840450614,
        "projfdm": 0.629137167379847,
        "MMstar": [
                10.897179964678989,
                10.936608698305335,
                10.970396726088751
        ],
        "MMdm": [
                10.83627295275738,
                10.927653686969604,
                11.008597723745595
        ],
        "MMbh": -Infinity,
        "MMtotal": [
                11.209259165500901,
                11.233749224495371,
                11.257967298164486
        ],
        "Mfdm": [
                0.42258589283535947,
                0.49504909876237935,
                0.5649774564978405
        ],
        "MMthetaE": 0.6553516178469189,
        "projMMstar": [
                10.921412134169262,
                10.9594145104933,
                10.994609263324891
        ],
        "projMMdm": [
                11.202510041006892,
                11.30003466238808,
                11.378442699249941
        ],
        "projMMtotal": [
                11.413835235933005,
                11.462532567400766,
                11.509088125082572
        ],
        "projMfdm": [
                0.6187910586165773,
                0.6854278119365718,
                0.7420267771274057
        ],
        "Dstar": 0.08789713990230455,
        "Ddm": -0.04188707925238823,
        "Dtotal": 0.02088264727374131,
        "Dfdm": -0.05987698039187265,
        "projDstar": 0.001049052598198557,
        "projDdm": 0.2928361263056734,
        "projDtotal": 0.18246073107966282,
        "projDfdm": 0.0894727691755314,
        "DthetaE": 0.012166898682672369
}