{
        "Reff": 1.1035545250518053,
        "R": 2.7588863126295133,
        "MthetaE": 0.6634234234234233,
        "Mstar": 10.900020863315055,
        "Mdm": 10.946236990033489,
        "Mbh": 8.336731910705566,
        "Mtotal": 11.22477340265395,
        "fdm": 0.526579062991917,
        "projMstar": 10.958959151544681,
        "projMdm": 11.188491183100519,
        "projMtotal": 11.389745840450614,
        "projfdm": 0.629137167379847,
        "MMstar": [
                10.894480557056394,
                10.935636836831844,
                10.966548557024835
        ],
        "MMdm": [
                10.847334439059106,
                10.933238917824713,
                11.01148349324857
        ],
        "MMbh": -Infinity,
        "MMtotal": [
                11.21205270540962,
                11.234527497929541,
                11.258622768571792
        ],
        "Mfdm": [
                0.4312563233822989,
                0.4978816555570157,
                0.566365706329573
        ],
        "MMthetaE": 0.6553516178469189,
        "projMMstar": [
                10.91895284166844,
                10.958434905657699,
                10.990795684991308
        ],
        "projMMdm": [
                11.215229269656872,
                11.302744017216881,
                11.379675185235222
        ],
        "projMMtotal": [
                11.420243377966337,
                11.464669632099417,
                11.510324694049427
        ],
        "projMfdm": [
                0.6286239755840204,
                0.6909190419864137,
                0.7442267688992038
        ],
        "Dstar": 0.0854653724032808,
        "Ddm": -0.029485724745020744,
        "Dtotal": 0.022713750853757278,
        "Dfdm": -0.054497813247356267,
        "projDstar": -0.0012063924872305427,
        "projDdm": 0.3009267208167226,
        "projDtotal": 0.18829369186355135,
        "projDfdm": 0.09820096126869796,
        "DthetaE": 0.012166898682672369,
        "PL_slope1": -2.1140004047623475,
        "AV_slope1": 2.0906701057857884,
        "PL_slope2": -1.8377624894436928,
        "AV_slope2": 1.8204130793445743
}