{
        "Reff": 0.3555664498963653,
        "R": 0.8889161247409133,
        "Mstar": 10.480429848580666,
        "Mdm": 10.351523516915575,
        "Mbh": 8.265618324279785,
        "Mtotal": 10.72177193583096,
        "fdm": 0.4263355826620924,
        "MMstar": 10.502730102278008,
        "MMdm": 10.470727656727904,
        "MMbh": -Infinity,
        "MMtotal": 10.78805358444066,
        "Mfdm": 0.48158624291473784,
        "Dstar": 0.05268940932107324,
        "Ddm": 0.3158431980089828,
        "Dtotal": 0.16488123315107037,
        "Dfdm": 0.12959429730836308
}