{
        "Reff": 0.3129603324922881,
        "R": 0.7824008312307202,
        "MthetaE": 0.45018018018018013,
        "Mstar": 10.273399770015239,
        "Mdm": 10.022244869721614,
        "Mbh": 8.01979923248291,
        "Mtotal": 10.466760355017644,
        "fdm": 0.35932258444479737,
        "projMstar": 10.311296349477995,
        "projMdm": 10.185498404817997,
        "projMtotal": 10.553966374268237,
        "projfdm": 0.4280869911502228,
        "MMstar": [
                -Infinity,
                -Infinity,
                -Infinity
        ],
        "MMdm": [
                -Infinity,
                -Infinity,
                -Infinity
        ],
        "MMbh": -Infinity,
        "MMtotal": [
                -Infinity,
                -Infinity,
                -Infinity
        ],
        "Mfdm": [
                0.0,
                0.0,
                0.0
        ],
        "MMthetaE": 0.4500195182604169,
        "projMMstar": [
                10.431853062836806,
                10.435523997768248,
                10.437604107598135
        ],
        "projMMdm": [
                8.48396620681172,
                8.799651914096511,
                9.072305119561761
        ],
        "projMMtotal": [
                10.44228308522192,
                10.44535430288973,
                10.45060800265856
        ],
        "projMfdm": [
                0.01095825043283192,
                0.02262447331444804,
                0.0418945328349034
        ],
        "Dstar": -1.0,
        "Ddm": -1.0,
        "Dtotal": -1.0,
        "Dfdm": -1.0,
        "projDstar": 0.33115199780152044,
        "projDdm": -0.9588704924865855,
        "projDtotal": -0.2212681661526245,
        "projDfdm": -0.947149822858063,
        "DthetaE": 0.00035688359202955825
}