{
        "Reff": 0.33542414752571365,
        "R": 0.48572072072072064,
        "MthetaE": 0.48572072072072064,
        "Mstar": 10.193931422797494,
        "Mdm": 9.704516155365626,
        "Mbh": [
                7.912351131439209,
                6.072244644165039
        ],
        "Mtotal": 10.315829128814833,
        "fdm": 0.2447298965108559,
        "projMstar": 10.263860798608103,
        "projMdm": 9.965676135596594,
        "projMtotal": 10.440902574668815,
        "projfdm": 0.3347908352976755,
        "MMstar": 10.243560769733753,
        "MMdm": 9.532945587006267,
        "MMbh": -Infinity,
        "MMtotal": 10.32082270803019,
        "Mfdm": 0.16297570897388533,
        "MMthetaE": 0.48492597519012226,
        "projMMstar": 10.268230485604697,
        "projMMdm": 9.892021022421522,
        "projMMtotal": 10.420678987218977,
        "projMfdm": 0.2960343011716694,
        "Dstar": 0.12106126470568042,
        "Ddm": -0.3263575733466303,
        "Dtotal": 0.01156449877213098,
        "Dfdm": -0.33405884897002786,
        "projDstar": 0.010112363988967274,
        "projDdm": -0.15599525774777706,
        "projDtotal": -0.04549894544158775,
        "projDfdm": -0.11576342611513295,
        "DthetaE": 0.001636219120771968
}