{
        "Reff": 1.1035545250518053,
        "R": 0.6634234234234233,
        "MthetaE": 0.6634234234234233,
        "Mstar": 10.522028515683154,
        "Mdm": 10.064407877741875,
        "Mbh": 8.336731910705566,
        "Mtotal": 10.6519251077602,
        "fdm": 0.25851322760668544,
        "projMstar": 10.610449633395211,
        "projMdm": 10.389287224511984,
        "projMtotal": 10.814827120951854,
        "projfdm": 0.37537046949957625,
        "MMstar": 10.55143925066103,
        "MMdm": 9.541661359604737,
        "MMbh": -Infinity,
        "MMtotal": 10.591952077811937,
        "Mfdm": 0.08906545313570857,
        "MMthetaE": 0.6491916548593238,
        "projMMstar": 10.604466742137427,
        "projMMdm": 10.205504403121543,
        "projMMtotal": 10.750302928917296,
        "projMfdm": 0.2852341194499772,
        "Dstar": 0.07006641852378363,
        "Ddm": -0.6999086468191705,
        "Dtotal": -0.12898232079469202,
        "Dfdm": -0.6554704223057511,
        "projDstar": -0.013681659779218019,
        "projDdm": -0.3450363786952389,
        "projDtotal": -0.13806243618962497,
        "projDfdm": -0.2401263748045072,
        "DthetaE": 0.021452013995315607
}