{
        "Reff": 0.1904463053422028,
        "R": 0.476115763355507,
        "Mstar": 10.284227498945285,
        "Mdm": 9.978452896272955,
        "Mbh": 8.361756017743174,
        "Mtotal": 10.46220289617113,
        "fdm": 0.328284214393517,
        "MMstar": 10.290985620708506,
        "MMdm": 8.886444167565806,
        "MMbh": 8.41581495991346,
        "MMtotal": 10.313301199812981,
        "Mfdm": 0.03742337640362882,
        "Dstar": 0.015682855601314723,
        "Ddm": -0.9190920362345727,
        "Dtotal": -0.2902615991555239,
        "Dfdm": -0.8860031193617823
}