{
        "Reff": 0.1711945002191585,
        "R": 0.42798625054789624,
        "Mstar": 10.272765887623335,
        "Mdm": 9.918860506492777,
        "Mbh": 8.0,
        "Mtotal": 10.431937346374543,
        "fdm": 0.306847903324061,
        "MMstar": 10.282352749086986,
        "MMdm": 9.728450774190271,
        "MMbh": -Infinity,
        "MMtotal": 10.389331063344418,
        "Mfdm": 0.2183331652069208,
        "Dstar": 0.022320010199167694,
        "Ddm": -0.3549546219922933,
        "Dtotal": -0.09344591966613842,
        "Dfdm": -0.2884645362026804
}