{
        "Reff": 0.3555664498963653,
        "R": 0.7108108108108108,
        "MthetaE": 0.7108108108108108,
        "Mstar": 10.451843296180769,
        "Mdm": 10.23681373681996,
        "Mbh": 8.265618324279785,
        "Mtotal": 10.658533039151479,
        "fdm": 0.3786872626768167,
        "projMstar": 10.498681972681283,
        "projMdm": 10.45430910397408,
        "projMtotal": 10.778091997453737,
        "projfdm": 0.4744791210545737,
        "MMstar": [
                10.607031566751088,
                10.611504203727746,
                10.619956646418897
        ],
        "MMdm": [
                9.799664848962383,
                9.84521189957186,
                9.89220562037587
        ],
        "MMbh": -Infinity,
        "MMtotal": [
                10.674888729919275,
                10.681779785218245,
                10.689553987683137
        ],
        "Mfdm": [
                0.13249545022154757,
                0.14597715889508658,
                0.1606519006330532
        ],
        "MMthetaE": 0.7258489720382846,
        "projMMstar": [
                10.621013572898743,
                10.625327500264198,
                10.634036721210105
        ],
        "projMMdm": [
                10.202209637901285,
                10.246552552084824,
                10.275102636938335
        ],
        "projMMtotal": [
                10.766801322905026,
                10.77882932662148,
                10.785793266636901
        ],
        "projMfdm": [
                0.27169857789033197,
                0.29390642604460204,
                0.30970977799934113
        ],
        "Dstar": 0.44431162742235114,
        "Ddm": -0.5941195223866387,
        "Dtotal": 0.0549861205386519,
        "Dfdm": -0.6145179062447951,
        "projDstar": 0.3385836855402992,
        "projDdm": -0.380211593699025,
        "projDtotal": 0.0016992051660854337,
        "projDfdm": -0.38057037074388467,
        "DthetaE": -0.021156348494925137
}