{
        "Reff": 0.40810977250075836,
        "R": 1.0202744312518959,
        "thetaE": 0.3615318551809074,
        "Mstar": 10.364938806152935,
        "Mdm": 10.152496114847926,
        "Mbh": 8.0,
        "Mtotal": 10.572609976674574,
        "fdm": 0.38008973264361234,
        "MMstar": 10.468806785259153,
        "MMdm": 9.727381165811275,
        "MMbh": -Infinity,
        "MMtotal": 10.541194093955822,
        "Mfdm": 0.15352781597142753,
        "Dstar": 0.27018792292297766,
        "Ddm": -0.6242620591689424,
        "Dtotal": -0.0697833316334242,
        "Dfdm": -0.596074813956152
}