{
        "Reff": 0.3555664498963653,
        "R": 0.6995195560711089,
        "thetaE": 0.6995195560711089,
        "Mstar": 10.449646336801347,
        "Mdm": 10.228114172797197,
        "Mbh": 8.265618324279785,
        "Mtotal": 10.653885066108016,
        "fdm": 0.37517086680677103,
        "MMstar": 10.717918565721018,
        "MMdm": 7.621229338982839,
        "MMbh": -Infinity,
        "MMtotal": 10.718266038939039,
        "Mfdm": 0.000799766668051372,
        "Dstar": 0.8546938373273498,
        "Ddm": -0.9975276203164037,
        "Dtotal": 0.15979430754504184,
        "Dfdm": -0.9978682602013891
}