{
        "Reff": 0.9365583424776649,
        "R": 2.341395856194162,
        "MthetaE": 0.533108108108108,
        "Mstar": 10.604333704610394,
        "Mdm": 10.634934192831413,
        "Mbh": 8.183881759643555,
        "Mtotal": 10.920933403323664,
        "fdm": 0.5176077729134222,
        "projMstar": 10.682572097391489,
        "projMdm": 10.838119149014558,
        "projMtotal": 11.068302560459982,
        "projfdm": 0.5885950271362097,
        "MMstar": -Infinity,
        "MMdm": -Infinity,
        "MMbh": -Infinity,
        "MMtotal": -Infinity,
        "Mfdm": 0.0,
        "MMthetaE": 0.5249657346094901,
        "projMMstar": 10.574323304910191,
        "projMMdm": 11.213272549607098,
        "projMMtotal": 11.30305113267026,
        "projMfdm": 0.81324502829046,
        "Dstar": -1.0,
        "Ddm": -1.0,
        "Dtotal": -1.0,
        "Dfdm": -1.0,
        "projDstar": -0.22061649958657967,
        "projDdm": 1.3722114652910589,
        "projDtotal": 0.7169141196238875,
        "projDfdm": 0.3816715921765049,
        "DthetaE": 0.015273400225544362
}