{
        "Reff": 0.6860226179383073,
        "R": 1.0899099099099099,
        "MthetaE": 1.0899099099099099,
        "Mstar": 10.742246908926605,
        "Mdm": 10.494685451500338,
        "Mbh": 8.453516006469727,
        "Mtotal": 10.936902124158186,
        "fdm": 0.36122959761691914,
        "projMstar": 10.856106322719304,
        "projMdm": 10.77867479018461,
        "projMtotal": 11.120143955811441,
        "projfdm": 0.45554452811787544,
        "MMstar": [
                10.848539249412664,
                10.85377775883355,
                10.865177402189307
        ],
        "MMdm": [
                10.048932038031788,
                10.08120995814391,
                10.104276011372876
        ],
        "MMbh": -Infinity,
        "MMtotal": [
                10.917804497803578,
                10.922496325225367,
                10.929160751148808
        ],
        "Mfdm": [
                0.13272745397034902,
                0.14442738686894208,
                0.15221509470124356
        ],
        "MMthetaE": 1.0875756874765057,
        "projMMstar": [
                10.86956755609123,
                10.874742677609847,
                10.886366989965675
        ],
        "projMMdm": [
                10.576722478983559,
                10.603908044938727,
                10.616703397685466
        ],
        "projMMtotal": [
                11.058607793600023,
                11.060834872631794,
                11.062963388103988
        ],
        "projMfdm": [
                0.3294977912061916,
                0.3489455196336546,
                0.3578370685175649
        ],
        "Dstar": 0.2927985308887626,
        "Ddm": -0.6140558107170245,
        "Dtotal": -0.032626467007467165,
        "Dfdm": -0.6001784244099896,
        "projDstar": 0.04384581623866836,
        "projDdm": -0.3312970259047003,
        "projDtotal": -0.12764969585718838,
        "projDfdm": -0.23400348792387987,
        "DthetaE": 0.0021416654827894365
}