{
        "Reff": 0.2351342034821731,
        "R": 0.5878355087054328,
        "Mstar": 10.050720464297624,
        "Mdm": 9.733344266485139,
        "Mbh": 7.900820732116699,
        "Mtotal": 10.22143106152323,
        "fdm": 0.32502233421827237,
        "MMstar": 10.041188609980875,
        "MMdm": 9.295604256726296,
        "MMbh": -Infinity,
        "MMtotal": 10.11294001930278,
        "Mfdm": 0.15228749305905198,
        "Dstar": -0.02170880284034874,
        "Ddm": -0.6350276278768511,
        "Dtotal": -0.22105111897372096,
        "Dfdm": -0.5314552969865092
}