{
        "Reff": 0.5148342648334497,
        "R": 1.2870856620836244,
        "MthetaE": 0.5804954954954954,
        "Mstar": 10.485052405687021,
        "Mdm": 10.343082781744615,
        "Mbh": 8.260486602783203,
        "Mtotal": 10.72087312472932,
        "fdm": 0.41899578782519636,
        "projMstar": 10.567427798541386,
        "projMdm": 10.56775212156492,
        "projMtotal": 10.868619985991932,
        "projfdm": 0.5001866953311498,
        "MMstar": 10.441647771994026,
        "MMdm": 10.35825837295487,
        "MMbh": -Infinity,
        "MMtotal": 10.702981463258256,
        "Mfdm": 0.45214414327216657,
        "MMthetaE": 0.5694543561865656,
        "projMMstar": 10.460886242202045,
        "projMMdm": 10.728583289304643,
        "projMMtotal": 10.91607217091318,
        "projMfdm": 0.6493982566357304,
        "Dstar": -0.09511088034659348,
        "Ddm": 0.03556077346061418,
        "Dtotal": -0.04036000781322126,
        "Dfdm": 0.0791138154849413,
        "projDstar": -0.2175466691333054,
        "projDdm": 0.4482087520113093,
        "projDtotal": 0.11545533486781728,
        "projDfdm": 0.2983117357925618,
        "DthetaE": 0.019020198080099457
}