{
        "Reff": 0.9662426539989696,
        "R": 2.415606634997424,
        "MthetaE": 0.45018018018018013,
        "Mstar": 10.5918964286169,
        "Mdm": 10.646142705336276,
        "Mbh": 8.30414867401123,
        "Mtotal": 10.920895977836436,
        "fdm": 0.5311861312447683,
        "projMstar": 10.67843889325413,
        "projMdm": 10.847396843209468,
        "projMtotal": 11.07211299151808,
        "projfdm": 0.5960515911979375,
        "MMstar": 10.627718023647816,
        "MMdm": 10.679275025138566,
        "MMbh": -Infinity,
        "MMtotal": 10.9552911409233,
        "Mfdm": 0.5296437895234217,
        "MMthetaE": 0.4500195182604169,
        "projMMstar": 10.64854245386121,
        "projMMdm": 11.009060242847928,
        "projMMtotal": 11.166213383789785,
        "projMfdm": 0.696380912939133,
        "Dstar": 0.08597941964110323,
        "Ddm": 0.07927550321583965,
        "Dtotal": 0.0824183922109791,
        "Dfdm": -0.002903580554206698,
        "projDstar": -0.06652313154410065,
        "projDdm": 0.4509865930950285,
        "projDtotal": 0.24193936328745877,
        "projDfdm": 0.1683232176925403,
        "DthetaE": 0.00035688359202955825
}