{
        "Reff": 0.4021615124324089,
        "R": 1.0054037810810221,
        "MthetaE": 0.45018018018018013,
        "Mstar": 10.34766963459026,
        "Mdm": 10.06055109759499,
        "Mbh": 8.139239311218262,
        "Mtotal": 10.528447734250646,
        "fdm": 0.3404892174779608,
        "projMstar": 10.4017277629554,
        "projMdm": 10.197305195536327,
        "projMtotal": 10.612464774462895,
        "projfdm": 0.38445049204016374,
        "MMstar": [
                10.373825992706436,
                10.402905268961412,
                10.433249313280909
        ],
        "MMdm": [
                9.579963023784194,
                9.768580249673262,
                9.900427733887263
        ],
        "MMbh": -Infinity,
        "MMtotal": [
                10.486918425702418,
                10.49336655162585,
                10.500163781321174
        ],
        "Mfdm": [
                0.12318272242249712,
                0.18853279280548157,
                0.2520566995913401
        ],
        "MMthetaE": 0.458917242575832,
        "projMMstar": [
                10.40523773366608,
                10.433173071339956,
                10.464435725922005
        ],
        "projMMdm": [
                9.848766844068354,
                10.051970238650652,
                10.17789698447
        ],
        "projMMtotal": [
                10.557114827574228,
                10.582820928031804,
                10.609369213900811
        ],
        "projMfdm": [
                0.19392854233910256,
                0.2943474861415281,
                0.37192430272009963
        ],
        "Dstar": 0.13562680352927262,
        "Ddm": -0.4894607311544237,
        "Dtotal": -0.07760101291378971,
        "Dfdm": -0.4462885074541753,
        "projDstar": 0.07509120337624178,
        "projDdm": -0.28440871442950266,
        "projDtotal": -0.06598004780773048,
        "projDfdm": -0.234368293874423,
        "DthetaE": -0.019407923272310522
}