{
        "Reff": 0.4021615124324089,
        "R": 1.0054037810810221,
        "MthetaE": 0.45018018018018013,
        "Mstar": 10.34766963459026,
        "Mdm": 10.06055109759499,
        "Mbh": 8.139239311218262,
        "Mtotal": 10.528447734250646,
        "fdm": 0.3404892174779608,
        "projMstar": 10.4017277629554,
        "projMdm": 10.197305195536327,
        "projMtotal": 10.612464774462895,
        "projfdm": 0.38445049204016374,
        "MMstar": [
                10.372327240519773,
                10.404648509165373,
                10.43104420828403
        ],
        "MMdm": [
                9.590921759706617,
                9.762111106321218,
                9.904237820923038
        ],
        "MMbh": -Infinity,
        "MMtotal": [
                10.487292829686236,
                10.493559115910601,
                10.499672261807751
        ],
        "Mfdm": [
                0.12649985194976104,
                0.18502760025111537,
                0.2525031366487503
        ],
        "MMthetaE": 0.48492597519012226,
        "projMMstar": [
                10.403258673869065,
                10.434913618009617,
                10.46194301005618
        ],
        "projMMdm": [
                9.875987421443165,
                10.046416417629235,
                10.184930342223119
        ],
        "projMMtotal": [
                10.558084401720066,
                10.584428141980407,
                10.610497669395526
        ],
        "projMfdm": [
                0.2061535470116169,
                0.28816590341727544,
                0.3774111129033344
        ],
        "Dstar": 0.14019432363890258,
        "Ddm": -0.4970092381026311,
        "Dtotal": -0.07719193452887083,
        "Dfdm": -0.45658308471077547,
        "projDstar": 0.07940855313871067,
        "projDdm": -0.29350153582434835,
        "projDtotal": -0.06251707253925738,
        "projDfdm": -0.25044730236118257,
        "DthetaE": -0.07718197410653545
}