{
        "Reff": 0.3939136227063193,
        "R": 0.9847840567657983,
        "MthetaE": 0.0,
        "Mstar": 10.342989362034055,
        "Mdm": 10.05084423957988,
        "Mbh": 8.139239311218262,
        "Mtotal": 10.522062487644199,
        "fdm": 0.33789498956208713,
        "projMstar": 10.39835509943564,
        "projMdm": 10.18970749862652,
        "projMtotal": 10.607472654621885,
        "projfdm": 0.38215086240880686,
        "MMstar": [
                10.354247729426683,
                10.440531513059204,
                10.477569182151562
        ],
        "MMdm": [
                7.4958827024982,
                9.176672996169113,
                9.855021015667138
        ],
        "MMbh": -Infinity,
        "MMtotal": [
                10.449301403913413,
                10.474153297853096,
                10.498110806283291
        ],
        "Mfdm": [
                0.00110963553688209,
                0.05242108819778792,
                0.2395418367245507
        ],
        "MMthetaE": 0.0,
        "projMMstar": [
                10.379429912722964,
                10.470542914395866,
                10.507329391333055
        ],
        "projMMdm": [
                7.917844586323513,
                9.617426954662482,
                10.263522827273965
        ],
        "projMMtotal": [
                10.49368822039504,
                10.536672477430912,
                10.630423210264736
        ],
        "projMfdm": [
                0.0026446212328460946,
                0.1198239020886437,
                0.4432399375620058
        ],
        "Dstar": 0.2518207642552657,
        "Ddm": -0.8663931402550914,
        "Dtotal": -0.10444799568480598,
        "Dfdm": -0.8448598238591055,
        "projDstar": 0.18083118741707022,
        "projDdm": -0.732256179568656,
        "projDtotal": -0.1504287194667358,
        "projDfdm": -0.6864486937609949,
        "DthetaE": 0
}