{
        "Reff": 0.3939136227063193,
        "R": 0.9847840567657983,
        "MthetaE": 0.0,
        "Mstar": 10.342989362034055,
        "Mdm": 10.05084423957988,
        "Mbh": 8.139239311218262,
        "Mtotal": 10.522062487644199,
        "fdm": 0.33789498956208713,
        "projMstar": 10.39835509943564,
        "projMdm": 10.18970749862652,
        "projMtotal": 10.607472654621885,
        "projfdm": 0.38215086240880686,
        "MMstar": [
                10.349515130049346,
                10.439994272952521,
                10.47912181341306
        ],
        "MMdm": [
                7.441452478596824,
                9.223312159249476,
                9.87555913322946
        ],
        "MMbh": -Infinity,
        "MMtotal": [
                10.450713878431019,
                10.475800082996312,
                10.497620718121249
        ],
        "Mfdm": [
                0.0009521466058195592,
                0.05547764690663426,
                0.2481685285686961
        ],
        "MMthetaE": 0.0,
        "projMMstar": [
                10.379241562874377,
                10.470472305947382,
                10.508431327413195
        ],
        "projMMdm": [
                7.86872582210797,
                9.606728033378172,
                10.269233468580115
        ],
        "projMMtotal": [
                10.49414034003451,
                10.53577188001286,
                10.620670740432738
        ],
        "projMfdm": [
                0.0023926681825579364,
                0.11702513995462335,
                0.44946473982097923
        ],
        "Dstar": 0.2502731679862842,
        "Ddm": -0.8512462510937876,
        "Dtotal": -0.10104573887561231,
        "Dfdm": -0.8358139403649238,
        "projDstar": 0.18063922117265166,
        "projDdm": -0.7387715131821372,
        "projDtotal": -0.15218865187287622,
        "projDfdm": -0.6937724038695603,
        "DthetaE": 0,
        "PL_slope1": -2.8398894331348923,
        "AV_slope1": 2.833649857846578,
        "PL_slope2": -2.84958195399984,
        "AV_slope2": 2.8509824194422313
}