{
        "Reff": 0.3465146838858552,
        "R": 1.0543693693693692,
        "MthetaE": 1.0543693693693692,
        "Mstar": 11.051047526846789,
        "Mdm": 10.793390939483194,
        "Mbh": 8.772610664367676,
        "Mtotal": 11.242083096745356,
        "fdm": 0.355883491538148,
        "projMstar": 11.083819296434118,
        "projMdm": 11.030129712404289,
        "projMtotal": 11.35883364304146,
        "projfdm": 0.4691330928669549,
        "MMstar": 11.211826498906726,
        "MMdm": 10.257664205489274,
        "MMbh": -Infinity,
        "MMtotal": 11.257592011736351,
        "Mfdm": 0.10001662460766307,
        "MMthetaE": 1.0536958910447327,
        "projMMstar": 11.228561188497164,
        "projMMdm": 10.7049831752563,
        "projMMtotal": 11.34234327117844,
        "projMfdm": 0.2304835338539223,
        "Dstar": 0.4480347095097234,
        "Ddm": -0.7087450829334458,
        "Dtotal": 0.036355878034274224,
        "Dfdm": -0.7189624498304608,
        "projDstar": 0.3955387242694019,
        "projDdm": -0.5270083620861726,
        "projDtotal": -0.037258643667986514,
        "projDfdm": -0.5087033139244199,
        "DthetaE": 0.000638749895626525
}