{
        "Reff": 0.36422601544215016,
        "R": 0.9105650386053754,
        "MthetaE": 0.40279279279279273,
        "Mstar": 10.27293859069873,
        "Mdm": 10.113967989717644,
        "Mbh": 8.177248001098633,
        "Mtotal": 10.501716802955189,
        "fdm": 0.40949743592464155,
        "projMstar": 10.358796827178473,
        "projMdm": 10.355252888833848,
        "projMtotal": 10.658058468574506,
        "projfdm": 0.4979599564196837,
        "MMstar": [
                10.274778040061376,
                10.293450784745438,
                10.326260129798701
        ],
        "MMdm": [
                9.66573496131103,
                9.791742461957556,
                9.880866440228255
        ],
        "MMbh": -Infinity,
        "MMtotal": [
                10.395239456702505,
                10.415911273658068,
                10.435988046539157
        ],
        "Mfdm": [
                0.1826764177075344,
                0.23999650259844735,
                0.2824647918550663
        ],
        "MMthetaE": 0.38191770523089374,
        "projMMstar": [
                10.287763573008245,
                10.306480707609929,
                10.339357319043001
        ],
        "projMMdm": [
                10.020532121201121,
                10.146044254634504,
                10.2400909154893
        ],
        "projMMtotal": [
                10.499247914216355,
                10.537019508811206,
                10.572688099321098
        ],
        "projMfdm": [
                0.3288407796716265,
                0.4087372948098156,
                0.4665694261433913
        ],
        "Dstar": 0.048364228960541336,
        "Ddm": -0.5238163580810238,
        "Dtotal": -0.17928103201645257,
        "Dfdm": -0.4139242848821815,
        "projDstar": -0.11348950694620998,
        "projDdm": -0.3822804224003236,
        "projDtotal": -0.24323499602794954,
        "projDfdm": -0.17917637846098358,
        "DthetaE": 0.05182587160301471
}