{
        "Reff": 0.9662426539989696,
        "R": 2.415606634997424,
        "MthetaE": 0.45018018018018013,
        "Mstar": 10.5918964286169,
        "Mdm": 10.646142705336276,
        "Mbh": 8.30414867401123,
        "Mtotal": 10.920895977836436,
        "fdm": 0.5311861312447683,
        "projMstar": 10.67843889325413,
        "projMdm": 10.847396843209468,
        "projMtotal": 11.07211299151808,
        "projfdm": 0.5960515911979375,
        "MMstar": [
                10.54637072121881,
                10.589127461173215,
                10.62177050602116
        ],
        "MMdm": [
                10.652245808872106,
                10.703528855211532,
                10.763338547254682
        ],
        "MMbh": -Infinity,
        "MMtotal": [
                10.933580777137324,
                10.952427126631715,
                10.97267735295334
        ],
        "Mfdm": [
                0.5201274588068462,
                0.5644331354912226,
                0.619369376463694
        ],
        "MMthetaE": 0.48492597519012226,
        "projMMstar": [
                10.56598726109632,
                10.609649487914462,
                10.64165130797953
        ],
        "projMMdm": [
                10.895263748284549,
                10.947336352699681,
                10.993777390174607
        ],
        "projMMtotal": [
                11.08379611581716,
                11.108025791279479,
                11.138082805379112
        ],
        "projMfdm": [
                0.6479757481507411,
                0.6832094657014335,
                0.723296920444715
        ],
        "Dstar": -0.006355500981185254,
        "Ddm": 0.141264083477146,
        "Dtotal": 0.07530372136880809,
        "Dfdm": 0.06259012103449337,
        "projDstar": -0.14648610707772336,
        "projDdm": 0.2587500751507307,
        "projDtotal": 0.0862075064930894,
        "projDfdm": 0.14622538684667735,
        "DthetaE": -0.07718197410653545
}