{
        "Reff": 0.42908660556761313,
        "R": 1.0727165139190329,
        "MthetaE": 0.533108108108108,
        "Mstar": 10.461121573211894,
        "Mdm": 10.349580676302088,
        "Mbh": 8.356976509094238,
        "Mtotal": 10.709952236130166,
        "fdm": 0.4361425316510598,
        "projMstar": 10.519498947164227,
        "projMdm": 10.555126770256264,
        "projMtotal": 10.838708097904357,
        "projfdm": 0.5204975293137197,
        "MMstar": 10.447980036861093,
        "MMdm": 10.194730980696884,
        "MMbh": -Infinity,
        "MMtotal": 10.640589306162491,
        "Mfdm": 0.35821327354434285,
        "MMthetaE": 0.48492597519012226,
        "projMMstar": 10.473993002798105,
        "projMMdm": 10.666074064841208,
        "projMMtotal": 10.881597361654517,
        "projMfdm": 0.6088028869360834,
        "Dstar": -0.0298062699257395,
        "Ddm": -0.299915754702461,
        "Dtotal": -0.1476125044392222,
        "Dfdm": -0.1786784192124263,
        "projDstar": -0.09947856313876426,
        "projDdm": 0.29106258242528,
        "projDtotal": 0.1037971382226705,
        "projDfdm": 0.16965567106302124,
        "DthetaE": 0.09037966631003672
}