{
        "Reff": 0.42908660556761313,
        "R": 1.0727165139190329,
        "MthetaE": 0.533108108108108,
        "Mstar": 10.461121573211894,
        "Mdm": 10.349580676302088,
        "Mbh": 8.356976509094238,
        "Mtotal": 10.709952236130166,
        "fdm": 0.4361425316510598,
        "projMstar": 10.519498947164227,
        "projMdm": 10.555126770256264,
        "projMtotal": 10.838708097904357,
        "projfdm": 0.5204975293137197,
        "MMstar": 10.449532235879769,
        "MMdm": 10.201608053660703,
        "MMbh": -Infinity,
        "MMtotal": 10.644056459129398,
        "Mfdm": 0.36103690251111054,
        "MMthetaE": 0.509223606974525,
        "projMMstar": 10.475534209386792,
        "projMMdm": 10.67213775601784,
        "projMMtotal": 10.885897473713325,
        "projMfdm": 0.6112801346005597,
        "Dstar": -0.02633252530273276,
        "Ddm": -0.2887416509597232,
        "Dtotal": -0.14078030569511354,
        "Dfdm": -0.172204322416412,
        "projDstar": -0.09627715214139185,
        "projDdm": 0.309215040027074,
        "projDtotal": 0.11478053203829859,
        "projDfdm": 0.1744150551618134,
        "DthetaE": 0.04480235954081493,
        "PL_slope1": -2.4190675830335846,
        "AV_slope1": 2.4023265432500587,
        "PL_slope2": -1.9035360290517591,
        "AV_slope2": 1.9167712570369015
}