{
        "Reff": 0.3939136227063193,
        "R": 0.9847840567657983,
        "MthetaE": 0.45018018018018013,
        "Mstar": 10.342989362034055,
        "Mdm": 10.05084423957988,
        "Mbh": 8.139239311218262,
        "Mtotal": 10.522062487644199,
        "fdm": 0.33789498956208713,
        "projMstar": 10.39835509943564,
        "projMdm": 10.18970749862652,
        "projMtotal": 10.607472654621885,
        "projfdm": 0.38215086240880686,
        "MMstar": [
                10.436861551735094,
                10.46445080059576,
                10.476255003980034
        ],
        "MMdm": [
                8.539318151790495,
                9.036245147485864,
                9.525728864642106
        ],
        "MMbh": -Infinity,
        "MMtotal": [
                10.47614274741329,
                10.48216474597418,
                10.489406735605144
        ],
        "Mfdm": [
                0.011433478208284335,
                0.036493237305192425,
                0.11065414629272259
        ],
        "MMthetaE": 0.458917242575832,
        "projMMstar": [
                10.46573928950022,
                10.493736512241941,
                10.505837689101172
        ],
        "projMMdm": [
                8.789249855682147,
                9.31067353363225,
                9.747364579491526
        ],
        "projMMtotal": [
                10.511796347770034,
                10.523336252438332,
                10.541761670778108
        ],
        "projMfdm": [
                0.01893359462450581,
                0.060772579474923503,
                0.1597583519206453
        ],
        "Dstar": 0.3227002589263887,
        "Ddm": -0.903305692396872,
        "Dtotal": -0.08777439465092587,
        "Dfdm": -0.891998288129434,
        "projDstar": 0.24560806869764223,
        "projDdm": -0.8678807696722918,
        "projDtotal": -0.1761206876924659,
        "projDfdm": -0.8409722822765427,
        "DthetaE": -0.019407923272310522
}