{
        "Reff": 0.9365583424776649,
        "R": 2.341395856194162,
        "MthetaE": 0.533108108108108,
        "Mstar": 10.604333704610394,
        "Mdm": 10.634934192831413,
        "Mbh": 8.183881759643555,
        "Mtotal": 10.920933403323664,
        "fdm": 0.5176077729134222,
        "projMstar": 10.682572097391489,
        "projMdm": 10.838119149014558,
        "projMtotal": 11.068302560459982,
        "projfdm": 0.5885950271362097,
        "MMstar": -Infinity,
        "MMdm": -Infinity,
        "MMbh": -Infinity,
        "MMtotal": -Infinity,
        "Mfdm": 0.0,
        "MMthetaE": 0.509223606974525,
        "projMMstar": 10.57537649102653,
        "projMMdm": 11.209261130662115,
        "projMMtotal": 11.299990049909901,
        "projMfdm": 0.8114674068090585,
        "Dstar": -1.0,
        "Ddm": -1.0,
        "Dtotal": -1.0,
        "Dfdm": -1.0,
        "projDstar": -0.2187241615406078,
        "projDdm": 1.3504010997252947,
        "projDtotal": 0.7048551641943082,
        "projDfdm": 0.3786514825944542,
        "DthetaE": 0.04480235954081493
}