{
        "Reff": 0.5148342648334497,
        "R": 1.2870856620836244,
        "MthetaE": 0.5804954954954954,
        "Mstar": 10.485052405687021,
        "Mdm": 10.343082781744615,
        "Mbh": 8.260486602783203,
        "Mtotal": 10.72087312472932,
        "fdm": 0.41899578782519636,
        "projMstar": 10.567427798541386,
        "projMdm": 10.56775212156492,
        "projMtotal": 10.868619985991932,
        "projfdm": 0.5001866953311498,
        "MMstar": [
                -Infinity,
                -Infinity,
                -Infinity
        ],
        "MMdm": [
                -Infinity,
                -Infinity,
                -Infinity
        ],
        "MMbh": -Infinity,
        "MMtotal": [
                -Infinity,
                -Infinity,
                -Infinity
        ],
        "Mfdm": [
                0.0,
                0.0,
                0.0
        ],
        "MMthetaE": 0.6491916548593238,
        "projMMstar": [
                10.467143722650142,
                10.48849174207115,
                10.509843591902975
        ],
        "projMMdm": [
                10.571635287619802,
                10.631551391251623,
                10.692148651703082
        ],
        "projMMtotal": [
                10.842568438854434,
                10.866780996714908,
                10.895158861438537
        ],
        "projMfdm": [
                0.5351573905788444,
                0.5816202067512172,
                0.6260832420495179
        ],
        "Dstar": -1.0,
        "Ddm": -1.0,
        "Dtotal": -1.0,
        "Dfdm": -1.0,
        "projDstar": -0.16619605894548875,
        "projDdm": 0.15824189460631088,
        "projDtotal": -0.004225476740502532,
        "projDfdm": 0.16280623251315018,
        "DthetaE": -0.11834055543392502
}