{
        "Reff": 1.0651673088178268,
        "R": 2.662918272044567,
        "MthetaE": 0.45018018018018013,
        "Mstar": 10.612306818530021,
        "Mdm": 10.69865953035891,
        "Mbh": 8.30414867401123,
        "Mtotal": 10.958655880836567,
        "fdm": 0.5495454918534951,
        "projMstar": 10.69460919516021,
        "projMdm": 10.891061977368723,
        "projMtotal": 11.104880306408544,
        "projfdm": 0.6111976432624749,
        "MMstar": 10.584175120737921,
        "MMdm": 10.856918282955998,
        "MMbh": -Infinity,
        "MMtotal": 11.042644654655424,
        "Mfdm": 0.6520390834887068,
        "MMthetaE": 0.458917242575832,
        "projMMstar": 10.606345435892814,
        "projMMdm": 11.121893065896401,
        "projMMtotal": 11.237539231293875,
        "projMfdm": 0.7662206188799023,
        "Dstar": -0.06272226131080408,
        "Ddm": 0.4396560696870762,
        "Dtotal": 0.21335748569396393,
        "Dfdm": 0.186506109420575,
        "projDstar": -0.18391341154154534,
        "projDdm": 0.7014966114399148,
        "projDtotal": 0.3572471078256968,
        "projDfdm": 0.2536380454445793,
        "DthetaE": -0.019407923272310522
}