{
        "Reff": 0.36353050538478376,
        "R": 0.4278378378378378,
        "MthetaE": 0.4278378378378378,
        "Mstar": 10.108536581208423,
        "Mdm": 9.694677603005696,
        "Mbh": 8.177248001098633,
        "Mtotal": 10.250175568093843,
        "fdm": 0.2782928413393706,
        "projMstar": 10.193281285115434,
        "projMdm": 9.966549646340582,
        "projMtotal": 10.39557661183205,
        "projfdm": 0.372368585045214,
        "MMstar": 10.119460809962089,
        "MMdm": 9.315295727890524,
        "MMbh": -Infinity,
        "MMtotal": 10.182785385284765,
        "Mfdm": 0.13567828413319435,
        "MMthetaE": 0.4025273296550601,
        "projMMstar": 10.140937378526049,
        "projMMdm": 9.659388893940307,
        "projMMtotal": 10.264773531553388,
        "projMfdm": 0.24809348651496868,
        "Dstar": 0.025472996633513455,
        "Ddm": -0.5825368700935825,
        "Dtotal": -0.14373179674034192,
        "Dfdm": -0.5124621837910004,
        "projDstar": -0.11354622582829965,
        "projDdm": -0.5070087086153798,
        "projDtotal": -0.2600592938121015,
        "projDfdm": -0.3337421670927355,
        "DthetaE": 0.059159115777812674
}