{
        "Reff": 0.4869602608436856,
        "R": 1.2388446542485791,
        "thetaE": 1.2388446542485791,
        "Mstar": 10.875649933405159,
        "Mdm": 10.646258415136826,
        "Mbh": 8.438713073730469,
        "Mtotal": 11.076956707214928,
        "fdm": 0.37093832617559075,
        "MMstar": 10.96764753019058,
        "MMdm": 10.414916436708667,
        "MMbh": -Infinity,
        "MMtotal": 11.074881756202045,
        "Mfdm": 0.21879363342305505,
        "Dstar": 0.23594059421722396,
        "Ddm": -0.41297307472466976,
        "Dtotal": -0.004766355972543433,
        "Dfdm": -0.41016169539869846
}