{
        "Reff": 0.16132178706696065,
        "R": 0.18954954954954953,
        "MthetaE": 0.18954954954954953,
        "Mstar": 9.345171940693744,
        "Mdm": 8.74601141403639,
        "Mbh": 7.548817157745361,
        "Mtotal": 9.442663397311287,
        "fdm": 0.20107034205073515,
        "projMstar": 9.585940106115428,
        "projMdm": 9.095671706651812,
        "projMtotal": 9.707629180051482,
        "projfdm": 0.24436698278553526,
        "MMstar": [
                9.604488614916866,
                9.65235835749951,
                9.693612778895139
        ],
        "MMdm": [
                8.229593438450094,
                8.436710236128704,
                8.638960818450443
        ],
        "MMbh": -Infinity,
        "MMtotal": [
                9.64443469206733,
                9.677606872476945,
                9.712235288036045
        ],
        "Mfdm": [
                0.03541501798085663,
                0.0575005316272645,
                0.09397767317813463
        ],
        "MMthetaE": 0.20156767776074946,
        "projMMstar": [
                9.673574794098112,
                9.721387897057678,
                9.762896208377043
        ],
        "projMMdm": [
                8.688222215927567,
                8.8594605273133,
                8.98927807790138
        ],
        "projMMtotal": [
                9.748228529060315,
                9.775200969120839,
                9.802997584665226
        ],
        "projMfdm": [
                0.07931569327564768,
                0.12063191873623567,
                0.16515746566145137
        ],
        "Dstar": 1.0285532700077586,
        "Ddm": -0.5094324444333607,
        "Dtotal": 0.7176848103632967,
        "Dfdm": -0.7140277823133376,
        "projDstar": 0.3659908521389936,
        "projDdm": -0.41951791540433425,
        "projDtotal": 0.16834684214829193,
        "projDfdm": -0.5063493547239714,
        "DthetaE": -0.06340362316745214
}