{
        "Reff": 0.16132178706696065,
        "R": 0.18954954954954953,
        "MthetaE": 0.18954954954954953,
        "Mstar": 9.345171940693744,
        "Mdm": 8.74601141403639,
        "Mbh": 7.548817157745361,
        "Mtotal": 9.442663397311287,
        "fdm": 0.20107034205073515,
        "projMstar": 9.585940106115428,
        "projMdm": 9.095671706651812,
        "projMtotal": 9.707629180051482,
        "projfdm": 0.24436698278553526,
        "MMstar": [
                9.604422844989612,
                9.652399381228953,
                9.692381886929272
        ],
        "MMdm": [
                8.234114101424186,
                8.447794642130942,
                8.654743280314182
        ],
        "MMbh": -Infinity,
        "MMtotal": [
                9.644407290252017,
                9.67986958209379,
                9.711368669638256
        ],
        "Mfdm": [
                0.035595345774153526,
                0.05850360583879608,
                0.09702753282366215
        ],
        "MMthetaE": 0.20156767776074946,
        "projMMstar": [
                9.673545755894715,
                9.721456618810642,
                9.761388548954278
        ],
        "projMMdm": [
                8.692373528309533,
                8.85715365403384,
                8.996234964390696
        ],
        "projMMtotal": [
                9.750023118481383,
                9.778288846578779,
                9.80321062204338
        ],
        "projMfdm": [
                0.08017949943292513,
                0.12021510224077483,
                0.17072663266094745
        ],
        "Dstar": 1.0287448974738027,
        "Ddm": -0.496750643660391,
        "Dtotal": 0.7266574418760482,
        "Dfdm": -0.7090391091887926,
        "projDstar": 0.36620702047025916,
        "projDdm": -0.4225931292541104,
        "projDtotal": 0.17668350788131662,
        "projDfdm": -0.5080550536310395,
        "DthetaE": -0.06340362316745214
}