{
        "Reff": 0.4081097725007585,
        "R": 0.37909909909909906,
        "MthetaE": 0.37909909909909906,
        "Mstar": 10.136938839434904,
        "Mdm": 9.556086234548895,
        "Mbh": 8.278263092041016,
        "Mtotal": 10.23817398702835,
        "fdm": 0.20792765111354303,
        "projMstar": 10.290529101756526,
        "projMdm": 9.899801459426145,
        "projMtotal": 10.438730064546228,
        "projfdm": 0.28911551283478226,
        "MMstar": 10.283269379525624,
        "MMdm": 9.001393983247501,
        "MMbh": -Infinity,
        "MMtotal": 10.305390216274933,
        "Mfdm": 0.04965966287990219,
        "MMthetaE": 0.38191770523089374,
        "projMMstar": 10.310949270931907,
        "projMMdm": 9.67661610342034,
        "projMMtotal": 10.401593663482672,
        "projMfdm": 0.18837464199002787,
        "Dstar": 0.40065294931598594,
        "Ddm": -0.7211903837294581,
        "Dtotal": 0.16739070015845875,
        "Dfdm": -0.7611685477426735,
        "projDstar": 0.04814210925452001,
        "projDdm": -0.40184375130265454,
        "projDtotal": -0.0819557835888684,
        "projDfdm": -0.3484450552548652,
        "DthetaE": -0.007435011421796824
}