{
        "Reff": 0.3465146838858552,
        "R": 1.0543693693693692,
        "MthetaE": 1.0543693693693692,
        "Mstar": 11.051047526846789,
        "Mdm": 10.793390939483194,
        "Mbh": 8.772610664367676,
        "Mtotal": 11.242083096745356,
        "fdm": 0.355883491538148,
        "projMstar": 11.083819296434118,
        "projMdm": 11.030129712404289,
        "projMtotal": 11.35883364304146,
        "projfdm": 0.4691330928669549,
        "MMstar": [
                11.198422905115489,
                11.204554729674308,
                11.216595099138893
        ],
        "MMdm": [
                10.374984142754977,
                10.421953007384467,
                10.469398642341226
        ],
        "MMbh": -Infinity,
        "MMtotal": [
                11.267216055084218,
                11.273217861696835,
                11.2793694131686
        ],
        "Mfdm": [
                0.12692131757342065,
                0.14137645423258574,
                0.15617978178728897
        ],
        "MMthetaE": 1.083811265650753,
        "projMMstar": [
                11.21595084630358,
                11.222093948445455,
                11.23423112277665
        ],
        "projMMdm": [
                10.694138390680232,
                10.737774586003551,
                10.756994933132967
        ],
        "projMMtotal": [
                11.342629395752104,
                11.345115390153785,
                11.347722432679173
        ],
        "projMfdm": [
                0.22410541480800106,
                0.24707316057974715,
                0.2579541671869989
        ],
        "Dstar": 0.4239908635144148,
        "Ddm": -0.574830533752417,
        "Dtotal": 0.07432273131206102,
        "Dfdm": -0.6027451185736407,
        "projDstar": 0.37491120721193893,
        "projDdm": -0.48991227380583063,
        "projDtotal": -0.03109377286928589,
        "projDfdm": -0.4733410106078009,
        "DthetaE": -0.027923702202192553
}