{
        "Reff": 0.3465146838858552,
        "R": 1.0543693693693692,
        "MthetaE": 1.0543693693693692,
        "Mstar": 11.051047526846789,
        "Mdm": 10.793390939483194,
        "Mbh": 8.772610664367676,
        "Mtotal": 11.242083096745356,
        "fdm": 0.355883491538148,
        "projMstar": 11.083819296434118,
        "projMdm": 11.030129712404289,
        "projMtotal": 11.35883364304146,
        "projfdm": 0.4691330928669549,
        "MMstar": [
                11.19864373789426,
                11.205018880360402,
                11.21649170420206
        ],
        "MMdm": [
                10.374984142754977,
                10.420077813286087,
                10.468728325789622
        ],
        "MMbh": -Infinity,
        "MMtotal": [
                11.267690459669002,
                11.273321576615057,
                11.27923881481541
        ],
        "Mfdm": [
                0.12692814515019624,
                0.14110724501516148,
                0.155939417682094
        ],
        "MMthetaE": 1.0800468438250006,
        "projMMstar": [
                11.21620650814925,
                11.222452605618182,
                11.23416176874835
        ],
        "projMMdm": [
                10.692426539422373,
                10.735783463182859,
                10.756409825045315
        ],
        "projMMtotal": [
                11.342630475521073,
                11.344829225741746,
                11.347545925487829
        ],
        "projMfdm": [
                0.2234173850236124,
                0.24597620797151568,
                0.2573081190140607
        ],
        "Dstar": 0.4255135622401165,
        "Ddm": -0.576662370320742,
        "Dtotal": 0.07457932356583889,
        "Dfdm": -0.6035015718057385,
        "projDstar": 0.37604713102045967,
        "projDdm": -0.4922455353926751,
        "projDtotal": -0.031731992244600105,
        "projDfdm": -0.47567926519889747,
        "DthetaE": -0.024353395689965272
}