{
        "Reff": 0.5423966499825412,
        "R": 1.355991624956353,
        "MthetaE": 0.6397297297297296,
        "Mstar": 10.513402181922052,
        "Mdm": 10.432306988216029,
        "Mbh": 8.265588760375977,
        "Mtotal": 10.775774685986606,
        "fdm": 0.45345302374030644,
        "projMstar": 10.611979249434077,
        "projMdm": 10.668755463077813,
        "projMtotal": 10.942324500904348,
        "projfdm": 0.5326365467736172,
        "MMstar": 10.586504301114214,
        "MMdm": 10.197756534583434,
        "MMbh": -Infinity,
        "MMtotal": 10.735278604843833,
        "Mfdm": 0.2900533793728527,
        "MMthetaE": 0.6365295087181563,
        "projMMstar": 10.612546050611822,
        "projMMdm": 10.584438481769471,
        "projMMtotal": 10.899749612653977,
        "projMfdm": 0.4838256281339366,
        "Dstar": 0.18331976661150784,
        "Ddm": -0.41729392430476814,
        "Dtotal": -0.08903032763430326,
        "Dfdm": -0.36034525256806554,
        "projDstar": 0.0013059599665637604,
        "projDdm": -0.1764631845127469,
        "projDtotal": -0.09338038327179632,
        "projDfdm": -0.09164019805878311,
        "DthetaE": 0.005002457855015387
}