{
        "Reff": 0.9662426539989696,
        "R": 2.415606634997424,
        "MthetaE": 0.45018018018018013,
        "Mstar": 10.5918964286169,
        "Mdm": 10.646142705336276,
        "Mbh": 8.30414867401123,
        "Mtotal": 10.920895977836436,
        "fdm": 0.5311861312447683,
        "projMstar": 10.67843889325413,
        "projMdm": 10.847396843209468,
        "projMtotal": 11.07211299151808,
        "projfdm": 0.5960515911979375,
        "MMstar": [
                10.610540943301533,
                10.629230099250252,
                10.649082249875907
        ],
        "MMdm": [
                10.599530814228006,
                10.652651248624815,
                10.702264441512318
        ],
        "MMbh": -Infinity,
        "MMtotal": [
                10.924911184011844,
                10.9423438576572,
                10.961186226515851
        ],
        "Mfdm": [
                0.47130957053609907,
                0.5139755402124396,
                0.5515877403825602
        ],
        "MMthetaE": 0.4500195182604169,
        "projMMstar": [
                10.631616188482832,
                10.649808830920328,
                10.669512322941122
        ],
        "projMMdm": [
                10.936792030851887,
                10.984078003664036,
                11.034237817912189
        ],
        "projMMtotal": [
                11.12165667246334,
                11.149544636284956,
                11.182742297937374
        ],
        "projMfdm": [
                0.6514271943515689,
                0.6840441286499506,
                0.7142037811289733
        ],
        "Dstar": 0.0897670452734831,
        "Ddm": 0.015099335053935417,
        "Dtotal": 0.05062536054396014,
        "Dfdm": -0.03240030192806018,
        "projDstar": -0.06379719572585206,
        "projDdm": 0.3698756955602278,
        "projDtotal": 0.1951753977422379,
        "projDfdm": 0.147625706820389,
        "DthetaE": 0.00035688359202955825
}