{
        "Reff": 0.1711945002191585,
        "R": 0.5568018018018017,
        "MthetaE": 0.5568018018018017,
        "Mstar": 10.29718412001835,
        "Mdm": 10.054040228274305,
        "Mbh": 8.217829704284668,
        "Mtotal": 10.493440279762195,
        "fdm": 0.3635799691958276,
        "projMstar": 10.317644882056662,
        "projMdm": 10.217508581624593,
        "projMtotal": 10.571486439761745,
        "projfdm": 0.44261093765245546,
        "MMstar": [
                10.168670700981194,
                10.193054045830504,
                10.216807673435373
        ],
        "MMdm": [
                10.048080921134781,
                10.090649077365976,
                10.1220196892909
        ],
        "MMbh": -Infinity,
        "MMtotal": [
                10.436175015521096,
                10.446066838764494,
                10.45277236858104
        ],
        "Mfdm": [
                0.4060739792464933,
                0.44135877331670736,
                0.47014770987074955
        ],
        "MMthetaE": 0.6365295087181563,
        "projMMstar": [
                10.175555750510773,
                10.200016359973157,
                10.224231639944911
        ],
        "projMMdm": [
                10.298172873763265,
                10.319462307995018,
                10.339534206591072
        ],
        "projMMtotal": [
                10.56269075789677,
                10.564759237761264,
                10.566974211016957
        ],
        "projMfdm": [
                0.5426210415236569,
                0.568265620775619,
                0.5934172339739828
        ],
        "Dstar": -0.2131899006412475,
        "Ddm": 0.0879497809899792,
        "Dtotal": -0.10334255459764899,
        "Dfdm": 0.21392488781192287,
        "projDstar": -0.2372688595805757,
        "projDdm": 0.2646015982952592,
        "projDtotal": -0.015370602738838878,
        "projDfdm": 0.2838942114481352,
        "DthetaE": -0.1431886654431738
}