{
        "Reff": 1.1035545250518053,
        "R": 2.7588863126295133,
        "MthetaE": 0.6634234234234233,
        "Mstar": 10.900020863315055,
        "Mdm": 10.946236990033489,
        "Mbh": 8.336731910705566,
        "Mtotal": 11.22477340265395,
        "fdm": 0.526579062991917,
        "projMstar": 10.958959151544681,
        "projMdm": 11.188491183100519,
        "projMtotal": 11.389745840450614,
        "projfdm": 0.629137167379847,
        "MMstar": 10.973205930800425,
        "MMdm": 10.843688940397191,
        "MMbh": -Infinity,
        "MMtotal": 11.214287777495262,
        "Mfdm": 0.4259917250004756,
        "MMthetaE": 0.6491916548593238,
        "projMMstar": 10.9974755406923,
        "projMMdm": 11.264683691922674,
        "projMMtotal": 11.45234404393661,
        "projMfdm": 0.6491419084492794,
        "Dstar": 0.18354579695074996,
        "Ddm": -0.21031852450969218,
        "Dtotal": -0.023854908389836664,
        "Dfdm": -0.1910203900244804,
        "projDstar": 0.09273886354205751,
        "projDdm": 0.19177016447203618,
        "projDtotal": 0.15504313569108552,
        "projDfdm": 0.03179710579291584,
        "DthetaE": 0.021452013995315607
}