{
        "Reff": 0.3129603324922881,
        "R": 0.7824008312307202,
        "MthetaE": 0.45018018018018013,
        "Mstar": 10.273399770015239,
        "Mdm": 10.022244869721614,
        "Mbh": 8.01979923248291,
        "Mtotal": 10.466760355017644,
        "fdm": 0.35932258444479737,
        "projMstar": 10.311296349477995,
        "projMdm": 10.185498404817997,
        "projMtotal": 10.553966374268237,
        "projfdm": 0.4280869911502228,
        "MMstar": [
                10.331989148140872,
                10.352260657435737,
                10.374478013603138
        ],
        "MMdm": [
                8.685048891787122,
                9.084896886141012,
                9.272688335437758
        ],
        "MMbh": -Infinity,
        "MMtotal": [
                10.364619950629555,
                10.374364747310846,
                10.391336574327006
        ],
        "Mfdm": [
                0.020192448504469114,
                0.05186703865263155,
                0.08042020934425864
        ],
        "MMthetaE": 0.4027931353555214,
        "projMMstar": [
                10.355775690040216,
                10.375319049001693,
                10.397499015591688
        ],
        "projMMdm": [
                9.308699804940519,
                9.700824401107226,
                9.855949603189067
        ],
        "projMMtotal": [
                10.430846883282609,
                10.457487224099372,
                10.481891311297588
        ],
        "projMfdm": [
                0.0765460285814209,
                0.17556804485942185,
                0.23721935654921522
        ],
        "Dstar": 0.1991151427998281,
        "Ddm": -0.8844813735365448,
        "Dtotal": -0.1916407872062164,
        "Dfdm": -0.8556532739717064,
        "projDstar": 0.15883792423181092,
        "projDdm": -0.6724134997584451,
        "projDtotal": -0.19920592748559454,
        "projDfdm": -0.5898776452241874,
        "DthetaE": 0.10526239694891172
}