{
        "Reff": 0.23513420348217307,
        "R": 0.29617117117117114,
        "MthetaE": 0.29617117117117114,
        "Mstar": 9.876642141429853,
        "Mdm": 9.343449316493516,
        "Mbh": 7.900820732116699,
        "Mtotal": 9.988226969854768,
        "fdm": 0.22658040390447187,
        "projMstar": 10.002798214419613,
        "projMdm": 9.58959111729185,
        "projMtotal": 10.14461871342537,
        "projfdm": 0.2785944137301345,
        "MMstar": [
                9.988734636140485,
                10.011459199738447,
                10.039228311345807
        ],
        "MMdm": [
                8.453638672532565,
                8.766578313985885,
                8.938868600414025
        ],
        "MMbh": -Infinity,
        "MMtotal": [
                10.022606842896028,
                10.037964020341,
                10.055399427197628
        ],
        "Mfdm": [
                0.025721505886292018,
                0.05323324686947685,
                0.07982113358322515
        ],
        "MMthetaE": 0.3247669375126507,
        "projMMstar": [
                10.017536945960618,
                10.040488096001278,
                10.068948538554459
        ],
        "projMMdm": [
                8.877103294499083,
                9.11791349031328,
                9.274714410296424
        ],
        "projMMtotal": [
                10.077214569140578,
                10.094694704962127,
                10.107147676311936
        ],
        "projMfdm": [
                0.06059493109315932,
                0.10790984303673981,
                0.15011968978238185
        ],
        "Dstar": 0.36400844226052453,
        "Ddm": -0.7350713066636695,
        "Dtotal": 0.12133931855175388,
        "Dfdm": -0.7650580281782867,
        "projDstar": 0.09066124542796195,
        "projDdm": -0.6624622329567081,
        "projDtotal": -0.1085930998244357,
        "projDfdm": -0.6126632921603783,
        "DthetaE": -0.0965514848335887
}