{
        "Reff": 0.9662426539989696,
        "R": 0.45018018018018013,
        "MthetaE": 0.45018018018018013,
        "Mstar": 10.307116544969112,
        "Mdm": 9.689914983895168,
        "Mbh": 8.30414867401123,
        "Mtotal": 10.401040182296704,
        "fdm": 0.19447993540979114,
        "projMstar": 10.389112670322442,
        "projMdm": 9.993272781079773,
        "projMtotal": 10.53584177711993,
        "projfdm": 0.286702185777595,
        "MMstar": [
                10.32356715983616,
                10.344250576735124,
                10.367166322741275
        ],
        "MMdm": [
                9.324193814267115,
                9.418628127477206,
                9.510968616586439
        ],
        "MMbh": -Infinity,
        "MMtotal": [
                10.38203351614345,
                10.393728008711127,
                10.406246495026984
        ],
        "Mfdm": [
                0.08316354610239676,
                0.10618552901707287,
                0.1322548302383621
        ],
        "MMthetaE": 0.4500195182604169,
        "projMMstar": [
                10.349436794983735,
                10.370939567344998,
                10.39342881703579
        ],
        "projMMdm": [
                9.791056150214077,
                9.877023347284874,
                9.946129475192658
        ],
        "projMMtotal": [
                10.486003841338578,
                10.49171309244341,
                10.497244604396903
        ],
        "projMfdm": [
                0.19842325138250488,
                0.24354673760082163,
                0.2815870186895077
        ],
        "Dstar": 0.08926621030837568,
        "Ddm": -0.4645571253881201,
        "Dtotal": -0.01669595341669815,
        "Dfdm": -0.45400265177316107,
        "projDstar": -0.04098169434756548,
        "projDdm": -0.23484298153764963,
        "projDtotal": -0.09661824465447212,
        "projDfdm": -0.15052361062308248,
        "DthetaE": 0.00035688359202955825
}