{
        "Reff": 0.9842781252851374,
        "R": 2.4606953132128435,
        "MthetaE": 1.2083783783783781,
        "Mstar": 11.047832343965455,
        "Mdm": 11.001254446472288,
        "Mbh": 8.475809097290039,
        "Mtotal": 11.326197524289501,
        "fdm": 0.4732132780951882,
        "projMstar": 11.149499647980916,
        "projMdm": 11.24215644498053,
        "projMtotal": 11.499324412551626,
        "projfdm": 0.5531361371153823,
        "MMstar": 11.231553331505655,
        "MMdm": 10.490369184177966,
        "MMbh": -Infinity,
        "MMtotal": 11.303977721614752,
        "Mfdm": 0.1536000873114779,
        "MMthetaE": 1.2111171673943844,
        "projMMstar": 11.249243105197616,
        "projMMdm": 10.792679104563582,
        "projMMtotal": 11.37941309848224,
        "projMfdm": 0.2589798685395795,
        "Dstar": 0.5265849887075915,
        "Ddm": -0.6915997384447058,
        "Dtotal": -0.049876199353639544,
        "Dfdm": -0.6754104450962156,
        "projDstar": 0.25818196956589795,
        "projDdm": -0.6447593471005502,
        "projDtotal": -0.24126750237685837,
        "projDfdm": -0.5317972355048697,
        "DthetaE": -0.002266499521186088,
        "PL_slope1": -2.8242495584346563,
        "AV_slope1": 2.6000201018382905,
        "PL_slope2": -2.0730098474168823,
        "AV_slope2": 2.07371283745443
}