{
        "Reff": 0.33542414752571365,
        "R": 0.8385603688142841,
        "MthetaE": 0.48572072072072064,
        "Mstar": 10.277667357888435,
        "Mdm": 9.98913029177223,
        "Mbh": [
                7.912351131439209,
                6.072244644165039
        ],
        "Mtotal": 10.457962983718119,
        "fdm": 0.3397561353859292,
        "projMstar": 10.32902983598197,
        "projMdm": 10.227985957460554,
        "projMtotal": 10.582469923635239,
        "projfdm": 0.44209543840509763,
        "MMstar": [
                -Infinity,
                -Infinity,
                -Infinity
        ],
        "MMdm": [
                -Infinity,
                -Infinity,
                -Infinity
        ],
        "MMbh": -Infinity,
        "MMtotal": [
                -Infinity,
                -Infinity,
                -Infinity
        ],
        "Mfdm": [
                0.0,
                0.0,
                0.0
        ],
        "MMthetaE": 0.5249657346094901,
        "projMMstar": [
                10.29235853421242,
                10.310501682672378,
                10.316848766529366
        ],
        "projMMdm": [
                10.251678195151,
                10.272659241922677,
                10.325632381374579
        ],
        "projMMtotal": [
                10.586146692740519,
                10.593292898029096,
                10.610576910336608
        ],
        "projMfdm": [
                0.4628330957050867,
                0.4786394196640662,
                0.519386519279857
        ],
        "Dstar": -1.0,
        "Ddm": -1.0,
        "Dtotal": -1.0,
        "Dfdm": -1.0,
        "projDstar": -0.041765403639441506,
        "projDdm": 0.1083407075626579,
        "projDtotal": 0.025233938775755572,
        "projDfdm": 0.08266084217200825,
        "DthetaE": -0.0807974875573294
}