{
        "Reff": 0.39391362270631924,
        "R": 0.9847840567657982,
        "MthetaE": 0.0,
        "Mstar": 10.342988026078821,
        "Mdm": 10.05084423957988,
        "Mbh": 8.139239311218262,
        "Mtotal": 10.522061603102003,
        "fdm": 0.3378956777648907,
        "projMstar": 10.39835509943564,
        "projMdm": 10.18970749862652,
        "projMtotal": 10.607472654621885,
        "projfdm": 0.38215086240880686,
        "MMstar": 10.389640599891285,
        "MMdm": 9.761974313292804,
        "MMbh": -Infinity,
        "MMtotal": 10.481548712355753,
        "Mfdm": 0.1907328951147985,
        "MMthetaE": 0.0,
        "projMMstar": 10.420758634625802,
        "projMMdm": 10.112275798572158,
        "projMMtotal": 10.59437979708374,
        "projMfdm": 0.3295307914982486,
        "Dstar": 0.11340347853771572,
        "Ddm": -0.4858023663082794,
        "Dtotal": -0.08906558652720571,
        "Dfdm": -0.43552727168202704,
        "projDstar": 0.05293978381859749,
        "projDdm": -0.16330283020807737,
        "projDtotal": -0.029697517621231104,
        "projDfdm": -0.13769449734819073,
        "DthetaE": 0
}