{
        "Reff": 0.9842781252851374,
        "R": 2.4606953132128435,
        "MthetaE": 1.2083783783783781,
        "Mstar": 11.047832343965455,
        "Mdm": 11.001254446472288,
        "Mbh": 8.475809097290039,
        "Mtotal": 11.326197524289501,
        "fdm": 0.4732132780951882,
        "projMstar": 11.149499647980916,
        "projMdm": 11.24215644498053,
        "projMtotal": 11.499324412551626,
        "projfdm": 0.5531361371153823,
        "MMstar": [
                11.267368193446803,
                11.270209160991827,
                11.27339406618854
        ],
        "MMdm": [
                10.037835740627825,
                10.119251503136038,
                10.160376725952887
        ],
        "MMbh": -Infinity,
        "MMtotal": [
                11.298122815188217,
                11.299582949954571,
                11.300700854693162
        ],
        "Mfdm": [
                0.05485807014527155,
                0.06599627172924905,
                0.07243340977675881
        ],
        "MMthetaE": 1.2076949657346092,
        "projMMstar": [
                11.28160666282033,
                11.284307406363707,
                11.287812701397916
        ],
        "projMMdm": [
                10.334410425150875,
                10.42291462528168,
                10.468484187556031
        ],
        "projMMtotal": [
                11.333876682138708,
                11.340180318852125,
                11.343977408377446
        ],
        "projMfdm": [
                0.10004702462446083,
                0.12093896120137416,
                0.1331067834908946
        ],
        "Dstar": 0.6686944327950105,
        "Ddm": -0.8687808994099641,
        "Dtotal": -0.059442337944586074,
        "Dfdm": -0.8605358835345831,
        "projDstar": 0.36397923387309006,
        "projDdm": -0.8483794106885932,
        "projDtotal": -0.3068042261847813,
        "projDfdm": -0.7813576928239157,
        "DthetaE": 0.0005655617942171796,
        "PL_slope1": -2.9513527466545524,
        "AV_slope1": 2.702880357821852,
        "PL_slope2": -2.2791059510447935,
        "AV_slope2": 2.2703564731811436
}