{
        "Reff": 0.9842781252851374,
        "R": 2.4606953132128435,
        "MthetaE": 1.2083783783783781,
        "Mstar": 11.047832343965457,
        "Mdm": 11.001254446472288,
        "Mbh": 8.475809097290039,
        "Mtotal": 11.326197524289501,
        "fdm": 0.4732132780951882,
        "projMstar": 11.149499647980916,
        "projMdm": 11.24215644498053,
        "projMtotal": 11.499324412551626,
        "projfdm": 0.5531361371153823,
        "MMstar": [
                11.267424600951456,
                11.27021073812434,
                11.273391899059042
        ],
        "MMdm": [
                10.03857262012573,
                10.116842427749102,
                10.160095906291549
        ],
        "MMbh": -Infinity,
        "MMtotal": [
                11.297960150894328,
                11.299496463274998,
                11.300672500270576
        ],
        "Mfdm": [
                0.054962521641167855,
                0.0657528469657194,
                0.07242398852298691
        ],
        "MMthetaE": 1.2008505624150592,
        "projMMstar": [
                11.281618462855048,
                11.284372559477093,
                11.287855788323657
        ],
        "projMMdm": [
                10.332537831008235,
                10.4203396014795,
                10.467758227582175
        ],
        "projMMtotal": [
                11.333756935743947,
                11.339887166160548,
                11.343959013238425
        ],
        "projMfdm": [
                0.09978554667758682,
                0.12029914912439833,
                0.13300223477213388
        ],
        "Dstar": 0.6687004926394966,
        "Ddm": -0.8695067699239323,
        "Dtotal": -0.059629624712789035,
        "Dfdm": -0.8610502916773756,
        "projDstar": 0.36418387418903725,
        "projDdm": -0.8492757413255586,
        "projDtotal": -0.30727198169571135,
        "projDfdm": -0.7825143919329496,
        "DthetaE": 0.006229684425023531
}