{
        "Reff": 0.3465146838858552,
        "R": 0.8662867097146381,
        "MthetaE": 0.0,
        "Mstar": 11.033412259839897,
        "Mdm": 10.707664354405054,
        "Mbh": 8.772610664367676,
        "Mtotal": 11.201419526893796,
        "fdm": 0.32080773240888977,
        "projMstar": 11.066829826989872,
        "projMdm": 10.9365370114967,
        "projMtotal": 11.30758134804791,
        "projfdm": 0.42555496657047037,
        "MMstar": [
                11.061384098167471,
                11.117697167056994,
                11.159153075202084
        ],
        "MMdm": [
                10.205844012159048,
                10.431855439768212,
                10.643644533952447
        ],
        "MMbh": -Infinity,
        "MMtotal": [
                11.185279594535608,
                11.201253742172115,
                11.217928643597281
        ],
        "Mfdm": [
                0.10085389131465855,
                0.17016272224395218,
                0.2768806166127384
        ],
        "MMthetaE": 0.0,
        "projMMstar": [
                11.079401401369434,
                11.135491206514956,
                11.177528805774271
        ],
        "projMMdm": [
                10.688695268538897,
                10.81633233939693,
                10.923886947612878
        ],
        "projMMtotal": [
                11.281072291570007,
                11.301443289698941,
                11.32228275027929
        ],
        "projMfdm": [
                0.2490658108044388,
                0.3268514400384856,
                0.40736185709090983
        ],
        "Dstar": 0.21418512275143056,
        "Ddm": -0.4701034580494759,
        "Dtotal": -0.00038166057785296885,
        "Dfdm": -0.4695803590324032,
        "projDstar": 0.17128175815793065,
        "projDdm": -0.24177983933443675,
        "projDtotal": -0.014033994006903121,
        "projDfdm": -0.23194072278707578,
        "DthetaE": 0
}