{
        "Reff": 0.33542414752571365,
        "R": 0.8385603688142841,
        "MthetaE": 0.48572072072072064,
        "Mstar": 10.277667357888435,
        "Mdm": 9.98913029177223,
        "Mbh": [
                7.912351131439209,
                6.072244644165039
        ],
        "Mtotal": 10.457962983718119,
        "fdm": 0.3397561353859292,
        "projMstar": 10.32902983598197,
        "projMdm": 10.227985957460554,
        "projMtotal": 10.582469923635239,
        "projfdm": 0.44209543840509763,
        "MMstar": [
                10.225608470400735,
                10.26789408256761,
                10.299446951522315
        ],
        "MMdm": [
                9.923524877208505,
                10.000546004862525,
                10.08386328255958
        ],
        "MMbh": -Infinity,
        "MMtotal": [
                10.445899229607559,
                10.455110860843071,
                10.466094535593806
        ],
        "Mfdm": [
                0.29677474762423595,
                0.35158030676114993,
                0.41991639868717756
        ],
        "MMthetaE": 0.5694543561865656,
        "projMMstar": [
                10.244339344139988,
                10.28743883195857,
                10.31801547359837
        ],
        "projMMdm": [
                10.239857305927645,
                10.299402410690874,
                10.380500572644697
        ],
        "projMMtotal": [
                10.577638486915728,
                10.596877523710374,
                10.619926860037912
        ],
        "projMfdm": [
                0.45574909685516163,
                0.5060920083285217,
                0.5761499429157165
        ],
        "Dstar": -0.022252476360855047,
        "Ddm": 0.02663416545056609,
        "Dtotal": -0.006545738321270538,
        "Dfdm": 0.03480193628229746,
        "projDstar": -0.09132412892333443,
        "projDdm": 0.17873574385595373,
        "projDtotal": 0.033731142300916374,
        "projDfdm": 0.14475736314832377,
        "DthetaE": -0.1723904949774421
}