{
        "Reff": 0.2351342034821731,
        "R": 0.5878355087054328,
        "MthetaE": 0.0,
        "Mstar": 10.050720464297624,
        "Mdm": 9.733344266485139,
        "Mbh": 7.900820732116699,
        "Mtotal": 10.22143106152323,
        "fdm": 0.32502233421827237,
        "projMstar": 10.118480845242956,
        "projMdm": 9.9181948845171,
        "projMtotal": 10.330812842691731,
        "projfdm": 0.38670700736692454,
        "MMstar": 10.037429227681809,
        "MMdm": 9.321676167401009,
        "MMbh": -Infinity,
        "MMtotal": 10.113857951585388,
        "Mfdm": 0.16136829704305525,
        "MMthetaE": 0.0,
        "projMMstar": 10.057573044785192,
        "projMMdm": 9.983915335421832,
        "projMMtotal": 10.323333890106536,
        "projMfdm": 0.45770056160737843,
        "Dstar": -0.030140635743849335,
        "Ddm": -0.6124462880119292,
        "Dtotal": -0.2194029780725143,
        "Dfdm": -0.5035162816390133,
        "projDstar": -0.1308550731846392,
        "projDdm": 0.1633769393877007,
        "projDtotal": -0.017073492131242242,
        "projDfdm": 0.18358486628894238,
        "DthetaE": 0
}