{
        "Reff": 0.33542414752571353,
        "R": 0.8385603688142839,
        "thetaE": 0.4659807672750291,
        "Mstar": 10.277665526691122,
        "Mdm": 9.98913029177223,
        "Mbh": [
                7.912351131439209,
                6.072244644165039
        ],
        "Mtotal": 10.457961774682195,
        "fdm": 0.3397570812371014,
        "MMstar": 10.30959324572118,
        "MMdm": 9.824580964726442,
        "MMbh": -Infinity,
        "MMtotal": 10.432572626702068,
        "Mfdm": 0.24660866832042846,
        "Dstar": 0.07628606911282185,
        "Ddm": -0.31537828046838895,
        "Dtotal": -0.056784667125518135,
        "Dfdm": -0.27416179988804645
}