{
        "Reff": 0.1711945002191585,
        "R": 0.42798625054789624,
        "MthetaE": 0.0,
        "Mstar": 10.272765887623335,
        "Mdm": 9.918860506492777,
        "Mbh": 8.217829704284668,
        "Mtotal": 10.431937346374543,
        "fdm": 0.306847903324061,
        "projMstar": 10.299455289543815,
        "projMdm": 10.106461119816588,
        "projMtotal": 10.514621609845861,
        "projfdm": 0.3906964903696051,
        "MMstar": [
                10.131846539629926,
                10.277287355754279,
                10.337441814638382
        ],
        "MMdm": [
                9.29436924430398,
                9.583746001317971,
                9.938052868984958
        ],
        "MMbh": -Infinity,
        "MMtotal": [
                10.330844263182328,
                10.357861052955494,
                10.389868849460395
        ],
        "Mfdm": [
                0.08541427172948964,
                0.16825275705577972,
                0.3881468544294414
        ],
        "MMthetaE": 0.0,
        "projMMstar": [
                10.14583909315887,
                10.291257381328494,
                10.35134108675358
        ],
        "projMMdm": [
                9.927505061678403,
                10.028228591474795,
                10.18204289938131
        ],
        "projMMtotal": [
                10.447875545212014,
                10.475164787972906,
                10.505830440352264
        ],
        "projMfdm": [
                0.2820805231787749,
                0.3494414414685317,
                0.5155161196712729
        ],
        "Dstar": 0.010465448822105167,
        "Ddm": -0.537740872943898,
        "Dtotal": -0.15681337960249964,
        "Dfdm": -0.4516737600840356,
        "projDstar": -0.01869933809393006,
        "projDdm": -0.1648442574895815,
        "projDtotal": -0.0868477824285124,
        "projDfdm": -0.10559359993749999,
        "DthetaE": 0,
        "PL_slope1": 1.27056609439812,
        "AV_slope1": 3.1454835003485013,
        "PL_slope2": -4.064903754882771,
        "AV_slope2": 3.9781823802468557
}