{
        "Reff": 0.1711945002191585,
        "R": 0.42798625054789624,
        "MthetaE": 0.0,
        "Mstar": 10.272765887623335,
        "Mdm": 9.918860506492777,
        "Mbh": 8.217829704284668,
        "Mtotal": 10.431937346374543,
        "fdm": 0.306847903324061,
        "projMstar": 10.299455289543815,
        "projMdm": 10.106461119816588,
        "projMtotal": 10.514621609845861,
        "projfdm": 0.3906964903696051,
        "MMstar": [
                10.136208334424657,
                10.278362259882744,
                10.335532847116626
        ],
        "MMdm": [
                9.304504030797922,
                9.592045368858761,
                9.93870596216834
        ],
        "MMbh": -Infinity,
        "MMtotal": [
                10.331720175852366,
                10.360907630217769,
                10.389110096752507
        ],
        "Mfdm": [
                0.08649067499848372,
                0.17274564882833676,
                0.3884452366767132
        ],
        "MMthetaE": 0.0,
        "projMMstar": [
                10.148995268798407,
                10.293180297001271,
                10.348803034763595
        ],
        "projMMdm": [
                9.919092323342104,
                10.037207272205832,
                10.178308446005701
        ],
        "projMMtotal": [
                10.449747482631109,
                10.476677767185622,
                10.505210324630273
        ],
        "projMfdm": [
                0.2764327403172234,
                0.3571822723728621,
                0.5156143565836345
        ],
        "Dstar": 0.012969507206713105,
        "Ddm": -0.5288221540950836,
        "Dtotal": -0.15087762728337786,
        "Dfdm": -0.43703167935320486,
        "projDstar": -0.014344822679364171,
        "projDdm": -0.14739838218142476,
        "projDtotal": -0.08366102844608105,
        "projDfdm": -0.08578069888735883,
        "DthetaE": 0,
        "PL_slope1": -3.171726633355554,
        "AV_slope1": 3.1474953120203275,
        "PL_slope2": -4.067789524723736,
        "AV_slope2": 3.9958013241603383
}