{
        "Reff": 0.23513420348217307,
        "R": 0.5878355087054327,
        "MthetaE": 0.29617117117117114,
        "Mstar": 10.050722827275926,
        "Mdm": 9.733344266485139,
        "Mbh": 7.900820732116699,
        "Mtotal": 10.22143265648222,
        "fdm": 0.3250211405665837,
        "projMstar": 10.118482880290474,
        "projMdm": 9.9181948845171,
        "projMtotal": 10.330814090773245,
        "projfdm": 0.3867058960445534,
        "MMstar": 10.139984796883645,
        "MMdm": 9.128833867543577,
        "MMbh": -Infinity,
        "MMtotal": 10.18037550970036,
        "Mfdm": 0.08880928178036297,
        "MMthetaE": 0.2847271780932828,
        "projMMstar": 10.160128579538215,
        "projMMdm": 9.683594995463414,
        "projMMtotal": 10.285214308375798,
        "projMfdm": 0.25025380363306904,
        "Dstar": 0.22817985483193554,
        "Ddm": -0.751406596080231,
        "Dtotal": -0.09020645072710855,
        "Dfdm": -0.726758445233597,
        "projDstar": 0.10064103182802603,
        "projDdm": -0.4173602495333505,
        "projDtotal": -0.09967311783305195,
        "projDfdm": -0.35285754317995544,
        "DthetaE": 0.03863979411849754
}