{
        "Reff": 0.6860226179383073,
        "R": 1.7150565448457682,
        "MthetaE": 1.0899099099099099,
        "Mstar": 10.84301596834364,
        "Mdm": 10.743585617454288,
        "Mbh": 8.453516006469727,
        "Mtotal": 11.097170128597762,
        "fdm": 0.4430119985802378,
        "projMstar": 10.942653613166152,
        "projMdm": 11.01637535019762,
        "projMtotal": 11.282106891190807,
        "projfdm": 0.5423360316663773,
        "MMstar": [
                11.086629143193163,
                11.092401905818132,
                11.097506050222725
        ],
        "MMdm": [
                9.142448303340307,
                9.444049769955003,
                9.626089703541734
        ],
        "MMbh": -Infinity,
        "MMtotal": [
                11.099293217156784,
                11.101527179880456,
                11.105416954365298
        ],
        "Mfdm": [
                0.010962641912065252,
                0.02187392482275464,
                0.033476362041531885
        ],
        "MMthetaE": 1.083811265650753,
        "projMMstar": [
                11.101291099111219,
                11.107247859356598,
                11.112000208317486
        ],
        "projMMdm": [
                9.414862971612395,
                9.717335041104224,
                9.911640005023441
        ],
        "projMMtotal": [
                11.120023036772542,
                11.124470661752632,
                11.130137775168851
        ],
        "projMfdm": [
                0.019663029875677546,
                0.03930400525626924,
                0.06068790332125059
        ],
        "Dstar": 0.7757668219997437,
        "Ddm": -0.949827683586451,
        "Dtotal": 0.010082975392757565,
        "Dfdm": -0.9506245318572498,
        "projDstar": 0.4608117256142368,
        "projDdm": -0.9497704033300434,
        "projDtotal": -0.3043932773539193,
        "projDfdm": -0.9275283164655241,
        "DthetaE": 0.005595548956574725
}