{
        "Reff": 0.23513420348217307,
        "R": 0.5878355087054327,
        "MthetaE": 0.29617117117117114,
        "Mstar": 10.050722827275926,
        "Mdm": 9.733344266485139,
        "Mbh": 7.900820732116699,
        "Mtotal": 10.22143265648222,
        "fdm": 0.3250211405665837,
        "projMstar": 10.118482880290474,
        "projMdm": 9.9181948845171,
        "projMtotal": 10.330814090773245,
        "projfdm": 0.3867058960445534,
        "MMstar": [
                -Infinity,
                -Infinity,
                -Infinity
        ],
        "MMdm": [
                -Infinity,
                -Infinity,
                -Infinity
        ],
        "MMbh": -Infinity,
        "MMtotal": [
                -Infinity,
                -Infinity,
                -Infinity
        ],
        "Mfdm": [
                0.0,
                0.0,
                0.0
        ],
        "MMthetaE": 0.3247669375126507,
        "projMMstar": [
                10.225024639857466,
                10.225646227310742,
                10.22583859151888
        ],
        "projMMdm": [
                6.499084631579854,
                7.141260596722512,
                7.867269368992582
        ],
        "projMMtotal": [
                10.225864439977586,
                10.226069979607622,
                10.227043284591796
        ],
        "projMfdm": [
                0.00018746746497908968,
                0.000822633672035223,
                0.004374224668740415
        ],
        "Dstar": -1.0,
        "Ddm": -1.0,
        "Dtotal": -1.0,
        "Dfdm": -1.0,
        "projDstar": 0.2798625960893077,
        "projDdm": -0.9983286565172731,
        "projDtotal": -0.21430156365813127,
        "projDfdm": -0.9978727149483636,
        "DthetaE": -0.0965514848335887
}