{
        "Reff": 0.23513420348217307,
        "R": 0.5878355087054327,
        "MthetaE": 0.29617117117117114,
        "Mstar": 10.050722827275926,
        "Mdm": 9.733344266485139,
        "Mbh": 7.900820732116699,
        "Mtotal": 10.22143265648222,
        "fdm": 0.3250211405665837,
        "projMstar": 10.118482880290474,
        "projMdm": 9.9181948845171,
        "projMtotal": 10.330814090773245,
        "projfdm": 0.3867058960445534,
        "MMstar": [
                -Infinity,
                -Infinity,
                -Infinity
        ],
        "MMdm": [
                -Infinity,
                -Infinity,
                -Infinity
        ],
        "MMbh": -Infinity,
        "MMtotal": [
                -Infinity,
                -Infinity,
                -Infinity
        ],
        "Mfdm": [
                0.0,
                0.0,
                0.0
        ],
        "MMthetaE": 0.3247669375126507,
        "projMMstar": [
                10.224959940267238,
                10.225609176292801,
                10.22581410199783
        ],
        "projMMdm": [
                6.553521324527071,
                7.165585482043359,
                7.916207102625073
        ],
        "projMMtotal": [
                10.225837117235132,
                10.22608330849319,
                10.227140260683164
        ],
        "projMfdm": [
                0.00021279183797314426,
                0.0008698896478637595,
                0.004879338840122367
        ],
        "Dstar": -1.0,
        "Ddm": -1.0,
        "Dtotal": -1.0,
        "Dfdm": -1.0,
        "projDstar": 0.27975341167352835,
        "projDdm": -0.9982323731186007,
        "projDtotal": -0.21427744950128222,
        "projDfdm": -0.997750513615744,
        "DthetaE": -0.0965514848335887
}