{
        "Reff": 0.1613217870669608,
        "R": 0.40330446766740197,
        "MthetaE": 0.0,
        "Mstar": 9.599749234910771,
        "Mdm": 9.279234321206893,
        "Mbh": 7.548817157745361,
        "Mtotal": 9.769442165510016,
        "fdm": 0.3234388287898183,
        "projMstar": 9.717313111667044,
        "projMdm": 9.527509505220532,
        "projMtotal": 9.93372876526527,
        "projfdm": 0.39244675278136476,
        "MMstar": [
                9.733592640900854,
                9.805904760421775,
                9.861849588904347
        ],
        "MMdm": [
                8.576746109787054,
                8.950054697336276,
                9.257177056532596
        ],
        "MMbh": -Infinity,
        "MMtotal": [
                9.831833121029655,
                9.86973178061447,
                9.904422189706374
        ],
        "Mfdm": [
                0.05030210191228215,
                0.12111512793144821,
                0.24338312123321026
        ],
        "MMthetaE": 0.0,
        "projMMstar": [
                9.765696231374356,
                9.838139618668956,
                9.893980999682652
        ],
        "projMMdm": [
                9.168246934024799,
                9.363083620283604,
                9.520572669433394
        ],
        "projMMtotal": [
                9.93622931456954,
                9.96439942453587,
                9.990084795007144
        ],
        "projMfdm": [
                0.16124332784426995,
                0.25090876544048296,
                0.3580351420143627
        ],
        "Dstar": 0.6075168189591854,
        "Ddm": -0.5313804786233968,
        "Dtotal": 0.25976522309119593,
        "Dfdm": -0.6255393071245846,
        "projDstar": 0.32076790526345567,
        "projDdm": -0.31518365869895937,
        "projDtotal": 0.07317527725480807,
        "projDfdm": -0.3606552642817604,
        "DthetaE": 0,
        "PL_slope1": -3.158174204477638,
        "AV_slope1": 3.110390111158601,
        "PL_slope2": -3.0305227023629167,
        "AV_slope2": 3.0586309637691533
}