{
        "Reff": 0.3555664498963653,
        "R": 0.8889161247409133,
        "MthetaE": 0.7108108108108108,
        "Mstar": 10.480430779715173,
        "Mdm": 10.35153228832647,
        "Mbh": 8.265618324279785,
        "Mtotal": 10.721776209571578,
        "fdm": 0.4263399979307349,
        "projMstar": 10.52668112853081,
        "projMdm": 10.557453231213469,
        "projMtotal": 10.843369664689648,
        "projfdm": 0.5177064389389725,
        "MMstar": [
                10.642584805319135,
                10.655641498560064,
                10.678447935832459
        ],
        "MMdm": [
                9.784264862651794,
                9.91753356704179,
                9.987625437586923
        ],
        "MMbh": -Infinity,
        "MMtotal": [
                10.725900611153758,
                10.729871136496852,
                10.733839110759574
        ],
        "Mfdm": [
                0.11388502338780357,
                0.15461577609580515,
                0.18100568590755156
        ],
        "MMthetaE": 0.8052440505450654,
        "projMMstar": [
                10.657579912883486,
                10.670678015347505,
                10.692870957863068
        ],
        "projMMdm": [
                10.04131057566305,
                10.154705052694977,
                10.203008210694545
        ],
        "projMMtotal": [
                10.779275624457119,
                10.784960041059973,
                10.790160122547444
        ],
        "projMfdm": [
                0.18203677800627868,
                0.2339498512639882,
                0.2592571835483726
        ],
        "Dstar": 0.49696180289689024,
        "Ddm": -0.6318699424550224,
        "Dtotal": 0.018814053366918087,
        "Dfdm": -0.6373416126888363,
        "projDstar": 0.39314681631840664,
        "projDdm": -0.6044040639200124,
        "projDtotal": -0.12584111449860078,
        "projDfdm": -0.5481032614864457,
        "DthetaE": -0.1328528467744267,
        "PL_slope1": -4.067907338894073,
        "AV_slope1": 3.844300780851639,
        "PL_slope2": -2.652952992911163,
        "AV_slope2": 2.6567196549660688
}