{
        "Reff": 0.23513420348217307,
        "R": 0.29617117117117114,
        "MthetaE": 0.29617117117117114,
        "Mstar": 9.876642141429853,
        "Mdm": 9.343449316493516,
        "Mbh": 7.900820732116699,
        "Mtotal": 9.988226969854768,
        "fdm": 0.22658040390447187,
        "projMstar": 10.002798214419613,
        "projMdm": 9.58959111729185,
        "projMtotal": 10.14461871342537,
        "projfdm": 0.2785944137301345,
        "MMstar": [
                -Infinity,
                -Infinity,
                -Infinity
        ],
        "MMdm": [
                -Infinity,
                -Infinity,
                -Infinity
        ],
        "MMbh": -Infinity,
        "MMtotal": [
                -Infinity,
                -Infinity,
                -Infinity
        ],
        "Mfdm": [
                0.0,
                0.0,
                0.0
        ],
        "MMthetaE": 0.2847271780932828,
        "projMMstar": [
                10.085974000368175,
                10.087992373131282,
                10.088341023053585
        ],
        "projMMdm": [
                5.99775500899347,
                6.6835912321399835,
                7.374569587077976
        ],
        "projMMtotal": [
                10.0864638644011,
                10.088256012156103,
                10.088524014197708
        ],
        "projMfdm": [
                8.117946621379395e-05,
                0.00039382667893954223,
                0.001938061955996625
        ],
        "Dstar": -1.0,
        "Ddm": -1.0,
        "Dtotal": -1.0,
        "Dfdm": -1.0,
        "projDstar": 0.21672983877556218,
        "projDdm": -0.9987583473640556,
        "projDtotal": -0.12171129283163105,
        "projDfdm": -0.9985863798427738,
        "DthetaE": 0.03863979411849754
}