{
        "Reff": 0.3129603324922881,
        "R": 0.45018018018018013,
        "MthetaE": 0.45018018018018013,
        "Mstar": 10.157419078496352,
        "Mdm": 9.745693003339381,
        "Mbh": 8.01979923248291,
        "Mtotal": 10.299652689733843,
        "fdm": 0.27928030725671116,
        "projMstar": 10.210306231675538,
        "projMdm": 9.953741366541735,
        "projMtotal": 10.401730642113568,
        "projfdm": 0.3564599357065718,
        "MMstar": [
                10.146252525444115,
                10.165304168423473,
                10.187360629372522
        ],
        "MMdm": [
                8.758449201176024,
                8.866313750136928,
                8.931202356522022
        ],
        "MMbh": -Infinity,
        "MMtotal": [
                10.17153138637011,
                10.186839670661513,
                10.203499413705334
        ],
        "Mfdm": [
                0.036167528980657684,
                0.047995033218100884,
                0.05710982046956933
        ],
        "MMthetaE": 0.4027931353555214,
        "projMMstar": [
                10.178956561610246,
                10.19771142665272,
                10.220522765737389
        ],
        "projMMdm": [
                9.605257212539993,
                9.703240236843754,
                9.772911347846605
        ],
        "projMMtotal": [
                10.312099119891837,
                10.318426149491872,
                10.32472731433371
        ],
        "projMfdm": [
                0.1954634892207006,
                0.24267093717281474,
                0.2814701884214385
        ],
        "Dstar": 0.018321914385422536,
        "Ddm": -0.867985770044411,
        "Dtotal": -0.22876455508474314,
        "Dfdm": -0.8281474491003605,
        "projDstar": -0.02858412838354278,
        "projDdm": -0.4383071827360676,
        "projDtotal": -0.1745409993117264,
        "projDfdm": -0.31921960123851084,
        "DthetaE": 0.10526239694891172
}