{
        "Reff": 0.3281228274892596,
        "R": 0.820307068723149,
        "MthetaE": 0.48572072072072064,
        "Mstar": 10.274916680793552,
        "Mdm": 9.978328628691802,
        "Mbh": [
                7.912351131439209,
                6.072244644165039
        ],
        "Mtotal": 10.452493641424239,
        "fdm": 0.33561007300127427,
        "projMstar": 10.326488342157434,
        "projMdm": 10.217604109693584,
        "projMtotal": 10.576479688232805,
        "projfdm": 0.43764746926103454,
        "MMstar": 10.25577377709452,
        "MMdm": 9.970335710007246,
        "MMbh": -Infinity,
        "MMtotal": 10.437124789022308,
        "Mfdm": 0.34135865681586397,
        "MMthetaE": 0.509223606974525,
        "projMMstar": 10.27684083317933,
        "projMMdm": 10.305026606782551,
        "projMMtotal": 10.592192333115632,
        "projMfdm": 0.5162193429051223,
        "Dstar": -0.04312083961694048,
        "Ddm": -0.018236049123965568,
        "Dtotal": -0.034769253262971755,
        "Dfdm": 0.01712875827349758,
        "projDstar": -0.10802539280479054,
        "projDdm": 0.22298884859538412,
        "projDtotal": 0.03684215223335705,
        "projDfdm": 0.17953233861207044,
        "DthetaE": -0.04838765416252024,
        "PL_slope1": -2.562428765823456,
        "AV_slope1": 2.5933401764832453,
        "PL_slope2": -2.037102515905156,
        "AV_slope2": 2.0324357384196725
}