{
        "Reff": 0.3281228274892596,
        "R": 0.820307068723149,
        "MthetaE": 0.48572072072072064,
        "Mstar": 10.274916680793552,
        "Mdm": 9.978328628691802,
        "Mbh": [
                7.912351131439209,
                6.072244644165039
        ],
        "Mtotal": 10.452493641424239,
        "fdm": 0.33561007300127427,
        "projMstar": 10.326488342157434,
        "projMdm": 10.217604109693584,
        "projMtotal": 10.576479688232805,
        "projfdm": 0.43764746926103454,
        "MMstar": 10.256711100674579,
        "MMdm": 9.964411791258293,
        "MMbh": -Infinity,
        "MMtotal": 10.435732133405892,
        "Mfdm": 0.33781556643753213,
        "MMthetaE": 0.509223606974525,
        "projMMstar": 10.27785641219224,
        "projMMdm": 10.298161568148293,
        "projMMtotal": 10.589157644321743,
        "projMfdm": 0.5116864585781892,
        "Dstar": -0.04105340838030632,
        "Ddm": -0.031536711537280306,
        "Dtotal": -0.03785950905808736,
        "Dfdm": 0.006571594876562278,
        "projDstar": -0.10593710772434327,
        "projDdm": 0.20380864672874924,
        "projDtotal": 0.029622337826402577,
        "projDfdm": 0.16917495134193072,
        "DthetaE": -0.04838765416252024
}