{
        "Reff": 0.34651468388585527,
        "R": 0.8662867097146382,
        "Mstar": 11.033409712852947,
        "Mdm": 10.70766049131408,
        "Mbh": 8.0,
        "Mtotal": 11.201416557690932,
        "fdm": 0.3208070721059512,
        "MMstar": 11.110925217601112,
        "MMdm": 10.494085028647342,
        "MMbh": -Infinity,
        "MMtotal": 11.204919158112283,
        "Mfdm": 0.1946103216889797,
        "Dstar": 0.19540620211112658,
        "Ddm": -0.38846046690482977,
        "Dtotal": 0.00809764552386298,
        "Dfdm": -0.39337271958672154
}