{
        "Reff": 0.33542414752571365,
        "R": 0.8385603688142841,
        "MthetaE": 0.48572072072072064,
        "Mstar": 10.277667357888435,
        "Mdm": 9.98913029177223,
        "Mbh": [
                7.912351131439209,
                6.072244644165039
        ],
        "Mtotal": 10.457962983718119,
        "fdm": 0.3397561353859292,
        "projMstar": 10.32902983598197,
        "projMdm": 10.227985957460554,
        "projMtotal": 10.582469923635239,
        "projfdm": 0.44209543840509763,
        "MMstar": 10.265075318826932,
        "MMdm": 9.992488560900439,
        "MMbh": -Infinity,
        "MMtotal": 10.450856119497034,
        "Mfdm": 0.3480426297123697,
        "MMthetaE": 0.5400234219125003,
        "projMMstar": 10.284633330224281,
        "projMMdm": 10.30224184465999,
        "projMMtotal": 10.594556819372638,
        "projMfdm": 0.5101348873507556,
        "Dstar": -0.028577941550893812,
        "Ddm": 0.0077626749724339986,
        "Dtotal": -0.01623099412338598,
        "Dfdm": 0.024389535503245248,
        "projDstar": -0.09717517112375126,
        "projDdm": 0.18646761141109358,
        "projDtotal": 0.028222009171432545,
        "projDfdm": 0.15390217368249023,
        "DthetaE": -0.11179819776105987
}