{
        "Reff": 0.33542414752571365,
        "R": 0.8385603688142841,
        "MthetaE": 0.48572072072072064,
        "Mstar": 10.277667357888435,
        "Mdm": 9.98913029177223,
        "Mbh": [
                7.912351131439209,
                6.072244644165039
        ],
        "Mtotal": 10.457962983718119,
        "fdm": 0.3397561353859292,
        "projMstar": 10.32902983598197,
        "projMdm": 10.227985957460554,
        "projMtotal": 10.582469923635239,
        "projfdm": 0.44209543840509763,
        "MMstar": 10.26387379489739,
        "MMdm": 10.042914914377313,
        "MMbh": -Infinity,
        "MMtotal": 10.468327692173668,
        "Mfdm": 0.3754803570779966,
        "MMthetaE": 0.5475522655640054,
        "projMMstar": 10.283305370289762,
        "projMMdm": 10.348935780023577,
        "projMMtotal": 10.618389148111712,
        "projMfdm": 0.5377081658697936,
        "Dstar": -0.031261774317320135,
        "Ddm": 0.1318389170648283,
        "Dtotal": 0.024152686265451744,
        "Dfdm": 0.1051466565908758,
        "projDstar": -0.09993155908497309,
        "projDdm": 0.321142983390194,
        "projDtotal": 0.0862235753718117,
        "projDfdm": 0.21627168968227367,
        "DthetaE": -0.1272985528629251,
        "PL_slope1": -2.5822941042117336,
        "AV_slope1": 2.6318082828140783,
        "PL_slope2": -2.0070871239786903,
        "AV_slope2": 2.0090692647810013
}