{
        "Reff": 0.3465146838858552,
        "R": 1.0543693693693692,
        "MthetaE": 1.0543693693693692,
        "Mstar": 11.051047526846789,
        "Mdm": 10.793390939483194,
        "Mbh": 8.772610664367676,
        "Mtotal": 11.242083096745356,
        "fdm": 0.355883491538148,
        "projMstar": 11.083819296434118,
        "projMdm": 11.030129712404289,
        "projMtotal": 11.35883364304146,
        "projfdm": 0.4691330928669549,
        "MMstar": [
                11.148128854207465,
                11.170000596841135,
                11.1960993591525
        ],
        "MMdm": [
                10.299963247925378,
                10.380676842399804,
                10.440100059094519
        ],
        "MMbh": -Infinity,
        "MMtotal": [
                11.223201221127805,
                11.235842472875097,
                11.249743007369679
        ],
        "Mfdm": [
                0.11372722665129267,
                0.14018477690772674,
                0.16320732665890902
        ],
        "MMthetaE": 1.0536958910447327,
        "projMMstar": [
                11.165360712463714,
                11.187279671247035,
                11.21334958236602
        ],
        "projMMdm": [
                10.759382013995111,
                10.830356744475882,
                10.882318118814121
        ],
        "projMMtotal": [
                11.342635473710805,
                11.34581535490518,
                11.348876338075579
        ],
        "projMfdm": [
                0.2604949024020995,
                0.3047394854683109,
                0.3422375785662539
        ],
        "Dstar": 0.315082716239651,
        "Ddm": -0.6133785877225478,
        "Dtotal": -0.014266818003672299,
        "Dfdm": -0.6060936226576837,
        "projDstar": 0.26899635547219075,
        "projDdm": -0.3687127296110218,
        "projDtotal": -0.0295309000590351,
        "projDfdm": -0.35041997654440815,
        "DthetaE": 0.000638749895626525
}