{
        "Reff": 0.3465146838858552,
        "R": 1.0543693693693692,
        "MthetaE": 1.0543693693693692,
        "Mstar": 11.051047526846789,
        "Mdm": 10.793390939483194,
        "Mbh": 8.772610664367676,
        "Mtotal": 11.242083096745356,
        "fdm": 0.355883491538148,
        "projMstar": 11.083819296434118,
        "projMdm": 11.030129712404289,
        "projMtotal": 11.35883364304146,
        "projfdm": 0.4691330928669549,
        "MMstar": [
                11.146816341108053,
                11.170537499176838,
                11.194923391516275
        ],
        "MMdm": [
                10.298769134279437,
                10.382133142114242,
                10.445269789918196
        ],
        "MMbh": -Infinity,
        "MMtotal": [
                11.22394013155777,
                11.236792782406528,
                11.24930261861842
        ],
        "Mfdm": [
                0.11325050286292099,
                0.1396147718743391,
                0.16585002281338126
        ],
        "MMthetaE": 1.0495892490530028,
        "projMMstar": [
                11.164244563514487,
                11.187636143805985,
                11.212509748582193
        ],
        "projMMdm": [
                10.759836662303568,
                10.83175172841437,
                10.883076800524872
        ],
        "projMMtotal": [
                11.342699904007702,
                11.345779766072944,
                11.34869565835731
        ],
        "projMfdm": [
                0.2600430865077843,
                0.3065421321299873,
                0.3434921696064034
        ],
        "Dstar": 0.3167095101229905,
        "Ddm": -0.6120799718425453,
        "Dtotal": -0.012107506037788873,
        "Dfdm": -0.6076952845693505,
        "projDstar": 0.27003838593588947,
        "projDdm": -0.36668173109203883,
        "projDtotal": -0.029610423166835546,
        "projDfdm": -0.3465774706775547,
        "DthetaE": 0.004533629727147212
}