{
        "Reff": 0.39391362270631924,
        "R": 0.9847840567657982,
        "thetaE": 0.4468078192185168,
        "Mstar": 10.342988026078821,
        "Mdm": 10.05084423957988,
        "Mbh": 8.139239311218262,
        "Mtotal": 10.522061603102003,
        "fdm": 0.3378956777648907,
        "MMstar": 10.44379368405787,
        "MMdm": 9.40107218041405,
        "MMbh": -Infinity,
        "MMtotal": 10.48147166523288,
        "Mfdm": 0.08309990268151819,
        "Dstar": 0.2612630069174795,
        "Ddm": -0.7760103553147244,
        "Dtotal": -0.08922717884143806,
        "Dfdm": -0.7540663934170254
}