{
        "Reff": 0.6860226179383073,
        "R": 1.0899099099099099,
        "MthetaE": 1.0899099099099099,
        "Mstar": 10.742246908926605,
        "Mdm": 10.494685451500338,
        "Mbh": 8.453516006469727,
        "Mtotal": 10.936902124158186,
        "fdm": 0.36122959761691914,
        "projMstar": 10.856106322719304,
        "projMdm": 10.77867479018461,
        "projMtotal": 11.120143955811441,
        "projfdm": 0.45554452811787544,
        "MMstar": 10.769524106495007,
        "MMdm": 10.453184426911413,
        "MMbh": -Infinity,
        "MMtotal": 10.94057186672806,
        "Mfdm": 0.3255461474201213,
        "MMthetaE": 1.083811265650753,
        "projMMstar": 10.792210705924205,
        "projMMdm": 10.728839201059062,
        "projMMtotal": 11.062709807784412,
        "projMfdm": 0.463585019231445,
        "Dstar": 0.06482244664746133,
        "Ddm": -0.09113584513214976,
        "Dtotal": 0.00848569566289021,
        "Dfdm": -0.09878329581021722,
        "projDstar": -0.13681400936494806,
        "projDdm": -0.1084115971000861,
        "projDtotal": -0.1238754458723421,
        "projDfdm": 0.01765028579486975,
        "DthetaE": 0.005595548956574725
}