{
        "Reff": 0.6860226179383073,
        "R": 1.0899099099099099,
        "MthetaE": 1.0899099099099099,
        "Mstar": 10.742246908926605,
        "Mdm": 10.494685451500338,
        "Mbh": 8.453516006469727,
        "Mtotal": 10.936902124158186,
        "fdm": 0.36122959761691914,
        "projMstar": 10.856106322719304,
        "projMdm": 10.77867479018461,
        "projMtotal": 11.120143955811441,
        "projfdm": 0.45554452811787544,
        "MMstar": 10.768497171879703,
        "MMdm": 10.459661346557757,
        "MMbh": -Infinity,
        "MMtotal": 10.942002045196212,
        "Mfdm": 0.3293512388412216,
        "MMthetaE": 1.083811265650753,
        "projMMstar": 10.791147621022242,
        "projMMdm": 10.73413399646265,
        "projMMtotal": 11.064605717816844,
        "projMfdm": 0.4672273732191225,
        "Dstar": 0.06230753742676542,
        "Ddm": -0.07747977753481178,
        "Dtotal": 0.011812221891245388,
        "Dfdm": -0.08824957585425844,
        "projDstar": -0.13892436956693716,
        "projDdm": -0.09747507159421051,
        "projDtotal": -0.12004236868113419,
        "projDfdm": 0.02564589053350245,
        "DthetaE": 0.005595548956574725
}