{
        "Reff": 0.4869602608436852,
        "R": 1.217400652109213,
        "MthetaE": 1.220225225225225,
        "Mstar": 10.871967128271251,
        "Mdm": 10.636338659573704,
        "Mbh": 8.438713073730469,
        "Mtotal": 11.070970815358658,
        "fdm": 0.36759351767167864,
        "projMstar": 10.969620351737936,
        "projMdm": 10.902219596043672,
        "projMtotal": 11.238256200195426,
        "projfdm": 0.46127869442808966,
        "MMstar": 10.9345534070881,
        "MMdm": 10.478562095358521,
        "MMbh": -Infinity,
        "MMtotal": 11.064871787748755,
        "Mfdm": 0.2592330130179991,
        "MMthetaE": 1.224463753867507,
        "projMMstar": 10.946459391666354,
        "projMMdm": 10.825253208530452,
        "projMMtotal": 11.191101035826417,
        "projMfdm": 0.4306774894007536,
        "Dstar": 0.15501142145402047,
        "Ddm": -0.3046180143660557,
        "Dtotal": -0.013945379684530433,
        "Dfdm": -0.2947835025493111,
        "projDstar": -0.05193297846110854,
        "projDdm": -0.1624058942741002,
        "projDtotal": -0.10289178083698963,
        "projDfdm": -0.06633994892236796,
        "DthetaE": -0.0034735625478481487
}