{
        "Reff": 0.6860226179383073,
        "R": 1.7150565448457682,
        "MthetaE": 1.0899099099099099,
        "Mstar": 10.84301596834364,
        "Mdm": 10.743585617454288,
        "Mbh": 8.453516006469727,
        "Mtotal": 11.097170128597762,
        "fdm": 0.4430119985802378,
        "projMstar": 10.942653613166152,
        "projMdm": 11.01637535019762,
        "projMtotal": 11.282106891190807,
        "projfdm": 0.5423360316663773,
        "MMstar": [
                -Infinity,
                -Infinity,
                -Infinity
        ],
        "MMdm": [
                -Infinity,
                -Infinity,
                -Infinity
        ],
        "MMbh": -Infinity,
        "MMtotal": [
                -Infinity,
                -Infinity,
                -Infinity
        ],
        "Mfdm": [
                0.0,
                0.0,
                0.0
        ],
        "MMthetaE": 1.2792189804239076,
        "projMMstar": [
                10.887471322970722,
                10.890568785784023,
                10.893317254100138
        ],
        "projMMdm": [
                10.956440176408776,
                10.961728094028135,
                10.969889904780219
        ],
        "projMMtotal": [
                11.226945159404876,
                11.228679472138888,
                11.231709076176735
        ],
        "projMfdm": [
                0.5361878496651995,
                0.5408864371417041,
                0.5473109557185901
        ],
        "Dstar": -1.0,
        "Ddm": -1.0,
        "Dtotal": -1.0,
        "Dfdm": -1.0,
        "projDstar": -0.11301725236247795,
        "projDdm": -0.118235228414864,
        "projDtotal": -0.11575506476571645,
        "projDfdm": -0.0026728715040731845,
        "DthetaE": -0.17369240227354724
}