{
        "Reff": 0.6860226179383073,
        "R": 1.7150565448457682,
        "MthetaE": 1.0899099099099099,
        "Mstar": 10.84301596834364,
        "Mdm": 10.743585617454288,
        "Mbh": 8.453516006469727,
        "Mtotal": 11.097170128597762,
        "fdm": 0.4430119985802378,
        "projMstar": 10.942653613166152,
        "projMdm": 11.01637535019762,
        "projMtotal": 11.282106891190807,
        "projfdm": 0.5423360316663773,
        "MMstar": [
                -Infinity,
                -Infinity,
                -Infinity
        ],
        "MMdm": [
                -Infinity,
                -Infinity,
                -Infinity
        ],
        "MMbh": -Infinity,
        "MMtotal": [
                -Infinity,
                -Infinity,
                -Infinity
        ],
        "Mfdm": [
                0.0,
                0.0,
                0.0
        ],
        "MMthetaE": 1.1840817742821617,
        "projMMstar": [
                10.88748081114938,
                10.890667308236665,
                10.893225973747178
        ],
        "projMMdm": [
                10.956604170673456,
                10.961872438060897,
                10.96961369096432
        ],
        "projMMtotal": [
                11.226967805172636,
                11.22871336898366,
                11.231614868847638
        ],
        "projMfdm": [
                0.5365337806429069,
                0.5409338888068161,
                0.5471800251319923
        ],
        "Dstar": -1.0,
        "Ddm": -1.0,
        "Dtotal": -1.0,
        "Dfdm": -1.0,
        "projDstar": -0.11281601188540606,
        "projDdm": -0.11794211247169721,
        "projDtotal": -0.11568604642840043,
        "projDfdm": -0.0025853765519745797,
        "DthetaE": -0.0864033472087944
}