{
        "Reff": 0.544754228166559,
        "R": 0.6397297297297296,
        "MthetaE": 0.6397297297297296,
        "Mstar": 10.387700894003224,
        "Mdm": 9.983169393265646,
        "Mbh": 8.265588760375977,
        "Mtotal": 10.531955832442545,
        "fdm": 0.2826269428551476,
        "projMstar": 10.480275896075595,
        "projMdm": 10.275593071737097,
        "projMtotal": 10.690912870135643,
        "projfdm": 0.3843086871203482,
        "MMstar": [
                -Infinity,
                -Infinity,
                -Infinity
        ],
        "MMdm": [
                -Infinity,
                -Infinity,
                -Infinity
        ],
        "MMbh": -Infinity,
        "MMtotal": [
                -Infinity,
                -Infinity,
                -Infinity
        ],
        "Mfdm": [
                0.0,
                0.0,
                0.0
        ],
        "MMthetaE": 0.6854669924529392,
        "projMMstar": [
                10.373116199552438,
                10.377743399652754,
                10.381522665554595
        ],
        "projMMdm": [
                10.296753974200366,
                10.302215761876084,
                10.308586700588048
        ],
        "projMMtotal": [
                10.642190578286282,
                10.642633532717328,
                10.643110954972403
        ],
        "projMfdm": [
                0.4513967273748675,
                0.4566404197507243,
                0.4628246840429062
        ],
        "Dstar": -1.0,
        "Ddm": -1.0,
        "Dtotal": -1.0,
        "Dfdm": -1.0,
        "projDstar": -0.21029024345848635,
        "projDdm": 0.06321890496186552,
        "projDtotal": -0.10521094626561733,
        "projDfdm": 0.18821258809516583,
        "DthetaE": -0.07149466500881933
}