{
        "Reff": 0.3129603324922881,
        "R": 0.7824008312307202,
        "MthetaE": 0.0,
        "Mstar": 10.273399770015239,
        "Mdm": 10.022244869721614,
        "Mbh": 8.01979923248291,
        "Mtotal": 10.466760355017644,
        "fdm": 0.35932258444479737,
        "projMstar": 10.311296349477995,
        "projMdm": 10.185498404817997,
        "projMtotal": 10.553966374268237,
        "projfdm": 0.4280869911502228,
        "MMstar": [
                10.170244793402505,
                10.21209505175739,
                10.243893516351973
        ],
        "MMdm": [
                9.378243176299279,
                9.499338931522182,
                9.650584546484565
        ],
        "MMbh": -Infinity,
        "MMtotal": [
                10.274964261351728,
                10.291110678319908,
                10.309825520084656
        ],
        "Mfdm": [
                0.12232072753138942,
                0.163226768480187,
                0.22997115207300103
        ],
        "MMthetaE": 0.0,
        "projMMstar": [
                10.195434935566366,
                10.237316829656256,
                10.26897098960611
        ],
        "projMMdm": [
                10.058772688001465,
                10.162229512407166,
                10.275659217312148
        ],
        "projMMtotal": [
                10.450097717516897,
                10.500281142526607,
                10.560080532746744
        ],
        "projMfdm": [
                0.39254610162847275,
                0.4663489984740171,
                0.538526833392811
        ],
        "Dstar": -0.13164905402048163,
        "Ddm": -0.7000187836149784,
        "Dtotal": -0.33265513463217833,
        "Dfdm": -0.5457375195817576,
        "projDstar": -0.1566254718629894,
        "projDdm": -0.05216856602065213,
        "projDtotal": -0.11627982831342083,
        "projDfdm": 0.08937904705066718,
        "DthetaE": 0,
        "PL_slope1": -2.73362217174831,
        "AV_slope1": 2.7587775089223587,
        "PL_slope2": -2.580640526618694,
        "AV_slope2": 2.567240444445348
}