{
        "Reff": 0.9842781252851374,
        "R": 2.4606953132128435,
        "MthetaE": 0.0,
        "Mstar": 11.047832343965455,
        "Mdm": 11.001254446472288,
        "Mbh": 8.475809097290039,
        "Mtotal": 11.326197524289501,
        "fdm": 0.4732132780951882,
        "projMstar": 11.149499647980916,
        "projMdm": 11.24215644498053,
        "projMtotal": 11.499324412551626,
        "projfdm": 0.5531361371153823,
        "MMstar": [
                10.95204472863033,
                11.04927453553716,
                11.130389978084594
        ],
        "MMdm": [
                10.768124156738239,
                10.934012186548815,
                11.060939465249758
        ],
        "MMbh": -Infinity,
        "MMtotal": [
                11.267597329828622,
                11.29750408603933,
                11.327253356909527
        ],
        "Mfdm": [
                0.3081970190730697,
                0.4295276855954693,
                0.5594161637291508
        ],
        "MMthetaE": 0.0,
        "projMMstar": [
                10.968420874426934,
                11.066753809263535,
                11.147239930743863
        ],
        "projMMdm": [
                11.129793292258798,
                11.29807881357182,
                11.419593428644298
        ],
        "projMMtotal": [
                11.411984613914807,
                11.492438153096863,
                11.57398115075789
        ],
        "projMfdm": [
                0.5080634065589513,
                0.6404888290967361,
                0.7327342933163494
        ],
        "Dstar": 0.0033262886753756,
        "Ddm": -0.14344009780792522,
        "Dtotal": -0.06393380437308639,
        "Dfdm": -0.09231692034417395,
        "projDstar": -0.17347848841850788,
        "projDdm": 0.13742394979315806,
        "projDtotal": -0.015731150653211623,
        "projDfdm": 0.15792259105850515,
        "DthetaE": 0
}