{
        "Reff": 0.9094395894549948,
        "R": 0.46202702702702697,
        "MthetaE": 0.46202702702702697,
        "Mstar": 10.249161196740573,
        "Mdm": 9.727404978743367,
        "Mbh": 8.274933815002441,
        "Mtotal": 10.36336385144635,
        "fdm": 0.23122837510002717,
        "projMstar": 10.357000467888106,
        "projMdm": 9.994571718724659,
        "projMtotal": 10.513574293257767,
        "projfdm": 0.30268954843648216,
        "MMstar": [
                10.295731979509169,
                10.315196615128535,
                10.340276884318603
        ],
        "MMdm": [
                9.240163582230638,
                9.430357237606794,
                9.541309660602106
        ],
        "MMbh": -Infinity,
        "MMtotal": [
                10.36088906432594,
                10.369401537126093,
                10.378871988851628
        ],
        "Mfdm": [
                0.07383364120843766,
                0.11493970682524424,
                0.1503702696790932
        ],
        "MMthetaE": 0.48492597519012226,
        "projMMstar": [
                10.331422784382575,
                10.351480121590189,
                10.376941352508819
        ],
        "projMMdm": [
                9.650637669531463,
                9.78219467431361,
                9.868082690716182
        ],
        "projMMtotal": [
                10.450281033429508,
                10.45493271448582,
                10.460640105782138
        ],
        "projMfdm": [
                0.15817323577506184,
                0.21303080708144145,
                0.25610969632213304
        ],
        "Dstar": 0.16422097224398752,
        "Ddm": -0.49539417580932904,
        "Dtotal": 0.01399937119179306,
        "Dfdm": -0.502916946177032,
        "projDstar": -0.012630622685910151,
        "projDdm": -0.3867706175547219,
        "projDtotal": -0.12630787499990212,
        "projDfdm": -0.29620692824765676,
        "DthetaE": -0.049561923488419174
}