{
        "Reff": 0.9094395894549948,
        "R": 0.46202702702702697,
        "MthetaE": 0.46202702702702697,
        "Mstar": 10.249161196740573,
        "Mdm": 9.727404978743367,
        "Mbh": 8.274933815002441,
        "Mtotal": 10.36336385144635,
        "fdm": 0.23122837510002717,
        "projMstar": 10.357000467888106,
        "projMdm": 9.994571718724659,
        "projMtotal": 10.513574293257767,
        "projfdm": 0.30268954843648216,
        "MMstar": [
                10.294780627027224,
                10.313016234409375,
                10.341098757920292
        ],
        "MMdm": [
                9.25281789453006,
                9.43522992249224,
                9.534900571182591
        ],
        "MMbh": -Infinity,
        "MMtotal": [
                10.360829781761291,
                10.368573631936592,
                10.378320103560078
        ],
        "Mfdm": [
                0.07570367230828808,
                0.11680516897067844,
                0.1478918827573971
        ],
        "MMthetaE": 0.48492597519012226,
        "projMMstar": [
                10.33029476861665,
                10.350112511409879,
                10.37804810838232
        ],
        "projMMdm": [
                9.637943391121645,
                9.793868240456199,
                9.866723538751797
        ],
        "projMMtotal": [
                10.450116326645505,
                10.455159549601804,
                10.460739180043324
        ],
        "projMfdm": [
                0.15243404076035932,
                0.21743078743358296,
                0.2564877152859417
        ],
        "Dstar": 0.15839063460488934,
        "Ddm": -0.48970073389064556,
        "Dtotal": 0.012068203031824154,
        "Dfdm": -0.4948493284176319,
        "projDstar": -0.015734996716510966,
        "projDdm": -0.370063864635888,
        "projDtotal": -0.12585142015588074,
        "projDfdm": -0.28167064718057255,
        "DthetaE": -0.049561923488419174
}