{
        "Reff": 0.3555664498963653,
        "R": 0.8889161247409133,
        "MthetaE": 0.7108108108108108,
        "Mstar": 10.480430779715173,
        "Mdm": 10.35153228832647,
        "Mbh": 8.265618324279785,
        "Mtotal": 10.721776209571578,
        "fdm": 0.4263399979307349,
        "projMstar": 10.52668112853081,
        "projMdm": 10.557453231213469,
        "projMtotal": 10.843369664689648,
        "projfdm": 0.5177064389389725,
        "MMstar": [
                -Infinity,
                -Infinity,
                -Infinity
        ],
        "MMdm": [
                -Infinity,
                -Infinity,
                -Infinity
        ],
        "MMbh": -Infinity,
        "MMtotal": [
                -Infinity,
                -Infinity,
                -Infinity
        ],
        "Mfdm": [
                0.0,
                0.0,
                0.0
        ],
        "MMthetaE": 0.7032624410837693,
        "projMMstar": [
                10.721513839670598,
                10.722572339382703,
                10.724008220181078
        ],
        "projMMdm": [
                9.916635697748612,
                9.930738708848557,
                9.940914776504085
        ],
        "projMMtotal": [
                10.786905745060022,
                10.787593326112024,
                10.788087383048072
        ],
        "projMfdm": [
                0.13480394824917358,
                0.1390523650686126,
                0.14216217972730544
        ],
        "Dstar": -1.0,
        "Ddm": -1.0,
        "Dtotal": -1.0,
        "Dfdm": -1.0,
        "projDstar": 0.5699694835721537,
        "projDdm": -0.7637969628125655,
        "projDtotal": -0.12052467046108195,
        "projDfdm": -0.7314069236735837,
        "DthetaE": 0.010619379463898584
}