{
        "Reff": 0.3555664498963653,
        "R": 0.8889161247409133,
        "MthetaE": 0.7108108108108108,
        "Mstar": 10.480430779715173,
        "Mdm": 10.35153228832647,
        "Mbh": 8.265618324279785,
        "Mtotal": 10.721776209571578,
        "fdm": 0.4263399979307349,
        "projMstar": 10.52668112853081,
        "projMdm": 10.557453231213469,
        "projMtotal": 10.843369664689648,
        "projfdm": 0.5177064389389725,
        "MMstar": [
                -Infinity,
                -Infinity,
                -Infinity
        ],
        "MMdm": [
                -Infinity,
                -Infinity,
                -Infinity
        ],
        "MMbh": -Infinity,
        "MMtotal": [
                -Infinity,
                -Infinity,
                -Infinity
        ],
        "Mfdm": [
                0.0,
                0.0,
                0.0
        ],
        "MMthetaE": 0.7032624410837693,
        "projMMstar": [
                10.7214459384104,
                10.722469618026953,
                10.723908711719234
        ],
        "projMMdm": [
                9.917933109132946,
                9.93184963622469,
                9.94129143333131
        ],
        "projMMtotal": [
                10.786973900036102,
                10.787640779877703,
                10.788108820422126
        ],
        "projMfdm": [
                0.1351872752340533,
                0.13940538176736547,
                0.14229403529347895
        ],
        "Dstar": -1.0,
        "Ddm": -1.0,
        "Dtotal": -1.0,
        "Dfdm": -1.0,
        "projDstar": 0.5695981909816025,
        "projDdm": -0.7631919808624753,
        "projDtotal": -0.12042856816617735,
        "projDfdm": -0.730725037816656,
        "DthetaE": 0.010619379463898584
}