{
        "Reff": 0.36422601544215016,
        "R": 0.40279279279279273,
        "MthetaE": 0.40279279279279273,
        "Mstar": 10.09249136930786,
        "Mdm": 9.657160343916678,
        "Mbh": 8.177248001098633,
        "Mtotal": 10.228260665224283,
        "fdm": 0.2684724207169141,
        "projMstar": 10.177779355267997,
        "projMdm": 9.932815037193404,
        "projMtotal": 10.37337452695279,
        "projfdm": 0.3626106123565712,
        "MMstar": [
                -Infinity,
                -Infinity,
                -Infinity
        ],
        "MMdm": [
                -Infinity,
                -Infinity,
                -Infinity
        ],
        "MMbh": -Infinity,
        "MMtotal": [
                -Infinity,
                -Infinity,
                -Infinity
        ],
        "Mfdm": [
                0.0,
                0.0,
                0.0
        ],
        "MMthetaE": 0.4500195182604169,
        "projMMstar": [
                10.060112175587783,
                10.084306765310501,
                10.110061082950546
        ],
        "projMMdm": [
                9.75393414893321,
                9.82543586138468,
                9.88095906637148
        ],
        "projMMtotal": [
                10.267993186983622,
                10.274600985669773,
                10.281461570237083
        ],
        "projMfdm": [
                0.30576520693765313,
                0.3553606205975374,
                0.39808840572931486
        ],
        "Dstar": -1.0,
        "Ddm": -1.0,
        "Dtotal": -1.0,
        "Dfdm": -1.0,
        "projDstar": -0.19364290786580357,
        "projDdm": -0.21905432476163397,
        "projDtotal": -0.20342539162332524,
        "projDfdm": -0.019993876384137788,
        "DthetaE": -0.11724818892655525
}