{
        "Reff": 0.35973259940631447,
        "R": 0.8993314985157862,
        "MthetaE": 0.46202702702702697,
        "Mstar": 10.278276772675927,
        "Mdm": 10.21103561277337,
        "Mbh": 8.119908332824707,
        "Mtotal": 10.546986246559046,
        "fdm": 0.4613700154676134,
        "projMstar": 10.370522904662561,
        "projMdm": 10.460775180326277,
        "projMtotal": 10.719019287230033,
        "projfdm": 0.5517672164880664,
        "MMstar": 10.522088366352584,
        "MMdm": 8.859016893572141,
        "MMbh": -Infinity,
        "MMtotal": 10.531421721749695,
        "Mfdm": 0.021261562226365417,
        "MMthetaE": 0.458917242575832,
        "projMMstar": 10.535364124557097,
        "projMMdm": 9.208027226434616,
        "projMMtotal": 10.555336195905594,
        "projMfdm": 0.04494599824833271,
        "Dstar": 0.7531197956283794,
        "Ddm": -0.9555387896860956,
        "Dtotal": -0.03520404230703056,
        "Dfdm": -0.9539164628962371,
        "projDstar": 0.4616426933141551,
        "projDdm": -0.944120559876593,
        "projDtotal": -0.3140113839401127,
        "projDfdm": -0.9185417384265621,
        "DthetaE": 0.006730741426979472
}