{
        "Reff": 0.42908660556761313,
        "R": 0.533108108108108,
        "MthetaE": 0.533108108108108,
        "Mstar": 10.316567053263963,
        "Mdm": 9.953675599223988,
        "Mbh": 8.356976509094238,
        "Mtotal": 10.473000874721839,
        "fdm": 0.3024647195873248,
        "projMstar": 10.385313712548719,
        "projMdm": 10.208555729354114,
        "projMtotal": 10.606895895322637,
        "projfdm": 0.3996316112517674,
        "MMstar": -Infinity,
        "MMdm": -Infinity,
        "MMbh": -Infinity,
        "MMtotal": -Infinity,
        "Mfdm": 0.0,
        "MMthetaE": 0.509223606974525,
        "projMMstar": 10.51278183912098,
        "projMMdm": 8.684924123266944,
        "projMMtotal": 10.519189782772681,
        "projMfdm": 0.014646516341740577,
        "Dstar": -1.0,
        "Ddm": -1.0,
        "Dtotal": -1.0,
        "Dfdm": -1.0,
        "projDstar": 0.34112150517012535,
        "projDdm": -0.9700519607314738,
        "projDtotal": -0.18286485963869492,
        "projDfdm": -0.9633499554855952,
        "DthetaE": 0.04480235954081493
}