{
        "Reff": 0.3467016162740413,
        "R": 0.8667540406851032,
        "MthetaE": 1.0695945945945944,
        "Mstar": 11.03345786386676,
        "Mdm": 10.707938546070702,
        "Mbh": 8.772610664367676,
        "Mtotal": 11.201538476711304,
        "fdm": 0.32092242805804894,
        "projMstar": 11.066876405753483,
        "projMdm": 10.936810604375674,
        "projMtotal": 11.307724548300431,
        "projfdm": 0.4256827544263702,
        "MMstar": 11.185769531331994,
        "MMdm": 10.21916799517871,
        "MMbh": -Infinity,
        "MMtotal": 11.230306826539058,
        "Mfdm": 0.09746780115962225,
        "MMthetaE": 1.0837536663679035,
        "projMMstar": 11.203699350719093,
        "projMMdm": 10.6355222324787,
        "projMMtotal": 11.307600719986826,
        "projMfdm": 0.21277544745797922,
        "Dstar": 0.4200762608492249,
        "Ddm": -0.6754889802927531,
        "Dtotal": 0.06848480356593949,
        "Dfdm": -0.6962885961276843,
        "projDstar": 0.37032299312441097,
        "projDdm": -0.500297378162386,
        "projDtotal": -0.00028508458466198073,
        "projDfdm": -0.5001548800239622,
        "DthetaE": -0.013237792940301632,
        "PL_slope1": -3.81800925205044,
        "AV_slope1": 3.782946026760787,
        "PL_slope2": -3.069924210318842,
        "AV_slope2": 3.1925348506243654
}