{
        "Reff": 0.3467016162740413,
        "R": 0.8667540406851032,
        "MthetaE": 1.0695945945945944,
        "Mstar": 11.03345786386676,
        "Mdm": 10.707938546070702,
        "Mbh": 8.772610664367676,
        "Mtotal": 11.201538476711304,
        "fdm": 0.32092242805804894,
        "projMstar": 11.066876405753483,
        "projMdm": 10.936810604375674,
        "projMtotal": 11.307724548300431,
        "projfdm": 0.4256827544263702,
        "MMstar": 11.186940938329887,
        "MMdm": 10.208543090372796,
        "MMbh": -Infinity,
        "MMtotal": 11.230342463603247,
        "Mfdm": 0.09510440366938554,
        "MMthetaE": 1.0800012929558647,
        "projMMstar": 11.204773206251945,
        "projMMdm": 10.623697204040162,
        "projMMtotal": 11.305961912826008,
        "projMfdm": 0.20784294680418455,
        "Dstar": 0.42391175217992283,
        "Ddm": -0.6833317337646732,
        "Dtotal": 0.06857248421912501,
        "Dfdm": -0.7036529847886389,
        "projDstar": 0.3737155062074834,
        "projDdm": -0.5137197854214539,
        "projDtotal": -0.004050393108291776,
        "projDfdm": -0.5117421491874534,
        "DthetaE": -0.009729572694049287
}