{
        "Reff": 0.34651468388585527,
        "R": 0.8662867097146382,
        "Mstar": 11.033409712852947,
        "Mdm": 10.70766049131408,
        "Mbh": 8.772610664367676,
        "Mtotal": 11.201416557690932,
        "fdm": 0.3208070721059512,
        "MMstar": 11.111720433069443,
        "MMdm": 10.469035686642803,
        "MMbh": -Infinity,
        "MMtotal": 11.200803828160339,
        "Mfdm": 0.1854521439739365,
        "Dstar": 0.19759705734335056,
        "Ddm": -0.4227350417042573,
        "Dtotal": -0.0014098670854514365,
        "Dfdm": -0.42192002577584004
}