{
        "Reff": 0.3465146838858552,
        "R": 1.0543693693693692,
        "MthetaE": 1.0543693693693692,
        "Mstar": 11.051047526846789,
        "Mdm": 10.793390939483194,
        "Mbh": 8.772610664367676,
        "Mtotal": 11.242083096745356,
        "fdm": 0.355883491538148,
        "projMstar": 11.083819296434118,
        "projMdm": 11.030129712404289,
        "projMtotal": 11.35883364304146,
        "projfdm": 0.4691330928669549,
        "MMstar": [
                -Infinity,
                -Infinity,
                -Infinity
        ],
        "MMdm": [
                -Infinity,
                -Infinity,
                -Infinity
        ],
        "MMbh": -Infinity,
        "MMtotal": [
                -Infinity,
                -Infinity,
                -Infinity
        ],
        "Mfdm": [
                0.0,
                0.0,
                0.0
        ],
        "MMthetaE": 1.1457531156926812,
        "projMMstar": [
                11.219882346309983,
                11.22186275084874,
                11.226290328062326
        ],
        "projMMdm": [
                10.720352744351695,
                10.734403415441657,
                10.740749883814543
        ],
        "projMMtotal": [
                11.343952922544439,
                11.34427384188269,
                11.34452684310408
        ],
        "projMfdm": [
                0.23775971616426442,
                0.24559999572158606,
                0.24917281996605967
        ],
        "Dstar": -1.0,
        "Ddm": -1.0,
        "Dtotal": -1.0,
        "Dfdm": -1.0,
        "projDstar": 0.3741794650783647,
        "projDdm": -0.49385645441154247,
        "projDtotal": -0.032969439973401404,
        "projDfdm": -0.4764811959423258,
        "DthetaE": -0.08667147299429775
}