{
        "Reff": 0.16132178706696065,
        "R": 0.40330446766740163,
        "MthetaE": 0.18954954954954953,
        "Mstar": 9.599760029832073,
        "Mdm": 9.279234321206893,
        "Mbh": 7.548817157745361,
        "Mtotal": 9.769449468963973,
        "fdm": 0.32343338962162704,
        "projMstar": 9.717313111667044,
        "projMdm": 9.527509505220532,
        "projMtotal": 9.93372876526527,
        "projfdm": 0.39244675278136476,
        "MMstar": [
                9.772378761136332,
                9.82278765008715,
                9.858589778909835
        ],
        "MMdm": [
                8.786602529314104,
                8.960082277377003,
                9.099760841095536
        ],
        "MMbh": -Infinity,
        "MMtotal": [
                9.846923615288109,
                9.877961610395944,
                9.901581478441484
        ],
        "Mfdm": [
                0.079683554986371,
                0.11940550398387756,
                0.16942288283164283
        ],
        "MMthetaE": 0.20156767776074946,
        "projMMstar": [
                9.804889614667157,
                9.855500126882534,
                9.89124729458304
        ],
        "projMMdm": [
                9.182427972585973,
                9.328830476973305,
                9.446828702733916
        ],
        "projMMtotal": [
                9.940654711662459,
                9.96627330655198,
                9.989611703994282
        ],
        "projMfdm": [
                0.17021791012418683,
                0.22915296300682222,
                0.2980770532529477
        ],
        "Dstar": 0.6711968956904935,
        "Ddm": -0.5204344737002812,
        "Dtotal": 0.2838436619775344,
        "Dfdm": -0.6308188708544726,
        "projDstar": 0.37463379024851884,
        "projDdm": -0.36712058254274443,
        "projDtotal": 0.07781578892408145,
        "projDfdm": -0.4160915808762337,
        "DthetaE": -0.06340362316745214
}