{
        "Reff": 0.3467016162740413,
        "R": 1.0695945945945944,
        "MthetaE": 1.0695945945945944,
        "Mstar": 11.052319011791777,
        "Mdm": 10.800034010313489,
        "Mbh": 8.772610664367676,
        "Mtotal": 11.24527386432193,
        "fdm": 0.3587237624371107,
        "projMstar": 11.085043720067373,
        "projMdm": 11.036982667059704,
        "projMtotal": 11.362707682791516,
        "projfdm": 0.4723620342745544,
        "MMstar": 11.203042671401425,
        "MMdm": 10.374804123368211,
        "MMbh": -Infinity,
        "MMtotal": 11.26317819634118,
        "Mfdm": 0.12930815854100705,
        "MMthetaE": 1.0837536663679035,
        "projMMstar": 11.220337601224266,
        "projMMdm": 10.77614352675548,
        "projMMtotal": 11.353745118454684,
        "projMfdm": 0.2644833933459759,
        "Dstar": 0.41489320079774245,
        "Ddm": -0.6243614866787623,
        "Dtotal": 0.042087849175767036,
        "Dfdm": -0.6395327768015463,
        "projDstar": 0.3655068438943327,
        "projDdm": -0.4515199194398623,
        "projDtotal": -0.02042558009096265,
        "projDfdm": -0.4400832959571676,
        "DthetaE": -0.013237792940301632
}