{
        "Reff": 0.3467016162740413,
        "R": 1.0695945945945944,
        "MthetaE": 1.0695945945945944,
        "Mstar": 11.052319011791777,
        "Mdm": 10.800034010313489,
        "Mbh": 8.772610664367676,
        "Mtotal": 11.24527386432193,
        "fdm": 0.3587237624371107,
        "projMstar": 11.085043720067373,
        "projMdm": 11.036982667059704,
        "projMtotal": 11.362707682791516,
        "projfdm": 0.4723620342745544,
        "MMstar": 11.203585843924966,
        "MMdm": 10.378868563073071,
        "MMbh": -Infinity,
        "MMtotal": 11.26417830787821,
        "Mfdm": 0.13022376733247423,
        "MMthetaE": 1.0837536663679035,
        "projMMstar": 11.220916258864701,
        "projMMdm": 10.778659038783083,
        "projMMtotal": 11.354836882680438,
        "projMfdm": 0.26535187216674144,
        "Dstar": 0.41666391616297616,
        "Ddm": -0.6208294899572223,
        "Dtotal": 0.0444903780158451,
        "Dfdm": -0.6369803705008131,
        "projDstar": 0.3673274694000408,
        "projDdm": -0.44833380544880214,
        "projDtotal": -0.01795994966653513,
        "projDfdm": -0.4382447086920008,
        "DthetaE": -0.013237792940301632
}