{
        "Reff": 0.1613217870669608,
        "R": 0.40330446766740197,
        "thetaE": 0.18675810480333455,
        "Mstar": 9.599749234910771,
        "Mdm": 9.279234321206893,
        "Mbh": 8.0,
        "Mtotal": 9.769442165510016,
        "fdm": 0.3234388287898183,
        "MMstar": 9.845381921201913,
        "MMdm": 8.940869926200964,
        "MMbh": -Infinity,
        "MMtotal": 9.896376672493831,
        "Mfdm": 0.1107881355507601,
        "Dstar": 0.7604864480631093,
        "Ddm": -0.5411871158955327,
        "Dtotal": 0.33947467506965745,
        "Dfdm": -0.6574680412822232
}