{
        "Reff": 0.3129603324922881,
        "R": 0.7824008312307202,
        "MthetaE": 0.45018018018018013,
        "Mstar": 10.273399770015239,
        "Mdm": 10.022244869721614,
        "Mbh": 8.01979923248291,
        "Mtotal": 10.466760355017644,
        "fdm": 0.35932258444479737,
        "projMstar": 10.311296349477995,
        "projMdm": 10.185498404817997,
        "projMtotal": 10.553966374268237,
        "projfdm": 0.4280869911502228,
        "MMstar": [
                10.265954066686472,
                10.271332787106736,
                10.278454999429721
        ],
        "MMdm": [
                9.375328897174954,
                9.405588369843706,
                9.44333554243121
        ],
        "MMbh": -Infinity,
        "MMtotal": [
                10.322859629423778,
                10.327688994759567,
                10.33346319713225
        ],
        "Mfdm": [
                0.11132405913326837,
                0.12021849648180054,
                0.12969011227969449
        ],
        "MMthetaE": 0.4027931353555214,
        "projMMstar": [
                10.291868166150332,
                10.29637856362316,
                10.303890962538988
        ],
        "projMMdm": [
                10.192540153870311,
                10.21777403272778,
                10.233873698517238
        ],
        "projMMtotal": [
                10.552318561535808,
                10.559628451436987,
                10.565196379232598
        ],
        "projMfdm": [
                0.4363976264557732,
                0.45498463588600735,
                0.4664513256488956
        ],
        "Dstar": -0.004748096016137032,
        "Ddm": -0.7582627929428944,
        "Dtotal": -0.274013341459849,
        "Dfdm": -0.6654301686392615,
        "projDstar": -0.03376622537467182,
        "projDdm": 0.07714861634762966,
        "projDtotal": 0.013122772116610809,
        "projDfdm": 0.06283219367052832,
        "DthetaE": 0.10526239694891172,
        "PL_slope1": -2.802444960461333,
        "AV_slope1": 2.8268086557757193,
        "PL_slope2": -2.6991465856563126,
        "AV_slope2": 2.681538876600501
}