{
        "Reff": 0.36353050538478376,
        "R": 0.40279279279279273,
        "MthetaE": 0.40279279279279273,
        "Mstar": 10.09249136930786,
        "Mdm": 9.657160343916678,
        "Mbh": 8.177248001098633,
        "Mtotal": 10.228260665224283,
        "fdm": 0.2684724207169141,
        "projMstar": 10.177779355267997,
        "projMdm": 9.932815037193404,
        "projMtotal": 10.37337452695279,
        "projfdm": 0.3626106123565712,
        "MMstar": [
                10.059897402359956,
                10.081816500996565,
                10.102113523426848
        ],
        "MMdm": [
                9.188803988501801,
                9.255550912123383,
                9.324709037939503
        ],
        "MMbh": -Infinity,
        "MMtotal": [
                10.131227078799114,
                10.142436775591305,
                10.153949796882165
        ],
        "Mfdm": [
                0.10948121171961558,
                0.12985378598069305,
                0.15400100489193658
        ],
        "MMthetaE": 0.4027931353555214,
        "projMMstar": [
                10.081742245004838,
                10.102827001434292,
                10.123274436023895
        ],
        "projMMdm": [
                9.673738526007236,
                9.7435703115456,
                9.808917761402657
        ],
        "projMMtotal": [
                10.254122746309918,
                10.260767351629315,
                10.268728246179204
        ],
        "projMfdm": [
                0.2618934873898528,
                0.3043647087251386,
                0.3471608326596917
        ],
        "Dstar": -0.024280169452176353,
        "Ddm": -0.6033654260606716,
        "Dtotal": -0.179315728191526,
        "Dfdm": -0.5163235551944643,
        "projDstar": -0.1585125443750674,
        "projDdm": -0.35322194744364505,
        "projDtotal": -0.2283989238591009,
        "projDfdm": -0.16062934080417043,
        "DthetaE": -8.504688634280417e-07
}