{
        "Reff": 0.9094395894549948,
        "R": 0.46202702702702697,
        "MthetaE": 0.46202702702702697,
        "Mstar": 10.249161196740573,
        "Mdm": 9.727404978743367,
        "Mbh": 8.274933815002441,
        "Mtotal": 10.36336385144635,
        "fdm": 0.23122837510002717,
        "projMstar": 10.357000467888106,
        "projMdm": 9.994571718724659,
        "projMtotal": 10.513574293257767,
        "projfdm": 0.30268954843648216,
        "MMstar": 10.314298371424014,
        "MMdm": 9.42444853226671,
        "MMbh": -Infinity,
        "MMtotal": 10.366942112754554,
        "Mfdm": 0.11415801787307171,
        "MMthetaE": 0.48492597519012226,
        "projMMstar": 10.351270447422767,
        "projMMdm": 9.781442681751843,
        "projMMtotal": 10.454821124492002,
        "projMfdm": 0.2121395079859191,
        "Dstar": 0.1618155227386967,
        "Ddm": -0.5022129966092577,
        "Dtotal": 0.008273287189792183,
        "Dfdm": -0.5062975388566042,
        "projDstar": -0.013107202273073505,
        "projDdm": -0.3878315219461721,
        "projDtotal": -0.12653233738309175,
        "projDfdm": -0.2991515264345657,
        "DthetaE": -0.049561923488419174
}