{
        "Reff": 1.1035545250518053,
        "R": 0.6634234234234233,
        "MthetaE": 0.6634234234234233,
        "Mstar": 10.522028515683154,
        "Mdm": 10.064407877741875,
        "Mbh": 8.336731910705566,
        "Mtotal": 10.6519251077602,
        "fdm": 0.25851322760668544,
        "projMstar": 10.610449633395211,
        "projMdm": 10.389287224511984,
        "projMtotal": 10.814827120951854,
        "projfdm": 0.37537046949957625,
        "MMstar": [
                10.521401126926454,
                10.554117521863068,
                10.581359223512921
        ],
        "MMdm": [
                9.40840541293302,
                9.527969137951638,
                9.617296897416093
        ],
        "MMbh": -Infinity,
        "MMtotal": [
                10.572061879893399,
                10.592894064975487,
                10.611735613654398
        ],
        "Mfdm": [
                0.06404138668160544,
                0.0863655238733329,
                0.11093765849025954
        ],
        "MMthetaE": 0.6491916548593238,
        "projMMstar": [
                10.57262154900521,
                10.605240775564539,
                10.633244445796542
        ],
        "projMMdm": [
                10.070351077545153,
                10.190305601785425,
                10.28037642159499
        ],
        "projMMtotal": [
                10.737988815061467,
                10.745644412360354,
                10.752848155296048
        ],
        "projMfdm": [
                0.21531506805693623,
                0.2774461626317063,
                0.33768449022917874
        ],
        "Dstar": 0.07668585165128593,
        "Ddm": -0.709222190747648,
        "Dtotal": -0.12709102819965143,
        "Dfdm": -0.665914488504497,
        "projDstar": -0.011922199009167146,
        "projDdm": -0.3675613874009202,
        "projDtotal": -0.14725871148949005,
        "projDfdm": -0.26087376292124786,
        "DthetaE": 0.021452013995315607
}