{
        "Reff": 0.35973259940631447,
        "R": 0.8993314985157862,
        "MthetaE": 0.46202702702702697,
        "Mstar": 10.278276772675927,
        "Mdm": 10.21103561277337,
        "Mbh": 8.119908332824707,
        "Mtotal": 10.546986246559046,
        "fdm": 0.4613700154676134,
        "projMstar": 10.370522904662561,
        "projMdm": 10.460775180326277,
        "projMtotal": 10.719019287230033,
        "projfdm": 0.5517672164880664,
        "MMstar": [
                -Infinity,
                -Infinity,
                -Infinity
        ],
        "MMdm": [
                -Infinity,
                -Infinity,
                -Infinity
        ],
        "MMbh": -Infinity,
        "MMtotal": [
                -Infinity,
                -Infinity,
                -Infinity
        ],
        "Mfdm": [
                0.0,
                0.0,
                0.0
        ],
        "MMthetaE": 0.5694543561865656,
        "projMMstar": [
                10.452227658149447,
                10.50884260529293,
                10.52024991906896
        ],
        "projMMdm": [
                9.391618922558859,
                9.637127746865374,
                10.109876250441479
        ],
        "projMMtotal": [
                10.551600341388218,
                10.563527803509071,
                10.616283804253753
        ],
        "projMfdm": [
                0.06924975764646647,
                0.118477799076618,
                0.31352958177152596
        ],
        "Dstar": -1.0,
        "Ddm": -1.0,
        "Dtotal": -1.0,
        "Dfdm": -1.0,
        "projDstar": 0.3750538317817225,
        "projDdm": -0.8499097204354966,
        "projDtotal": -0.3009495553726764,
        "projDfdm": -0.7852757548179189,
        "DthetaE": -0.23251308446346472
}