{
        "Reff": 0.3555664498963653,
        "R": 0.6995195560711089,
        "Mstar": 10.449646336801347,
        "Mdm": 10.228114172797197,
        "Mbh": 8.265618324279785,
        "Mtotal": 10.653885066108016,
        "fdm": 0.37517086680677103,
        "MMstar": 10.466907965873835,
        "MMdm": 10.288759089937132,
        "MMbh": -Infinity,
        "MMtotal": 10.687934838205964,
        "Mfdm": 0.39886345949071933,
        "Dstar": 0.04054682660393616,
        "Ddm": 0.14985986930503217,
        "Dtotal": 0.08155789558739192,
        "Dfdm": 0.06315147251599094
}