{
        "Reff": 0.4888927916199904,
        "R": 1.2122072072072072,
        "MthetaE": 1.2122072072072072,
        "Mstar": 10.871095986573987,
        "Mdm": 10.63397856854966,
        "Mbh": 8.438713073730469,
        "Mtotal": 11.069552938709212,
        "fdm": 0.3667968774376197,
        "projMstar": 10.968903910381536,
        "projMdm": 10.899972681351729,
        "projMtotal": 11.236834454174467,
        "projfdm": 0.46040308728388907,
        "MMstar": [
                10.882769360086986,
                10.915440113233108,
                10.938723053997837
        ],
        "MMdm": [
                10.330015492215523,
                10.38130871219219,
                10.430524054174283
        ],
        "MMbh": -Infinity,
        "MMtotal": [
                11.012297598632054,
                11.025422630470636,
                11.036802048376607
        ],
        "Mfdm": [
                0.19837807530380056,
                0.22545866392784333,
                0.26045872637538925
        ],
        "MMthetaE": 1.2241833986063213,
        "projMMstar": [
                10.895234537721839,
                10.92821793416878,
                10.951246238935997
        ],
        "projMMdm": [
                10.79973680202771,
                10.838696746705207,
                10.88717964779796
        ],
        "projMMtotal": [
                11.182382885903609,
                11.187100354551674,
                11.19215109787353
        ],
        "projMfdm": [
                0.4139696053058505,
                0.4487178378301695,
                0.4959704071130161
        ],
        "Dstar": 0.10750099904295055,
        "Ddm": -0.44110510384656154,
        "Dtotal": -0.09662162184128277,
        "Dfdm": -0.38533101616660687,
        "projDstar": -0.08942856165015983,
        "projDdm": -0.13159150066566322,
        "projDtotal": -0.1082032190498829,
        "projDfdm": -0.025380475883981922,
        "DthetaE": -0.009879656982658877
}