{
        "Reff": 0.4888927916199904,
        "R": 1.2122072072072072,
        "MthetaE": 1.2122072072072072,
        "Mstar": 10.871095986573987,
        "Mdm": 10.63397856854966,
        "Mbh": 8.438713073730469,
        "Mtotal": 11.069552938709212,
        "fdm": 0.3667968774376197,
        "projMstar": 10.968903910381536,
        "projMdm": 10.899972681351729,
        "projMtotal": 11.236834454174467,
        "projfdm": 0.46040308728388907,
        "MMstar": [
                10.88144073499323,
                10.914934391646147,
                10.940367488376108
        ],
        "MMdm": [
                10.333178292781364,
                10.380330091362227,
                10.428614829949622
        ],
        "MMbh": -Infinity,
        "MMtotal": [
                11.011907184527237,
                11.025952016579275,
                11.037518860349042
        ],
        "Mfdm": [
                0.19887584347620638,
                0.2267413483274134,
                0.25989569321277906
        ],
        "MMthetaE": 1.2241833986063213,
        "projMMstar": [
                10.893944190935276,
                10.927459568232921,
                10.952026354028845
        ],
        "projMMdm": [
                10.797635493036232,
                10.83779355511495,
                10.887238406375403
        ],
        "projMMtotal": [
                11.182168739289168,
                11.186659016459615,
                11.191936896662579
        ],
        "projMfdm": [
                0.4128712769583121,
                0.44904059940911045,
                0.496585866793099
        ],
        "Dstar": 0.10621210127620812,
        "Ddm": -0.44236307612066145,
        "Dtotal": -0.09551977142161812,
        "Dfdm": -0.38183402783745124,
        "projDstar": -0.09101721594762786,
        "projDdm": -0.1333956318846516,
        "projDtotal": -0.10910901912404634,
        "projDfdm": -0.024679434583748553,
        "DthetaE": -0.009879656982658877
}