{
        "Reff": 0.42908660556761313,
        "R": 0.533108108108108,
        "MthetaE": 0.533108108108108,
        "Mstar": 10.316567053263963,
        "Mdm": 9.953675599223988,
        "Mbh": 8.356976509094238,
        "Mtotal": 10.473000874721839,
        "fdm": 0.3024647195873248,
        "projMstar": 10.385313712548719,
        "projMdm": 10.208555729354114,
        "projMtotal": 10.606895895322637,
        "projfdm": 0.3996316112517674,
        "MMstar": 10.391243213326979,
        "MMdm": 8.587276774959845,
        "MMbh": -Infinity,
        "MMtotal": 10.39801073597091,
        "Mfdm": 0.015462013174893064,
        "MMthetaE": 0.4500195182604169,
        "projMMstar": 10.428742418501473,
        "projMMdm": 8.978295240426434,
        "projMMtotal": 10.443869379913352,
        "projMfdm": 0.03423149452058285,
        "Dstar": 0.1876163284907616,
        "Ddm": -0.9569868572153934,
        "Dtotal": -0.1585857531126093,
        "Dfdm": -0.9488799447552461,
        "projDstar": 0.1051690292681418,
        "projDdm": -0.9411509425945839,
        "projDtotal": -0.3129735069722631,
        "projDfdm": -0.9143423754358185,
        "DthetaE": 0.15585692392215827
}