{
        "Reff": 0.5550486535013095,
        "R": 0.5804954954954954,
        "MthetaE": 0.5804954954954954,
        "Mstar": 10.332992349204273,
        "Mdm": 9.915833221302163,
        "Mbh": 8.260486602783203,
        "Mtotal": 10.473715443571665,
        "fdm": 0.2767692123056929,
        "projMstar": 10.40732278043186,
        "projMdm": 10.179791668756826,
        "projMtotal": 10.609320580506106,
        "projfdm": 0.3719384597388031,
        "MMstar": 10.275896107045943,
        "MMdm": 9.563533141081958,
        "MMbh": -Infinity,
        "MMtotal": 10.352873678454092,
        "Mfdm": 0.1624274636106816,
        "MMthetaE": 0.5694543561865656,
        "projMMstar": 10.311359291957316,
        "projMMdm": 10.167032431267433,
        "projMMtotal": 10.546193895604668,
        "projMfdm": 0.4176750523002578,
        "Dstar": -0.12319350575628064,
        "Ddm": -0.5556758489441155,
        "Dtotal": -0.24289130321649796,
        "Dfdm": -0.413130303556742,
        "projDstar": -0.19825453598746492,
        "projDdm": -0.02895185599558462,
        "projDtotal": -0.13528435796163352,
        "projDfdm": 0.12296817219056519,
        "DthetaE": 0.019020198080099457
}