{
        "Reff": 0.5550486535013095,
        "R": 0.5804954954954954,
        "MthetaE": 0.5804954954954954,
        "Mstar": 10.332992349204273,
        "Mdm": 9.915833221302163,
        "Mbh": 8.260486602783203,
        "Mtotal": 10.473715443571665,
        "fdm": 0.2767692123056929,
        "projMstar": 10.40732278043186,
        "projMdm": 10.179791668756826,
        "projMtotal": 10.609320580506106,
        "projfdm": 0.3719384597388031,
        "MMstar": 10.277120777063956,
        "MMdm": 9.561889696977758,
        "MMbh": -Infinity,
        "MMtotal": 10.353633774484688,
        "Mfdm": 0.16153101517444604,
        "MMthetaE": 0.5694543561865656,
        "projMMstar": 10.312652007484104,
        "projMMdm": 10.167583737222202,
        "projMMtotal": 10.547177096759127,
        "projMfdm": 0.41725989118326057,
        "Dstar": -0.12071750364223117,
        "Ddm": -0.5573540696815211,
        "Dtotal": -0.24156506208878806,
        "Dfdm": -0.41636927811163377,
        "projDstar": -0.195864515171533,
        "projDdm": -0.027718396715612634,
        "projDtotal": -0.13332450686197972,
        "projDfdm": 0.12185196302712242,
        "DthetaE": 0.019020198080099457
}