{
        "Reff": 0.33542414752571365,
        "R": 0.8385603688142841,
        "MthetaE": 0.0,
        "Mstar": 10.277667357888435,
        "Mdm": 9.98913029177223,
        "Mbh": [
                7.912351131439209,
                6.072244644165039
        ],
        "Mtotal": 10.457962983718119,
        "fdm": 0.3397561353859292,
        "projMstar": 10.32902983598197,
        "projMdm": 10.227985957460554,
        "projMtotal": 10.582469923635239,
        "projfdm": 0.44209543840509763,
        "MMstar": [
                10.208779917908444,
                10.298774696252913,
                10.356106044923857
        ],
        "MMdm": [
                9.724364409615927,
                9.921699872972566,
                10.11265176985998
        ],
        "MMbh": -Infinity,
        "MMtotal": [
                10.427856898922661,
                10.454763015988775,
                10.479992805649204
        ],
        "Mfdm": [
                0.19142568037677668,
                0.2936963244343029,
                0.44958295555839917
        ],
        "MMthetaE": 0.0,
        "projMMstar": [
                10.22898086790576,
                10.31821082537042,
                10.37306390479725
        ],
        "projMMdm": [
                10.252926719247569,
                10.33396588369374,
                10.404262925772102
        ],
        "projMMtotal": [
                10.590456711638604,
                10.617190840020442,
                10.655522216780698
        ],
        "projMfdm": [
                0.4418973932020947,
                0.5110986304345161,
                0.5874852677906369
        ],
        "Dstar": 0.04980186112358789,
        "Ddm": -0.14381112356783127,
        "Dtotal": -0.0073411193685287745,
        "Dfdm": -0.13556726767952829,
        "projDstar": -0.024603957042403722,
        "projDdm": 0.2763798111866624,
        "projDtotal": 0.08323059141656328,
        "projDfdm": 0.15608211719703374,
        "DthetaE": 0,
        "PL_slope1": -2.8855770342601854,
        "AV_slope1": 2.913104232960931,
        "PL_slope2": -2.065743146002587,
        "AV_slope2": 2.062423605023066
}