{
        "Reff": 1.1965155934630276,
        "R": 2.991288983657569,
        "MthetaE": 0.6634234234234233,
        "Mstar": 10.916883257875766,
        "Mdm": 10.992383268225685,
        "Mbh": 8.336731910705566,
        "Mtotal": 11.257301861135218,
        "fdm": 0.5433521715476182,
        "projMstar": 10.971390705363207,
        "projMdm": 11.228855912790163,
        "projMtotal": 11.41995960131529,
        "projfdm": 0.6440154873968124,
        "MMstar": [
                11.122538605718319,
                11.12835708216495,
                11.13325212313363
        ],
        "MMdm": [
                9.011518139939437,
                9.53710263759119,
                9.818740137864863
        ],
        "MMbh": -Infinity,
        "MMtotal": [
                11.134703298563966,
                11.139765301068534,
                11.146297123068017
        ],
        "Mfdm": [
                0.007520570505911256,
                0.025214209678773504,
                0.047486362041416964
        ],
        "MMthetaE": 0.6491916548593238,
        "projMMstar": [
                11.146640076442322,
                11.152491753356673,
                11.157209211460199
        ],
        "projMMdm": [
                9.260125369704818,
                9.796034921602482,
                10.071672613933362
        ],
        "projMMtotal": [
                11.161555810062735,
                11.17182660284475,
                11.183373619999053
        ],
        "projMfdm": [
                0.012538315663708152,
                0.0416228711696843,
                0.07741218685613122
        ],
        "Dstar": 0.6273232309836072,
        "Ddm": -0.9649474700249461,
        "Dtotal": -0.2371073338791423,
        "Dfdm": -0.9535950880495123,
        "projDstar": 0.5174033830675762,
        "projDdm": -0.9630870283779936,
        "projDtotal": -0.43523600516582006,
        "projDfdm": -0.9353697667459381,
        "DthetaE": 0.021452013995315607
}