{
        "Reff": 0.9094395894549946,
        "R": 2.2735989736374864,
        "MthetaE": 0.45018018018018013,
        "Mstar": 10.510395093785666,
        "Mdm": 10.627248261319851,
        "Mbh": 8.278263092041016,
        "Mtotal": 10.873770002817398,
        "fdm": 0.5668631927071469,
        "projMstar": 10.569115022084086,
        "projMdm": 10.900894629637964,
        "projMtotal": 11.066975991299591,
        "projfdm": 0.6822108753175256,
        "MMstar": [
                -Infinity,
                -Infinity,
                -Infinity
        ],
        "MMdm": [
                -Infinity,
                -Infinity,
                -Infinity
        ],
        "MMbh": -Infinity,
        "MMtotal": [
                -Infinity,
                -Infinity,
                -Infinity
        ],
        "Mfdm": [
                0.0,
                0.0,
                0.0
        ],
        "MMthetaE": 0.5249657346094901,
        "projMMstar": [
                10.709127112044685,
                10.712575535352725,
                10.716991327245543
        ],
        "projMMdm": [
                10.598941124175838,
                10.636613473266834,
                10.69068547407667
        ],
        "projMMtotal": [
                10.961228082994728,
                10.97711271796202,
                11.001843126240114
        ],
        "projMfdm": [
                0.4343853341618095,
                0.4562527266649535,
                0.4885850338248365
        ],
        "Dstar": -1.0,
        "Ddm": -1.0,
        "Dtotal": -1.0,
        "Dfdm": -1.0,
        "projDstar": 0.39142727835582936,
        "projDdm": -0.45584973672891715,
        "projDtotal": -0.18691354436582963,
        "projDfdm": -0.3312145215325144,
        "DthetaE": -0.16612360499606588
}