{
        "Reff": 0.5148342648334497,
        "R": 1.2870856620836244,
        "MthetaE": 0.0,
        "Mstar": 10.485052405687021,
        "Mdm": 10.343082781744615,
        "Mbh": 8.260486602783203,
        "Mtotal": 10.72087312472932,
        "fdm": 0.41899578782519636,
        "projMstar": 10.567427798541386,
        "projMdm": 10.56775212156492,
        "projMtotal": 10.868619985991932,
        "projfdm": 0.5001866953311498,
        "MMstar": [
                10.300244486649259,
                10.36097252093759,
                10.414216782650081
        ],
        "MMdm": [
                10.171075219053485,
                10.255869733261317,
                10.334180438599834
        ],
        "MMbh": -Infinity,
        "MMtotal": [
                10.598264541017517,
                10.614336249117128,
                10.62948257695338
        ],
        "Mfdm": [
                0.36526918131284825,
                0.4413723399396161,
                0.5167997002921273
        ],
        "MMthetaE": 0.0,
        "projMMstar": [
                10.318472481518333,
                10.379361545603688,
                10.430871521439025
        ],
        "projMMdm": [
                10.707959835220006,
                10.801239326377292,
                10.899971785665189
        ],
        "projMMtotal": [
                10.870865267809444,
                10.940654395922495,
                11.015956597416315
        ],
        "projMfdm": [
                0.6799948940137379,
                0.7277956991384462,
                0.7758744301301397
        ],
        "Dstar": -0.2485153478595489,
        "Ddm": -0.18193662133660185,
        "Dtotal": -0.2175382359838182,
        "Dfdm": 0.05340519586262563,
        "projDstar": -0.35146451005056584,
        "projDdm": 0.7119347389243826,
        "projDtotal": 0.1804141582771324,
        "projDfdm": 0.4550480969043116,
        "DthetaE": 0
}