{
        "Reff": 0.9662426539989692,
        "R": 2.415606634997423,
        "MthetaE": 0.0,
        "Mstar": 10.591894592835773,
        "Mdm": 10.646124901091902,
        "Mbh": 8.30414867401123,
        "Mtotal": 10.920885659902202,
        "fdm": 0.5311769748082665,
        "projMstar": 10.678436993976614,
        "projMdm": 10.847385641969348,
        "projMtotal": 11.072105547814939,
        "projfdm": 0.5960464341528928,
        "MMstar": [
                10.477684008728971,
                10.57640448001735,
                10.66174205578287
        ],
        "MMdm": [
                10.632282011273128,
                10.730034749457182,
                10.800115101312658
        ],
        "MMbh": -Infinity,
        "MMtotal": [
                10.9395681253592,
                10.95968808334162,
                10.98071349550566
        ],
        "Mfdm": [
                0.48575068289890605,
                0.5874330459613782,
                0.6780965355273295
        ],
        "MMthetaE": 0.0,
        "projMMstar": [
                10.496730795782108,
                10.595619918465879,
                10.682222242548425
        ],
        "projMMdm": [
                10.876589194342316,
                10.941888720868915,
                10.99516041133846
        ],
        "projMMtotal": [
                11.06918149467973,
                11.101812337925884,
                11.133394038038896
        ],
        "projMfdm": [
                0.6220022228002509,
                0.6860015109675738,
                0.7522068240155044
        ],
        "Dstar": -0.03503872006176564,
        "Ddm": 0.21313699915168247,
        "Dtotal": 0.09345879840586986,
        "Dfdm": 0.10590833906800626,
        "projDstar": -0.17361405061406057,
        "projDdm": 0.24309144862100834,
        "projDtotal": 0.07079612307507178,
        "projDfdm": 0.15091957884544013,
        "DthetaE": 0,
        "PL_slope1": -2.578466508595693,
        "AV_slope1": 2.5863019797516222,
        "PL_slope2": -1.8436799632271,
        "AV_slope2": 1.8474515952753714
}