{
        "Reff": 1.1035545250518053,
        "R": 2.7588863126295133,
        "MthetaE": 0.0,
        "Mstar": 10.900020863315055,
        "Mdm": 10.946236990033489,
        "Mbh": 8.336731910705566,
        "Mtotal": 11.224773402653952,
        "fdm": 0.526579062991917,
        "projMstar": 10.958959151544681,
        "projMdm": 11.188491183100519,
        "projMtotal": 11.389745840450614,
        "projfdm": 0.629137167379847,
        "MMstar": [
                10.747616457220241,
                10.876614655469183,
                10.943453017827975
        ],
        "MMdm": [
                10.823606199050904,
                10.915756953029979,
                11.016053408540218
        ],
        "MMbh": -Infinity,
        "MMtotal": [
                11.173125372950024,
                11.196376583681827,
                11.219364293979291
        ],
        "Mfdm": [
                0.4330325077011239,
                0.5194485299801658,
                0.6508439620190755
        ],
        "MMthetaE": 0.0,
        "projMMstar": [
                10.772868690978498,
                10.900473521268779,
                10.966665560285364
        ],
        "projMMdm": [
                11.17363144322991,
                11.254294895069776,
                11.31997385496333
        ],
        "projMMtotal": [
                11.350649733687769,
                11.406845928492977,
                11.456935952695641
        ],
        "projMfdm": [
                0.6356058505384178,
                0.6979142101712874,
                0.7671945630009709
        ],
        "Dstar": -0.05246820444009221,
        "Ddm": -0.06777667960172216,
        "Dtotal": -0.06329426108998674,
        "Dfdm": -0.01354123912796114,
        "projDstar": -0.12599408920633184,
        "projDdm": 0.16359999837698203,
        "projDtotal": 0.04015985473252667,
        "projDfdm": 0.10931963069019515,
        "DthetaE": 0
}