{
        "Reff": 1.1035545250518053,
        "R": 2.7588863126295133,
        "MthetaE": 0.6634234234234233,
        "Mstar": 10.900020863315055,
        "Mdm": 10.946236990033489,
        "Mbh": 8.336731910705566,
        "Mtotal": 11.22477340265395,
        "fdm": 0.526579062991917,
        "projMstar": 10.958959151544681,
        "projMdm": 11.188491183100519,
        "projMtotal": 11.389745840450614,
        "projfdm": 0.629137167379847,
        "MMstar": [
                -Infinity,
                -Infinity,
                -Infinity
        ],
        "MMdm": [
                -Infinity,
                -Infinity,
                -Infinity
        ],
        "MMbh": -Infinity,
        "MMtotal": [
                -Infinity,
                -Infinity,
                -Infinity
        ],
        "Mfdm": [
                0.0,
                0.0,
                0.0
        ],
        "MMthetaE": 0.6553516178469189,
        "projMMstar": [
                10.963834292170876,
                10.969072479708952,
                10.980738017849623
        ],
        "projMMdm": [
                11.141805541565846,
                11.16765165437544,
                11.190256333127111
        ],
        "projMMtotal": [
                11.368811890035321,
                11.381223297167322,
                11.393205100884169
        ],
        "projMfdm": [
                0.5927822043368436,
                0.611968777355222,
                0.6270068184003709
        ],
        "Dstar": -1.0,
        "Ddm": -1.0,
        "Dtotal": -1.0,
        "Dfdm": -1.0,
        "projDstar": 0.023560053119100022,
        "projDdm": -0.04685171391965291,
        "projDtotal": -0.019432586123798272,
        "projDfdm": -0.027288786793706367,
        "DthetaE": 0.012166898682672369
}