{
        "Reff": 1.1035545250518053,
        "R": 2.7588863126295133,
        "MthetaE": 0.6634234234234233,
        "Mstar": 10.900020863315055,
        "Mdm": 10.946236990033489,
        "Mbh": 8.336731910705566,
        "Mtotal": 11.22477340265395,
        "fdm": 0.526579062991917,
        "projMstar": 10.958959151544681,
        "projMdm": 11.188491183100519,
        "projMtotal": 11.389745840450614,
        "projfdm": 0.629137167379847,
        "MMstar": [
                -Infinity,
                -Infinity,
                -Infinity
        ],
        "MMdm": [
                -Infinity,
                -Infinity,
                -Infinity
        ],
        "MMbh": -Infinity,
        "MMtotal": [
                -Infinity,
                -Infinity,
                -Infinity
        ],
        "Mfdm": [
                0.0,
                0.0,
                0.0
        ],
        "MMthetaE": 0.6491916548593238,
        "projMMstar": [
                10.963809067465052,
                10.968664301085152,
                10.980979866461961
        ],
        "projMMdm": [
                11.141522733177176,
                11.168850771404484,
                11.191735091941021
        ],
        "projMMtotal": [
                11.368714609293175,
                11.381967448199736,
                11.39417365407712
        ],
        "projMfdm": [
                0.5919009498620279,
                0.6125566270018645,
                0.6270175624549131
        ],
        "Dstar": -1.0,
        "Ddm": -1.0,
        "Dtotal": -1.0,
        "Dfdm": -1.0,
        "projDstar": 0.022598495749762745,
        "projDdm": -0.04421636922848221,
        "projDtotal": -0.017750971936643475,
        "projDfdm": -0.026354412420164435,
        "DthetaE": 0.021452013995315607
}