{
        "Reff": 0.3129603324922881,
        "R": 0.45018018018018013,
        "MthetaE": 0.45018018018018013,
        "Mstar": 10.157419078496352,
        "Mdm": 9.745693003339381,
        "Mbh": 8.01979923248291,
        "Mtotal": 10.299652689733843,
        "fdm": 0.27928030725671116,
        "projMstar": 10.210306231675538,
        "projMdm": 9.953741366541735,
        "projMtotal": 10.401730642113568,
        "projfdm": 0.3564599357065718,
        "MMstar": 10.233961815811199,
        "MMdm": 8.607230228656952,
        "MMbh": -Infinity,
        "MMtotal": 10.244100313665058,
        "Mfdm": 0.023074373330406333,
        "MMthetaE": 0.4027931353555214,
        "projMMstar": 10.264350962201384,
        "projMMdm": 9.27443675725438,
        "projMMtotal": 10.30667027811993,
        "projMfdm": 0.09284670142767841,
        "Dstar": 0.19273163239262803,
        "Ddm": -0.927299528863923,
        "Dtotal": -0.12007101446019251,
        "Dfdm": -0.9173791608973108,
        "projDstar": 0.13251700177100115,
        "projDdm": -0.7907355816205498,
        "projDtotal": -0.19658555474567743,
        "projDfdm": -0.7395311727147161,
        "DthetaE": 0.10526239694891172
}