{
        "Reff": 0.9842781252851374,
        "R": 1.2083783783783781,
        "MthetaE": 1.2083783783783781,
        "Mstar": 10.895234730204656,
        "Mdm": 10.600000777609383,
        "Mbh": 8.475809097290039,
        "Mtotal": 11.073266611131011,
        "fdm": 0.3363056522233072,
        "projMstar": 10.999048452312893,
        "projMdm": 10.872514045276716,
        "projMtotal": 11.241403360007325,
        "projfdm": 0.42767186967863274,
        "MMstar": [
                11.023740377783296,
                11.046623791912634,
                11.073337075689802
        ],
        "MMdm": [
                9.6641435416943,
                9.97122177149314,
                10.127299165543445
        ],
        "MMbh": -Infinity,
        "MMtotal": [
                11.07502163046847,
                11.081356392666155,
                11.091082293629839
        ],
        "Mfdm": [
                0.03763234656802445,
                0.07750523957893052,
                0.11237411608348426
        ],
        "MMthetaE": 1.2111171673943844,
        "projMMstar": [
                11.054304823881358,
                11.076056601854594,
                11.103461739643459
        ],
        "projMMdm": [
                10.039491380467618,
                10.31420222938021,
                10.455219075561036
        ],
        "projMMtotal": [
                11.13834657867555,
                11.14586270752206,
                11.151873732443777
        ],
        "projMfdm": [
                0.07904287366800404,
                0.14698268304125847,
                0.20200790149492642
        ],
        "Dstar": 0.41706268383045964,
        "Ddm": -0.7649171247267381,
        "Dtotal": 0.01880198283657908,
        "Dfdm": -0.7695392894334497,
        "projDstar": 0.19401050987707502,
        "projDdm": -0.7235044257634828,
        "projDtotal": -0.19747356377772277,
        "projDfdm": -0.6563190299336118,
        "DthetaE": -0.002266499521186088
}