{
        "Reff": 0.9842781252851374,
        "R": 1.2083783783783781,
        "MthetaE": 1.2083783783783781,
        "Mstar": 10.895234730204656,
        "Mdm": 10.600000777609383,
        "Mbh": 8.475809097290039,
        "Mtotal": 11.073266611131011,
        "fdm": 0.3363056522233072,
        "projMstar": 10.999048452312893,
        "projMdm": 10.872514045276716,
        "projMtotal": 11.241403360007325,
        "projfdm": 0.42767186967863274,
        "MMstar": [
                11.023551510649712,
                11.046218549467792,
                11.073100699460971
        ],
        "MMdm": [
                9.66416531118569,
                9.97097447739584,
                10.1288448812585
        ],
        "MMbh": -Infinity,
        "MMtotal": [
                11.074458364987091,
                11.08128279443394,
                11.091697315190942
        ],
        "Mfdm": [
                0.03769886559935449,
                0.07732954086889376,
                0.11296751113517563
        ],
        "MMthetaE": 1.2111171673943844,
        "projMMstar": [
                11.054153165433972,
                11.075644452951106,
                11.103095505642505
        ],
        "projMMdm": [
                10.04025391974397,
                10.319529609364288,
                10.45287335472287
        ],
        "projMMtotal": [
                11.138571058348957,
                11.146240261372995,
                11.151524206270427
        ],
        "projMfdm": [
                0.07974467235424669,
                0.14861890796743515,
                0.20068116561696173
        ],
        "Dstar": 0.41574103196969187,
        "Ddm": -0.7650509465034703,
        "Dtotal": 0.018629344972322107,
        "Dfdm": -0.7700617270103243,
        "projDstar": 0.19287792194759013,
        "projDdm": -0.7200918369694412,
        "projDtotal": -0.1967755841752722,
        "projDfdm": -0.6524931413442916,
        "DthetaE": -0.002266499521186088
}