{
        "Reff": 0.40810977250075836,
        "R": 0.3615318551809074,
        "thetaE": 0.3615318551809074,
        "Mstar": 10.121610311938447,
        "Mdm": 9.520076410881762,
        "Mbh": 8.278263092041016,
        "Mtotal": 10.218625593996208,
        "fdm": 0.20019388925623452,
        "MMstar": 10.265733381475227,
        "MMdm": 8.715742298673566,
        "MMbh": -Infinity,
        "MMtotal": 10.277804395158883,
        "Mfdm": 0.027411822029824555,
        "Dstar": 0.39355164898908,
        "Ddm": -0.8430844845394806,
        "Dtotal": 0.14598465182320516,
        "Dfdm": -0.8630736326085393
}