{
        "Reff": 0.4869602608436852,
        "R": 1.217400652109213,
        "MthetaE": 1.220225225225225,
        "Mstar": 10.871967128271251,
        "Mdm": 10.636338659573704,
        "Mbh": 8.438713073730469,
        "Mtotal": 11.070970815358658,
        "fdm": 0.36759351767167864,
        "projMstar": 10.969620351737936,
        "projMdm": 10.902219596043672,
        "projMtotal": 11.238256200195426,
        "projfdm": 0.46127869442808966,
        "MMstar": [
                10.826013311210627,
                10.871228500398582,
                10.915281871973683
        ],
        "MMdm": [
                10.527974091488058,
                10.597430185066717,
                10.668868811758438
        ],
        "MMbh": -Infinity,
        "MMtotal": [
                11.044068910680483,
                11.059543888071588,
                11.077327190886162
        ],
        "Mfdm": [
                0.2926446344414629,
                0.34500381063862084,
                0.4087972124082866
        ],
        "MMthetaE": 1.2600546511291673,
        "projMMstar": [
                10.838978322223616,
                10.884104132898123,
                10.92793934706356
        ],
        "projMMdm": [
                10.833836020639563,
                10.895852284330978,
                10.947119662592174
        ],
        "projMMtotal": [
                11.184594465550589,
                11.19135790839192,
                11.198147308940035
        ],
        "projMfdm": [
                0.44553925925631593,
                0.507026047282089,
                0.5622462841815753
        ],
        "Dstar": -0.001699308067172084,
        "Ddm": -0.08569409321815745,
        "Dtotal": -0.025968341651493917,
        "Dfdm": -0.06145295264220114,
        "projDstar": -0.17873411812503023,
        "projDdm": -0.014554323838108603,
        "projDtotal": -0.10236101044304641,
        "projDfdm": 0.09917508310397598,
        "DthetaE": -0.03264104452240827,
        "PL_slope1": -3.3682704424863283,
        "AV_slope1": 3.0558603087210736,
        "PL_slope2": -1.6661754359620424,
        "AV_slope2": 1.6735365232631392
}