{
        "Reff": 0.4869602608436852,
        "R": 1.217400652109213,
        "MthetaE": 1.220225225225225,
        "Mstar": 10.871967128271251,
        "Mdm": 10.636338659573704,
        "Mbh": 8.438713073730469,
        "Mtotal": 11.070970815358658,
        "fdm": 0.36759351767167864,
        "projMstar": 10.969620351737936,
        "projMdm": 10.902219596043672,
        "projMtotal": 11.238256200195426,
        "projfdm": 0.46127869442808966,
        "MMstar": [
                10.832221733909844,
                10.876121603161279,
                10.921546357640974
        ],
        "MMdm": [
                10.5203494815669,
                10.598953424436402,
                10.664106482549002
        ],
        "MMbh": -Infinity,
        "MMtotal": [
                11.045885001236377,
                11.061402716925164,
                11.078287457723887
        ],
        "Mfdm": [
                0.28477801667645475,
                0.34611624425313775,
                0.4025700488844606
        ],
        "MMthetaE": 1.2730590174363126,
        "projMMstar": [
                10.845131646146802,
                10.88845164924216,
                10.934382671736063
        ],
        "projMMdm": [
                10.823884363002469,
                10.891839981939361,
                10.94090221081549
        ],
        "projMMtotal": [
                11.183826425318303,
                11.191244364290242,
                11.197230284124634
        ],
        "projMfdm": [
                0.43729449241849144,
                0.5016385081994506,
                0.5550732906736418
        ],
        "Dstar": 0.009611932680505338,
        "Ddm": -0.08248163703713766,
        "Dtotal": -0.021790442884909826,
        "Dfdm": -0.05842669249059941,
        "projDstar": -0.17047152695104317,
        "projDdm": -0.02361660280295978,
        "projDtotal": -0.10259566295341255,
        "projDfdm": 0.08749550815781872,
        "DthetaE": -0.043298393705420775
}