{
        "Reff": 0.4869602608436852,
        "R": 1.217400652109213,
        "MthetaE": 1.220225225225225,
        "Mstar": 10.871967128271251,
        "Mdm": 10.636338659573704,
        "Mbh": 8.438713073730469,
        "Mtotal": 11.070970815358658,
        "fdm": 0.36759351767167864,
        "projMstar": 10.969620351737936,
        "projMdm": 10.902219596043672,
        "projMtotal": 11.238256200195426,
        "projfdm": 0.46127869442808966,
        "MMstar": [
                -Infinity,
                -Infinity,
                -Infinity
        ],
        "MMdm": [
                -Infinity,
                -Infinity,
                -Infinity
        ],
        "MMbh": -Infinity,
        "MMtotal": [
                -Infinity,
                -Infinity,
                -Infinity
        ],
        "Mfdm": [
                0.0,
                0.0,
                0.0
        ],
        "MMthetaE": 1.2792189804239076,
        "projMMstar": [
                10.881812730731937,
                10.884527242452295,
                10.887339796604117
        ],
        "projMMdm": [
                10.890572339715227,
                10.894076305771275,
                10.897317593529568
        ],
        "projMMtotal": [
                11.189988192178426,
                11.1903470329656,
                11.190699173282024
        ],
        "projMfdm": [
                0.5018603566732369,
                0.505520420575696,
                0.5089002085405366
        ],
        "Dstar": -1.0,
        "Ddm": -1.0,
        "Dtotal": -1.0,
        "Dfdm": -1.0,
        "projDstar": -0.17793361344741293,
        "projDdm": -0.018575919546979174,
        "projDtotal": -0.10444794916154294,
        "projDfdm": 0.0959110548178664,
        "DthetaE": -0.04834661173947923
}