{
        "Reff": 0.4869602608436852,
        "R": 1.217400652109213,
        "MthetaE": 1.220225225225225,
        "Mstar": 10.871967128271251,
        "Mdm": 10.636338659573704,
        "Mbh": 8.438713073730469,
        "Mtotal": 11.070970815358658,
        "fdm": 0.36759351767167864,
        "projMstar": 10.969620351737936,
        "projMdm": 10.902219596043672,
        "projMtotal": 11.238256200195426,
        "projfdm": 0.46127869442808966,
        "MMstar": [
                -Infinity,
                -Infinity,
                -Infinity
        ],
        "MMdm": [
                -Infinity,
                -Infinity,
                -Infinity
        ],
        "MMbh": -Infinity,
        "MMtotal": [
                -Infinity,
                -Infinity,
                -Infinity
        ],
        "Mfdm": [
                0.0,
                0.0,
                0.0
        ],
        "MMthetaE": 1.2888011450712775,
        "projMMstar": [
                10.88172437584283,
                10.884442042312598,
                10.887064352642998
        ],
        "projMMdm": [
                10.890934292935242,
                10.894150419258208,
                10.89750057448396
        ],
        "projMMtotal": [
                11.190029202890843,
                11.190355694562562,
                11.190718015192598
        ],
        "projMfdm": [
                0.5022375635507511,
                0.5055820887080391,
                0.5090851383160288
        ],
        "Dstar": -1.0,
        "Ddm": -1.0,
        "Dtotal": -1.0,
        "Dfdm": -1.0,
        "projDstar": -0.17809487108268712,
        "projDdm": -0.018408422674451117,
        "projDtotal": -0.10443008803597263,
        "projDfdm": 0.09604474434891998,
        "DthetaE": -0.056199395348014526
}