{
        "Reff": 0.3465146838858552,
        "R": 1.0543693693693692,
        "MthetaE": 1.0543693693693692,
        "Mstar": 11.051047526846789,
        "Mdm": 10.793390939483194,
        "Mbh": 8.772610664367676,
        "Mtotal": 11.242083096745356,
        "fdm": 0.355883491538148,
        "projMstar": 11.083819296434118,
        "projMdm": 11.030129712404289,
        "projMtotal": 11.35883364304146,
        "projfdm": 0.4691330928669549,
        "MMstar": [
                -Infinity,
                -Infinity,
                -Infinity
        ],
        "MMdm": [
                -Infinity,
                -Infinity,
                -Infinity
        ],
        "MMbh": -Infinity,
        "MMtotal": [
                -Infinity,
                -Infinity,
                -Infinity
        ],
        "Mfdm": [
                0.0,
                0.0,
                0.0
        ],
        "MMthetaE": 1.083811265650753,
        "projMMstar": [
                11.18747881183984,
                11.208371311530172,
                11.228417004746078
        ],
        "projMMdm": [
                10.707298743440361,
                10.777656924845983,
                10.832371004158729
        ],
        "projMMtotal": [
                11.34284876932386,
                11.345581868549736,
                11.34623286170488
        ],
        "projMfdm": [
                0.23145563423904178,
                0.27038930644949455,
                0.3063563875413388
        ],
        "Dstar": -1.0,
        "Ddm": -1.0,
        "Dtotal": -1.0,
        "Dfdm": -1.0,
        "projDstar": 0.3321465828691901,
        "projDdm": -0.4408514378582302,
        "projDtotal": -0.03005250556708414,
        "projDfdm": -0.42364051788140145,
        "DthetaE": -0.027923702202192553
}