{
        "Reff": 0.367224520196528,
        "R": 0.9180613004913201,
        "MthetaE": 0.713063063063063,
        "Mstar": 10.484295661995816,
        "Mdm": 10.367877546100154,
        "Mbh": 8.265618324279785,
        "Mtotal": 10.731005893875547,
        "fdm": 0.4333827811211263,
        "projMstar": 10.530649847941406,
        "projMdm": 10.57205454453717,
        "projMtotal": 10.852875434422135,
        "projfdm": 0.5238164224654629,
        "MMstar": 10.754024766072497,
        "MMdm": 7.906023147926714,
        "MMbh": -Infinity,
        "MMtotal": 10.75464061576926,
        "Mfdm": 0.0014170413786718187,
        "MMthetaE": 0.7029446191885824,
        "projMMstar": 10.765958984361077,
        "projMMdm": 8.359617328687403,
        "projMMtotal": 10.767659544902896,
        "projMfdm": 0.003908029053913039,
        "Dstar": 0.8609260016600516,
        "Ddm": -0.9965474052816943,
        "Dtotal": 0.05592901070110408,
        "Dfdm": -0.9967302776196921,
        "projDstar": 0.7191316518447228,
        "projDdm": -0.9938685557451294,
        "projDtotal": -0.17816598857758897,
        "projDfdm": -0.9925393155191297,
        "DthetaE": 0.014190110803125005
}