{
        "Reff": 0.367224520196528,
        "R": 0.9180613004913201,
        "MthetaE": 0.713063063063063,
        "Mstar": 10.484295661995816,
        "Mdm": 10.367877546100154,
        "Mbh": 8.265618324279785,
        "Mtotal": 10.731005893875547,
        "fdm": 0.4333827811211263,
        "projMstar": 10.530649847941406,
        "projMdm": 10.57205454453717,
        "projMtotal": 10.852875434422135,
        "projfdm": 0.5238164224654629,
        "MMstar": 10.753678590789665,
        "MMdm": 7.909447283344645,
        "MMbh": -Infinity,
        "MMtotal": 10.754299806397972,
        "Mfdm": 0.001429379262171242,
        "MMthetaE": 0.7029446191885824,
        "projMMstar": 10.765563932808057,
        "projMMdm": 8.364810263637445,
        "projMMtotal": 10.767286471904677,
        "projMfdm": 0.0039584374954768275,
        "Dstar": 0.8594432522075851,
        "Ddm": -0.9965200761763333,
        "Dtotal": 0.05510070329374018,
        "Dfdm": -0.9967018088294289,
        "projDstar": 0.7175685722711207,
        "projDdm": -0.9937948009247111,
        "projDtotal": -0.17887166741474683,
        "projDfdm": -0.9924430824890034,
        "DthetaE": 0.014190110803125005,
        "PL_slope1": -4.415851811215115,
        "AV_slope1": 4.118963315061305,
        "PL_slope2": -2.9039682899240926,
        "AV_slope2": 2.898119384459232
}