{
        "Reff": 0.3939136227063193,
        "R": 0.45018018018018013,
        "MthetaE": 0.45018018018018013,
        "Mstar": 10.143283281527738,
        "Mdm": 9.666221446383181,
        "Mbh": 8.139239311218262,
        "Mtotal": 10.268236873791992,
        "fdm": 0.2500256543701848,
        "projMstar": 10.238793465359723,
        "projMdm": 9.866167182171507,
        "projMtotal": 10.392305795077736,
        "projfdm": 0.29775659339548977,
        "MMstar": [
                10.166235995933587,
                10.194894502189577,
                10.22758325964966
        ],
        "MMdm": [
                9.170021479346955,
                9.382385056485646,
                9.505846513042815
        ],
        "MMbh": -Infinity,
        "MMtotal": [
                10.251026715495955,
                10.257501260333612,
                10.264734703437844
        ],
        "Mfdm": [
                0.0810372470784392,
                0.1338887627479499,
                0.18028987373215521
        ],
        "MMthetaE": 0.5762987595061156,
        "projMMstar": [
                10.213352880926612,
                10.243885735561761,
                10.276298882101864
        ],
        "projMMdm": [
                9.384355299639656,
                9.591708071082898,
                9.716199038898456
        ],
        "projMMtotal": [
                10.326051320585933,
                10.33074059274886,
                10.336866903003562
        ],
        "projMfdm": [
                0.114052701818657,
                0.18229482231866315,
                0.24196874086761067
        ],
        "Dstar": 0.12618884334234332,
        "Ddm": -0.47980807045530693,
        "Dtotal": -0.02441663468991953,
        "Dfdm": -0.46449990067932834,
        "projDstar": 0.011794397254982473,
        "projDdm": -0.46845395768411413,
        "projDtotal": -0.13216972324173987,
        "projDfdm": -0.3877723403540778,
        "DthetaE": -0.2801513369057203
}