{
        "Reff": 0.3939136227063193,
        "R": 0.9847840567657983,
        "MthetaE": 0.45018018018018013,
        "Mstar": 10.342989362034055,
        "Mdm": 10.05084423957988,
        "Mbh": 8.139239311218262,
        "Mtotal": 10.522062487644199,
        "fdm": 0.33789498956208713,
        "projMstar": 10.39835509943564,
        "projMdm": 10.18970749862652,
        "projMtotal": 10.607472654621885,
        "projfdm": 0.38215086240880686,
        "MMstar": 10.405181043547643,
        "MMdm": 9.677085497521254,
        "MMbh": -Infinity,
        "MMtotal": 10.479641664092089,
        "Mfdm": 0.1575592240887068,
        "MMthetaE": 0.4500195182604169,
        "projMMstar": 10.434367068091605,
        "projMMdm": 10.116858194761775,
        "projMMtotal": 10.605034547256718,
        "projMfdm": 0.32495531708165315,
        "Dstar": 0.15396246177009051,
        "Ddm": -0.5770965209297816,
        "Dtotal": -0.09305870555855285,
        "Dfdm": -0.5337035796449542,
        "projDstar": 0.08645556466913946,
        "projDdm": -0.15442780007025042,
        "projDtotal": -0.005598220905953608,
        "projDfdm": -0.149667450615272,
        "DthetaE": 0.00035688359202955825
}