{
        "Reff": 0.3939136227063193,
        "R": 0.9847840567657983,
        "MthetaE": 0.45018018018018013,
        "Mstar": 10.342989362034055,
        "Mdm": 10.05084423957988,
        "Mbh": 8.139239311218262,
        "Mtotal": 10.522062487644199,
        "fdm": 0.33789498956208713,
        "projMstar": 10.39835509943564,
        "projMdm": 10.18970749862652,
        "projMtotal": 10.607472654621885,
        "projfdm": 0.38215086240880686,
        "MMstar": 10.40330299388204,
        "MMdm": 9.676151465377398,
        "MMbh": -Infinity,
        "MMtotal": 10.477912489347249,
        "Mfdm": 0.15784796091342396,
        "MMthetaE": 0.4500195182604169,
        "projMMstar": 10.432515900708259,
        "projMMdm": 10.113445175484802,
        "projMMtotal": 10.602676463595227,
        "projMfdm": 0.3241669328492027,
        "Dstar": 0.1489830761944227,
        "Ddm": -0.5780050772139658,
        "Dtotal": -0.09666257831326576,
        "Dfdm": -0.5328490632015723,
        "projDstar": 0.08183443566990292,
        "projDdm": -0.1610469121354675,
        "projDtotal": -0.010982880856932798,
        "projDfdm": -0.1517304689412834,
        "DthetaE": 0.00035688359202955825,
        "PL_slope1": -2.656620576125795,
        "AV_slope1": 2.657326932084134,
        "PL_slope2": -2.4066383413203845,
        "AV_slope2": 2.4107564272905195
}