{
        "Reff": 0.1711945002191585,
        "R": 0.5568018018018017,
        "MthetaE": 0.5568018018018017,
        "Mstar": 10.29718412001835,
        "Mdm": 10.054040228274305,
        "Mbh": 8.217829704284668,
        "Mtotal": 10.493440279762195,
        "fdm": 0.3635799691958276,
        "projMstar": 10.317644882056662,
        "projMdm": 10.217508581624593,
        "projMtotal": 10.571486439761745,
        "projfdm": 0.44261093765245546,
        "MMstar": [
                -Infinity,
                -Infinity,
                -Infinity
        ],
        "MMdm": [
                -Infinity,
                -Infinity,
                -Infinity
        ],
        "MMbh": -Infinity,
        "MMtotal": [
                -Infinity,
                -Infinity,
                -Infinity
        ],
        "Mfdm": [
                0.0,
                0.0,
                0.0
        ],
        "MMthetaE": 0.6365295087181563,
        "projMMstar": [
                10.124357677475128,
                10.133503750681216,
                10.160125662672609
        ],
        "projMMdm": [
                10.356559083736,
                10.373636761772229,
                10.37961051436532
        ],
        "projMMtotal": [
                10.570032285344828,
                10.57110159015825,
                10.571610434059304
        ],
        "projMfdm": [
                0.6112038811640562,
                0.6349388520582778,
                0.6427875660687612
        ],
        "Dstar": -1.0,
        "Ddm": -1.0,
        "Dtotal": -1.0,
        "Dfdm": -1.0,
        "projDstar": -0.34557652652491566,
        "projDdm": 0.43261066575533164,
        "projDtotal": -0.000885756446013675,
        "projDfdm": 0.43453041496421635,
        "DthetaE": -0.1431886654431738
}