{
        "Reff": 0.34651468388585527,
        "R": 1.0469619550928646,
        "thetaE": 1.0469619550928646,
        "Mstar": 11.050399311639293,
        "Mdm": 10.790380694727535,
        "Mbh": 8.772610664367676,
        "Mtotal": 11.24059574585391,
        "fdm": 0.3546377385318364,
        "MMstar": 11.2003591672873,
        "MMdm": 10.233045177121896,
        "MMbh": -Infinity,
        "MMtotal": 11.244827072552866,
        "Mfdm": 0.0973235864332554,
        "Dstar": 0.41240698163833917,
        "Ddm": -0.7228821618121137,
        "Dtotal": 0.009790607225324974,
        "Dfdm": -0.7255690078665485
}