{
        "Reff": 0.939249303987715,
        "R": 0.533108108108108,
        "MthetaE": 0.533108108108108,
        "Mstar": 10.31006509796883,
        "Mdm": 9.833454064524009,
        "Mbh": 8.183881759643555,
        "Mtotal": 10.435131446102673,
        "fdm": 0.25022034492304296,
        "projMstar": 10.391067736586477,
        "projMdm": 10.102557322907726,
        "projMtotal": 10.571372417928766,
        "projfdm": 0.33976990204554613,
        "MMstar": [
                10.235605404614837,
                10.270065437560293,
                10.301492423948138
        ],
        "MMdm": [
                9.79596692044872,
                9.879212136023703,
                9.952295483730666
        ],
        "MMbh": -Infinity,
        "MMtotal": [
                10.407760663841296,
                10.416874695025752,
                10.426630047228599
        ],
        "Mfdm": [
                0.23698330291432912,
                0.28887272697338456,
                0.34173191425934324
        ],
        "MMthetaE": 0.5475522655640054,
        "projMMstar": [
                10.266930280623418,
                10.300701244488325,
                10.33128802041052
        ],
        "projMMdm": [
                10.068982329176778,
                10.131990995771497,
                10.189796675803294
        ],
        "projMMtotal": [
                10.517562759708406,
                10.526214166261655,
                10.53522360032162
        ],
        "projMfdm": [
                0.3548153846990203,
                0.4026572315645742,
                0.45735826665964957
        ],
        "Dstar": -0.08798844750766105,
        "Ddm": 0.1111125974026881,
        "Dtotal": -0.04116639007132455,
        "Dfdm": 0.1544733785025731,
        "projDstar": -0.18785512529569265,
        "projDdm": 0.07012293710882907,
        "projDtotal": -0.09875732418690195,
        "projDfdm": 0.18508799378762528,
        "DthetaE": -0.027094237052887268
}