{
        "Reff": 0.4750495551698561,
        "R": 0.5704504504504504,
        "MthetaE": 0.5704504504504504,
        "Mstar": 10.332645767283655,
        "Mdm": 9.992792189571597,
        "Mbh": 8.356976509094238,
        "Mtotal": 10.496177543277874,
        "fdm": 0.31377233259751786,
        "projMstar": 10.401266100675649,
        "projMdm": 10.244434226332219,
        "projMtotal": 10.630921389796415,
        "projfdm": 0.4106887785123597,
        "MMstar": [
                10.31366625374694,
                10.31874897712068,
                10.327402859270629
        ],
        "MMdm": [
                9.213396570400386,
                9.27388491777478,
                9.334900020387497
        ],
        "MMbh": -Infinity,
        "MMtotal": [
                10.35128010708976,
                10.357590661993934,
                10.364921583534091
        ],
        "Mfdm": [
                0.0717283635159948,
                0.0823418111885627,
                0.09390836646858379
        ],
        "MMthetaE": 0.0,
        "projMMstar": [
                10.351910183519578,
                10.356774618521625,
                10.365683817535253
        ],
        "projMMdm": [
                10.085016907536245,
                10.149775256476735,
                10.20559243861536
        ],
        "projMMtotal": [
                10.544788762005544,
                10.567838626506399,
                10.588899118108086
        ],
        "projMfdm": [
                0.34550362881373753,
                0.3827431104122115,
                0.4127812238561171
        ],
        "Dstar": -0.03149200571100932,
        "Ddm": -0.8089738916383806,
        "Dtotal": -0.2732030121936937,
        "Dfdm": -0.7375746596045987,
        "projDstar": -0.09737258941240451,
        "projDdm": -0.19584266038244671,
        "projDtotal": -0.13519690203811988,
        "projDfdm": -0.06804585263170802,
        "DthetaE": 1.0
}