{
        "Reff": 0.544754228166559,
        "R": 0.6397297297297296,
        "MthetaE": 0.6397297297297296,
        "Mstar": 10.387700894003224,
        "Mdm": 9.983169393265646,
        "Mbh": 8.265588760375977,
        "Mtotal": 10.531955832442545,
        "fdm": 0.2826269428551476,
        "projMstar": 10.480275896075595,
        "projMdm": 10.275593071737097,
        "projMtotal": 10.690912870135643,
        "projfdm": 0.3843086871203482,
        "MMstar": 10.378524737720202,
        "MMdm": 9.853436999668103,
        "MMbh": -Infinity,
        "MMtotal": 10.491959318814738,
        "Mfdm": 0.22986755733040634,
        "MMthetaE": 0.6365295087181563,
        "projMMstar": 10.40262754900958,
        "projMMdm": 10.275316531673115,
        "projMMtotal": 10.644650492270607,
        "projMfdm": 0.4272342283480436,
        "Dstar": -0.02090722969290238,
        "Ddm": -0.25823283256497637,
        "Dtotal": -0.08798183929389153,
        "Dfdm": -0.18667500342237928,
        "projDstar": -0.16372011097946884,
        "projDdm": -0.0006365543422058823,
        "projDtotal": -0.10104568343728527,
        "projDfdm": 0.11169547466995723,
        "DthetaE": 0.005002457855015387
}