{
        "Reff": 0.3555664498963653,
        "R": 0.8889161247409133,
        "MthetaE": 0.7108108108108108,
        "Mstar": 10.480430779715173,
        "Mdm": 10.35153228832647,
        "Mbh": 8.265618324279785,
        "Mtotal": 10.721776209571578,
        "fdm": 0.4263399979307349,
        "projMstar": 10.52668112853081,
        "projMdm": 10.557453231213469,
        "projMtotal": 10.843369664689648,
        "projfdm": 0.5177064389389725,
        "MMstar": [
                10.401793109601437,
                10.456254172390995,
                10.492136819107277
        ],
        "MMdm": [
                10.279351578732413,
                10.327111081456135,
                10.384879088706514
        ],
        "MMbh": -Infinity,
        "MMtotal": [
                10.689911287243191,
                10.697374412095042,
                10.704907006067508
        ],
        "Mfdm": [
                0.3811238806630663,
                0.4280395826621684,
                0.48838318989054347
        ],
        "MMthetaE": 0.7422755400052048,
        "projMMstar": [
                10.415673685375253,
                10.46979409064127,
                10.505361993362
        ],
        "projMMdm": [
                10.566218462319673,
                10.602376782101077,
                10.649836162628702
        ],
        "projMMtotal": [
                10.835909486572442,
                10.84291238755738,
                10.850260615689884
        ],
        "projMfdm": [
                0.5342360946309109,
                0.574999126517825,
                0.630574838039767
        ],
        "Dstar": -0.05414755095789163,
        "Ddm": -0.0546801157284368,
        "Dtotal": -0.05463786675527187,
        "Dfdm": 0.003986453862369308,
        "projDstar": -0.12277103700125229,
        "projDdm": 0.10897958375292731,
        "projDtotal": -0.001052365382882951,
        "projDfdm": 0.11066636083621556,
        "DthetaE": -0.04426596882861517
}