{
        "Reff": 0.35973259940631414,
        "R": 0.47555110172829945,
        "thetaE": 0.47555110172829945,
        "Mstar": 10.161975651500203,
        "Mdm": 9.869985356278166,
        "Mbh": 8.119908332824707,
        "Mtotal": 10.34110109863089,
        "fdm": 0.3379747516950848,
        "MMstar": 10.332851838451699,
        "MMdm": 9.532164173293749,
        "MMbh": -Infinity,
        "MMtotal": 10.396649859531585,
        "Mfdm": 0.13662001030667653,
        "Dstar": 0.48209549418785475,
        "Ddm": -0.5406128774035086,
        "Dtotal": 0.13644588624277915,
        "Dfdm": -0.595768590341527
}