{
        "Reff": 0.35973259940631447,
        "R": 0.8993314985157862,
        "MthetaE": 0.46202702702702697,
        "Mstar": 10.278276772675927,
        "Mdm": 10.21103561277337,
        "Mbh": 8.119908332824707,
        "Mtotal": 10.546986246559046,
        "fdm": 0.4613700154676134,
        "projMstar": 10.370522904662561,
        "projMdm": 10.460775180326277,
        "projMtotal": 10.719019287230033,
        "projfdm": 0.5517672164880664,
        "MMstar": 10.254497427577858,
        "MMdm": 10.315047822600942,
        "MMbh": -Infinity,
        "MMtotal": 10.58685702761334,
        "Mfdm": 0.5347992567110038,
        "MMthetaE": 1.1132421999248183,
        "projMMstar": 10.265408231563539,
        "projMMdm": 10.514469617348386,
        "projMMtotal": 10.708583611532244,
        "projMfdm": 0.6395669390817732,
        "Dstar": -0.0532819554388817,
        "Ddm": 0.2706098268432042,
        "Dtotal": 0.09615200116243705,
        "Dfdm": 0.15915477551996415,
        "projDstar": -0.21497167522341967,
        "projDdm": 0.13160390382139434,
        "projDtotal": -0.023742632671122692,
        "projDfdm": 0.15912457277281128,
        "DthetaE": -1.4094741969709437,
        "PL_slope1": -2.6944213081909525,
        "AV_slope1": 2.6203256566455226,
        "PL_slope2": -2.085635568082703,
        "AV_slope2": 2.0981340021851462
}