{
        "Reff": 0.35973259940631447,
        "R": 0.8993314985157862,
        "MthetaE": 0.46202702702702697,
        "Mstar": 10.278276772675927,
        "Mdm": 10.21103561277337,
        "Mbh": 8.119908332824707,
        "Mtotal": 10.546986246559046,
        "fdm": 0.4613700154676134,
        "projMstar": 10.370522904662561,
        "projMdm": 10.460775180326277,
        "projMtotal": 10.719019287230033,
        "projfdm": 0.5517672164880664,
        "MMstar": 10.256115347278088,
        "MMdm": 10.311450542897271,
        "MMbh": -Infinity,
        "MMtotal": 10.585693655054408,
        "Mfdm": 0.5318104756399188,
        "MMthetaE": 1.0875756874765057,
        "projMMstar": 10.267081587242165,
        "projMMdm": 10.51361032198294,
        "projMMtotal": 10.708638870599543,
        "projMfdm": 0.6382215309241817,
        "Dstar": -0.04974847641333222,
        "Ddm": 0.26012877890048114,
        "Dtotal": 0.09321959766386322,
        "Dfdm": 0.15267671892572318,
        "projDstar": -0.21194109193590815,
        "projDdm": 0.1293671251220248,
        "projDtotal": -0.023618407045347588,
        "projDfdm": 0.15668621087419232,
        "DthetaE": -1.3539222250149583,
        "PL_slope1": -2.691205087233626,
        "AV_slope1": 2.618859899144434,
        "PL_slope2": -2.0797633987155533,
        "AV_slope2": 2.0895634052402423
}