{
        "Reff": 0.3555664498963653,
        "R": 0.7108108108108108,
        "MthetaE": 0.7108108108108108,
        "Mstar": 10.451843296180769,
        "Mdm": 10.23681373681996,
        "Mbh": 8.265618324279785,
        "Mtotal": 10.658533039151479,
        "fdm": 0.3786872626768167,
        "projMstar": 10.498681972681283,
        "projMdm": 10.45430910397408,
        "projMtotal": 10.778091997453737,
        "projfdm": 0.4744791210545737,
        "MMstar": [
                10.361414875141772,
                10.407635714376235,
                10.440170827843321
        ],
        "MMdm": [
                10.168325011746953,
                10.234485231379821,
                10.284852025245227
        ],
        "MMbh": -Infinity,
        "MMtotal": [
                10.612578390316349,
                10.628979711992944,
                10.642021869148161
        ],
        "Mfdm": [
                0.34962199376183906,
                0.40151357030647217,
                0.4535862714948792
        ],
        "MMthetaE": 0.815168435358413,
        "projMMstar": [
                10.378554813113954,
                10.42377779839985,
                10.456506121246735
        ],
        "projMMdm": [
                10.460785311776295,
                10.494495466215007,
                10.534568231962743
        ],
        "projMMtotal": [
                10.758519946233934,
                10.762162574128954,
                10.765346697540943
        ],
        "projMfdm": [
                0.5024213806570329,
                0.5410873079446207,
                0.5887177441314312
        ],
        "Dstar": -0.09678234471850047,
        "Ddm": -0.005347234288542352,
        "Dtotal": -0.06578535130170479,
        "Dfdm": 0.06027746343593329,
        "projDstar": -0.15841918666625643,
        "projDdm": 0.09694881226122981,
        "projDtotal": -0.03601433295011508,
        "projDfdm": 0.14038170265954833,
        "DthetaE": -0.14681490905936434
}