{
        "Reff": 0.3555664498963653,
        "R": 0.7108108108108108,
        "MthetaE": 0.7108108108108108,
        "Mstar": 10.451843296180769,
        "Mdm": 10.23681373681996,
        "Mbh": 8.265618324279785,
        "Mtotal": 10.658533039151479,
        "fdm": 0.3786872626768167,
        "projMstar": 10.498681972681283,
        "projMdm": 10.45430910397408,
        "projMtotal": 10.778091997453737,
        "projfdm": 0.4744791210545737,
        "MMstar": [
                10.364464533235118,
                10.406293513499188,
                10.439338126600905
        ],
        "MMdm": [
                10.170215045060221,
                10.232745113473214,
                10.286194367427713
        ],
        "MMbh": -Infinity,
        "MMtotal": [
                10.612040640965132,
                10.62871681892269,
                10.641454952246125
        ],
        "Mfdm": [
                0.350307113589387,
                0.4026548570900065,
                0.4544392649474442
        ],
        "MMthetaE": 0.9941495821646472,
        "projMMstar": [
                10.381416715735451,
                10.422502136917284,
                10.455320847524057
        ],
        "projMMdm": [
                10.461930029776331,
                10.496476879863296,
                10.532637328341833
        ],
        "projMMtotal": [
                10.75835730902919,
                10.762332496818763,
                10.765600296978105
        ],
        "projMfdm": [
                0.5034513700671187,
                0.5421841447027063,
                0.5865099471584523
        ],
        "Dstar": -0.09956945849223436,
        "Ddm": -0.009324605179400808,
        "Dtotal": -0.066350691751473,
        "Dfdm": 0.06329126108908627,
        "projDstar": -0.1608875511130292,
        "projDdm": 0.10196493650086491,
        "projDtotal": -0.03563708872207041,
        "projDfdm": 0.14269336761889945,
        "DthetaE": -0.3986134806118612
}