{
        "Reff": 0.544754228166559,
        "R": 0.6397297297297296,
        "MthetaE": 0.6397297297297296,
        "Mstar": 10.387700894003224,
        "Mdm": 9.983169393265646,
        "Mbh": 8.265588760375977,
        "Mtotal": 10.531955832442545,
        "fdm": 0.2826269428551476,
        "projMstar": 10.480275896075595,
        "projMdm": 10.275593071737097,
        "projMtotal": 10.690912870135643,
        "projfdm": 0.3843086871203482,
        "MMstar": [
                10.335222880896149,
                10.364472318870106,
                10.380996363188713
        ],
        "MMdm": [
                9.622574787776426,
                9.667459367485062,
                9.719500243588516
        ],
        "MMbh": -Infinity,
        "MMtotal": [
                10.426280769022165,
                10.443593291559921,
                10.453582443490546
        ],
        "Mfdm": [
                0.15009788854405462,
                0.16746990405406237,
                0.19345319729324323
        ],
        "MMthetaE": 0.6365295087181563,
        "projMMstar": [
                10.358288843815007,
                10.388309489516953,
                10.404264079334578
        ],
        "projMMdm": [
                10.272077341776225,
                10.297561494089502,
                10.34077260089721
        ],
        "projMMtotal": [
                10.642889875144547,
                10.646531418534574,
                10.651818164700444
        ],
        "projMfdm": [
                0.42509602715201467,
                0.44789002732219074,
                0.48958582034797665
        ],
        "Dstar": -0.05208057098830776,
        "Ddm": -0.5166185565762619,
        "Dtotal": -0.18409901183682212,
        "Dfdm": -0.4074524446882111,
        "projDstar": -0.19084151341140623,
        "projDdm": 0.051885388223967814,
        "projDtotal": -0.0971438755340018,
        "projDfdm": 0.16544341133233792,
        "DthetaE": 0.005002457855015387
}