{
        "Reff": 0.9842781252851367,
        "R": 2.4606953132128417,
        "thetaE": 1.2319517468260863,
        "Mstar": 11.047828541469018,
        "Mdm": 11.001234796916503,
        "Mbh": 8.475809097290039,
        "Mtotal": 11.326186222826236,
        "fdm": 0.4732041819854661,
        "MMstar": 11.190760761986713,
        "MMdm": 10.707618895707204,
        "MMbh": -Infinity,
        "MMtotal": 11.314202152319405,
        "Mfdm": 0.247409711800604,
        "Dstar": 0.3897357209773847,
        "Ddm": -0.491390932189667,
        "Dtotal": -0.02721709616012134,
        "Dfdm": -0.4771607664950795
}