{
        "Reff": 0.9842781252851374,
        "R": 2.4606953132128435,
        "MthetaE": 1.2083783783783781,
        "Mstar": 11.047832343965457,
        "Mdm": 11.001254446472288,
        "Mbh": 8.475809097290039,
        "Mtotal": 11.326197524289501,
        "fdm": 0.4732132780951882,
        "projMstar": 11.149499647980916,
        "projMdm": 11.24215644498053,
        "projMtotal": 11.499324412551626,
        "projfdm": 0.5531361371153823,
        "MMstar": [
                10.915584575772362,
                10.953202810788648,
                10.977208068676717
        ],
        "MMdm": [
                11.088351366301506,
                11.111000457860975,
                11.142473990462989
        ],
        "MMbh": -Infinity,
        "MMtotal": [
                11.336730913867315,
                11.340741986532189,
                11.345391599380116
        ],
        "Mfdm": [
                0.5639607596503652,
                0.5903077779883842,
                0.6280704637222104
        ],
        "MMthetaE": 1.224463753867507,
        "projMMstar": [
                10.930582444476528,
                10.967511206331451,
                10.991663467472824
        ],
        "projMMdm": [
                11.414333909424721,
                11.434575475090963,
                11.461222739770248
        ],
        "projMMtotal": [
                11.54982343964281,
                11.562863320269159,
                11.575281653634562
        ],
        "projMfdm": [
                0.7273431369595222,
                0.7463409793153297,
                0.7728389234670141
        ],
        "Dstar": -0.19578815238279085,
        "Ddm": 0.28749636447000065,
        "Dtotal": 0.034056960347448435,
        "Dfdm": 0.2474455077941454,
        "projDstar": -0.3423246594496569,
        "projDdm": 0.5574676334011032,
        "projDtotal": 0.15754773021559856,
        "projDfdm": 0.349289856937417,
        "DthetaE": -0.013311538651258465
}