{
        "Reff": 0.36422601544215016,
        "R": 0.40279279279279273,
        "MthetaE": 0.40279279279279273,
        "Mstar": 10.09249136930786,
        "Mdm": 9.657160343916678,
        "Mbh": 8.177248001098633,
        "Mtotal": 10.228260665224283,
        "fdm": 0.2684724207169141,
        "projMstar": 10.177779355267997,
        "projMdm": 9.932815037193404,
        "projMtotal": 10.37337452695279,
        "projfdm": 0.3626106123565712,
        "MMstar": [
                10.020520721537975,
                10.050920415508315,
                10.085227697820658
        ],
        "MMdm": [
                9.189476756314292,
                9.30560259699282,
                9.398002216687228
        ],
        "MMbh": -Infinity,
        "MMtotal": [
                10.10931463505734,
                10.124085431320376,
                10.137760964399428
        ],
        "Mfdm": [
                0.11280966236990349,
                0.15231234786949843,
                0.1919947857017322
        ],
        "MMthetaE": 0.4027931353555214,
        "projMMstar": [
                10.04185095625039,
                10.072501206667807,
                10.106259868310893
        ],
        "projMMdm": [
                9.637467289737756,
                9.75435629910266,
                9.83679978575014
        ],
        "projMMtotal": [
                10.232286428522235,
                10.24308161232528,
                10.25351663837371
        ],
        "projMfdm": [
                0.2531746794158622,
                0.3252394798790467,
                0.38434483263034197
        ],
        "Dstar": -0.0912821768010823,
        "Ddm": -0.5549157226274818,
        "Dtotal": -0.21327171211903065,
        "Dfdm": -0.43267041187034455,
        "projDstar": -0.21526711703515264,
        "projDdm": -0.33695766029423113,
        "projDtotal": -0.2591895748659561,
        "projDfdm": -0.10306133136769806,
        "DthetaE": -8.504688634280417e-07
}