{
        "Reff": 0.23513420348217307,
        "R": 0.5878355087054327,
        "MthetaE": 0.29617117117117114,
        "Mstar": 10.050722827275926,
        "Mdm": 9.733344266485139,
        "Mbh": 7.900820732116699,
        "Mtotal": 10.22143265648222,
        "fdm": 0.3250211405665837,
        "projMstar": 10.118482880290474,
        "projMdm": 9.9181948845171,
        "projMtotal": 10.330814090773245,
        "projfdm": 0.3867058960445534,
        "MMstar": [
                10.126664570283541,
                10.15027117087174,
                10.179516526894881
        ],
        "MMdm": [
                8.937534430070087,
                9.197962988402644,
                9.376364545969532
        ],
        "MMbh": -Infinity,
        "MMtotal": [
                10.183234921126,
                10.201737709772443,
                10.214725437361832
        ],
        "Mfdm": [
                0.055483456975300806,
                0.10045854793699824,
                0.14754536694563758
        ],
        "MMthetaE": 0.3247669375126507,
        "projMMstar": [
                10.146073572472718,
                10.170146194369382,
                10.19883140950201
        ],
        "projMMdm": [
                9.322523125965997,
                9.537925584048187,
                9.688125904350784
        ],
        "projMMtotal": [
                10.24193015687069,
                10.2621607439966,
                10.284526094962855
        ],
        "projMfdm": [
                0.11770430421645105,
                0.18811741916020894,
                0.254894444897739
        ],
        "Dstar": 0.25761683850038847,
        "Ddm": -0.7085133144799868,
        "Dtotal": -0.044336380886748614,
        "Dfdm": -0.6909168807854259,
        "projDstar": 0.12632393726188873,
        "projDdm": -0.5833890317890064,
        "projDtotal": -0.14621867087677376,
        "projDfdm": -0.5135387872686187,
        "DthetaE": -0.0965514848335887
}