{
        "Reff": 0.42908660556761313,
        "R": 0.533108108108108,
        "MthetaE": 0.533108108108108,
        "Mstar": 10.316567053263963,
        "Mdm": 9.953675599223988,
        "Mbh": 8.356976509094238,
        "Mtotal": 10.473000874721839,
        "fdm": 0.3024647195873248,
        "projMstar": 10.385313712548719,
        "projMdm": 10.208555729354114,
        "projMtotal": 10.606895895322637,
        "projfdm": 0.3996316112517674,
        "MMstar": -Infinity,
        "MMdm": -Infinity,
        "MMbh": -Infinity,
        "MMtotal": -Infinity,
        "Mfdm": 0.0,
        "MMthetaE": 0.458917242575832,
        "projMMstar": 10.438050685335172,
        "projMMdm": 9.542989914170096,
        "projMMtotal": 10.490102708652163,
        "projMfdm": 0.11295025234298245,
        "Dstar": -1.0,
        "Ddm": -1.0,
        "Dtotal": -1.0,
        "Dfdm": -1.0,
        "projDstar": 0.12911186936863855,
        "projDdm": -0.7840097312614404,
        "projDtotal": -0.23580038715995275,
        "projDfdm": -0.7173640694008464,
        "DthetaE": 0.13916664257004888
}