{
        "Reff": 0.42908660556761313,
        "R": 0.533108108108108,
        "MthetaE": 0.533108108108108,
        "Mstar": 10.316567053263963,
        "Mdm": 9.953675599223988,
        "Mbh": 8.356976509094238,
        "Mtotal": 10.473000874721839,
        "fdm": 0.3024647195873248,
        "projMstar": 10.385313712548719,
        "projMdm": 10.208555729354114,
        "projMtotal": 10.606895895322637,
        "projfdm": 0.3996316112517674,
        "MMstar": -Infinity,
        "MMdm": -Infinity,
        "MMbh": -Infinity,
        "MMtotal": -Infinity,
        "Mfdm": 0.0,
        "MMthetaE": 0.458917242575832,
        "projMMstar": 10.438059213434048,
        "projMMdm": 9.542603306815122,
        "projMMtotal": 10.490066624107554,
        "projMfdm": 0.11285912600255409,
        "Dstar": -1.0,
        "Ddm": -1.0,
        "Dtotal": -1.0,
        "Dfdm": -1.0,
        "projDstar": 0.12913404158728176,
        "projDdm": -0.7842019194512044,
        "projDtotal": -0.2358638801367099,
        "projDfdm": -0.7175920952573168,
        "DthetaE": 0.13916664257004888
}