{
        "Reff": 0.3754074905418294,
        "R": 0.46202702702702697,
        "MthetaE": 0.46202702702702697,
        "Mstar": 10.154514149873487,
        "Mdm": 9.85340370134865,
        "Mbh": 8.119908332824707,
        "Mtotal": 10.330578592964834,
        "fdm": 0.33329216803596157,
        "projMstar": 10.270689529883358,
        "projMdm": 10.129276943838029,
        "projMtotal": 10.506743732429133,
        "projfdm": 0.4193080608244642,
        "MMstar": 10.409470960348198,
        "MMdm": 9.231190324003114,
        "MMbh": -Infinity,
        "MMtotal": 10.437363170746828,
        "Mfdm": 0.0622052662460201,
        "MMthetaE": 0.5249657346094901,
        "projMMstar": 10.43788953928785,
        "projMMdm": 9.682772087554987,
        "projMMtotal": 10.508202615576677,
        "projMfdm": 0.14947531316393953,
        "Dstar": 0.7986920307056903,
        "Ddm": -0.7613361607165068,
        "Dtotal": 0.27874685258936616,
        "Dfdm": -0.8133611521309186,
        "projDstar": 0.46960293080337645,
        "projDdm": -0.6423195990298964,
        "projDtotal": 0.0033648510319543436,
        "projDfdm": -0.6435191041402023,
        "DthetaE": -0.13622299973975652
}