{
        "Reff": 0.4081097725007585,
        "R": 1.0202744312518963,
        "MthetaE": 0.37909909909909906,
        "Mstar": 10.364943218193039,
        "Mdm": 10.152496114847926,
        "Mbh": 8.278263092041016,
        "Mtotal": 10.572612711748814,
        "fdm": 0.38008733894439084,
        "projMstar": 10.459069556768531,
        "projMdm": 10.470354006813059,
        "projMtotal": 10.765778427480319,
        "projfdm": 0.5064954861724276,
        "MMstar": [
                10.387254169787592,
                10.416719868727789,
                10.439943193100081
        ],
        "MMdm": [
                10.020456974978208,
                10.090956814832268,
                10.166886212402616
        ],
        "MMbh": -Infinity,
        "MMtotal": [
                10.572403033309882,
                10.583983511921064,
                10.59977060581635
        ],
        "Mfdm": [
                0.2785203081725415,
                0.3173753673555848,
                0.3741311990340604
        ],
        "MMthetaE": 0.37130888008559115,
        "projMMstar": [
                10.39863133065672,
                10.42814176260573,
                10.451095831792493
        ],
        "projMMdm": [
                10.412470124664281,
                10.471274648366792,
                10.538956140465972
        ],
        "projMMtotal": [
                10.727811211136023,
                10.75071788984038,
                10.77962240732564
        ],
        "projMfdm": [
                0.4800457440978073,
                0.5238238608026536,
                0.5788686658587305
        ],
        "Dstar": 0.12661790881027504,
        "Ddm": -0.1321179623215779,
        "Dtotal": 0.02652800073070075,
        "Dfdm": -0.1649935821671271,
        "projDstar": -0.0687373055884965,
        "projDdm": 0.0021221039998635238,
        "projDtotal": -0.03408377242040988,
        "projDfdm": 0.03421229824016029,
        "DthetaE": 0.020549294451030833,
        "PL_slope1": -2.665099339689501,
        "AV_slope1": 2.6497142380196017,
        "PL_slope2": -1.9454565983568795,
        "AV_slope2": 1.9330109362214452
}