{
        "Reff": 0.9662426539989696,
        "R": 0.45018018018018013,
        "MthetaE": 0.45018018018018013,
        "Mstar": 10.307116544969112,
        "Mdm": 9.689914983895168,
        "Mbh": 8.30414867401123,
        "Mtotal": 10.401040182296704,
        "fdm": 0.19447993540979114,
        "projMstar": 10.389112670322442,
        "projMdm": 9.993272781079773,
        "projMtotal": 10.53584177711993,
        "projfdm": 0.286702185777595,
        "MMstar": 10.288655742175926,
        "MMdm": 9.746245195229553,
        "MMbh": -Infinity,
        "MMtotal": 10.398169091425325,
        "Mfdm": 0.2228825684401588,
        "MMthetaE": 0.5400234219125003,
        "projMMstar": 10.3151430361016,
        "projMMdm": 10.060829493270026,
        "projMMtotal": 10.507371291994946,
        "projMfdm": 0.3576499768546796,
        "Dstar": -0.04161678881216245,
        "Ddm": 0.13849259793208996,
        "Dtotal": -0.006589126911443192,
        "Dfdm": 0.14604402747522574,
        "projDstar": -0.15660627438471383,
        "projDdm": 0.16830628276043821,
        "projDtotal": -0.06345313406461106,
        "projDfdm": 0.2474616329996218,
        "DthetaE": -0.19957173968956454
}