{
        "Reff": 0.35973259940631447,
        "R": 0.8993314985157862,
        "MthetaE": 0.46202702702702697,
        "Mstar": 10.278276772675927,
        "Mdm": 10.21103561277337,
        "Mbh": 8.119908332824707,
        "Mtotal": 10.546986246559046,
        "fdm": 0.4613700154676134,
        "projMstar": 10.370522904662561,
        "projMdm": 10.460775180326277,
        "projMtotal": 10.719019287230033,
        "projfdm": 0.5517672164880664,
        "MMstar": [
                10.223955186733981,
                10.25475532486291,
                10.27634457124629
        ],
        "MMdm": [
                10.263025020026591,
                10.297488271829007,
                10.330253886558145
        ],
        "MMbh": -Infinity,
        "MMtotal": [
                10.563831249896655,
                10.575816379291464,
                10.589395694879272
        ],
        "Mfdm": [
                0.4950823453497364,
                0.5242617059758573,
                0.559120743030168
        ],
        "MMthetaE": 1.1132421999248183,
        "projMMstar": [
                10.234160333525018,
                10.26595347716822,
                10.286809418254878
        ],
        "projMMdm": [
                10.468625007503237,
                10.505067063661462,
                10.537265550526872
        ],
        "projMMtotal": [
                10.682103683308497,
                10.701678240909082,
                10.719556357246734
        ],
        "projMfdm": [
                0.6059467771969481,
                0.6345166691305211,
                0.6625182010877122
        ],
        "Dstar": -0.05271959848624558,
        "Ddm": 0.2202607970712446,
        "Dtotal": 0.06863681744896857,
        "Dfdm": 0.1363150798703317,
        "projDstar": -0.21398547331123458,
        "projDdm": 0.10736778055663526,
        "projDtotal": -0.0391425679424008,
        "projDfdm": 0.14997167314351378,
        "DthetaE": -1.4094741969709437,
        "PL_slope1": -2.667376275197841,
        "AV_slope1": 2.6008574557272333,
        "PL_slope2": -2.0306294418051953,
        "AV_slope2": 2.0465738135816913
}