{
        "Reff": 0.3129603324922881,
        "R": 0.45018018018018013,
        "MthetaE": 0.45018018018018013,
        "Mstar": 10.157419078496352,
        "Mdm": 9.745693003339381,
        "Mbh": 8.01979923248291,
        "Mtotal": 10.299652689733843,
        "fdm": 0.27928030725671116,
        "projMstar": 10.210306231675538,
        "projMdm": 9.953741366541735,
        "projMtotal": 10.401730642113568,
        "projfdm": 0.3564599357065718,
        "MMstar": -Infinity,
        "MMdm": -Infinity,
        "MMbh": -Infinity,
        "MMtotal": -Infinity,
        "Mfdm": 0.0,
        "MMthetaE": 0.4500195182604169,
        "projMMstar": 10.323845106151461,
        "projMMdm": 8.294333777388585,
        "projMMtotal": 10.327883903096515,
        "projMfdm": 0.009256565408731692,
        "Dstar": -1.0,
        "Ddm": -1.0,
        "Dtotal": -1.0,
        "Dfdm": -1.0,
        "projDstar": 0.2987898156257489,
        "projDdm": -0.9780925206576883,
        "projDtotal": -0.15636757987070238,
        "projDfdm": -0.9740319612907312,
        "DthetaE": 0.00035688359202955825
}