{
        "Reff": 0.9094395894549948,
        "R": 2.273598973637487,
        "MthetaE": 0.0,
        "Mstar": 10.63249087929843,
        "Mdm": 10.608043679512585,
        "Mbh": 8.274933815002441,
        "Mtotal": 10.921469274343053,
        "fdm": 0.4859307755243753,
        "projMstar": 10.714692474183407,
        "projMdm": 10.768149505668532,
        "projMtotal": 11.043272965876945,
        "projfdm": 0.5307335471058287,
        "MMstar": [
                10.61766632484909,
                10.718959062884718,
                10.795031671568513
        ],
        "MMdm": [
                10.245632594566471,
                10.452300875972766,
                10.60568601531571
        ],
        "MMbh": -Infinity,
        "MMtotal": [
                10.88310065058333,
                10.906023816648464,
                10.927373144630938
        ],
        "Mfdm": [
                0.22583152113060634,
                0.3480301588010291,
                0.4939119446867911
        ],
        "MMthetaE": 0.0,
        "projMMstar": [
                10.632904912718601,
                10.732847422124333,
                10.80974896922887
        ],
        "projMMdm": [
                10.52430596841296,
                10.69199857260609,
                10.806608025074032
        ],
        "projMMtotal": [
                10.964932482432474,
                11.007629657160557,
                11.046050110301119
        ],
        "projMfdm": [
                0.3481842511258243,
                0.47621248869437516,
                0.5938084638502478
        ],
        "Dstar": 0.22030441796796568,
        "Ddm": -0.30135396854164825,
        "Dtotal": -0.03493949549721183,
        "Dfdm": -0.2837865467041793,
        "projDstar": 0.042689374606903335,
        "projDdm": -0.1608317055411243,
        "projDtotal": -0.0787941414070623,
        "projDfdm": -0.10272774108357231,
        "DthetaE": 0,
        "PL_slope1": -2.289286377698358,
        "AV_slope1": 2.390582750963348,
        "PL_slope2": -1.9962872679439991,
        "AV_slope2": 2.013831276284892
}