{
        "Reff": 0.3465146838858552,
        "R": 0.8662867097146381,
        "MthetaE": 1.0543693693693692,
        "Mstar": 11.033412259839897,
        "Mdm": 10.707664354405054,
        "Mbh": 8.772610664367676,
        "Mtotal": 11.201419526893796,
        "fdm": 0.32080773240888977,
        "projMstar": 11.066829826989872,
        "projMdm": 10.9365370114967,
        "projMtotal": 11.30758134804791,
        "projfdm": 0.42555496657047037,
        "MMstar": [
                -Infinity,
                -Infinity,
                -Infinity
        ],
        "MMdm": [
                -Infinity,
                -Infinity,
                -Infinity
        ],
        "MMbh": -Infinity,
        "MMtotal": [
                -Infinity,
                -Infinity,
                -Infinity
        ],
        "Mfdm": [
                0.0,
                0.0,
                0.0
        ],
        "MMthetaE": 1.1385664922071537,
        "projMMstar": [
                11.202814098310848,
                11.204888899249966,
                11.20907144238078
        ],
        "projMMdm": [
                10.61291218557781,
                10.625073519338041,
                10.634039437878222
        ],
        "projMMtotal": [
                11.30562297084499,
                11.307020511735589,
                11.308019354140743
        ],
        "projMfdm": [
                0.2026063460388945,
                0.20825830210331248,
                0.21224170945236975
        ],
        "Dstar": -1.0,
        "Ddm": -1.0,
        "Dtotal": -1.0,
        "Dfdm": -1.0,
        "projDstar": 0.37422888340931854,
        "projDdm": -0.5118688669970158,
        "projDtotal": -0.0012905398686280968,
        "projDfdm": -0.5106195005038776,
        "DthetaE": -0.07985543328913638
}