{
        "Reff": 0.5148342648334497,
        "R": 1.2870856620836244,
        "MthetaE": 0.5804954954954954,
        "Mstar": 10.485052405687021,
        "Mdm": 10.343082781744615,
        "Mbh": 8.260486602783203,
        "Mtotal": 10.72087312472932,
        "fdm": 0.41899578782519636,
        "projMstar": 10.567427798541386,
        "projMdm": 10.56775212156492,
        "projMtotal": 10.868619985991932,
        "projfdm": 0.5001866953311498,
        "MMstar": [
                10.454510302668398,
                10.48705708247825,
                10.512630867639626
        ],
        "MMdm": [
                10.265789529258313,
                10.321394736830042,
                10.38133149054703
        ],
        "MMbh": -Infinity,
        "MMtotal": [
                10.70712689681095,
                10.713485885029927,
                10.721108165876421
        ],
        "Mfdm": [
                0.36192940162641096,
                0.40566513788165426,
                0.4580576873288343
        ],
        "MMthetaE": 0.5762987595061156,
        "projMMstar": [
                10.472941028920419,
                10.505656986340012,
                10.531589076931256
        ],
        "projMMdm": [
                10.550402664068839,
                10.60913982796757,
                10.676334073198872
        ],
        "projMMtotal": [
                10.841858495082493,
                10.861500702640912,
                10.88601117962732
        ],
        "projMfdm": [
                0.5114018496720705,
                0.5592298608322677,
                0.6152575045156112
        ],
        "Dstar": 0.004626608752516589,
        "Ddm": -0.04871213865015871,
        "Dtotal": -0.016865899013040052,
        "Dfdm": -0.0318157135009281,
        "projDstar": -0.1325804865559422,
        "projDdm": 0.09998738966307763,
        "projDtotal": -0.01625912568143407,
        "projDfdm": 0.11804225512641477,
        "DthetaE": 0.0072295754608699084
}