{
        "Reff": 0.9365583424776647,
        "R": 2.3413958561941617,
        "MthetaE": 0.0,
        "Mstar": 10.604331395051114,
        "Mdm": 10.634915923094567,
        "Mbh": 8.183881759643555,
        "Mtotal": 10.920922832725646,
        "fdm": 0.5175985968843835,
        "projMstar": 10.682569230118846,
        "projMdm": 10.83810770590852,
        "projMtotal": 11.068294645514952,
        "projfdm": 0.5885902454738217,
        "MMstar": [
                10.408214637048191,
                10.573675013890576,
                10.65708987055855
        ],
        "MMdm": [
                10.54644551617362,
                10.656671735077191,
                10.758273034662757
        ],
        "MMbh": -Infinity,
        "MMtotal": [
                10.894678551192218,
                10.914762133260677,
                10.933990381012508
        ],
        "Mfdm": [
                0.4389370887415157,
                0.5464943635974859,
                0.6914996731077051
        ],
        "MMthetaE": 0.0,
        "projMMstar": [
                10.42879145332223,
                10.595117605677425,
                10.677732556245799
        ],
        "projMMdm": [
                10.809751907846156,
                10.887703156312133,
                10.944772882489751
        ],
        "projMMtotal": [
                11.022341984026111,
                11.056722446258819,
                11.09400453015597
        ],
        "projMfdm": [
                0.5869179800244105,
                0.6624765616951147,
                0.7567013278314996
        ],
        "Dstar": -0.06815512964302138,
        "Ddm": 0.05137056011237156,
        "Dtotal": -0.01408539412769716,
        "Dfdm": 0.055826593980425596,
        "projDstar": -0.18238589404155606,
        "projDdm": 0.12097376967999825,
        "projDtotal": -0.026294101797213865,
        "projDfdm": 0.12553099000445334,
        "DthetaE": 0
}