{
        "Reff": 0.9365583424776647,
        "R": 2.3413958561941617,
        "MthetaE": 0.0,
        "Mstar": 10.604331395051114,
        "Mdm": 10.634915923094567,
        "Mbh": 8.183881759643555,
        "Mtotal": 10.920922832725646,
        "fdm": 0.5175985968843835,
        "projMstar": 10.682569230118846,
        "projMdm": 10.83810770590852,
        "projMtotal": 11.068294645514952,
        "projfdm": 0.5885902454738217,
        "MMstar": [
                10.393297165364412,
                10.565371864789096,
                10.651488950035127
        ],
        "MMdm": [
                10.55153521674166,
                10.66389583876242,
                10.772240965931523
        ],
        "MMbh": -Infinity,
        "MMtotal": [
                10.893934605496742,
                10.917464317892733,
                10.93537181831558
        ],
        "Mfdm": [
                0.4466823627409426,
                0.5533075594875615,
                0.7051250696489187
        ],
        "MMthetaE": 0.0,
        "projMMstar": [
                10.414777161070855,
                10.587381072518673,
                10.673206210646521
        ],
        "projMMdm": [
                10.806583299061186,
                10.893030296106065,
                10.949759705810585
        ],
        "projMMtotal": [
                11.021532768559865,
                11.05592104163916,
                11.093853166479725
        ],
        "projMfdm": [
                0.5880401501951569,
                0.6676719238171073,
                0.7679442838280651
        ],
        "Dstar": -0.08580157290431961,
        "Ddm": 0.06900544097809828,
        "Dtotal": -0.007931899839480712,
        "Dfdm": 0.06898968200092391,
        "projDstar": -0.19682192920924071,
        "projDdm": 0.13480852635742427,
        "projDtotal": -0.02808922677702324,
        "projDfdm": 0.13435777937438292,
        "DthetaE": 0,
        "PL_slope1": -2.588091433734286,
        "AV_slope1": 2.537712857167767,
        "PL_slope2": -1.7968453831450937,
        "AV_slope2": 1.820246841505485
}