{
        "Reff": 0.939249303987715,
        "R": 2.3481232599692876,
        "MthetaE": 0.5704504504504504,
        "Mstar": 10.604974350344044,
        "Mdm": 10.636557129014498,
        "Mbh": 8.183881759643555,
        "Mtotal": 10.922082767596338,
        "fdm": 0.5181725007822032,
        "projMstar": 10.683114804351895,
        "projMdm": 10.839507247386114,
        "projMtotal": 11.069343059823062,
        "projfdm": 0.5890663132213828,
        "MMstar": 10.627712736940426,
        "MMdm": 10.603912280831329,
        "MMbh": -Infinity,
        "MMtotal": 10.917005524937712,
        "Mfdm": 0.4863027840637453,
        "MMthetaE": 0.5400006464779323,
        "projMMstar": 10.650591993230403,
        "projMMdm": 10.879526887308241,
        "projMMtotal": 11.08100309655023,
        "projMfdm": 0.6288162998853731,
        "Dstar": 0.05375193856630899,
        "Ddm": -0.07241193552759749,
        "Dtotal": -0.011622711581301558,
        "Dfdm": -0.061504067989615954,
        "projDstar": -0.07215124598927634,
        "projDdm": 0.09652778285040572,
        "projDtotal": 0.02721188764707854,
        "projDfdm": 0.06747964664048187,
        "DthetaE": 0.05337852559932889
}