{
        "Reff": 0.939249303987715,
        "R": 2.3481232599692876,
        "MthetaE": 0.5704504504504504,
        "Mstar": 10.604974350344044,
        "Mdm": 10.636557129014498,
        "Mbh": 8.183881759643555,
        "Mtotal": 10.922082767596338,
        "fdm": 0.5181725007822032,
        "projMstar": 10.683114804351895,
        "projMdm": 10.839507247386114,
        "projMtotal": 11.069343059823062,
        "projfdm": 0.5890663132213828,
        "MMstar": 10.627704124318399,
        "MMdm": 10.596333643507577,
        "MMbh": -Infinity,
        "MMtotal": 10.913332066802274,
        "Mfdm": 0.4819495473388795,
        "MMthetaE": 0.5400006464779323,
        "projMMstar": 10.6505191006202,
        "projMMdm": 10.877742283305304,
        "projMMtotal": 11.079854639516489,
        "projMfdm": 0.6278958950168928,
        "Dstar": 0.05373104150787131,
        "Ddm": -0.08845835557889023,
        "Dtotal": -0.019947593965289737,
        "Dfdm": -0.06990520220321156,
        "projDstar": -0.07230696438970065,
        "projDdm": 0.09203117313001634,
        "projDtotal": 0.024499096400707774,
        "projDfdm": 0.06591716573158897,
        "DthetaE": 0.05337852559932889,
        "PL_slope1": -2.4939555333319356,
        "AV_slope1": 2.464273996691831,
        "PL_slope2": -1.7458661292305697,
        "AV_slope2": 1.7520284194210636
}