{
        "Reff": 0.3465146838858552,
        "R": 1.0543693693693692,
        "MthetaE": 1.0543693693693692,
        "Mstar": 11.051047526846789,
        "Mdm": 10.793390939483194,
        "Mbh": 8.772610664367676,
        "Mtotal": 11.242083096745356,
        "fdm": 0.355883491538148,
        "projMstar": 11.083819296434118,
        "projMdm": 11.030129712404289,
        "projMtotal": 11.35883364304146,
        "projfdm": 0.4691330928669549,
        "MMstar": [
                -Infinity,
                -Infinity,
                -Infinity
        ],
        "MMdm": [
                -Infinity,
                -Infinity,
                -Infinity
        ],
        "MMbh": -Infinity,
        "MMtotal": [
                -Infinity,
                -Infinity,
                -Infinity
        ],
        "Mfdm": [
                0.0,
                0.0,
                0.0
        ],
        "MMthetaE": 1.1457531156926812,
        "projMMstar": [
                11.21993663473282,
                11.222114194907626,
                11.226337626698724
        ],
        "projMMdm": [
                10.720078452051707,
                10.733629933502732,
                10.740727096143695
        ],
        "projMMtotal": [
                11.343948841721266,
                11.344265564263733,
                11.344525351759927
        ],
        "projMfdm": [
                0.23759975531482577,
                0.24513696215708305,
                0.2491068318167674
        ],
        "Dstar": -1.0,
        "Ddm": -1.0,
        "Dtotal": -1.0,
        "Dfdm": -1.0,
        "projDstar": 0.3749753059693166,
        "projDdm": -0.494757097841771,
        "projDtotal": -0.03298787132481053,
        "projDfdm": -0.47746819424098197,
        "DthetaE": -0.08667147299429775
}