{
        "Reff": 1.1035545250518053,
        "R": 0.6634234234234233,
        "MthetaE": 0.6634234234234233,
        "Mstar": 10.522028515683154,
        "Mdm": 10.064407877741875,
        "Mbh": 8.336731910705566,
        "Mtotal": 10.6519251077602,
        "fdm": 0.25851322760668544,
        "projMstar": 10.610449633395211,
        "projMdm": 10.389287224511984,
        "projMtotal": 10.814827120951854,
        "projfdm": 0.37537046949957625,
        "MMstar": 10.53394691415152,
        "MMdm": 9.710030480751495,
        "MMbh": -Infinity,
        "MMtotal": 10.59464375114907,
        "Mfdm": 0.13043277363880276,
        "MMthetaE": 0.6553516178469189,
        "projMMstar": 10.588866270457293,
        "projMMdm": 10.251229819073338,
        "projMMtotal": 10.753094938689792,
        "projMfdm": 0.31487260733279715,
        "Dstar": 0.027823157694247282,
        "Ddm": -0.5577960648647168,
        "Dtotal": -0.12356715767798841,
        "Dfdm": -0.49545029147502845,
        "projDstar": -0.04848281338706919,
        "projDdm": -0.27231638770051564,
        "projDtotal": -0.1325033272668759,
        "projDfdm": -0.1611684111630614,
        "DthetaE": 0.012166898682672369
}