{
        "Reff": 0.3555664498963653,
        "R": 0.8889161247409133,
        "MthetaE": 0.7108108108108108,
        "Mstar": 10.480430779715173,
        "Mdm": 10.35153228832647,
        "Mbh": 8.265618324279785,
        "Mtotal": 10.721776209571578,
        "fdm": 0.4263399979307349,
        "projMstar": 10.52668112853081,
        "projMdm": 10.557453231213469,
        "projMtotal": 10.843369664689648,
        "projfdm": 0.5177064389389725,
        "MMstar": 10.432514762253222,
        "MMdm": 10.354835567267362,
        "MMbh": -Infinity,
        "MMtotal": 10.696439591585174,
        "Mfdm": 0.45540309274644747,
        "MMthetaE": 0.9941495821646472,
        "projMMstar": 10.44602832700166,
        "projMMdm": 10.607776129411517,
        "projMMtotal": 10.835419231176695,
        "projMfdm": 0.5920479725624341,
        "Dstar": -0.1044620748096921,
        "Ddm": 0.007635080558314664,
        "Dtotal": -0.056670573822054884,
        "Dfdm": 0.06816882055817405,
        "projDstar": -0.16948553969017016,
        "projDdm": 0.12285298586947499,
        "projDtotal": -0.01814000265801644,
        "projDfdm": 0.14359785398038105,
        "DthetaE": -0.3986134806118612,
        "PL_slope1": -3.2761432323831494,
        "AV_slope1": 3.116408033166348,
        "PL_slope2": -2.001639691362577,
        "AV_slope2": 2.035721452584613
}