{
        "Reff": 0.23513420348217307,
        "R": 0.5878355087054327,
        "MthetaE": 0.29617117117117114,
        "Mstar": 10.050722827275926,
        "Mdm": 9.733344266485139,
        "Mbh": 7.900820732116699,
        "Mtotal": 10.22143265648222,
        "fdm": 0.3250211405665837,
        "projMstar": 10.118482880290474,
        "projMdm": 9.9181948845171,
        "projMtotal": 10.330814090773245,
        "projfdm": 0.3867058960445534,
        "MMstar": [
                -Infinity,
                -Infinity,
                -Infinity
        ],
        "MMdm": [
                -Infinity,
                -Infinity,
                -Infinity
        ],
        "MMbh": -Infinity,
        "MMtotal": [
                -Infinity,
                -Infinity,
                -Infinity
        ],
        "Mfdm": [
                0.0,
                0.0,
                0.0
        ],
        "MMthetaE": 0.2847271780932828,
        "projMMstar": [
                10.216276329871317,
                10.21830152676033,
                10.218652517537583
        ],
        "projMMdm": [
                6.556603453512111,
                7.209291918537994,
                7.8965669426017575
        ],
        "projMMtotal": [
                10.217758846044987,
                10.218848511253588,
                10.219730945019418
        ],
        "projMfdm": [
                0.0002188519342845105,
                0.0009774266770364508,
                0.004747359168149365
        ],
        "Dstar": -1.0,
        "Ddm": -1.0,
        "Dtotal": -1.0,
        "Dfdm": -1.0,
        "projDstar": 0.25839981703167936,
        "projDdm": -0.998045223839154,
        "projDtotal": -0.22725817283934965,
        "projDfdm": -0.9974724288224356,
        "DthetaE": 0.03863979411849754
}