{
        "Reff": 0.1613217870669608,
        "R": 0.40330446766740197,
        "MthetaE": 0.0,
        "Mstar": 9.599749234910771,
        "Mdm": 9.279234321206893,
        "Mbh": 7.548817157745361,
        "Mtotal": 9.769442165510016,
        "fdm": 0.3234388287898183,
        "projMstar": 9.717313111667044,
        "projMdm": 9.527509505220532,
        "projMtotal": 9.93372876526527,
        "projfdm": 0.39244675278136476,
        "MMstar": 9.811073138527405,
        "MMdm": 9.137630785685607,
        "MMbh": -Infinity,
        "MMtotal": 9.894614560822612,
        "Mfdm": 0.17499120625916487,
        "MMthetaE": 0.0,
        "projMMstar": 9.843710110874053,
        "projMMdm": 9.53877112885563,
        "projMMtotal": 10.018502279882224,
        "projMfdm": 0.3313361708824817,
        "Dstar": 0.6267615676456765,
        "Ddm": -0.27823392613633746,
        "Dtotal": 0.33405088507675856,
        "Dfdm": -0.45896660919187227,
        "projDstar": 0.33781788981140537,
        "projDdm": 0.026269976069166128,
        "projDtotal": 0.2155519227274549,
        "projDfdm": -0.15571687487736272,
        "DthetaE": 0,
        "PL_slope1": -2.748065772493051,
        "AV_slope1": 2.727823871732852,
        "PL_slope2": -2.582085501347017,
        "AV_slope2": 2.5752360420786657
}