{
        "Reff": 0.17139511835893803,
        "R": 0.5568018018018017,
        "MthetaE": 0.5568018018018017,
        "Mstar": 10.29718412001835,
        "Mdm": 10.054040228274305,
        "Mbh": 8.217829704284668,
        "Mtotal": 10.493440279762195,
        "fdm": 0.3635799691958276,
        "projMstar": 10.317644882056662,
        "projMdm": 10.217508581624593,
        "projMtotal": 10.571486439761745,
        "projfdm": 0.44261093765245546,
        "MMstar": [
                10.166814749189724,
                10.201979717118775,
                10.22126945116743
        ],
        "MMdm": [
                9.966738315876903,
                10.026537266253849,
                10.072299654307173
        ],
        "MMbh": -Infinity,
        "MMtotal": [
                10.402843027917141,
                10.421043573155707,
                10.437626084045725
        ],
        "Mfdm": [
                0.36087332161356345,
                0.40048687965795127,
                0.4425173349467909
        ],
        "MMthetaE": 0.7422755400052048,
        "projMMstar": [
                10.174765837376041,
                10.210382778100401,
                10.229968006885766
        ],
        "projMMdm": [
                10.288116433776123,
                10.309037087912332,
                10.338806621317744
        ],
        "projMMtotal": [
                10.558803417038536,
                10.562862306577811,
                10.56714290052363
        ],
        "projMfdm": [
                0.5335442943220713,
                0.5570193483318703,
                0.5925625147098035
        ],
        "Dstar": -0.1968519724742233,
        "Ddm": -0.06136436513021087,
        "Dtotal": -0.15354613299711112,
        "Dfdm": 0.1015097463805694,
        "projDstar": -0.2188437784971734,
        "projDdm": 0.2346063497919167,
        "projDtotal": -0.019661933030519073,
        "projDfdm": 0.2584852766771208,
        "DthetaE": -0.3331054921216365
}