{
        "Reff": 0.17139511835893803,
        "R": 0.5568018018018017,
        "MthetaE": 0.5568018018018017,
        "Mstar": 10.29718412001835,
        "Mdm": 10.054040228274305,
        "Mbh": 8.217829704284668,
        "Mtotal": 10.493440279762195,
        "fdm": 0.3635799691958276,
        "projMstar": 10.317644882056662,
        "projMdm": 10.217508581624593,
        "projMtotal": 10.571486439761745,
        "projfdm": 0.44261093765245546,
        "MMstar": [
                10.169879891364383,
                10.203584108625954,
                10.223148145729748
        ],
        "MMdm": [
                9.967280026055505,
                10.030327820499963,
                10.073492215292502
        ],
        "MMbh": -Infinity,
        "MMtotal": [
                10.40607267318236,
                10.423754818770243,
                10.437583619698268
        ],
        "Mfdm": [
                0.36149619736635186,
                0.40039517301610256,
                0.44125528018368665
        ],
        "MMthetaE": 0.815168435358413,
        "projMMstar": [
                10.17869232757197,
                10.21130570037019,
                10.231288505225601
        ],
        "projMMdm": [
                10.28623375654969,
                10.306576461976483,
                10.334701316159391
        ],
        "projMMtotal": [
                10.558496642287455,
                10.5623366939173,
                10.567064174243766
        ],
        "projMfdm": [
                0.5319511347448563,
                0.5545068916917901,
                0.5889132086107277
        ],
        "Dstar": -0.1938794572822343,
        "Ddm": -0.05313602759786367,
        "Dtotal": -0.14824529938100792,
        "Dfdm": 0.10125751399809918,
        "projDstar": -0.21718197276343043,
        "projDdm": 0.22763109525555592,
        "projDtotal": -0.02084768701663994,
        "projDfdm": 0.25280883168593765,
        "DthetaE": -0.46401903284174184
}