{
        "Reff": 0.31296033249228816,
        "R": 0.7824008312307205,
        "thetaE": 0.4207049500052209,
        "Mstar": 10.273398214805393,
        "Mdm": 10.022244869721614,
        "Mbh": 8.0,
        "Mtotal": 10.46675935863046,
        "fdm": 0.3593234088274306,
        "MMstar": 10.330574162322007,
        "MMdm": 9.313553557105886,
        "MMbh": -Infinity,
        "MMtotal": 10.370446791399432,
        "Mfdm": 0.08772164470066914,
        "Dstar": 0.1407118352549084,
        "Ddm": -0.8044270947050616,
        "Dtotal": -0.1988987068738181,
        "Dfdm": -0.7558699418250301
}