{
        "Reff": 0.9365583424776649,
        "R": 0.533108108108108,
        "MthetaE": 0.533108108108108,
        "Mstar": 10.31006509796883,
        "Mdm": 9.833454064524009,
        "Mbh": 8.183881759643555,
        "Mtotal": 10.435131446102673,
        "fdm": 0.25022034492304296,
        "projMstar": 10.391067736586477,
        "projMdm": 10.102557322907726,
        "projMtotal": 10.571372417928766,
        "projfdm": 0.33976990204554613,
        "MMstar": 10.286655759454579,
        "MMdm": 9.835430817082353,
        "MMbh": -Infinity,
        "MMtotal": 10.418214771896157,
        "Mfdm": 0.261346112978934,
        "MMthetaE": 0.6854669924529392,
        "projMMstar": 10.318443327177487,
        "projMMdm": 10.114730616624175,
        "projMMtotal": 10.529453380810974,
        "projMfdm": 0.38483736806794533,
        "Dstar": -0.052475034821923255,
        "Ddm": 0.004562015425441962,
        "Dtotal": -0.038203204435634665,
        "Dfdm": 0.044463882660352255,
        "projDstar": -0.153989816735461,
        "projDdm": 0.028426582667953088,
        "projDtotal": -0.0920102145786619,
        "projDfdm": 0.13264113669596875,
        "DthetaE": -0.2857935980105831
}