{
        "Reff": 0.9094395894549946,
        "R": 0.46202702702702697,
        "MthetaE": 0.46202702702702697,
        "Mstar": 10.249161196740573,
        "Mdm": 9.727404978743365,
        "Mbh": 8.274933815002441,
        "Mtotal": 10.36336385144635,
        "fdm": 0.23122837510002717,
        "projMstar": 10.357000467888106,
        "projMdm": 9.994571718724659,
        "projMtotal": 10.513574293257767,
        "projfdm": 0.30268954843648216,
        "MMstar": [
                -Infinity,
                -Infinity,
                -Infinity
        ],
        "MMdm": [
                -Infinity,
                -Infinity,
                -Infinity
        ],
        "MMbh": -Infinity,
        "MMtotal": [
                -Infinity,
                -Infinity,
                -Infinity
        ],
        "Mfdm": [
                0.0,
                0.0,
                0.0
        ],
        "MMthetaE": 0.458917242575832,
        "projMMstar": [
                10.355717032170917,
                10.363234872206045,
                10.375966596646188
        ],
        "projMMdm": [
                9.631462327866009,
                9.707078735768293,
                9.746509871009893
        ],
        "projMMtotal": [
                10.447943067942266,
                10.44990709286017,
                10.451193131234895
        ],
        "projMfdm": [
                0.15264882236939556,
                0.1808262577581534,
                0.19729999944932214
        ],
        "Dstar": -1.0,
        "Ddm": -1.0,
        "Dtotal": -1.0,
        "Dfdm": -1.0,
        "projDstar": 0.014458777809319107,
        "projDdm": -0.4841695005462272,
        "projDtotal": -0.13635989884507554,
        "projDfdm": -0.4026015807542861,
        "DthetaE": 0.006730741426979472
}