{
        "Reff": 0.16132178706696065,
        "R": 0.40330446766740163,
        "MthetaE": 0.18954954954954953,
        "Mstar": 9.599760029832073,
        "Mdm": 9.279234321206893,
        "Mbh": 7.548817157745361,
        "Mtotal": 9.769449468963973,
        "fdm": 0.32343338962162704,
        "projMstar": 9.717313111667044,
        "projMdm": 9.527509505220532,
        "projMtotal": 9.93372876526527,
        "projfdm": 0.39244675278136476,
        "MMstar": 9.810959771078158,
        "MMdm": 8.902005441601611,
        "MMbh": -Infinity,
        "MMtotal": 9.86146459672371,
        "Mfdm": 0.10978445363874452,
        "MMthetaE": 0.20156767776074946,
        "projMMstar": 9.843669189848374,
        "projMMdm": 9.338200626912089,
        "projMMtotal": 9.961692669641163,
        "projMfdm": 0.2379621900687657,
        "Dstar": 0.6262965520609095,
        "Ddm": -0.5804621769095774,
        "Dtotal": 0.2359904858944986,
        "Dfdm": -0.6605654914998809,
        "projDstar": 0.3376918410048009,
        "projDdm": -0.35331748047530687,
        "projDtotal": 0.06650747664827843,
        "projDfdm": -0.39364464508300734,
        "DthetaE": -0.06340362316745214,
        "PL_slope1": -2.9763896051498775,
        "AV_slope1": 2.940963443555428,
        "PL_slope2": -2.784754831497887,
        "AV_slope2": 2.8136556520075473
}