{
        "Reff": 0.16132178706696065,
        "R": 0.40330446766740163,
        "MthetaE": 0.18954954954954953,
        "Mstar": 9.599760029832073,
        "Mdm": 9.279234321206893,
        "Mbh": 7.548817157745361,
        "Mtotal": 9.769449468963973,
        "fdm": 0.32343338962162704,
        "projMstar": 9.717313111667044,
        "projMdm": 9.527509505220532,
        "projMtotal": 9.93372876526527,
        "projfdm": 0.39244675278136476,
        "MMstar": 9.808289719316925,
        "MMdm": 8.924049747046272,
        "MMbh": -Infinity,
        "MMtotal": 9.86157754810926,
        "Mfdm": 0.11547080644798079,
        "MMthetaE": 0.20156767776074946,
        "projMMstar": 9.84091932554664,
        "projMMdm": 9.35455878999189,
        "projMMtotal": 9.963566603890795,
        "projMfdm": 0.2460323337200701,
        "Dstar": 0.6163287187072706,
        "Ddm": -0.5586171792027159,
        "Dtotal": 0.2363119843242176,
        "Dfdm": -0.6429842738776417,
        "projDstar": 0.32924860705078274,
        "projDdm": -0.3284949474063475,
        "projDtotal": 0.07111928494120935,
        "projDfdm": -0.3730809798364246,
        "DthetaE": -0.06340362316745214
}