{
        "Reff": 0.4021615124324089,
        "R": 1.0054037810810221,
        "MthetaE": 0.4991441441441441,
        "Mstar": 10.34766963459026,
        "Mdm": 10.06055109759499,
        "Mbh": 8.139239311218262,
        "Mtotal": 10.528447734250646,
        "fdm": 0.3404892174779608,
        "projMstar": 10.4017277629554,
        "projMdm": 10.197305195536327,
        "projMtotal": 10.612464774462895,
        "projfdm": 0.38445049204016374,
        "MMstar": 10.379478217615842,
        "MMdm": 9.786048931511731,
        "MMbh": -Infinity,
        "MMtotal": 10.478128147616872,
        "Mfdm": 0.20319863391194415,
        "MMthetaE": 0.4500005387316103,
        "projMMstar": 10.407412169570637,
        "projMMdm": 10.133611334810652,
        "projMMtotal": 10.592770804698926,
        "projMfdm": 0.3474085720282161,
        "Dstar": 0.07599086196287415,
        "Ddm": -0.46850665137141645,
        "Dtotal": -0.109404670271014,
        "Dfdm": -0.4032156571152013,
        "projDstar": 0.013174863619605752,
        "projDdm": -0.13641291407480843,
        "projDtotal": -0.04433423111820651,
        "projDfdm": -0.09635029939844068,
        "DthetaE": 0.09845573866602751
}