{
        "Reff": 0.4021615124324089,
        "R": 1.0054037810810221,
        "MthetaE": 0.4991441441441441,
        "Mstar": 10.34766963459026,
        "Mdm": 10.06055109759499,
        "Mbh": 8.139239311218262,
        "Mtotal": 10.528447734250646,
        "fdm": 0.3404892174779608,
        "projMstar": 10.4017277629554,
        "projMdm": 10.197305195536327,
        "projMtotal": 10.612464774462895,
        "projfdm": 0.38445049204016374,
        "MMstar": 10.378187308378903,
        "MMdm": 9.787145247997422,
        "MMbh": -Infinity,
        "MMtotal": 10.47732338283211,
        "Mfdm": 0.2040900655488759,
        "MMthetaE": 0.4500005387316103,
        "projMMstar": 10.406102419215484,
        "projMMdm": 10.133903700447124,
        "projMMtotal": 10.592018313394016,
        "projMfdm": 0.34824539883576666,
        "Dstar": 0.07279730486507799,
        "Ddm": -0.46716327488950615,
        "Dtotal": -0.11105345040450637,
        "Dfdm": -0.4005975664645349,
        "projDstar": 0.010123921914334508,
        "projDdm": -0.13583135431972224,
        "projDtotal": -0.04598865584970672,
        "projDfdm": -0.09417361650980723,
        "DthetaE": 0.09845573866602751
}