{
        "Reff": 0.5148342648334497,
        "R": 0.5804954954954954,
        "MthetaE": 0.5804954954954954,
        "Mstar": 10.332992349204273,
        "Mdm": 9.915833221302163,
        "Mbh": 8.260486602783203,
        "Mtotal": 10.473715443571665,
        "fdm": 0.2767692123056929,
        "projMstar": 10.40732278043186,
        "projMdm": 10.179791668756826,
        "projMtotal": 10.609320580506106,
        "projfdm": 0.3719384597388031,
        "MMstar": -Infinity,
        "MMdm": -Infinity,
        "MMbh": -Infinity,
        "MMtotal": -Infinity,
        "Mfdm": 0.0,
        "MMthetaE": 0.7258489720382846,
        "projMMstar": 10.278760853736495,
        "projMMdm": 10.195602227950998,
        "projMMtotal": 10.540198902964024,
        "projMfdm": 0.452275773433654,
        "Dstar": -1.0,
        "Ddm": -1.0,
        "Dtotal": -1.0,
        "Dfdm": -1.0,
        "projDstar": -0.25623099978076047,
        "projDdm": 0.037075940906105984,
        "projDtotal": -0.14713886803098697,
        "projDfdm": 0.21599625312012227,
        "DthetaE": -0.2503955287692962
}