{
        "Reff": 0.3465146838858552,
        "R": 1.0543693693693692,
        "MthetaE": 1.0543693693693692,
        "Mstar": 11.051047526846789,
        "Mdm": 10.793390939483194,
        "Mbh": 8.772610664367676,
        "Mtotal": 11.242083096745356,
        "fdm": 0.355883491538148,
        "projMstar": 11.083819296434118,
        "projMdm": 11.030129712404289,
        "projMtotal": 11.35883364304146,
        "projfdm": 0.4691330928669549,
        "MMstar": [
                11.201851990966146,
                11.211958041151243,
                11.233295400557521
        ],
        "MMdm": [
                10.172699069333945,
                10.249311311832113,
                10.313531766316498
        ],
        "MMbh": -Infinity,
        "MMtotal": [
                11.251250666477695,
                11.259802200857527,
                11.270696079159498
        ],
        "Mfdm": [
                0.08112609888940855,
                0.09875720210532223,
                0.11340573872645593
        ],
        "MMthetaE": 1.0495892490530028,
        "projMMstar": [
                11.218173720163598,
                11.228376941114641,
                11.249461554562288
        ],
        "projMMdm": [
                10.627969942164205,
                10.707657529372215,
                10.742085056031678
        ],
        "projMMtotal": [
                11.34203076459107,
                11.34291057003789,
                11.343832924627776
        ],
        "projMfdm": [
                0.19280020430648612,
                0.23165940216901948,
                0.2501763752446253
        ],
        "Dstar": 0.4484733671333237,
        "Ddm": -0.7142933346228811,
        "Dtotal": 0.04164349033037231,
        "Dfdm": -0.7225013116554292,
        "projDstar": 0.3949467991271694,
        "projDdm": -0.5240867272969671,
        "projDtotal": -0.03600023729925345,
        "projDfdm": -0.5061968433023812,
        "DthetaE": 0.004533629727147212
}