{
        "Reff": 1.1965155934630276,
        "R": 2.991288983657569,
        "MthetaE": 0.713063063063063,
        "Mstar": 10.916883257875766,
        "Mdm": 10.992383268225685,
        "Mbh": 8.336731910705566,
        "Mtotal": 11.257301861135218,
        "fdm": 0.5433521715476182,
        "projMstar": 10.971390705363207,
        "projMdm": 11.228855912790163,
        "projMtotal": 11.41995960131529,
        "projfdm": 0.6440154873968124,
        "MMstar": 11.123916284851697,
        "MMdm": 9.772259627222423,
        "MMbh": -Infinity,
        "MMtotal": 11.142824019029655,
        "Mfdm": 0.04260255131128887,
        "MMthetaE": 0.6490468919974811,
        "projMMstar": 11.147831555612541,
        "projMMdm": 10.098707260901648,
        "projMMtotal": 11.184981046997834,
        "projMfdm": 0.08198345447475232,
        "Dstar": 0.6107681252847722,
        "Ddm": -0.9397611934566259,
        "Dtotal": -0.23171534710161523,
        "Dfdm": -0.9215931148486166,
        "projDstar": 0.501207931311785,
        "projDdm": -0.9258943453633611,
        "projDtotal": -0.41786803696625974,
        "projDfdm": -0.8726995606796053,
        "DthetaE": 0.0897763106541957
}