{
        "Reff": 1.1965155934630276,
        "R": 2.991288983657569,
        "MthetaE": 0.713063063063063,
        "Mstar": 10.916883257875766,
        "Mdm": 10.992383268225685,
        "Mbh": 8.336731910705566,
        "Mtotal": 11.257301861135218,
        "fdm": 0.5433521715476182,
        "projMstar": 10.971390705363207,
        "projMdm": 11.228855912790163,
        "projMtotal": 11.41995960131529,
        "projfdm": 0.6440154873968124,
        "MMstar": 11.124276126301764,
        "MMdm": 9.767092034645161,
        "MMbh": -Infinity,
        "MMtotal": 11.14294980683321,
        "Mfdm": 0.042086443540189235,
        "MMthetaE": 0.6490468919974811,
        "projMMstar": 11.148041566039234,
        "projMMdm": 10.093337831953974,
        "projMMtotal": 11.184736323462452,
        "projMfdm": 0.08102172932100062,
        "Dstar": 0.6121033053422595,
        "Ddm": -0.9404737167705993,
        "Dtotal": -0.23149279111769647,
        "Dfdm": -0.9225429735187857,
        "projDstar": 0.5019340412913914,
        "projDdm": -0.9268049150498229,
        "projDtotal": -0.41819597403950864,
        "projDfdm": -0.8741928868069615,
        "DthetaE": 0.0897763106541957
}