{
        "Reff": 0.6862264033777628,
        "R": 1.7155660084444069,
        "MthetaE": 1.0899099099099099,
        "Mstar": 10.843082740015452,
        "Mdm": 10.743798949609562,
        "Mbh": 8.453516006469727,
        "Mtotal": 11.097301834424467,
        "fdm": 0.4430952712050973,
        "projMstar": 10.94270243951153,
        "projMdm": 11.016527137729538,
        "projMtotal": 11.282211560126827,
        "projfdm": 0.5423948753765157,
        "MMstar": 10.857010193976693,
        "MMdm": 10.770407339209916,
        "MMbh": -Infinity,
        "MMtotal": 11.116893884272645,
        "Mfdm": 0.45031193224809024,
        "MMthetaE": 1.083811265650753,
        "projMMstar": 10.870768298010697,
        "projMMdm": 10.985741520145258,
        "projMMtotal": 11.233078534415379,
        "projMfdm": 0.5658000555109995,
        "Dstar": 0.03258890416451923,
        "Ddm": 0.06318389564598757,
        "Dtotal": 0.04614540021251803,
        "Dfdm": 0.016286928595210737,
        "projDstar": -0.15264409848698873,
        "projDdm": -0.06843238479344128,
        "projDtotal": -0.1069680965329343,
        "projDfdm": 0.04315155101389308,
        "DthetaE": 0.005595548956574725
}