{
        "Reff": 0.6862264033777628,
        "R": 1.7155660084444069,
        "MthetaE": 1.0899099099099099,
        "Mstar": 10.843082740015452,
        "Mdm": 10.743798949609562,
        "Mbh": 8.453516006469727,
        "Mtotal": 11.097301834424467,
        "fdm": 0.4430952712050973,
        "projMstar": 10.94270243951153,
        "projMdm": 11.016527137729538,
        "projMtotal": 11.282211560126827,
        "projfdm": 0.5423948753765157,
        "MMstar": 10.857892279599083,
        "MMdm": 10.769313587702252,
        "MMbh": -Infinity,
        "MMtotal": 11.116887339235996,
        "Mfdm": 0.44918603778740224,
        "MMthetaE": 1.0875756874765057,
        "projMMstar": 10.871640779610136,
        "projMMdm": 10.985097900670722,
        "projMMtotal": 11.233093856164082,
        "projMfdm": 0.5649422359935522,
        "Dstar": 0.03468830324885457,
        "Ddm": 0.060509682730280616,
        "Dtotal": 0.046129634393066714,
        "Dfdm": 0.013745952570741144,
        "projDstar": -0.15094008064589104,
        "projDdm": -0.06981193489515283,
        "projDtotal": -0.10693659014189166,
        "projDfdm": 0.041570010412404414,
        "DthetaE": 0.0021416654827894365
}