{
        "Reff": 0.35973259940631447,
        "R": 0.46202702702702697,
        "MthetaE": 0.46202702702702697,
        "Mstar": 10.154514149873487,
        "Mdm": 9.85340370134865,
        "Mbh": 8.119908332824707,
        "Mtotal": 10.330578592964834,
        "fdm": 0.33329216803596157,
        "projMstar": 10.270689529883358,
        "projMdm": 10.129276943838029,
        "projMtotal": 10.506743732429133,
        "projfdm": 0.4193080608244642,
        "MMstar": 10.438469872453062,
        "MMdm": 8.40550985350913,
        "MMbh": -Infinity,
        "MMtotal": 10.442476871621825,
        "Mfdm": 0.009184023406171143,
        "MMthetaE": 0.458917242575832,
        "projMMstar": 10.4648961789785,
        "projMMdm": 8.781760070732497,
        "projMMtotal": 10.473812433322871,
        "projMfdm": 0.020321119858049158,
        "Dstar": 0.9228956748406603,
        "Ddm": -0.9643461730576997,
        "Dtotal": 0.29389274774642143,
        "Dfdm": -0.9724445267937403,
        "projDstar": 0.56389160767653,
        "projDdm": -0.9550755129623225,
        "projDtotal": -0.0730235501346672,
        "projDfdm": -0.9515365389873671,
        "DthetaE": 0.006730741426979472
}