{
        "Reff": 0.42908660556761313,
        "R": 0.533108108108108,
        "MthetaE": 0.533108108108108,
        "Mstar": 10.316567053263963,
        "Mdm": 9.953675599223988,
        "Mbh": 8.356976509094238,
        "Mtotal": 10.473000874721839,
        "fdm": 0.3024647195873248,
        "projMstar": 10.385313712548719,
        "projMdm": 10.208555729354114,
        "projMtotal": 10.606895895322637,
        "projfdm": 0.3996316112517674,
        "MMstar": [
                10.25413330134505,
                10.268661061721648,
                10.295877230208294
        ],
        "MMdm": [
                9.622965139638662,
                9.673443610821337,
                9.719417480025106
        ],
        "MMbh": -Infinity,
        "MMtotal": [
                10.360483050946318,
                10.369894529006137,
                10.38308692138308
        ],
        "Mfdm": [
                0.17552882314107066,
                0.20298274506044386,
                0.22453985921606423
        ],
        "MMthetaE": 0.509223606974525,
        "projMMstar": [
                10.290397469035051,
                10.305569617875586,
                10.332756172939273
        ],
        "projMMdm": [
                10.136151667321409,
                10.19018432721068,
                10.21877774973161
        ],
        "projMMtotal": [
                10.54324934767969,
                10.550993113385168,
                10.561854490819725
        ],
        "projMfdm": [
                0.3890271604327706,
                0.434261863434825,
                0.45756548139766307
        ],
        "Dstar": -0.10444140060064627,
        "Ddm": -0.47547280288430255,
        "Dtotal": -0.21133302695689823,
        "Dfdm": -0.3289043914365008,
        "projDstar": -0.16774597283375978,
        "projDdm": -0.04141948282578478,
        "projDtotal": -0.12078068943775529,
        "projDfdm": 0.08665543767817853,
        "DthetaE": 0.04480235954081493
}