{
        "Reff": 0.42908660556761313,
        "R": 0.533108108108108,
        "MthetaE": 0.533108108108108,
        "Mstar": 10.316567053263963,
        "Mdm": 9.953675599223988,
        "Mbh": 8.356976509094238,
        "Mtotal": 10.473000874721839,
        "fdm": 0.3024647195873248,
        "projMstar": 10.385313712548719,
        "projMdm": 10.208555729354114,
        "projMtotal": 10.606895895322637,
        "projfdm": 0.3996316112517674,
        "MMstar": [
                10.253767825366964,
                10.269391585557257,
                10.297868249526623
        ],
        "MMdm": [
                9.62075209770997,
                9.674013089907525,
                9.721145796213317
        ],
        "MMbh": -Infinity,
        "MMtotal": [
                10.360736934601517,
                10.370156606027964,
                10.383064131908908
        ],
        "Mfdm": [
                0.1746164130152486,
                0.203075541668693,
                0.22492172991202505
        ],
        "MMthetaE": 0.48492597519012226,
        "projMMstar": [
                10.290401142715627,
                10.305848408445817,
                10.334768554025235
        ],
        "projMMdm": [
                10.130828713325409,
                10.188473411015412,
                10.217331391487033
        ],
        "projMMtotal": [
                10.542844649649206,
                10.550628337457608,
                10.560540305157916
        ],
        "projMfdm": [
                0.38577916627241604,
                0.4332074827537858,
                0.4562744408693306
        ],
        "Dstar": -0.10293371981187818,
        "Ddm": -0.4747845528361803,
        "Dtotal": -0.21085695858131273,
        "Dfdm": -0.3285975900073102,
        "projDstar": -0.16721154498990173,
        "projDdm": -0.04518841087470673,
        "projDtotal": -0.12151885996635113,
        "projDfdm": 0.08401705610036352,
        "DthetaE": 0.09037966631003672
}