{
        "Reff": 0.5148342648334497,
        "R": 1.2870856620836244,
        "MthetaE": 0.5804954954954954,
        "Mstar": 10.485052405687021,
        "Mdm": 10.343082781744615,
        "Mbh": 8.260486602783203,
        "Mtotal": 10.72087312472932,
        "fdm": 0.41899578782519636,
        "projMstar": 10.567427798541386,
        "projMdm": 10.56775212156492,
        "projMtotal": 10.868619985991932,
        "projfdm": 0.5001866953311498,
        "MMstar": [
                -Infinity,
                -Infinity,
                -Infinity
        ],
        "MMdm": [
                -Infinity,
                -Infinity,
                -Infinity
        ],
        "MMbh": -Infinity,
        "MMtotal": [
                -Infinity,
                -Infinity,
                -Infinity
        ],
        "Mfdm": [
                0.0,
                0.0,
                0.0
        ],
        "MMthetaE": 0.9000390365208338,
        "projMMstar": [
                10.471203627349164,
                10.495021642789315,
                10.514269716498765
        ],
        "projMMdm": [
                10.495651248327185,
                10.564793682528162,
                10.640903679620951
        ],
        "projMMtotal": [
                10.8050354588513,
                10.832013610557048,
                10.866688733374177
        ],
        "projMfdm": [
                0.4891761460765846,
                0.5404173830399942,
                0.5964489695181411
        ],
        "Dstar": -1.0,
        "Ddm": -1.0,
        "Dtotal": -1.0,
        "Dfdm": -1.0,
        "projDstar": -0.15356454948440917,
        "projDdm": -0.006788908155033594,
        "projDtotal": -0.08083469173411088,
        "projDfdm": 0.08043134310521713,
        "DthetaE": -0.5504668744286889
}