{
        "Reff": 0.5148342648334497,
        "R": 1.2870856620836244,
        "MthetaE": 0.5804954954954954,
        "Mstar": 10.485052405687021,
        "Mdm": 10.343082781744615,
        "Mbh": 8.260486602783203,
        "Mtotal": 10.72087312472932,
        "fdm": 0.41899578782519636,
        "projMstar": 10.567427798541386,
        "projMdm": 10.56775212156492,
        "projMtotal": 10.868619985991932,
        "projfdm": 0.5001866953311498,
        "MMstar": [
                -Infinity,
                -Infinity,
                -Infinity
        ],
        "MMdm": [
                -Infinity,
                -Infinity,
                -Infinity
        ],
        "MMbh": -Infinity,
        "MMtotal": [
                -Infinity,
                -Infinity,
                -Infinity
        ],
        "Mfdm": [
                0.0,
                0.0,
                0.0
        ],
        "MMthetaE": 0.8100351328687504,
        "projMMstar": [
                10.472209388824796,
                10.495528069416535,
                10.513800363039119
        ],
        "projMMdm": [
                10.501200161395625,
                10.567654230296602,
                10.639364440480064
        ],
        "projMMtotal": [
                10.807639301686683,
                10.83235649002611,
                10.865213193980658
        ],
        "projMfdm": [
                0.4920249973411124,
                0.5417135629924237,
                0.5950664292429841
        ],
        "Dstar": -1.0,
        "Ddm": -1.0,
        "Dtotal": -1.0,
        "Dfdm": -1.0,
        "projDstar": -0.15257695352802345,
        "projDdm": -0.0002253775738239038,
        "projDtotal": -0.08010871576442986,
        "projDfdm": 0.08302273540838773,
        "DthetaE": -0.39542018698582
}