{
        "Reff": 0.9842781252851374,
        "R": 2.4606953132128435,
        "MthetaE": 0.0,
        "Mstar": 11.047832343965455,
        "Mdm": 11.001254446472288,
        "Mbh": 8.475809097290039,
        "Mtotal": 11.326197524289501,
        "fdm": 0.4732132780951882,
        "projMstar": 11.149499647980916,
        "projMdm": 11.24215644498053,
        "projMtotal": 11.499324412551626,
        "projfdm": 0.5531361371153823,
        "MMstar": 11.045387902554285,
        "MMdm": 10.978172850076646,
        "MMbh": -Infinity,
        "MMtotal": 11.31410942181545,
        "Mfdm": 0.46138495443664973,
        "MMthetaE": 0.0,
        "projMMstar": 11.062725608171746,
        "projMMdm": 11.376614389879622,
        "projMMtotal": 11.548461549920674,
        "projMfdm": 0.6732135366273482,
        "Dstar": -0.005612723831833174,
        "Ddm": -0.05175971132935438,
        "Dtotal": -0.02745009105975285,
        "Dfdm": -0.0249957560492611,
        "projDstar": -0.18110925991937343,
        "projDdm": 0.36288102462249994,
        "projDtotal": 0.11979142470041602,
        "projDfdm": 0.21708471288491876,
        "DthetaE": 0,
        "PL_slope1": -2.4369749027659062,
        "AV_slope1": 2.2547048786420296,
        "PL_slope2": -1.6693455955618453,
        "AV_slope2": 1.6491612648764258
}