{
        "Reff": 0.17139511835893803,
        "R": 0.5704504504504504,
        "MthetaE": 0.5704504504504504,
        "Mstar": 10.298877812490732,
        "Mdm": 10.065900416678963,
        "Mbh": 8.217829704284668,
        "Mtotal": 10.49885789881609,
        "fdm": 0.36901372361331825,
        "projMstar": 10.319110925487463,
        "projMdm": 10.226701717889046,
        "projMtotal": 10.57638954925958,
        "projfdm": 0.4470047814296247,
        "MMstar": [
                10.176093501606312,
                10.208054431215528,
                10.229528232326393
        ],
        "MMdm": [
                9.971295972355785,
                10.018593270620197,
                10.05814991588742
        ],
        "MMbh": -Infinity,
        "MMtotal": [
                10.40814057878205,
                10.422655722709278,
                10.435448136212278
        ],
        "Mfdm": [
                0.3602026409534829,
                0.39253329554107524,
                0.4304098728643764
        ],
        "MMthetaE": 0.7256294220886346,
        "projMMstar": [
                10.184516485812182,
                10.216330546782826,
                10.238367027614453
        ],
        "projMMdm": [
                10.297371273319614,
                10.320788292174587,
                10.346432960450832
        ],
        "projMMtotal": [
                10.565700285574433,
                10.571520282516946,
                10.578608904428028
        ],
        "projMfdm": [
                0.5357599571953173,
                0.5606396245360348,
                0.5921860368401447
        ],
        "Dstar": -0.1887090737219385,
        "Ddm": -0.10320566962594656,
        "Dtotal": -0.16093071440061985,
        "Dfdm": 0.06373630687080534,
        "projDstar": -0.2107408575225136,
        "projDdm": 0.24189984902087533,
        "projDtotal": -0.011149281898155134,
        "projDfdm": 0.254213931991912,
        "DthetaE": -0.272028835310146
}