{
        "Reff": 0.6860226179383073,
        "R": 1.0899099099099099,
        "MthetaE": 1.0899099099099099,
        "Mstar": 10.742246908926605,
        "Mdm": 10.494685451500338,
        "Mbh": 8.453516006469727,
        "Mtotal": 10.936902124158186,
        "fdm": 0.36122959761691914,
        "projMstar": 10.856106322719304,
        "projMdm": 10.77867479018461,
        "projMtotal": 11.120143955811441,
        "projfdm": 0.45554452811787544,
        "MMstar": [
                -Infinity,
                -Infinity,
                -Infinity
        ],
        "MMdm": [
                -Infinity,
                -Infinity,
                -Infinity
        ],
        "MMbh": -Infinity,
        "MMtotal": [
                -Infinity,
                -Infinity,
                -Infinity
        ],
        "Mfdm": [
                0.0,
                0.0,
                0.0
        ],
        "MMthetaE": 1.0875756874765057,
        "projMMstar": [
                10.95528538942124,
                10.957873825945377,
                10.963161229928913
        ],
        "projMMdm": [
                10.26663894268865,
                10.297585753655694,
                10.311827485145242
        ],
        "projMMtotal": [
                11.042702272330947,
                11.043709849110071,
                11.044232141218306
        ],
        "projMfdm": [
                0.16745121147363298,
                0.179399023211539,
                0.18518709288828944
        ],
        "Dstar": -1.0,
        "Ddm": -1.0,
        "Dtotal": -1.0,
        "Dfdm": -1.0,
        "projDstar": 0.26405946015430454,
        "projDdm": -0.6696981824627535,
        "projDtotal": -0.16137869127345197,
        "projDfdm": -0.6061877332766069,
        "DthetaE": 0.0021416654827894365
}