{
        "Reff": 0.6860226179383073,
        "R": 1.0899099099099099,
        "MthetaE": 1.0899099099099099,
        "Mstar": 10.742246908926605,
        "Mdm": 10.494685451500338,
        "Mbh": 8.453516006469727,
        "Mtotal": 10.936902124158186,
        "fdm": 0.36122959761691914,
        "projMstar": 10.856106322719304,
        "projMdm": 10.77867479018461,
        "projMtotal": 11.120143955811441,
        "projfdm": 0.45554452811787544,
        "MMstar": [
                -Infinity,
                -Infinity,
                -Infinity
        ],
        "MMdm": [
                -Infinity,
                -Infinity,
                -Infinity
        ],
        "MMbh": -Infinity,
        "MMtotal": [
                -Infinity,
                -Infinity,
                -Infinity
        ],
        "Mfdm": [
                0.0,
                0.0,
                0.0
        ],
        "MMthetaE": 1.0875756874765057,
        "projMMstar": [
                10.955130355857028,
                10.957894166308787,
                10.962969277152668
        ],
        "projMMdm": [
                10.267331626442422,
                10.297415510846328,
                10.312639505347873
        ],
        "projMMtotal": [
                11.042741902945611,
                11.043700912198737,
                11.044254685396872
        ],
        "projMfdm": [
                0.16772665026436367,
                0.17935642018539638,
                0.18550990791672972
        ],
        "Dstar": -1.0,
        "Ddm": -1.0,
        "Dtotal": -1.0,
        "Dfdm": -1.0,
        "projDstar": 0.2641186642933741,
        "projDdm": -0.6698276349237074,
        "projDtotal": -0.16139594824419032,
        "projDfdm": -0.6062812543783062,
        "DthetaE": 0.0021416654827894365
}