{
        "Reff": 0.9662426539989696,
        "R": 0.45018018018018013,
        "MthetaE": 0.45018018018018013,
        "Mstar": 10.307116544969112,
        "Mdm": 9.689914983895168,
        "Mbh": 8.30414867401123,
        "Mtotal": 10.401040182296704,
        "fdm": 0.19447993540979114,
        "projMstar": 10.389112670322442,
        "projMdm": 9.993272781079773,
        "projMtotal": 10.53584177711993,
        "projfdm": 0.286702185777595,
        "MMstar": [
                -Infinity,
                -Infinity,
                -Infinity
        ],
        "MMdm": [
                -Infinity,
                -Infinity,
                -Infinity
        ],
        "MMbh": -Infinity,
        "MMtotal": [
                -Infinity,
                -Infinity,
                -Infinity
        ],
        "Mfdm": [
                0.0,
                0.0,
                0.0
        ],
        "MMthetaE": 0.4500195182604169,
        "projMMstar": [
                10.412488863582894,
                10.424782043055012,
                10.434589798432695
        ],
        "projMMdm": [
                9.42197785683906,
                9.529385916492892,
                9.633188476536832
        ],
        "projMMtotal": [
                10.474877967921817,
                10.476733164535656,
                10.479270245009907
        ],
        "projMfdm": [
                0.0885370505166386,
                0.11287547498063513,
                0.1425251080170485
        ],
        "Dstar": -1.0,
        "Ddm": -1.0,
        "Dtotal": -1.0,
        "Dfdm": -1.0,
        "projDstar": 0.08559884534770662,
        "projDdm": -0.6563525422510876,
        "projDtotal": -0.1272469254770991,
        "projDfdm": -0.6062971244028232,
        "DthetaE": 0.00035688359202955825
}