{
        "Reff": 1.0651673088178268,
        "R": 2.662918272044567,
        "MthetaE": 0.4991441441441441,
        "Mstar": 10.612306818530021,
        "Mdm": 10.69865953035891,
        "Mbh": 8.30414867401123,
        "Mtotal": 10.958655880836567,
        "fdm": 0.5495454918534951,
        "projMstar": 10.69460919516021,
        "projMdm": 10.891061977368723,
        "projMtotal": 11.104880306408544,
        "projfdm": 0.6111976432624749,
        "MMstar": 10.63871467386922,
        "MMdm": 10.791024251247437,
        "MMbh": -Infinity,
        "MMtotal": 11.022542499005723,
        "Mfdm": 0.5867887139898907,
        "MMthetaE": 0.4500005387316103,
        "projMMstar": 10.660824903043988,
        "projMMdm": 11.193503049342493,
        "projMMtotal": 11.305204547316167,
        "projMfdm": 0.7732118513514594,
        "Dstar": 0.06269308678223139,
        "Ddm": 0.2369858191456054,
        "Dtotal": 0.15847487211535133,
        "Dfdm": 0.06777095379453028,
        "projDstar": -0.07484242756977667,
        "projDdm": 1.0065088147967935,
        "projDtotal": 0.5860769033036205,
        "projDfdm": 0.2650766243537502,
        "DthetaE": 0.09845573866602751,
        "PL_slope1": -2.22041643720984,
        "AV_slope1": 2.352023089667113,
        "PL_slope2": -1.513604764680165,
        "AV_slope2": 1.5188097607877484
}