{
        "Reff": 0.35973259940631447,
        "R": 0.46202702702702697,
        "MthetaE": 0.46202702702702697,
        "Mstar": 10.154514149873487,
        "Mdm": 9.85340370134865,
        "Mbh": 8.119908332824707,
        "Mtotal": 10.330578592964834,
        "fdm": 0.33329216803596157,
        "projMstar": 10.270689529883358,
        "projMdm": 10.129276943838029,
        "projMtotal": 10.506743732429133,
        "projfdm": 0.4193080608244642,
        "MMstar": 10.169785171456512,
        "MMdm": 9.988804589035675,
        "MMbh": -Infinity,
        "MMtotal": 10.38968479206766,
        "Mfdm": 0.3973011269763063,
        "MMthetaE": 1.083811265650753,
        "projMMstar": 10.195092249237865,
        "projMMdm": 10.201604377551083,
        "projMMtotal": 10.499390514894486,
        "projMfdm": 0.503748612157589,
        "Dstar": 0.03578834901860182,
        "Ddm": 0.3658433348191586,
        "Dtotal": 0.1457930908071478,
        "Dfdm": 0.1920505942805062,
        "projDstar": -0.1597612249157527,
        "projDdm": 0.1812108668473253,
        "projDtotal": -0.016788878323315277,
        "projDfdm": 0.2013807012607715,
        "DthetaE": -1.3457746024614137
}