{
        "Reff": 0.3465146838858552,
        "R": 1.0543693693693692,
        "MthetaE": 1.0543693693693692,
        "Mstar": 11.051047526846789,
        "Mdm": 10.793390939483196,
        "Mbh": 8.772610664367676,
        "Mtotal": 11.242083096745356,
        "fdm": 0.355883491538148,
        "projMstar": 11.083819296434118,
        "projMdm": 11.030129712404289,
        "projMtotal": 11.35883364304146,
        "projfdm": 0.4691330928669549,
        "MMstar": [
                11.20611147853888,
                11.211692572115487,
                11.223349702927731
        ],
        "MMdm": [
                10.303120306880302,
                10.356147191719687,
                10.40960401189867
        ],
        "MMbh": -Infinity,
        "MMtotal": [
                11.264785758497688,
                11.270827600239082,
                11.277195689773299
        ],
        "Mfdm": [
                0.10829860038327403,
                0.12228831687721234,
                0.13741526200114634
        ],
        "MMthetaE": 1.0536958910447327,
        "projMMstar": [
                11.223343563875142,
                11.229237469786803,
                11.240696004429587
        ],
        "projMMdm": [
                10.665982448532745,
                10.709172889432804,
                10.730305703436015
        ],
        "projMMtotal": [
                11.341506325984128,
                11.343684954884038,
                11.346372639203025
        ],
        "projMfdm": [
                0.21010048299468204,
                0.2321656143273729,
                0.24253585437783645
        ],
        "Dstar": 0.4475882365485291,
        "Ddm": -0.6346103408808067,
        "Dtotal": 0.06842613658514947,
        "Dfdm": -0.6563810354094384,
        "projDstar": 0.39771354336432496,
        "projDdm": -0.5224232486033993,
        "projDtotal": -0.03427980847019183,
        "projDfdm": -0.5051178058905034,
        "DthetaE": 0.000638749895626525
}