{
        "Reff": 0.42908660556761313,
        "R": 1.0727165139190329,
        "MthetaE": 0.533108108108108,
        "Mstar": 10.461121573211894,
        "Mdm": 10.349580676302088,
        "Mbh": 8.356976509094238,
        "Mtotal": 10.709952236130166,
        "fdm": 0.4361425316510598,
        "projMstar": 10.519498947164227,
        "projMdm": 10.555126770256262,
        "projMtotal": 10.838708097904357,
        "projfdm": 0.5204975293137197,
        "MMstar": [
                -Infinity,
                -Infinity,
                -Infinity
        ],
        "MMdm": [
                -Infinity,
                -Infinity,
                -Infinity
        ],
        "MMbh": -Infinity,
        "MMtotal": [
                -Infinity,
                -Infinity,
                -Infinity
        ],
        "Mfdm": [
                0.0,
                0.0,
                0.0
        ],
        "MMthetaE": 0.509223606974525,
        "projMMstar": [
                10.607184490849876,
                10.607476148626294,
                10.607650123020035
        ],
        "projMMdm": [
                10.084190934765797,
                10.086612220229398,
                10.09029199831647
        ],
        "projMMtotal": [
                10.72140826230617,
                10.721919350295611,
                10.722550552754369
        ],
        "projMfdm": [
                0.2305638701926148,
                0.2315901950002338,
                0.23324101016330162
        ],
        "Dstar": -1.0,
        "Ddm": -1.0,
        "Dtotal": -1.0,
        "Dfdm": -1.0,
        "projDstar": 0.22455191402260458,
        "projDdm": -0.6599948854675837,
        "projDtotal": -0.23579257599325798,
        "projDfdm": -0.5550599532997066,
        "DthetaE": 0.04480235954081493
}