{
        "Reff": 0.2351342034821731,
        "R": 0.31188243057005166,
        "thetaE": 0.31188243057005166,
        "Mstar": 9.891944938958767,
        "Mdm": 9.37664133348557,
        "Mbh": 7.900820732116699,
        "Mtotal": 10.007648164541564,
        "fdm": 0.23388004511726274,
        "MMstar": 10.017538303100054,
        "MMdm": 8.448501666650658,
        "MMbh": -Infinity,
        "MMtotal": 10.029098224822642,
        "Mfdm": 0.026266574678384585,
        "Dstar": 0.3353446296003047,
        "Ddm": -0.8820058888264315,
        "Dtotal": 0.050630635427136285,
        "Dfdm": -0.8876921087251585
}