{
        "Reff": 0.544754228166559,
        "R": 0.6397297297297296,
        "MthetaE": 0.6397297297297296,
        "Mstar": 10.387700894003224,
        "Mdm": 9.983169393265646,
        "Mbh": 8.265588760375977,
        "Mtotal": 10.531955832442545,
        "fdm": 0.2826269428551476,
        "projMstar": 10.480275896075595,
        "projMdm": 10.275593071737097,
        "projMtotal": 10.690912870135643,
        "projfdm": 0.3843086871203482,
        "MMstar": 10.36450984034077,
        "MMdm": 9.66275728427975,
        "MMbh": -Infinity,
        "MMtotal": 10.443228564059826,
        "Mfdm": 0.16577869639196752,
        "MMthetaE": 0.6365295087181563,
        "projMMstar": 10.388296977531768,
        "projMMdm": 10.30772190520155,
        "projMMtotal": 10.650905409398664,
        "projMfdm": 0.45374985138661666,
        "Dstar": -0.05199867064414601,
        "Ddm": -0.5218238720126172,
        "Dtotal": -0.18478393098322113,
        "Dfdm": -0.4134363315923045,
        "projDstar": -0.19086482485923925,
        "projDdm": 0.0767845944211281,
        "projDtotal": -0.08800482792707766,
        "projDfdm": 0.1806911126225013,
        "DthetaE": 0.005002457855015387
}