{
        "Reff": 0.9094395894549946,
        "R": 0.46202702702702697,
        "MthetaE": 0.46202702702702697,
        "Mstar": 10.249161196740573,
        "Mdm": 9.727404978743365,
        "Mbh": 8.274933815002441,
        "Mtotal": 10.36336385144635,
        "fdm": 0.23122837510002717,
        "projMstar": 10.357000467888106,
        "projMdm": 9.994571718724659,
        "projMtotal": 10.513574293257767,
        "projfdm": 0.30268954843648216,
        "MMstar": 10.337422153783544,
        "MMdm": 9.22570024137601,
        "MMbh": -Infinity,
        "MMtotal": 10.369765888811758,
        "Mfdm": 0.07176857985426842,
        "MMthetaE": 0.458917242575832,
        "projMMstar": 10.37423099591783,
        "projMMdm": 9.67636323892223,
        "projMMtotal": 10.453596144237608,
        "projMfdm": 0.16701946748988303,
        "Dstar": 0.22535226261905056,
        "Ddm": -0.6850110906996205,
        "Dtotal": 0.014850423680562252,
        "Dfdm": -0.6896203598575563,
        "projDstar": 0.04047231280291526,
        "projDdm": -0.5193914194724775,
        "projDtotal": -0.12899258750548692,
        "projDfdm": -0.44821528079641904,
        "DthetaE": 0.006730741426979472
}