{
        "Reff": 0.1613217870669608,
        "R": 0.18675810480333455,
        "thetaE": 0.18675810480333455,
        "Mstar": 9.339422089924847,
        "Mdm": 8.73381737402459,
        "Mbh": 7.548817157745361,
        "Mtotal": 9.435625468812502,
        "fdm": 0.19869727230946613,
        "MMstar": 9.676760345635657,
        "MMdm": 8.384654609058634,
        "MMbh": -Infinity,
        "MMtotal": 9.698378793655072,
        "Mfdm": 0.04855967991652226,
        "Dstar": 1.1743940736408303,
        "Ddm": -0.552454458459258,
        "Dtotal": 0.831273980620937,
        "Dfdm": -0.755609730560912
}