{
        "Reff": 0.36422601544215016,
        "R": 0.9105650386053754,
        "MthetaE": 0.40279279279279273,
        "Mstar": 10.27293859069873,
        "Mdm": 10.113967989717644,
        "Mbh": 8.177248001098633,
        "Mtotal": 10.501716802955189,
        "fdm": 0.40949743592464155,
        "projMstar": 10.358796827178473,
        "projMdm": 10.355252888833848,
        "projMtotal": 10.658058468574506,
        "projfdm": 0.4979599564196837,
        "MMstar": 10.298872552336272,
        "MMdm": 9.872001966812471,
        "MMbh": -Infinity,
        "MMtotal": 10.436929476196953,
        "Mfdm": 0.27231558079045165,
        "MMthetaE": 0.4027931353555214,
        "projMMstar": 10.311673958111237,
        "projMMdm": 10.28976624169146,
        "projMMtotal": 10.601888221071224,
        "projMfdm": 0.48739157822742657,
        "Dstar": 0.06153412916178,
        "Ddm": -0.4271591544765784,
        "Dtotal": -0.13858451744172137,
        "Dfdm": -0.3350005228346168,
        "projDstar": -0.10282506698468961,
        "projDdm": -0.13997049097219164,
        "projDtotal": -0.1213220006946967,
        "projDfdm": -0.021223349500316145,
        "DthetaE": -8.504688634280417e-07
}