{
        "Reff": 0.36422601544215016,
        "R": 0.9105650386053754,
        "MthetaE": 0.40279279279279273,
        "Mstar": 10.27293859069873,
        "Mdm": 10.113967989717644,
        "Mbh": 8.177248001098633,
        "Mtotal": 10.501716802955189,
        "fdm": 0.40949743592464155,
        "projMstar": 10.358796827178473,
        "projMdm": 10.355252888833848,
        "projMtotal": 10.658058468574506,
        "projfdm": 0.4979599564196837,
        "MMstar": 10.300870781913286,
        "MMdm": 9.872697469668763,
        "MMbh": -Infinity,
        "MMtotal": 10.438573339989592,
        "Mfdm": 0.2717215790165875,
        "MMthetaE": 0.4027931353555214,
        "projMMstar": 10.313724057907237,
        "projMMdm": 10.288131307643852,
        "projMMtotal": 10.602146172117646,
        "projMfdm": 0.485271890614805,
        "Dstar": 0.06642960071334883,
        "Ddm": -0.42624104095926096,
        "Dtotal": -0.13531776380693278,
        "Dfdm": -0.3364510856996147,
        "projDstar": -0.09857991468977738,
        "projDdm": -0.14320204982101203,
        "projDtotal": -0.12079995115508023,
        "projDfdm": -0.02548009260846089,
        "DthetaE": -8.504688634280417e-07
}