{
        "Reff": 0.4869602608436856,
        "R": 1.217400652109214,
        "MthetaE": 0.0,
        "Mstar": 10.871962745737973,
        "Mdm": 10.636325001583948,
        "Mbh": 8.438713073730469,
        "Mtotal": 11.070963023250732,
        "fdm": 0.3675885527327633,
        "projMstar": 10.969617127006549,
        "projMdm": 10.902209723190229,
        "projMtotal": 11.238249908839622,
        "projfdm": 0.46127489041534686,
        "MMstar": [
                10.746827140518397,
                10.87760933349884,
                10.929647162091678
        ],
        "MMdm": [
                10.332703524616043,
                10.506580083206257,
                10.737028761373782
        ],
        "MMbh": -Infinity,
        "MMtotal": [
                11.015759724886099,
                11.03565792812632,
                11.053332770409687
        ],
        "Mfdm": [
                0.20122871467577289,
                0.29596999157572484,
                0.4912668668265938
        ],
        "MMthetaE": 0.0,
        "projMMstar": [
                10.758917565584822,
                10.890249757083437,
                10.941705460126542
        ],
        "projMMdm": [
                10.794936076752492,
                10.928143056175896,
                11.035419790413407
        ],
        "projMMtotal": [
                11.14838458063821,
                11.189233404647721,
                11.251854271066435
        ],
        "projMfdm": [
                0.42501649916368,
                0.5275633817510215,
                0.6385062360490432
        ],
        "Dstar": 0.013086639048688726,
        "Ddm": -0.25825422435583556,
        "Dtotal": -0.0780764585797083,
        "Dfdm": -0.19483349148009274,
        "projDstar": -0.1670237285331949,
        "projDdm": 0.06153259256630163,
        "projDtotal": -0.10672846329022995,
        "projDfdm": 0.1437071315024026,
        "DthetaE": 0,
        "PL_slope1": -3.6104731565745327,
        "AV_slope1": 3.2401925168517485,
        "PL_slope2": -1.543666858717623,
        "AV_slope2": 1.545388465816194
}