{
        "Reff": 0.6860226179383073,
        "R": 1.7150565448457682,
        "MthetaE": 1.0899099099099099,
        "Mstar": 10.84301596834364,
        "Mdm": 10.743585617454288,
        "Mbh": 8.453516006469727,
        "Mtotal": 11.097170128597762,
        "fdm": 0.4430119985802378,
        "projMstar": 10.942653613166152,
        "projMdm": 11.01637535019762,
        "projMtotal": 11.282106891190807,
        "projfdm": 0.5423360316663773,
        "MMstar": [
                10.949969776818723,
                10.955379604507886,
                10.967271316782766
        ],
        "MMdm": [
                10.447343485480966,
                10.47601264410993,
                10.494740737375416
        ],
        "MMbh": -Infinity,
        "MMtotal": [
                11.077024929002178,
                11.080642761056692,
                11.084264783772868
        ],
        "Mfdm": [
                0.23279370813191994,
                0.24898323351506696,
                0.2592272772892145
        ],
        "MMthetaE": 1.0875756874765057,
        "projMMstar": [
                10.96398523977074,
                10.969235410403241,
                10.981211826270563
        ],
        "projMMdm": [
                10.902258317563485,
                10.930652301590573,
                10.943386918682126
        ],
        "projMMtotal": [
                11.244003313517464,
                11.251051784522753,
                11.255391987380312
        ],
        "projMfdm": [
                0.45466997284518906,
                0.4777665479776022,
                0.4880065230453052
        ],
        "Dstar": 0.295279929575684,
        "Ddm": -0.4599586345707067,
        "Dtotal": -0.03734065196823156,
        "Dfdm": -0.4379763204766306,
        "projDstar": 0.06311879763534269,
        "projDdm": -0.1791251472465676,
        "projDtotal": -0.06901026325962205,
        "projDfdm": -0.1190580745490567,
        "DthetaE": 0.0021416654827894365,
        "PL_slope1": -3.106384612782145,
        "AV_slope1": 2.839086321184987,
        "PL_slope2": -1.7883756955688606,
        "AV_slope2": 1.7762435051421472
}