{
        "Reff": 0.6860226179383073,
        "R": 1.7150565448457682,
        "MthetaE": 1.0899099099099099,
        "Mstar": 10.84301596834364,
        "Mdm": 10.743585617454288,
        "Mbh": 8.453516006469727,
        "Mtotal": 11.097170128597762,
        "fdm": 0.4430119985802378,
        "projMstar": 10.942653613166152,
        "projMdm": 11.01637535019762,
        "projMtotal": 11.282106891190807,
        "projfdm": 0.5423360316663773,
        "MMstar": [
                10.949690847123312,
                10.955495178363057,
                10.966308343481742
        ],
        "MMdm": [
                10.44920482334468,
                10.47615265898295,
                10.495968310776105
        ],
        "MMbh": -Infinity,
        "MMtotal": [
                11.077351357005607,
                11.080834355803189,
                11.084439521955382
        ],
        "Mfdm": [
                0.2341928171859503,
                0.24921138710332227,
                0.2595311613629311
        ],
        "MMthetaE": 1.0875756874765057,
        "projMMstar": [
                10.963747049509893,
                10.969466580167703,
                10.980167499025203
        ],
        "projMMdm": [
                10.905070573863624,
                10.930734706050114,
                10.944200472613446
        ],
        "projMMtotal": [
                11.244689130679383,
                11.251193200940904,
                11.255731135846142
        ],
        "projMfdm": [
                0.4568792925080333,
                0.47775502196706965,
                0.48858370155531233
        ],
        "Dstar": 0.2956246735732172,
        "Ddm": -0.45978449923979536,
        "Dtotal": -0.03691586839027974,
        "Dfdm": -0.43746131503888513,
        "projDstar": 0.06368483370463826,
        "projDdm": -0.17896937698171222,
        "projDtotal": -0.06870706191340675,
        "projDfdm": -0.11907932707490704,
        "DthetaE": 0.0021416654827894365
}