{
        "Reff": 0.16132178706696065,
        "R": 0.18954954954954953,
        "MthetaE": 0.18954954954954953,
        "Mstar": 9.345171940693744,
        "Mdm": 8.74601141403639,
        "Mbh": 7.548817157745361,
        "Mtotal": 9.442663397311287,
        "fdm": 0.20107034205073515,
        "projMstar": 9.585940106115428,
        "projMdm": 9.095671706651812,
        "projMtotal": 9.707629180051482,
        "projfdm": 0.24436698278553526,
        "MMstar": [
                -Infinity,
                -Infinity,
                -Infinity
        ],
        "MMdm": [
                -Infinity,
                -Infinity,
                -Infinity
        ],
        "MMbh": -Infinity,
        "MMtotal": [
                -Infinity,
                -Infinity,
                -Infinity
        ],
        "Mfdm": [
                0.0,
                0.0,
                0.0
        ],
        "MMthetaE": 0.20156767776074946,
        "projMMstar": [
                9.697179687634293,
                9.736938241464427,
                9.760128218750427
        ],
        "projMMdm": [
                8.992892820087599,
                9.146203154692746,
                9.276089255592922
        ],
        "projMMtotal": [
                9.811934996944505,
                9.834495825092063,
                9.853418003342957
        ],
        "projMfdm": [
                0.14812528384487678,
                0.20333119912942282,
                0.27268423823910304
        ],
        "Dstar": -1.0,
        "Ddm": -1.0,
        "Dtotal": -1.0,
        "Dfdm": -1.0,
        "projDstar": 0.4157877012346245,
        "projDdm": 0.12339231357774895,
        "projDtotal": 0.3392653879231471,
        "projDfdm": -0.16792687452431668,
        "DthetaE": -0.06340362316745214
}