{
        "Reff": 0.5148342648334497,
        "R": 1.2870856620836244,
        "MthetaE": 0.5804954954954954,
        "Mstar": 10.485052405687021,
        "Mdm": 10.343082781744615,
        "Mbh": 8.260486602783203,
        "Mtotal": 10.72087312472932,
        "fdm": 0.41899578782519636,
        "projMstar": 10.567427798541386,
        "projMdm": 10.56775212156492,
        "projMtotal": 10.868619985991932,
        "projfdm": 0.5001866953311498,
        "MMstar": 10.450442028463984,
        "MMdm": 10.412370495328979,
        "MMbh": -Infinity,
        "MMtotal": 10.732853306884866,
        "Mfdm": 0.4780982878794762,
        "MMthetaE": 0.6040185929502934,
        "projMMstar": 10.504137218040716,
        "projMMdm": 10.698888326845157,
        "projMMtotal": 10.913369062969801,
        "projMfdm": 0.6102661254432241,
        "Dstar": -0.07660052610461689,
        "Ddm": 0.1729721846941859,
        "Dtotal": 0.027969388476197368,
        "Dfdm": 0.14105750408865023,
        "projDstar": -0.1356106258641828,
        "projDdm": 0.3524966724369518,
        "projDtotal": 0.10853415064007756,
        "projDfdm": 0.22007668564473906,
        "DthetaE": -0.040522446147009776
}