{
        "Reff": 0.5423966499825412,
        "R": 0.6397297297297296,
        "MthetaE": 0.6397297297297296,
        "Mstar": 10.387700894003224,
        "Mdm": 9.983169393265646,
        "Mbh": 8.265588760375977,
        "Mtotal": 10.531955832442545,
        "fdm": 0.2826269428551476,
        "projMstar": 10.480275896075595,
        "projMdm": 10.275593071737097,
        "projMtotal": 10.690912870135643,
        "projfdm": 0.3843086871203482,
        "MMstar": [
                10.428574432850656,
                10.449465356202142,
                10.475229757806714
        ],
        "MMdm": [
                9.56611962063065,
                9.653002333470052,
                9.719386621671992
        ],
        "MMbh": -Infinity,
        "MMtotal": [
                10.50399630054467,
                10.514884089418635,
                10.52798939319685
        ],
        "Mfdm": [
                0.109770063003157,
                0.13811872898758412,
                0.16322744438549958
        ],
        "MMthetaE": 0.6365295087181563,
        "projMMstar": [
                10.451968568997025,
                10.473312629360146,
                10.499005878832193
        ],
        "projMMdm": [
                9.998126522955943,
                10.085666849104056,
                10.143173040977194
        ],
        "projMMtotal": [
                10.617001584873465,
                10.621931036977971,
                10.626788797563398
        ],
        "projMfdm": [
                0.24047008249089327,
                0.2902899265572711,
                0.32933750903119297
        ],
        "Dstar": 0.15282785686419767,
        "Ddm": -0.5324447475055332,
        "Dtotal": -0.03854656147631949,
        "Dfdm": -0.5113037434001013,
        "projDstar": -0.015905661570389713,
        "projDdm": -0.3542360787697138,
        "projDtotal": -0.14686419946079646,
        "projDfdm": -0.24464385977732184,
        "DthetaE": 0.005002457855015387
}