{
        "Reff": 0.5423966499825412,
        "R": 0.6397297297297296,
        "MthetaE": 0.6397297297297296,
        "Mstar": 10.387700894003224,
        "Mdm": 9.983169393265646,
        "Mbh": 8.265588760375977,
        "Mtotal": 10.531955832442545,
        "fdm": 0.2826269428551476,
        "projMstar": 10.480275896075595,
        "projMdm": 10.275593071737097,
        "projMtotal": 10.690912870135643,
        "projfdm": 0.3843086871203482,
        "MMstar": [
                10.42977423755733,
                10.450565235366113,
                10.477169023498545
        ],
        "MMdm": [
                9.562568961396195,
                9.65017051055939,
                9.716968451367102
        ],
        "MMbh": -Infinity,
        "MMtotal": [
                10.50473181832174,
                10.515766233427222,
                10.529355264334379
        ],
        "Mfdm": [
                0.10856566460651325,
                0.1360468850894178,
                0.16120093408582045
        ],
        "MMthetaE": 0.6365295087181563,
        "projMMstar": [
                10.453228006532223,
                10.47421061760043,
                10.500896682127845
        ],
        "projMMdm": [
                9.991304138409877,
                10.082256409191599,
                10.141261904598894
        ],
        "projMMtotal": [
                10.616766180425675,
                10.622118685888614,
                10.626565344340216
        ],
        "projMfdm": [
                0.2367617108912159,
                0.2886528864420285,
                0.32780595907304466
        ],
        "Dstar": 0.15575116894565044,
        "Ddm": -0.5354835297340252,
        "Dtotal": -0.03659166132093429,
        "Dfdm": -0.5186344100281169,
        "projDstar": -0.01386875015157279,
        "projDdm": -0.3592872927230929,
        "projDtotal": -0.14649549895709035,
        "projDfdm": -0.24890356082001497,
        "DthetaE": 0.005002457855015387
}