{
        "Reff": 0.16132178706696065,
        "R": 0.40330446766740163,
        "MthetaE": 0.0,
        "Mstar": 9.599760029832073,
        "Mdm": 9.279234321206893,
        "Mbh": 7.548817157745361,
        "Mtotal": 9.769449468963973,
        "fdm": 0.32343338962162704,
        "projMstar": 9.717313111667044,
        "projMdm": 9.527509505220532,
        "projMtotal": 9.93372876526527,
        "projfdm": 0.39244675278136476,
        "MMstar": [
                9.747202511343527,
                9.843915529026491,
                9.915099746476065
        ],
        "MMdm": [
                8.327465128395144,
                8.802325020554795,
                9.256706501429004
        ],
        "MMbh": -Infinity,
        "MMtotal": [
                9.85627368392316,
                9.889623195327147,
                9.932964952129252
        ],
        "Mfdm": [
                0.025471354099514062,
                0.08183155518577488,
                0.23739692332076087
        ],
        "MMthetaE": 0.0,
        "projMMstar": [
                9.77962015885991,
                9.875512550120561,
                9.947490047463743
        ],
        "projMMdm": [
                8.93825823564481,
                9.305772039607765,
                9.522211348212753
        ],
        "projMMtotal": [
                9.950532549587631,
                9.976391221519556,
                10.005573396301862
        ],
        "projMfdm": [
                0.09054035113185002,
                0.2126588425733272,
                0.3503703863971413
        ],
        "Dstar": 0.754508591415326,
        "Ddm": -0.6665039462038731,
        "Dtotal": 0.31878417275145243,
        "Dfdm": -0.7469910101690285,
        "projDstar": 0.43945946084355025,
        "projDdm": -0.39984623576784845,
        "projDtotal": 0.10322083777450988,
        "projDfdm": -0.4581205193668626,
        "DthetaE": 0
}