{
        "Reff": 0.16132178706696065,
        "R": 0.40330446766740163,
        "MthetaE": 0.0,
        "Mstar": 9.599760029832073,
        "Mdm": 9.279234321206893,
        "Mbh": 7.548817157745361,
        "Mtotal": 9.769449468963973,
        "fdm": 0.32343338962162704,
        "projMstar": 9.717313111667044,
        "projMdm": 9.527509505220532,
        "projMtotal": 9.93372876526527,
        "projfdm": 0.39244675278136476,
        "MMstar": [
                9.741733264217954,
                9.848937914673346,
                9.921855056345953
        ],
        "MMdm": [
                8.303731886682485,
                8.74368238020537,
                9.256698892520502
        ],
        "MMbh": -Infinity,
        "MMtotal": [
                9.857329688748905,
                9.89084482456252,
                9.93792577543326
        ],
        "Mfdm": [
                0.02451009598287711,
                0.07346309351028428,
                0.23551289030472472
        ],
        "MMthetaE": 0.0,
        "projMMstar": [
                9.77456646730556,
                9.881180778086987,
                9.953846547457715
        ],
        "projMMdm": [
                8.871056486321056,
                9.299903034871422,
                9.52764800462157
        ],
        "projMMtotal": [
                9.950301959691695,
                9.974952541183441,
                10.00858769372782
        ],
        "projMfdm": [
                0.07932565984295667,
                0.20496695215964392,
                0.35280705423236053
        ],
        "Dstar": 0.7749163288483024,
        "Ddm": -0.7086278363026826,
        "Dtotal": 0.3224990099895736,
        "Dfdm": -0.7728648436816431,
        "projDstar": 0.45836981367829127,
        "projDdm": -0.40790208788920895,
        "projDtotal": 0.09957226249687681,
        "projDfdm": -0.4777203513419497,
        "DthetaE": 0,
        "PL_slope1": -3.2128485325568916,
        "AV_slope1": 3.1794388717094093,
        "PL_slope2": -3.2260684656287433,
        "AV_slope2": 3.205540205956826
}