{
        "Reff": 0.9365583424776649,
        "R": 2.341395856194162,
        "MthetaE": 0.533108108108108,
        "Mstar": 10.604333704610394,
        "Mdm": 10.634934192831413,
        "Mbh": 8.183881759643555,
        "Mtotal": 10.920933403323664,
        "fdm": 0.5176077729134222,
        "projMstar": 10.682572097391489,
        "projMdm": 10.838119149014558,
        "projMtotal": 11.068302560459982,
        "projfdm": 0.5885950271362097,
        "MMstar": 10.638770394123496,
        "MMdm": 10.571232948731327,
        "MMbh": -Infinity,
        "MMtotal": 10.907343195881008,
        "Mfdm": 0.46120048236833144,
        "MMthetaE": 0.5249657346094901,
        "projMMstar": 10.661972927120914,
        "projMMdm": 10.894259374304552,
        "projMMtotal": 11.094494558153045,
        "projMfdm": 0.6306157541289453,
        "Dstar": 0.08252189598188252,
        "Ddm": -0.13642759566266524,
        "Dtotal": -0.030808062768777886,
        "Dfdm": -0.10897690007164118,
        "projDstar": -0.04632405200669874,
        "projDdm": 0.137994662981339,
        "projDtotal": 0.062165027043396506,
        "projDfdm": 0.07139157664512752,
        "DthetaE": 0.015273400225544362
}