{
        "Reff": 0.9365583424776649,
        "R": 2.341395856194162,
        "MthetaE": 0.533108108108108,
        "Mstar": 10.604333704610394,
        "Mdm": 10.634934192831413,
        "Mbh": 8.183881759643555,
        "Mtotal": 10.920933403323664,
        "fdm": 0.5176077729134222,
        "projMstar": 10.682572097391489,
        "projMdm": 10.838119149014558,
        "projMtotal": 11.068302560459982,
        "projfdm": 0.5885950271362097,
        "MMstar": 10.63719362398188,
        "MMdm": 10.578270825932417,
        "MMbh": -Infinity,
        "MMtotal": 10.909760747152559,
        "Mfdm": 0.4661332455463141,
        "MMthetaE": 0.5400234219125003,
        "projMMstar": 10.660357645715653,
        "projMMdm": 10.896342103269326,
        "projMMtotal": 11.09521496507581,
        "projMfdm": 0.6325970148397041,
        "Dstar": 0.07859876670873414,
        "Ddm": -0.12231912887371003,
        "Dtotal": -0.025397897762146397,
        "Dfdm": -0.09944697522098073,
        "projDstar": -0.04986449268233965,
        "projDdm": 0.14346520617585154,
        "projDtotal": 0.06392840666333258,
        "projDfdm": 0.0747576613373454,
        "DthetaE": -0.012971691293410059
}