{
        "Reff": 0.36422601544215016,
        "R": 0.40279279279279273,
        "MthetaE": 0.40279279279279273,
        "Mstar": 10.09249136930786,
        "Mdm": 9.657160343916678,
        "Mbh": 8.177248001098633,
        "Mtotal": 10.228260665224283,
        "fdm": 0.2684724207169141,
        "projMstar": 10.177779355267997,
        "projMdm": 9.932815037193404,
        "projMtotal": 10.37337452695279,
        "projfdm": 0.3626106123565712,
        "MMstar": [
                10.022115048755346,
                10.049867784700194,
                10.065084274877846
        ],
        "MMdm": [
                9.24032662878951,
                9.289765008014623,
                9.357271450479304
        ],
        "MMbh": -Infinity,
        "MMtotal": [
                10.10563411663214,
                10.118778206651807,
                10.127904233240887
        ],
        "Mfdm": [
                0.13030326434343117,
                0.14803533392149115,
                0.17744761608367063
        ],
        "MMthetaE": 0.4027931353555214,
        "projMMstar": [
                10.04326686613196,
                10.071220690043447,
                10.086710604925612
        ],
        "projMMdm": [
                9.773247844903008,
                9.81763595748136,
                9.882538020863032
        ],
        "projMMtotal": [
                10.257938314087081,
                10.26376758861468,
                10.27238993297456
        ],
        "projMfdm": [
                0.32710062276761503,
                0.35775950522807715,
                0.4082174208836679
        ],
        "Dstar": -0.09348203456960912,
        "Ddm": -0.5708543999947601,
        "Dtotal": -0.2228272913452982,
        "Dfdm": -0.4486013366803723,
        "projDstar": -0.21757749301224744,
        "projDdm": -0.2329548640621538,
        "projDtotal": -0.22305001674844493,
        "projDfdm": -0.01337828227631617,
        "DthetaE": -8.504688634280417e-07
}