{
        "Reff": 0.36422601544215016,
        "R": 0.40279279279279273,
        "MthetaE": 0.40279279279279273,
        "Mstar": 10.09249136930786,
        "Mdm": 9.657160343916678,
        "Mbh": 8.177248001098633,
        "Mtotal": 10.228260665224283,
        "fdm": 0.2684724207169141,
        "projMstar": 10.177779355267997,
        "projMdm": 9.932815037193404,
        "projMtotal": 10.37337452695279,
        "projfdm": 0.3626106123565712,
        "MMstar": [
                10.022881590307414,
                10.051157032891872,
                10.067001103480193
        ],
        "MMdm": [
                9.23815437311504,
                9.28984562987314,
                9.359421127913288
        ],
        "MMbh": -Infinity,
        "MMtotal": [
                10.105795480719467,
                10.119597302288627,
                10.12876663143997
        ],
        "Mfdm": [
                0.12959199766295018,
                0.14757173941427584,
                0.1767921135399257
        ],
        "MMthetaE": 0.4500195182604169,
        "projMMstar": [
                10.044384280596274,
                10.072255511776344,
                10.087806771086225
        ],
        "projMMdm": [
                9.768430216700622,
                9.814900354457802,
                9.880191343947967
        ],
        "projMMtotal": [
                10.257557529098856,
                10.262965380012924,
                10.272085502371013
        ],
        "projMfdm": [
                0.3238047875760016,
                0.3559534407623709,
                0.4055304989919355
        ],
        "Dstar": -0.09078694366379182,
        "Ddm": -0.5707747265729254,
        "Dtotal": -0.22136013142378888,
        "Dfdm": -0.45032812301461606,
        "projDstar": -0.2157109410779354,
        "projDdm": -0.23777126464772433,
        "projDtotal": -0.22448383803034247,
        "projDfdm": -0.018359009271504783,
        "DthetaE": -0.11724818892655525
}