{
        "Reff": 0.33542414752571365,
        "R": 0.8385603688142841,
        "MthetaE": 0.48572072072072064,
        "Mstar": 10.277667357888435,
        "Mdm": 9.98913029177223,
        "Mbh": [
                7.912351131439209,
                6.072244644165039
        ],
        "Mtotal": 10.457962983718119,
        "fdm": 0.3397561353859292,
        "projMstar": 10.32902983598197,
        "projMdm": 10.227985957460554,
        "projMtotal": 10.582469923635239,
        "projfdm": 0.44209543840509763,
        "MMstar": [
                -Infinity,
                -Infinity,
                -Infinity
        ],
        "MMdm": [
                -Infinity,
                -Infinity,
                -Infinity
        ],
        "MMbh": -Infinity,
        "MMtotal": [
                -Infinity,
                -Infinity,
                -Infinity
        ],
        "Mfdm": [
                0.0,
                0.0,
                0.0
        ],
        "MMthetaE": 0.48492597519012226,
        "projMMstar": [
                10.294676724871236,
                10.310377558749105,
                10.316796667621594
        ],
        "projMMdm": [
                10.251606995055106,
                10.272790771404772,
                10.321752627988156
        ],
        "projMMtotal": [
                10.585965783562516,
                10.593491502641943,
                10.609192993178887
        ],
        "projMfdm": [
                0.462779473747148,
                0.4782205354151244,
                0.5156494437407825
        ],
        "Dstar": -1.0,
        "Ddm": -1.0,
        "Dtotal": -1.0,
        "Dfdm": -1.0,
        "projDstar": -0.042039233603297206,
        "projDdm": 0.10867642805366548,
        "projDtotal": 0.02570288959673766,
        "projDfdm": 0.08171334483873337,
        "DthetaE": 0.001636219120771968
}