{
        "Reff": 0.3129603324922881,
        "R": 0.7824008312307202,
        "MthetaE": 0.45018018018018013,
        "Mstar": 10.273399770015239,
        "Mdm": 10.022244869721614,
        "Mbh": 8.01979923248291,
        "Mtotal": 10.466760355017644,
        "fdm": 0.35932258444479737,
        "projMstar": 10.311296349477995,
        "projMdm": 10.185498404817997,
        "projMtotal": 10.553966374268237,
        "projfdm": 0.4280869911502228,
        "MMstar": [
                10.265471176751108,
                10.286194221039427,
                10.307468307070094
        ],
        "MMdm": [
                9.32185419670119,
                9.422611377728357,
                9.49322649148694
        ],
        "MMbh": -Infinity,
        "MMtotal": [
                10.332462051511392,
                10.341843734868851,
                10.35090598535011
        ],
        "Mfdm": [
                0.0936494366066832,
                0.12092591682945208,
                0.14448283293910696
        ],
        "MMthetaE": 0.4027931353555214,
        "projMMstar": [
                10.289695370014927,
                10.310244850533799,
                10.332624393812376
        ],
        "projMMdm": [
                10.051789145206879,
                10.153001987928068,
                10.230095183893122
        ],
        "projMMtotal": [
                10.51440943467473,
                10.538765087432282,
                10.562235055226996
        ],
        "projMfdm": [
                0.3435847860767704,
                0.4095418480020818,
                0.46588800405511177
        ],
        "Dstar": 0.029898560254072004,
        "Ddm": -0.7485992852933334,
        "Dtotal": -0.24996180525499484,
        "Dfdm": -0.6634614074806926,
        "projDstar": -0.002418237136368997,
        "projDdm": -0.07209485430094247,
        "projDtotal": -0.034396762592671264,
        "projDfdm": -0.04332096870851464,
        "DthetaE": 0.10526239694891172,
        "PL_slope1": -2.7572694936522577,
        "AV_slope1": 2.7890185978323463,
        "PL_slope2": -2.5825255169560455,
        "AV_slope2": 2.567807983549868
}