{
        "Reff": 0.3129603324922881,
        "R": 0.7824008312307202,
        "MthetaE": 0.45018018018018013,
        "Mstar": 10.273399770015239,
        "Mdm": 10.022244869721614,
        "Mbh": 8.01979923248291,
        "Mtotal": 10.466760355017644,
        "fdm": 0.35932258444479737,
        "projMstar": 10.311296349477995,
        "projMdm": 10.185498404817997,
        "projMtotal": 10.553966374268237,
        "projfdm": 0.4280869911502228,
        "MMstar": [
                10.26579432104971,
                10.285066395003685,
                10.30725182101878
        ],
        "MMdm": [
                9.320482179583014,
                9.428109712108196,
                9.492247436535218
        ],
        "MMbh": -Infinity,
        "MMtotal": [
                10.332867858504622,
                10.341474578986888,
                10.351599313013503
        ],
        "Mfdm": [
                0.09370593694606703,
                0.12186065845247056,
                0.14462927238855652
        ],
        "MMthetaE": 0.4027931353555214,
        "projMMstar": [
                10.290028117066132,
                10.309423985556707,
                10.332195067582552
        ],
        "projMMdm": [
                10.049828292624213,
                10.155170263502,
                10.229254871125626
        ],
        "projMMtotal": [
                10.513497787562674,
                10.53924560182742,
                10.561329519369757
        ],
        "projMfdm": [
                0.34318503681676027,
                0.4125526262221878,
                0.46454034504640107
        ],
        "Dstar": 0.0272274706026946,
        "Ddm": -0.7453962227990684,
        "Dtotal": -0.2505990764613973,
        "Dfdm": -0.6608600078930135,
        "projDstar": -0.004301997039352911,
        "projDdm": -0.06745057491106901,
        "projDtotal": -0.03332780350461922,
        "projDfdm": -0.036287869636720024,
        "DthetaE": 0.10526239694891172
}