{
        "Reff": 0.4081097725007585,
        "R": 1.0202744312518963,
        "MthetaE": 0.37909909909909906,
        "Mstar": 10.364943218193039,
        "Mdm": 10.152496114847926,
        "Mbh": 8.278263092041016,
        "Mtotal": 10.572612711748814,
        "fdm": 0.38008733894439084,
        "projMstar": 10.459069556768531,
        "projMdm": 10.470354006813059,
        "projMtotal": 10.765778427480319,
        "projfdm": 0.5064954861724276,
        "MMstar": -Infinity,
        "MMdm": -Infinity,
        "MMbh": -Infinity,
        "MMtotal": -Infinity,
        "Mfdm": 0.0,
        "MMthetaE": 0.37130888008559115,
        "projMMstar": 10.517620654245931,
        "projMMdm": 8.695760177825797,
        "projMMtotal": 10.524117036847818,
        "projMfdm": 0.014847151530543357,
        "Dstar": -1.0,
        "Ddm": -1.0,
        "Dtotal": -1.0,
        "Dfdm": -1.0,
        "projDstar": 0.14432950946115347,
        "projDdm": -0.9831962515719821,
        "projDtotal": -0.4267571990452609,
        "projDfdm": -0.9706865077066277,
        "DthetaE": 0.020549294451030833
}