{
        "Reff": 1.4609511145833585,
        "R": 1.4609511145833585,
        "MMstar": 10.962025531992461,
        "MMdm": 11.350388698623433,
        "MMbh": -Infinity,
        "MMtotal": 11.499274591925772,
        "Mfdm": 0.7097642271906345,
        "MMthetaE": 1.216167228028751
}