{
        "Reff": 0.9365583424776649,
        "R": 2.341395856194162,
        "MthetaE": 0.533108108108108,
        "Mstar": 10.604333704610394,
        "Mdm": 10.634934192831413,
        "Mbh": 8.183881759643555,
        "Mtotal": 10.920933403323664,
        "fdm": 0.5176077729134222,
        "projMstar": 10.682572097391489,
        "projMdm": 10.838119149014558,
        "projMtotal": 11.068302560459982,
        "projfdm": 0.5885950271362097,
        "MMstar": 10.557610666169703,
        "MMdm": 10.758594472948204,
        "MMbh": -Infinity,
        "MMtotal": 10.970656741392613,
        "Mfdm": 0.6136740112638704,
        "MMthetaE": 0.5400234219125003,
        "projMMstar": 10.580220925837198,
        "projMMdm": 10.943868882632426,
        "projMMtotal": 11.100074027675175,
        "projMfdm": 0.6979026621687928,
        "Dstar": -0.10199870789649126,
        "Ddm": 0.32941409831795077,
        "Dtotal": 0.1213039139344958,
        "Dfdm": 0.18559659143008425,
        "projDstar": -0.20996045820719159,
        "projDdm": 0.2757034605380239,
        "projDtotal": 0.07589890922572635,
        "projDfdm": 0.18570940968430522,
        "DthetaE": -0.012971691293410059
}