{
        "Reff": 0.16132178706696065,
        "R": 0.18954954954954953,
        "MthetaE": 0.18954954954954953,
        "Mstar": 9.345171940693744,
        "Mdm": 8.74601141403639,
        "Mbh": 7.548817157745361,
        "Mtotal": 9.442663397311287,
        "fdm": 0.20107034205073515,
        "projMstar": 9.585940106115428,
        "projMdm": 9.095671706651812,
        "projMtotal": 9.707629180051482,
        "projfdm": 0.24436698278553526,
        "MMstar": -Infinity,
        "MMdm": -Infinity,
        "MMbh": -Infinity,
        "MMtotal": -Infinity,
        "Mfdm": 0.0,
        "MMthetaE": 0.20156767776074946,
        "projMMstar": 9.73178691967278,
        "projMMdm": 9.167432510360946,
        "projMMtotal": 9.8365044903403,
        "projMfdm": 0.21425354678037103,
        "Dstar": -1.0,
        "Ddm": -1.0,
        "Dtotal": -1.0,
        "Dfdm": -1.0,
        "projDstar": 0.3990937404416387,
        "projDdm": 0.1796707296659154,
        "projDtotal": 0.34547400134465733,
        "projDfdm": -0.12323037941501612,
        "DthetaE": -0.06340362316745214
}