{
        "Reff": 0.3939136227063193,
        "R": 0.45018018018018013,
        "MthetaE": 0.45018018018018013,
        "Mstar": 10.143283281527738,
        "Mdm": 9.666221446383181,
        "Mbh": 8.139239311218262,
        "Mtotal": 10.268236873791992,
        "fdm": 0.2500256543701848,
        "projMstar": 10.238793465359723,
        "projMdm": 9.866167182171507,
        "projMtotal": 10.392305795077736,
        "projfdm": 0.29775659339548977,
        "MMstar": [
                -Infinity,
                -Infinity,
                -Infinity
        ],
        "MMdm": [
                -Infinity,
                -Infinity,
                -Infinity
        ],
        "MMbh": -Infinity,
        "MMtotal": [
                -Infinity,
                -Infinity,
                -Infinity
        ],
        "Mfdm": [
                0.0,
                0.0,
                0.0
        ],
        "MMthetaE": 0.4500195182604169,
        "projMMstar": [
                10.249916324813393,
                10.258765949345179,
                10.277095743757817
        ],
        "projMMdm": [
                9.37594537165033,
                9.515328700560515,
                9.570017581024798
        ],
        "projMMtotal": [
                10.328485155507849,
                10.330859633008982,
                10.332307447205498
        ],
        "projMfdm": [
                0.11153731988433649,
                0.1529499326853458,
                0.1727248058188289
        ],
        "Dstar": -1.0,
        "Ddm": -1.0,
        "Dtotal": -1.0,
        "Dfdm": -1.0,
        "projDstar": 0.047062206218761685,
        "projDdm": -0.5541779768360658,
        "projDtotal": -0.13193181807441176,
        "projDfdm": -0.48632562274719193,
        "DthetaE": 0.00035688359202955825
}