{
        "Reff": 1.1035545250518053,
        "R": 0.6505421829545462,
        "thetaE": 0.6505421829545462,
        "Mstar": 10.517256826034485,
        "Mdm": 10.052121963309736,
        "Mbh": 8.336731910705566,
        "Mtotal": 10.64522331749156,
        "fdm": 0.25521056313490653,
        "MMstar": 10.649417518797263,
        "MMdm": 8.585949437262883,
        "MMbh": -Infinity,
        "MMtotal": 10.653153861633234,
        "Mfdm": 0.008566345285821807,
        "Dstar": 0.35569093708378574,
        "Ddm": -0.9658156383858051,
        "Dtotal": 0.018428499771709742,
        "Dfdm": -0.9664342056198765
}