{
        "Reff": 0.4081097725007585,
        "R": 0.37909909909909906,
        "MthetaE": 0.37909909909909906,
        "Mstar": 10.136938839434904,
        "Mdm": 9.556086234548895,
        "Mbh": 8.278263092041016,
        "Mtotal": 10.23817398702835,
        "fdm": 0.20792765111354303,
        "projMstar": 10.290529101756526,
        "projMdm": 9.899801459426145,
        "projMtotal": 10.438730064546228,
        "projfdm": 0.28911551283478226,
        "MMstar": -Infinity,
        "MMdm": -Infinity,
        "MMbh": -Infinity,
        "MMtotal": -Infinity,
        "Mfdm": 0.0,
        "MMthetaE": 0.37130888008559115,
        "projMMstar": 10.344137391534076,
        "projMMdm": 7.890839047721562,
        "projMMtotal": 10.345663981659385,
        "projMfdm": 0.003508932921143513,
        "Dstar": -1.0,
        "Ddm": -1.0,
        "Dtotal": -1.0,
        "Dfdm": -1.0,
        "projDstar": 0.13137945959204317,
        "projDdm": -0.9902042523582071,
        "projDtotal": -0.1928877904755922,
        "projDfdm": -0.987863214648227,
        "DthetaE": 0.020549294451030833
}