{
        "Reff": 0.5148342648334497,
        "R": 0.5804954954954954,
        "MthetaE": 0.5804954954954954,
        "Mstar": 10.332992349204273,
        "Mdm": 9.915833221302163,
        "Mbh": 8.260486602783203,
        "Mtotal": 10.473715443571665,
        "fdm": 0.2767692123056929,
        "projMstar": 10.40732278043186,
        "projMdm": 10.179791668756826,
        "projMtotal": 10.609320580506106,
        "projfdm": 0.3719384597388031,
        "MMstar": [
                10.234614484499206,
                10.267092027645996,
                10.293472212213358
        ],
        "MMdm": [
                9.740676489667544,
                9.796697250607007,
                9.852764109101656
        ],
        "MMbh": -Infinity,
        "MMtotal": [
                10.383351581082103,
                10.393331111481473,
                10.40226639376385
        ],
        "Mfdm": [
                0.21800357875349788,
                0.25234458390879094,
                0.29269006927572666
        ],
        "MMthetaE": 0.6040185929502934,
        "projMMstar": [
                10.2625111737863,
                10.294693631833397,
                10.321569699558799
        ],
        "projMMdm": [
                10.08102783339125,
                10.138334094443891,
                10.196592212591565
        ],
        "projMMtotal": [
                10.518569130111505,
                10.52443782722042,
                10.532728104488351
        ],
        "projMfdm": [
                0.36508919691047836,
                0.4107387083992428,
                0.461977491040518
        ],
        "Dstar": -0.1407892967209018,
        "Ddm": -0.2399117318643787,
        "Dtotal": -0.16897197875143816,
        "Dfdm": -0.08824908013946596,
        "projDstar": -0.22843796228677646,
        "projDdm": -0.09104491058072486,
        "projDtotal": -0.177535338796619,
        "projDfdm": 0.10431900128770642,
        "DthetaE": -0.040522446147009776
}