{
        "Reff": 0.9842781252851374,
        "R": 2.4606953132128435,
        "MthetaE": 1.2083783783783781,
        "Mstar": 11.047832343965455,
        "Mdm": 11.001254446472288,
        "Mbh": 8.475809097290039,
        "Mtotal": 11.326197524289501,
        "fdm": 0.4732132780951882,
        "projMstar": 11.149499647980916,
        "projMdm": 11.24215644498053,
        "projMtotal": 11.499324412551626,
        "projfdm": 0.5531361371153823,
        "MMstar": -Infinity,
        "MMdm": -Infinity,
        "MMbh": -Infinity,
        "MMtotal": -Infinity,
        "Mfdm": 0.0,
        "MMthetaE": 1.2111171673943844,
        "projMMstar": 11.13661268839169,
        "projMMdm": 11.16628925374729,
        "projMMtotal": 11.452734402845095,
        "projMfdm": 0.5170765600298765,
        "Dstar": -1.0,
        "Ddm": -1.0,
        "Dtotal": -1.0,
        "Dfdm": -1.0,
        "projDstar": -0.029237390529704598,
        "projDdm": -0.16028326443452215,
        "projDtotal": -0.10172359900632483,
        "projDfdm": -0.06519114313079853,
        "DthetaE": -0.002266499521186088
}