{
        "Reff": 0.9365583424776649,
        "R": 2.341395856194162,
        "MthetaE": 0.533108108108108,
        "Mstar": 10.604333704610394,
        "Mdm": 10.634934192831413,
        "Mbh": 8.183881759643555,
        "Mtotal": 10.920933403323664,
        "fdm": 0.5176077729134222,
        "projMstar": 10.682572097391489,
        "projMdm": 10.838119149014558,
        "projMtotal": 11.068302560459982,
        "projfdm": 0.5885950271362097,
        "MMstar": [
                10.537190945958056,
                10.580308637083537,
                10.606977989458256
        ],
        "MMdm": [
                10.60317797455948,
                10.653323017967434,
                10.705899341016638
        ],
        "MMbh": -Infinity,
        "MMtotal": [
                10.900800299684565,
                10.921183093811406,
                10.935894197550837
        ],
        "Mfdm": [
                0.4998394654619685,
                0.5420530057574188,
                0.5955296031310241
        ],
        "MMthetaE": 0.6491916548593238,
        "projMMstar": [
                10.559201256513816,
                10.603124127835883,
                10.62964656200378
        ],
        "projMMdm": [
                10.813432405182764,
                10.878097959391862,
                10.91775497857303
        ],
        "projMMtotal": [
                11.025178966800878,
                11.058881579988023,
                11.086463248740229
        ],
        "projMfdm": [
                0.6123429097557604,
                0.6528886234155653,
                0.6901746326907973
        ],
        "Dstar": -0.05381745397449089,
        "Ddm": 0.04325103714369981,
        "Dtotal": 0.0005750989009343292,
        "Dfdm": 0.04722732950164838,
        "projDstar": -0.1671783041831029,
        "projDdm": 0.09642469928000699,
        "projDtotal": -0.021459016675291827,
        "projDfdm": 0.10923231307640169,
        "DthetaE": -0.2177486048058294
}