{
        "Reff": 0.6860226179383071,
        "R": 1.7150565448457677,
        "MthetaE": 0.0,
        "Mstar": 10.843012842101018,
        "Mdm": 10.743582061030395,
        "Mbh": 8.453516006469727,
        "Mtotal": 11.09716681177973,
        "fdm": 0.4430117541648793,
        "projMstar": 10.942649959628428,
        "projMdm": 11.016371554829533,
        "projMtotal": 11.28210316073337,
        "projfdm": 0.5423359506075927,
        "MMstar": 10.82606833251225,
        "MMdm": 10.706989051323278,
        "MMbh": -Infinity,
        "MMtotal": 11.071627262751612,
        "Mfdm": 0.4318787031234473,
        "MMthetaE": 0.0,
        "projMMstar": 10.840140634250027,
        "projMMdm": 11.100789362700318,
        "projMMtotal": 11.290762440187809,
        "projMfdm": 0.6456942552693412,
        "Dstar": -0.03826484722557128,
        "Ddm": -0.08080640331958472,
        "Dtotal": -0.05711125661568378,
        "Dfdm": -0.025130373938765858,
        "projDstar": -0.21024810871173302,
        "projDdm": 0.2145567385466341,
        "projDtotal": 0.020138831948846664,
        "projDfdm": 0.19057985100555042,
        "DthetaE": 0,
        "PL_slope1": -2.715873062238432,
        "AV_slope1": 2.540038772784879,
        "PL_slope2": -1.6780713614083063,
        "AV_slope2": 1.6621902302795144
}