{
        "Reff": 0.35973259940631447,
        "R": 0.8993314985157862,
        "MthetaE": 0.46202702702702697,
        "Mstar": 10.278276772675927,
        "Mdm": 10.21103561277337,
        "Mbh": 8.119908332824707,
        "Mtotal": 10.546986246559046,
        "fdm": 0.4613700154676134,
        "projMstar": 10.370522904662561,
        "projMdm": 10.460775180326277,
        "projMtotal": 10.719019287230033,
        "projfdm": 0.5517672164880664,
        "MMstar": [
                10.422007616328184,
                10.448036063316174,
                10.472238374236563
        ],
        "MMdm": [
                9.834930825901226,
                9.919114257671314,
                10.005794761429712
        ],
        "MMbh": -Infinity,
        "MMtotal": [
                10.547413865721095,
                10.562355274237714,
                10.576243557641845
        ],
        "Mfdm": [
                0.1895955019223296,
                0.22761862939826052,
                0.27356872904690366
        ],
        "MMthetaE": 0.509223606974525,
        "projMMstar": [
                10.436808085152169,
                10.461965160339725,
                10.485728589824475
        ],
        "projMMdm": [
                10.222758870612667,
                10.302903711022356,
                10.36761811367721
        ],
        "projMMtotal": [
                10.665013053312677,
                10.691257373793857,
                10.714206762771374
        ],
        "projMfdm": [
                0.3575957219109166,
                0.40972879481459734,
                0.45855723011749105
        ],
        "Dstar": 0.47828881389489253,
        "Ddm": -0.48940254605452826,
        "Dtotal": 0.036022119032367295,
        "Dfdm": -0.5066462453838452,
        "projDstar": 0.23436118209431483,
        "projDdm": -0.30476995753238595,
        "projDtotal": -0.061923867006282836,
        "projDfdm": -0.2574245396048118,
        "DthetaE": -0.10215112360675202
}