{
        "Reff": 0.24958845221212395,
        "R": 0.29617117117117114,
        "MthetaE": 0.29617117117117114,
        "Mstar": 9.876642141429853,
        "Mdm": 9.343449316493516,
        "Mbh": 7.900820732116699,
        "Mtotal": 9.988226969854768,
        "fdm": 0.22658040390447187,
        "projMstar": 10.002798214419613,
        "projMdm": 9.58959111729185,
        "projMtotal": 10.14461871342537,
        "projfdm": 0.2785944137301345,
        "MMstar": 10.075707833096784,
        "MMdm": 7.9748214952825744,
        "MMbh": -Infinity,
        "MMtotal": 10.07913694996719,
        "Mfdm": 0.007864743177007794,
        "MMthetaE": 0.3247669375126507,
        "projMMstar": 10.108096522870635,
        "projMMdm": 8.476124587184202,
        "projMMtotal": 10.118114812924063,
        "projMfdm": 0.02280393394106424,
        "Dstar": 0.5814872379715909,
        "Ddm": -0.9572070546810739,
        "Dtotal": 0.23284926365684433,
        "Dfdm": -0.9652893937803922,
        "projDstar": 0.27437812605874734,
        "projDdm": -0.9229924210287143,
        "projDtotal": -0.05920261952481443,
        "projDfdm": -0.9181464781158403,
        "DthetaE": -0.0965514848335887
}