{
        "Reff": 0.24958845221212395,
        "R": 0.29617117117117114,
        "MthetaE": 0.29617117117117114,
        "Mstar": 9.876642141429853,
        "Mdm": 9.343449316493516,
        "Mbh": 7.900820732116699,
        "Mtotal": 9.988226969854768,
        "fdm": 0.22658040390447187,
        "projMstar": 10.002798214419613,
        "projMdm": 9.58959111729185,
        "projMtotal": 10.14461871342537,
        "projfdm": 0.2785944137301345,
        "MMstar": 10.075198688923654,
        "MMdm": 8.002501108063848,
        "MMbh": -Infinity,
        "MMtotal": 10.078856795828026,
        "Mfdm": 0.008387727491251655,
        "MMthetaE": 0.3247669375126507,
        "projMMstar": 10.107793129164502,
        "projMMdm": 8.499021282740161,
        "projMMtotal": 10.11835451888314,
        "projMfdm": 0.02402518629040777,
        "Dstar": 0.579634271286863,
        "Ddm": -0.9543908696352394,
        "Dtotal": 0.23205423525711869,
        "Dfdm": -0.9629812316214778,
        "projDstar": 0.27348816936015585,
        "projDdm": -0.9188235293322602,
        "projDtotal": -0.05868320932063866,
        "projDfdm": -0.913762857019523,
        "DthetaE": -0.0965514848335887
}