{
        "Reff": 0.4750495551698561,
        "R": 1.1876238879246401,
        "MthetaE": 0.5704504504504504,
        "Mstar": 10.479687275154259,
        "Mdm": 10.402816360683012,
        "Mbh": 8.356976509094238,
        "Mtotal": 10.743980384486571,
        "fdm": 0.4558647130128417,
        "projMstar": 10.53395856227157,
        "projMdm": 10.601443749087462,
        "projMtotal": 10.870040653306864,
        "projfdm": 0.5387696161822407,
        "MMstar": [
                10.489015316402297,
                10.493230624369675,
                10.502460673886086
        ],
        "MMdm": [
                9.975320135421347,
                10.032453081498568,
                10.089446959026636
        ],
        "MMbh": -Infinity,
        "MMtotal": [
                10.610881483285299,
                10.624043967681883,
                10.639867466752843
        ],
        "Mfdm": [
                0.23149884244596253,
                0.256628782211738,
                0.2828498143838541
        ],
        "MMthetaE": 0.48468156572166493,
        "projMMstar": [
                10.516130310473814,
                10.520259363066023,
                10.529466387016445
        ],
        "projMMdm": [
                10.683995546279997,
                10.751172462059179,
                10.812780293493061
        ],
        "projMMtotal": [
                10.913379100769781,
                10.951831068216553,
                10.990116858399684
        ],
        "projMfdm": [
                0.5913588095462929,
                0.6295338017527812,
                0.6617478152835864
        ],
        "Dstar": 0.03167605131076295,
        "Ddm": -0.5737771577635649,
        "Dtotal": -0.24131135674620688,
        "Dfdm": -0.43705056591096847,
        "projDstar": -0.03105126338088505,
        "projDdm": 0.41165546237766315,
        "projDtotal": 0.20723109986368113,
        "projDfdm": 0.16846567223612538,
        "DthetaE": 0.15035290911078944
}