{
        "Reff": 0.3281228274892596,
        "R": 0.820307068723149,
        "MthetaE": 0.4991441441441441,
        "Mstar": 10.274916680793552,
        "Mdm": 9.978328628691802,
        "Mbh": [
                7.912351131439209,
                6.072244644165039
        ],
        "Mtotal": 10.452493641424239,
        "fdm": 0.33561007300127427,
        "projMstar": 10.326488342157434,
        "projMdm": 10.217604109693584,
        "projMtotal": 10.576479688232805,
        "projfdm": 0.43764746926103454,
        "MMstar": 10.26777493854167,
        "MMdm": 9.909754581488091,
        "MMbh": -Infinity,
        "MMtotal": 10.425687866898752,
        "Mfdm": 0.3048363231086076,
        "MMthetaE": 0.48468156572166493,
        "projMMstar": 10.29242215424007,
        "projMMdm": 10.356094226727885,
        "projMMtotal": 10.6264540158048,
        "projMfdm": 0.5365870793196725,
        "Dstar": -0.01630999707959202,
        "Ddm": -0.14606276128272375,
        "Dtotal": -0.05985633174592212,
        "Dfdm": -0.09169495306700713,
        "projDstar": -0.07544274238762598,
        "projDdm": 0.3755935064050236,
        "projDtotal": 0.12195213044146755,
        "projDfdm": 0.226071477634035,
        "DthetaE": 0.02897475326947365
}