{
        "Reff": 0.3281228274892596,
        "R": 0.820307068723149,
        "MthetaE": 0.4991441441441441,
        "Mstar": 10.274916680793552,
        "Mdm": 9.978328628691802,
        "Mbh": [
                7.912351131439209,
                6.072244644165039
        ],
        "Mtotal": 10.452493641424239,
        "fdm": 0.33561007300127427,
        "projMstar": 10.326488342157434,
        "projMdm": 10.217604109693584,
        "projMtotal": 10.576479688232805,
        "projfdm": 0.43764746926103454,
        "MMstar": 10.265003321665525,
        "MMdm": 9.900619378168633,
        "MMbh": -Infinity,
        "MMtotal": 10.420986258537942,
        "Mfdm": 0.3017401623192731,
        "MMthetaE": 0.48468156572166493,
        "projMMstar": 10.289635717169501,
        "projMMdm": 10.35096024762308,
        "projMMtotal": 10.62240949590344,
        "projMfdm": 0.5352426986604182,
        "Dstar": -0.02256780274434633,
        "Ddm": -0.16383737879525284,
        "Dtotal": -0.06997929547565009,
        "Dfdm": -0.10092042345186875,
        "projDstar": -0.08135572043275385,
        "projDdm": 0.3594277719085154,
        "projDtotal": 0.11155205948244343,
        "projDfdm": 0.2229996429870203,
        "DthetaE": 0.02897475326947365
}