{
        "Reff": 0.1610837669734156,
        "R": 0.18954954954954953,
        "MthetaE": 0.18954954954954953,
        "Mstar": 9.345171940693744,
        "Mdm": 8.74601141403639,
        "Mbh": 7.548817157745361,
        "Mtotal": 9.442663397311287,
        "fdm": 0.20107034205073515,
        "projMstar": 9.585940106115428,
        "projMdm": 9.095671706651812,
        "projMtotal": 9.707629180051482,
        "projfdm": 0.24436698278553526,
        "MMstar": [
                9.57381705038698,
                9.617374553879774,
                9.661220651608533
        ],
        "MMdm": [
                8.401677140974837,
                8.599865980988385,
                8.77081415265142
        ],
        "MMbh": -Infinity,
        "MMtotal": [
                9.62796454122645,
                9.659080641091128,
                9.691602873642381
        ],
        "Mfdm": [
                0.05411570218394256,
                0.08729697685343063,
                0.12869964534403136
        ],
        "MMthetaE": 0.20156767776074946,
        "projMMstar": [
                9.642908820370405,
                9.686233110412962,
                9.730143835008596
        ],
        "projMMdm": [
                8.812931700217966,
                8.945542797339185,
                9.056792086566935
        ],
        "projMMtotal": [
                9.734605684378215,
                9.76026312581351,
                9.785011189293947
        ],
        "projMfdm": [
                0.10990348628531936,
                0.1522228544333799,
                0.20235144754222661
        ],
        "Dstar": 0.8715550809903525,
        "Ddm": -0.28574289865852404,
        "Dtotal": 0.6459522949028389,
        "Dfdm": -0.5658386216332024,
        "projDstar": 0.2597750542182637,
        "projDdm": -0.2922643202000921,
        "projDtotal": 0.12884404363333782,
        "projDfdm": -0.37707274240491057,
        "DthetaE": -0.06340362316745214
}