{
        "Reff": 0.33542414752571365,
        "R": 0.8385603688142841,
        "MthetaE": 0.48572072072072064,
        "Mstar": 10.277667357888435,
        "Mdm": 9.98913029177223,
        "Mbh": [
                7.912351131439209,
                6.072244644165039
        ],
        "Mtotal": 10.457962983718119,
        "fdm": 0.3397561353859292,
        "projMstar": 10.32902983598197,
        "projMdm": 10.227985957460554,
        "projMtotal": 10.582469923635239,
        "projfdm": 0.44209543840509763,
        "MMstar": -Infinity,
        "MMdm": -Infinity,
        "MMbh": -Infinity,
        "MMtotal": -Infinity,
        "Mfdm": 0.0,
        "MMthetaE": 0.5249657346094901,
        "projMMstar": 10.309733238074196,
        "projMMdm": 10.28101702638164,
        "projMMtotal": 10.596642429616812,
        "projMfdm": 0.4834756397704327,
        "Dstar": -1.0,
        "Ddm": -1.0,
        "Dtotal": -1.0,
        "Dfdm": -1.0,
        "projDstar": -0.04345941349154902,
        "projDdm": 0.12987674184691828,
        "projDtotal": 0.033171710094264686,
        "projDfdm": 0.09360015456078478,
        "DthetaE": -0.0807974875573294
}