{
        "Reff": 1.1035545250518053,
        "R": 0.6634234234234233,
        "MthetaE": 0.6634234234234233,
        "Mstar": 10.522028515683154,
        "Mdm": 10.064407877741875,
        "Mbh": 8.336731910705566,
        "Mtotal": 10.6519251077602,
        "fdm": 0.25851322760668544,
        "projMstar": 10.610449633395211,
        "projMdm": 10.389287224511984,
        "projMtotal": 10.814827120951854,
        "projfdm": 0.37537046949957625,
        "MMstar": [
                10.506234377377236,
                10.52369871271935,
                10.53552534998141
        ],
        "MMdm": [
                9.668864671302586,
                9.727663215519298,
                9.7904823181483
        ],
        "MMbh": -Infinity,
        "MMtotal": [
                10.577739915670167,
                10.587181049970447,
                10.59522447873214
        ],
        "Mfdm": [
                0.12107438103684061,
                0.13826671985304217,
                0.16011142045878
        ],
        "MMthetaE": 0.6491916548593238,
        "projMMstar": [
                10.552221389309235,
                10.569052192657704,
                10.581032746607574
        ],
        "projMMdm": [
                10.26315060593144,
                10.294000321652074,
                10.33331561750313
        ],
        "projMMtotal": [
                10.750278244189271,
                10.753962065442613,
                10.75894544963648
        ],
        "projMfdm": [
                0.3247219742239442,
                0.34687949625817976,
                0.37584880161449125
        ],
        "Dstar": 0.003853175263337836,
        "Ddm": -0.5394727450039581,
        "Dtotal": -0.1384986899267022,
        "Dfdm": -0.465146440926389,
        "projDstar": -0.09091904551455617,
        "projDdm": -0.1970045265363256,
        "projDtotal": -0.13076952435760458,
        "projDfdm": -0.07590094468373904,
        "DthetaE": 0.021452013995315607
}