{
        "Reff": 0.9094395894549948,
        "R": 2.273598973637487,
        "MthetaE": 0.46202702702702697,
        "Mstar": 10.63249087929843,
        "Mdm": 10.608043679512585,
        "Mbh": 8.274933815002441,
        "Mtotal": 10.921469274343053,
        "fdm": 0.4859307755243753,
        "projMstar": 10.714692474183407,
        "projMdm": 10.768149505668532,
        "projMtotal": 11.043272965876945,
        "projfdm": 0.5307335471058287,
        "MMstar": 10.70664223669541,
        "MMdm": 10.47352662819315,
        "MMbh": -Infinity,
        "MMtotal": 10.90657132576193,
        "Mfdm": 0.3689396253662342,
        "MMthetaE": 0.509223606974525,
        "projMMstar": 10.719591771505092,
        "projMMdm": 10.724531927285419,
        "projMMtotal": 11.023098869385061,
        "projMfdm": 0.5028437516006827,
        "Dstar": 0.18618207635102113,
        "Ddm": -0.26636009040083297,
        "Dtotal": -0.03372208969618858,
        "Dfdm": -0.24075682391569903,
        "projDstar": 0.011344919963370994,
        "projDdm": -0.09555445978036493,
        "projDtotal": -0.045390167031435016,
        "projDfdm": -0.052549524440716526,
        "DthetaE": -0.10215112360675202
}