{
        "Reff": 0.40810977250075836,
        "R": 0.3615318551809074,
        "Mstar": 10.121610311938447,
        "Mdm": 9.520076410881762,
        "Mbh": 8.278263092041016,
        "Mtotal": 10.218625593996208,
        "fdm": 0.20019388925623452,
        "MMstar": 10.158197650326883,
        "MMdm": 9.473228616941894,
        "MMbh": -Infinity,
        "MMtotal": 10.239743961625694,
        "Mfdm": 0.17119246891576212,
        "Dstar": 0.08789589592745023,
        "Ddm": -0.10225663083749743,
        "Dtotal": 0.04982852204247515,
        "Dfdm": -0.14486666125634115
}