{
        "Reff": 0.9094395894549948,
        "R": 0.46202702702702697,
        "MthetaE": 0.46202702702702697,
        "Mstar": 10.249161196740573,
        "Mdm": 9.727404978743367,
        "Mbh": 8.274933815002441,
        "Mtotal": 10.36336385144635,
        "fdm": 0.23122837510002717,
        "projMstar": 10.357000467888106,
        "projMdm": 9.994571718724659,
        "projMtotal": 10.513574293257767,
        "projfdm": 0.30268954843648216,
        "MMstar": [
                10.307035298382742,
                10.321924816158063,
                10.330857825179056
        ],
        "MMdm": [
                9.281573635038288,
                9.351583483137846,
                9.424990564863593
        ],
        "MMbh": -Infinity,
        "MMtotal": [
                10.36100684887792,
                10.365939106815452,
                10.370549702371521
        ],
        "Mfdm": [
                0.08223460764073993,
                0.09674471901626173,
                0.11608686531313928
        ],
        "MMthetaE": 0.458917242575832,
        "projMMstar": [
                10.33702511792142,
                10.353533685598258,
                10.362121851307087
        ],
        "projMMdm": [
                9.727428599603224,
                9.766044158746894,
                9.84014617451988
        ],
        "projMMtotal": [
                10.451314599795365,
                10.454280098590717,
                10.456969870910049
        ],
        "projMfdm": [
                0.18841932808020725,
                0.20505606411592586,
                0.24140662598660304
        ],
        "Dstar": 0.18239781749404416,
        "Ddm": -0.5791004083579863,
        "Dtotal": 0.005947360360926091,
        "Dfdm": -0.5816053329336813,
        "projDstar": -0.007950785187028969,
        "projDdm": -0.409156530065289,
        "projDtotal": -0.12761978937285057,
        "projDfdm": -0.32255320616411765,
        "DthetaE": 0.006730741426979472
}