{
        "Reff": 0.3465146838858552,
        "R": 1.0543693693693692,
        "MthetaE": 1.0543693693693692,
        "Mstar": 11.051047526846789,
        "Mdm": 10.793390939483194,
        "Mbh": 8.772610664367676,
        "Mtotal": 11.242083096745356,
        "fdm": 0.355883491538148,
        "projMstar": 11.083819296434118,
        "projMdm": 11.030129712404289,
        "projMtotal": 11.35883364304146,
        "projfdm": 0.4691330928669549,
        "MMstar": -Infinity,
        "MMdm": -Infinity,
        "MMbh": -Infinity,
        "MMtotal": -Infinity,
        "Mfdm": 0.0,
        "MMthetaE": 1.0800468438250006,
        "projMMstar": 11.213909517156441,
        "projMMdm": 10.781098196412273,
        "projMMtotal": 11.35035672110395,
        "projMfdm": 0.2696134013211654,
        "Dstar": -1.0,
        "Ddm": -1.0,
        "Dtotal": -1.0,
        "Dfdm": -1.0,
        "projDstar": 0.3492431464519898,
        "projDdm": -0.4364032448902191,
        "projDtotal": -0.01932957501814278,
        "projDfdm": -0.4252944304706572,
        "DthetaE": -0.024353395689965272
}