{
        "Reff": 0.9842781252851374,
        "R": 2.4606953132128435,
        "MthetaE": 1.2083783783783781,
        "Mstar": 11.047832343965455,
        "Mdm": 11.001254446472288,
        "Mbh": 8.475809097290039,
        "Mtotal": 11.326197524289501,
        "fdm": 0.4732132780951882,
        "projMstar": 11.149499647980916,
        "projMdm": 11.24215644498053,
        "projMtotal": 11.499324412551626,
        "projfdm": 0.5531361371153823,
        "MMstar": -Infinity,
        "MMdm": -Infinity,
        "MMbh": -Infinity,
        "MMtotal": -Infinity,
        "Mfdm": 0.0,
        "MMthetaE": 1.2111171673943844,
        "projMMstar": 11.13666041527469,
        "projMMdm": 11.16661170768224,
        "projMMtotal": 11.452924206345006,
        "projMfdm": 0.5172345194552314,
        "Dstar": -1.0,
        "Ddm": -1.0,
        "Dtotal": -1.0,
        "Dfdm": -1.0,
        "projDstar": -0.029130702507384258,
        "projDdm": -0.1596595620341548,
        "projDtotal": -0.10133093164809855,
        "projDfdm": -0.06490557251851009,
        "DthetaE": -0.002266499521186088
}