{
        "Reff": 1.1965155934630276,
        "R": 2.991288983657569,
        "MthetaE": 0.713063063063063,
        "Mstar": 10.916883257875766,
        "Mdm": 10.992383268225685,
        "Mbh": 8.336731910705566,
        "Mtotal": 11.257301861135218,
        "fdm": 0.5433521715476182,
        "projMstar": 10.971390705363207,
        "projMdm": 11.228855912790163,
        "projMtotal": 11.41995960131529,
        "projfdm": 0.6440154873968124,
        "MMstar": [
                11.120729127352712,
                11.124661293401868,
                11.128686135591707
        ],
        "MMdm": [
                9.392588456839377,
                9.746588545893493,
                9.90764313635712
        ],
        "MMbh": -Infinity,
        "MMtotal": [
                11.13663512594764,
                11.142352930060907,
                11.147660811244382
        ],
        "Mfdm": [
                0.01792491083159594,
                0.04033157983179653,
                0.057709203169272416
        ],
        "MMthetaE": 0.6490468919974811,
        "projMMstar": [
                11.144423460213817,
                11.147832310120986,
                11.15182776264875
        ],
        "projMMdm": [
                9.711517949280555,
                10.068266425729123,
                10.24448627950503
        ],
        "projMMtotal": [
                11.167082371399248,
                11.182498365390988,
                11.195960103002845
        ],
        "projMfdm": [
                0.03499351440771167,
                0.07680431430159382,
                0.11178997879062509
        ],
        "Dstar": 0.6135336817511704,
        "Ddm": -0.9432187070271995,
        "Dtotal": -0.23254827087532737,
        "Dfdm": -0.9257726720463435,
        "projDstar": 0.5012105393924567,
        "projDdm": -0.9309107444760386,
        "projDtotal": -0.42118635044921465,
        "projDfdm": -0.8807415104067666,
        "DthetaE": 0.0897763106541957,
        "PL_slope1": -2.383967118818313,
        "AV_slope1": 2.424069183066848,
        "PL_slope2": -2.9440981924260607,
        "AV_slope2": 2.9346842162189493
}