{
        "Reff": 1.1965155934630276,
        "R": 2.991288983657569,
        "MthetaE": 0.713063063063063,
        "Mstar": 10.916883257875766,
        "Mdm": 10.992383268225685,
        "Mbh": 8.336731910705566,
        "Mtotal": 11.257301861135218,
        "fdm": 0.5433521715476182,
        "projMstar": 10.971390705363207,
        "projMdm": 11.228855912790163,
        "projMtotal": 11.41995960131529,
        "projfdm": 0.6440154873968124,
        "MMstar": [
                11.120603092357012,
                11.12478974446005,
                11.129088774192164
        ],
        "MMdm": [
                9.371715459725095,
                9.746128956187492,
                9.916184334025063
        ],
        "MMbh": -Infinity,
        "MMtotal": [
                11.136466772999848,
                11.14269247560235,
                11.14826884934938
        ],
        "Mfdm": [
                0.017172600218083055,
                0.040071091750422796,
                0.058859493465067775
        ],
        "MMthetaE": 0.6490468919974811,
        "projMMstar": [
                11.144045398547702,
                11.147998659402122,
                11.151930789161463
        ],
        "projMMdm": [
                9.695887962546523,
                10.065843859985737,
                10.251148286524078
        ],
        "projMMtotal": [
                11.166944741829143,
                11.182519044602643,
                11.197099149514685
        ],
        "projMfdm": [
                0.03383942939435502,
                0.07643896850391835,
                0.11364119617233155
        ],
        "Dstar": 0.6140109863707385,
        "Ddm": -0.9432787637299099,
        "Dtotal": -0.2319480175514873,
        "Dfdm": -0.926252081341114,
        "projDstar": 0.5017856632706956,
        "projDdm": -0.9312950627662122,
        "projDtotal": -0.4211587892080812,
        "projDfdm": -0.8813088039033133,
        "DthetaE": 0.0897763106541957
}