{
        "Reff": 0.3939136227063193,
        "R": 0.9847840567657983,
        "MthetaE": 0.45018018018018013,
        "Mstar": 10.342989362034055,
        "Mdm": 10.05084423957988,
        "Mbh": 8.139239311218262,
        "Mtotal": 10.522062487644199,
        "fdm": 0.33789498956208713,
        "projMstar": 10.39835509943564,
        "projMdm": 10.18970749862652,
        "projMtotal": 10.607472654621885,
        "projfdm": 0.38215086240880686,
        "MMstar": [
                10.364934294251661,
                10.398466180677621,
                10.433992393080453
        ],
        "MMdm": [
                9.539096533076382,
                9.770027465154946,
                9.895418660784939
        ],
        "MMbh": -Infinity,
        "MMtotal": [
                10.483840093911514,
                10.48965060957853,
                10.496409427490905
        ],
        "Mfdm": [
                0.11298113309920677,
                0.19065834853995292,
                0.2529797766561437
        ],
        "MMthetaE": 0.4500195182604169,
        "projMMstar": [
                10.393457676818896,
                10.42729478653449,
                10.463503369707286
        ],
        "projMMdm": [
                9.883201097913304,
                10.114355091033486,
                10.255382726488602
        ],
        "projMMtotal": [
                10.562161527100713,
                10.598608797116066,
                10.631295728065624
        ],
        "projMfdm": [
                0.20995726506177284,
                0.3281184230573443,
                0.4215815587712052
        ],
        "Dstar": 0.13625764597225787,
        "Ddm": -0.47617861372344983,
        "Dtotal": -0.07191421271170222,
        "Dfdm": -0.4357467425396077,
        "projDstar": 0.06890642390731114,
        "projDdm": -0.15928733022265038,
        "projDtotal": -0.0202029162544106,
        "projDfdm": -0.14139033734185644,
        "DthetaE": 0.00035688359202955825,
        "PL_slope1": -2.6953933771215106,
        "AV_slope1": 2.6884121760533697,
        "PL_slope2": -2.4903354647535876,
        "AV_slope2": 2.4987116660897164
}