{
        "Reff": 0.33542414752571365,
        "R": 0.48572072072072064,
        "MthetaE": 0.48572072072072064,
        "Mstar": 10.193931422797494,
        "Mdm": 9.704516155365626,
        "Mbh": [
                7.912351131439209,
                6.072244644165039
        ],
        "Mtotal": 10.315829128814833,
        "fdm": 0.2447298965108559,
        "projMstar": 10.263860798608103,
        "projMdm": 9.965676135596594,
        "projMtotal": 10.440902574668815,
        "projfdm": 0.3347908352976755,
        "MMstar": [
                10.16339654723543,
                10.200248407334685,
                10.223667931524538
        ],
        "MMdm": [
                9.566114575639197,
                9.65858929144155,
                9.764898760082055
        ],
        "MMbh": -Infinity,
        "MMtotal": [
                10.297443292615235,
                10.310508877322455,
                10.32253858133201
        ],
        "Mfdm": [
                0.18300232612187578,
                0.22371705137280712,
                0.28393977604924764
        ],
        "MMthetaE": 0.5475522655640054,
        "projMMstar": [
                10.187019038545557,
                10.223015028504074,
                10.248671626702318
        ],
        "projMMdm": [
                9.943649986743182,
                9.99490960443749,
                10.056610823943537
        ],
        "projMMtotal": [
                10.420118601477629,
                10.42579806907358,
                10.430725532795908
        ],
        "projMfdm": [
                0.3320142188903201,
                0.37259697853224516,
                0.42426400018188254
        ],
        "Dstar": 0.014651693439242474,
        "Ddm": -0.10035092848864523,
        "Dtotal": -0.012175601929411773,
        "Dfdm": -0.08586137385595906,
        "projDstar": -0.0897635347951199,
        "projDdm": 0.06962973824972868,
        "projDtotal": -0.034181556789218186,
        "projDfdm": 0.11292466593643385,
        "DthetaE": -0.1272985528629251
}