{
        "Reff": 0.9662426539989696,
        "R": 2.415606634997424,
        "MthetaE": 0.0,
        "Mstar": 10.5918964286169,
        "Mdm": 10.646142705336276,
        "Mbh": 8.30414867401123,
        "Mtotal": 10.920895977836436,
        "fdm": 0.5311861312447683,
        "projMstar": 10.67843889325413,
        "projMdm": 10.847396843209468,
        "projMtotal": 11.07211299151808,
        "projfdm": 0.5960515911979375,
        "MMstar": [
                10.423948837183389,
                10.541711042292025,
                10.638672876908823
        ],
        "MMdm": [
                10.678704764719441,
                10.757502970519216,
                10.821865643012469
        ],
        "MMbh": -Infinity,
        "MMtotal": [
                10.949505538379235,
                10.964101598582426,
                10.980094671476127
        ],
        "Mfdm": [
                0.5256863517365604,
                0.6201044637871714,
                0.716261940370769
        ],
        "MMthetaE": 0.0,
        "projMMstar": [
                10.444049694969705,
                10.56062933294588,
                10.657938241607123
        ],
        "projMMdm": [
                10.878672263763189,
                10.950848740512553,
                11.00514659478108
        ],
        "projMMtotal": [
                11.068329482308389,
                11.097123214983975,
                11.125753379406671
        ],
        "projMfdm": [
                0.631156901580344,
                0.7082086624769139,
                0.7801411795838863
        ],
        "Dstar": -0.10912942699427228,
        "Ddm": 0.2922908376423957,
        "Dtotal": 0.10460147992012146,
        "Dfdm": 0.16739580970239962,
        "projDstar": -0.23758674230971605,
        "projDdm": 0.268971584666828,
        "projDtotal": 0.059278660727352384,
        "projDfdm": 0.18816671733660587,
        "DthetaE": 0,
        "PL_slope1": -2.5246204043743785,
        "AV_slope1": 2.554735075668474,
        "PL_slope2": -1.889737106987404,
        "AV_slope2": 1.8998018496646953
}