{
        "Reff": 0.6860226179383073,
        "R": 1.0899099099099099,
        "MthetaE": 1.0899099099099099,
        "Mstar": 10.742246908926605,
        "Mdm": 10.494685451500338,
        "Mbh": 8.453516006469727,
        "Mtotal": 10.936902124158186,
        "fdm": 0.36122959761691914,
        "projMstar": 10.856106322719304,
        "projMdm": 10.77867479018461,
        "projMtotal": 11.120143955811441,
        "projfdm": 0.45554452811787544,
        "MMstar": [
                10.72816656512811,
                10.753847727020046,
                10.780768621697657
        ],
        "MMdm": [
                10.373063102811981,
                10.414721001358075,
                10.45364557335794
        ],
        "MMbh": -Infinity,
        "MMtotal": [
                10.909063079096946,
                10.918719820425197,
                10.931306309427077
        ],
        "Mfdm": [
                0.28100851994930726,
                0.315475744752394,
                0.3424385165267692
        ],
        "MMthetaE": 1.083811265650753,
        "projMMstar": [
                10.749755896215639,
                10.774584216454098,
                10.801661541822574
        ],
        "projMMdm": [
                10.721465368214597,
                10.759472183192468,
                10.790005860303523
        ],
        "projMMtotal": [
                11.064003817635681,
                11.068224397336426,
                11.071558102940958
        ],
        "projMfdm": [
                0.45461567950703735,
                0.4914180293378349,
                0.5235105189411465
        ],
        "Dstar": 0.02707183075023603,
        "Ddm": -0.16816814077921743,
        "Dtotal": -0.0410020114363039,
        "Dfdm": -0.12666141746515114,
        "projDstar": -0.17114627474559335,
        "projDdm": -0.043252374583964776,
        "projDtotal": -0.11267965064013208,
        "projDfdm": 0.07874861622896487,
        "DthetaE": 0.005595548956574725
}