{
        "Reff": 0.42908660556761313,
        "R": 0.533108108108108,
        "MthetaE": 0.533108108108108,
        "Mstar": 10.316567053263963,
        "Mdm": 9.953675599223988,
        "Mbh": 8.356976509094238,
        "Mtotal": 10.473000874721839,
        "fdm": 0.3024647195873248,
        "projMstar": 10.385313712548719,
        "projMdm": 10.208555729354114,
        "projMtotal": 10.606895895322637,
        "projfdm": 0.3996316112517674,
        "MMstar": 10.391363404443341,
        "MMdm": 8.574159782452183,
        "MMbh": -Infinity,
        "MMtotal": 10.397929294527389,
        "Mfdm": 0.015004809565677289,
        "MMthetaE": 0.4500195182604169,
        "projMMstar": 10.428847669018813,
        "projMMdm": 8.964190893444982,
        "projMMtotal": 10.443495822217216,
        "projMfdm": 0.03316615081299914,
        "Dstar": 0.1879450471180975,
        "Ddm": -0.9582665600906155,
        "Dtotal": -0.15874352524402283,
        "Dfdm": -0.9503915379415177,
        "projDstar": 0.10543689753032999,
        "projDdm": -0.9430314502053336,
        "projDtotal": -0.3135641976217516,
        "projDfdm": -0.9170081898448607,
        "DthetaE": 0.15585692392215827
}