{
        "Reff": 1.1035545250518053,
        "R": 0.6634234234234233,
        "MthetaE": 0.6634234234234233,
        "Mstar": 10.522028515683154,
        "Mdm": 10.064407877741875,
        "Mbh": 8.336731910705566,
        "Mtotal": 10.6519251077602,
        "fdm": 0.25851322760668544,
        "projMstar": 10.610449633395211,
        "projMdm": 10.389287224511984,
        "projMtotal": 10.814827120951854,
        "projfdm": 0.37537046949957625,
        "MMstar": -Infinity,
        "MMdm": -Infinity,
        "MMbh": -Infinity,
        "MMtotal": -Infinity,
        "Mfdm": 0.0,
        "MMthetaE": 0.6491916548593238,
        "projMMstar": 10.652672621975247,
        "projMMdm": 9.980241217397946,
        "projMMtotal": 10.736391121283065,
        "projMfdm": 0.17532752255995462,
        "Dstar": -1.0,
        "Ddm": -1.0,
        "Dtotal": -1.0,
        "Dfdm": -1.0,
        "projDstar": 0.10210504032336293,
        "projDdm": -0.6100993197548877,
        "projDtotal": -0.16523544469885532,
        "projDfdm": -0.5329213755315066,
        "DthetaE": 0.021452013995315607
}