{
        "Reff": 0.3281228274892596,
        "R": 0.820307068723149,
        "MthetaE": 0.4991441441441441,
        "Mstar": 10.274916680793552,
        "Mdm": 9.978328628691802,
        "Mbh": [
                7.912351131439209,
                6.072244644165039
        ],
        "Mtotal": 10.452493641424239,
        "fdm": 0.33561007300127427,
        "projMstar": 10.326488342157434,
        "projMdm": 10.217604109693584,
        "projMtotal": 10.576479688232805,
        "projfdm": 0.43764746926103454,
        "MMstar": [
                10.234451083000955,
                10.267548901843814,
                10.298610377014985
        ],
        "MMdm": [
                9.824628982975437,
                9.902087370473371,
                9.963544371615376
        ],
        "MMbh": -Infinity,
        "MMtotal": [
                10.413300835264375,
                10.422853534733356,
                10.432300020384858
        ],
        "Mfdm": [
                0.2523349350275717,
                0.3021914172678406,
                0.34787147896386367
        ],
        "MMthetaE": 0.48468156572166493,
        "projMMstar": [
                10.258553040322804,
                10.291860050817908,
                10.323591185512228
        ],
        "projMMdm": [
                10.285400157742586,
                10.352010151448205,
                10.405767397850225
        ],
        "projMMtotal": [
                10.602218296739483,
                10.622493414114667,
                10.640461306452245
        ],
        "projMfdm": [
                0.4799808579401318,
                0.5344226241127743,
                0.5848055245801792
        ],
        "Dstar": -0.016821843755412482,
        "Ddm": -0.16100621875397245,
        "Dtotal": -0.06597200486185842,
        "Dfdm": -0.099575842389292,
        "projDstar": -0.07663861441858015,
        "projDdm": 0.3627181545266416,
        "projDtotal": 0.1117668641302703,
        "projDfdm": 0.22112581849300786,
        "DthetaE": 0.02897475326947365
}