{
        "Reff": 0.9842781252851374,
        "R": 1.2083783783783781,
        "MthetaE": 1.2083783783783781,
        "Mstar": 10.895234730204656,
        "Mdm": 10.600000777609383,
        "Mbh": 8.475809097290039,
        "Mtotal": 11.073266611131011,
        "fdm": 0.3363056522233072,
        "projMstar": 10.999048452312893,
        "projMdm": 10.872514045276716,
        "projMtotal": 11.241403360007325,
        "projfdm": 0.42767186967863274,
        "MMstar": -Infinity,
        "MMdm": -Infinity,
        "MMbh": -Infinity,
        "MMtotal": -Infinity,
        "Mfdm": 0.0,
        "MMthetaE": 1.2888011450712775,
        "projMMstar": 10.790022502051531,
        "projMMdm": 10.982637993209462,
        "projMMtotal": 11.197952301202712,
        "projMfdm": 0.6090959222390581,
        "Dstar": -1.0,
        "Ddm": -1.0,
        "Dtotal": -1.0,
        "Dfdm": -1.0,
        "projDstar": -0.3820205268975918,
        "projDdm": 0.2886172714395641,
        "projDtotal": -0.0952076058055785,
        "projDfdm": 0.4242132004070166,
        "DthetaE": -0.06655429138083824
}