{
        "Reff": 0.35973259940631447,
        "R": 0.8993314985157862,
        "MthetaE": 0.46202702702702697,
        "Mstar": 10.278276772675927,
        "Mdm": 10.21103561277337,
        "Mbh": 8.119908332824707,
        "Mtotal": 10.546986246559046,
        "fdm": 0.4613700154676134,
        "projMstar": 10.370522904662561,
        "projMdm": 10.460775180326277,
        "projMtotal": 10.719019287230033,
        "projfdm": 0.5517672164880664,
        "MMstar": [
                10.502694393390628,
                10.538960915945774,
                10.541027338594708
        ],
        "MMdm": [
                9.280887121261825,
                9.31558213851893,
                9.36249425150364
        ],
        "MMbh": -Infinity,
        "MMtotal": [
                10.534405841425846,
                10.563798096733214,
                10.566153855052804
        ],
        "Mfdm": [
                0.052694951540453255,
                0.05640085423114845,
                0.0678219794238621
        ],
        "MMthetaE": 0.48492597519012226,
        "projMMstar": [
                10.513719988295941,
                10.549446437212913,
                10.55165811212305
        ],
        "projMMdm": [
                9.657284747633545,
                9.692463562560022,
                9.735977939973667
        ],
        "projMMtotal": [
                10.582072711288989,
                10.605002598809882,
                10.608253354576448
        ],
        "projMfdm": [
                0.11493760009212649,
                0.12195763944927701,
                0.14291631345660694
        ],
        "Dstar": 0.8225696889435494,
        "Ddm": -0.8727825969861539,
        "Dtotal": 0.03946973776885945,
        "Dfdm": -0.8777535333023662,
        "projDstar": 0.5098142935146929,
        "projDdm": -0.8295141331113037,
        "projDtotal": -0.23089911414215392,
        "projDfdm": -0.7789690365703075,
        "DthetaE": -0.049561923488419174
}