{
        "Reff": 0.5148342648334497,
        "R": 0.5804954954954954,
        "MthetaE": 0.5804954954954954,
        "Mstar": 10.332992349204273,
        "Mdm": 9.915833221302163,
        "Mbh": 8.260486602783203,
        "Mtotal": 10.473715443571665,
        "fdm": 0.2767692123056929,
        "projMstar": 10.40732278043186,
        "projMdm": 10.179791668756826,
        "projMtotal": 10.609320580506106,
        "projfdm": 0.3719384597388031,
        "MMstar": [
                -Infinity,
                -Infinity,
                -Infinity
        ],
        "MMdm": [
                -Infinity,
                -Infinity,
                -Infinity
        ],
        "MMbh": -Infinity,
        "MMtotal": [
                -Infinity,
                -Infinity,
                -Infinity
        ],
        "Mfdm": [
                0.0,
                0.0,
                0.0
        ],
        "MMthetaE": 0.8052440505450654,
        "projMMstar": [
                10.261592083424583,
                10.285154273959712,
                10.304293509078647
        ],
        "projMMdm": [
                10.13673630862744,
                10.175010258627896,
                10.217479237951732
        ],
        "projMMtotal": [
                10.529445257702788,
                10.534780416222036,
                10.54119293596027
        ],
        "projMfdm": [
                0.40494470389693915,
                0.43673120575499597,
                0.47468157527851557
        ],
        "Dstar": -1.0,
        "Ddm": -1.0,
        "Dtotal": -1.0,
        "Dfdm": -1.0,
        "projDstar": -0.2452006916594347,
        "projDdm": -0.010949219803734618,
        "projDtotal": -0.1577135082349792,
        "projDfdm": 0.1742028669519526,
        "DthetaE": -0.3871667511523594
}