{
        "Reff": 0.1613217870669608,
        "R": 0.40330446766740197,
        "Mstar": 9.599749234910771,
        "Mdm": 9.279234321206893,
        "Mbh": 8.0,
        "Mtotal": 9.769442165510016,
        "fdm": 0.3234388287898183,
        "MMstar": 9.808113671003195,
        "MMdm": 9.123289616534231,
        "MMbh": -Infinity,
        "MMtotal": 9.889684805034305,
        "Mfdm": 0.17123983926098513,
        "Dstar": 0.6157138064673444,
        "Ddm": -0.3016786897797723,
        "Dtotal": 0.3189934519406092,
        "Dfdm": -0.47056499090817977
}