{
        "Reff": 0.3129603324922881,
        "R": 0.7824008312307202,
        "MthetaE": 0.45018018018018013,
        "Mstar": 10.273399770015239,
        "Mdm": 10.022244869721614,
        "Mbh": 8.01979923248291,
        "Mtotal": 10.466760355017644,
        "fdm": 0.35932258444479737,
        "projMstar": 10.311296349477995,
        "projMdm": 10.185498404817997,
        "projMtotal": 10.553966374268237,
        "projfdm": 0.4280869911502228,
        "MMstar": 10.285968609301287,
        "MMdm": 9.413346028700094,
        "MMbh": -Infinity,
        "MMtotal": 10.340613887254312,
        "Mfdm": 0.11823121195683683,
        "MMthetaE": 0.4027931353555214,
        "projMMstar": 10.311281011408791,
        "projMMdm": 10.14965843672904,
        "projMMtotal": 10.5389752044411,
        "projMfdm": 0.40802167304257353,
        "Dstar": 0.0293636769645808,
        "Ddm": -0.753905924267507,
        "Dtotal": -0.2520827804671789,
        "Dfdm": -0.6709608104942242,
        "projDstar": -3.531658585760466e-05,
        "projDdm": -0.07921119196183543,
        "projDtotal": -0.03392947884724508,
        "projDfdm": -0.046872057601507505,
        "DthetaE": 0.10526239694891172
}