{
        "Reff": 0.9662426539989696,
        "R": 2.415606634997424,
        "MthetaE": 0.45018018018018013,
        "Mstar": 10.5918964286169,
        "Mdm": 10.646142705336276,
        "Mbh": 8.30414867401123,
        "Mtotal": 10.920895977836436,
        "fdm": 0.5311861312447683,
        "projMstar": 10.67843889325413,
        "projMdm": 10.847396843209468,
        "projMtotal": 11.07211299151808,
        "projfdm": 0.5960515911979375,
        "MMstar": 10.629072890838207,
        "MMdm": 10.682861418280565,
        "MMbh": -Infinity,
        "MMtotal": 10.957829350065747,
        "Mfdm": 0.5309236460759785,
        "MMthetaE": 0.4500195182604169,
        "projMMstar": 10.649762848010502,
        "projMMdm": 11.009652719767407,
        "projMMtotal": 11.166996604360326,
        "projMfdm": 0.6960751271695309,
        "Dstar": 0.0893726365260393,
        "Ddm": 0.08822503540603376,
        "Dtotal": 0.0887630467268913,
        "Dfdm": -0.0004941491378449457,
        "projDstar": -0.06389631522190867,
        "projDdm": 0.45296742123534556,
        "projDtotal": 0.24418113732594915,
        "projDfdm": 0.167810198728884,
        "DthetaE": 0.00035688359202955825
}