{
        "Reff": 0.17139511835893803,
        "R": 0.5568018018018017,
        "MthetaE": 0.5568018018018017,
        "Mstar": 10.29718412001835,
        "Mdm": 10.054040228274305,
        "Mbh": 8.217829704284668,
        "Mtotal": 10.493440279762195,
        "fdm": 0.3635799691958276,
        "projMstar": 10.317644882056662,
        "projMdm": 10.217508581624593,
        "projMtotal": 10.571486439761745,
        "projfdm": 0.44261093765245546,
        "MMstar": 10.199839185454772,
        "MMdm": 10.049289580614431,
        "MMbh": -Infinity,
        "MMtotal": 10.432085538602994,
        "Mfdm": 0.4141942275410186,
        "MMthetaE": 0.8052440505450654,
        "projMMstar": 10.207982488730412,
        "projMMdm": 10.327153299379736,
        "projMMtotal": 10.572672702360961,
        "projMfdm": 0.568173006718719,
        "Dstar": -0.20080075409022588,
        "Ddm": -0.010879159688106259,
        "Dtotal": -0.13174906664788077,
        "Dfdm": 0.13921079991601434,
        "projDstar": -0.22314921902526863,
        "projDdm": 0.2871961074261953,
        "projDtotal": 0.002735204441962313,
        "projDfdm": 0.28368496660346126,
        "DthetaE": -0.44619512354182145
}