{
        "Reff": 0.4869602608436852,
        "R": 1.220225225225225,
        "MthetaE": 1.220225225225225,
        "Mstar": 10.87244459182217,
        "Mdm": 10.637575202464305,
        "Mbh": 8.438713073730469,
        "Mtotal": 11.071727465792158,
        "fdm": 0.3679999305160368,
        "projMstar": 10.97001301300598,
        "projMdm": 10.903444554972886,
        "projMtotal": 11.239032980836678,
        "projfdm": 0.4617549652833109,
        "MMstar": -Infinity,
        "MMdm": -Infinity,
        "MMbh": -Infinity,
        "MMtotal": -Infinity,
        "Mfdm": 0.0,
        "MMthetaE": 1.2888011450712775,
        "projMMstar": 10.88487360936633,
        "projMMdm": 10.89519677452326,
        "projMMtotal": 11.191095859547564,
        "projMfdm": 0.5059422117686208,
        "Dstar": -1.0,
        "Ddm": -1.0,
        "Dtotal": -1.0,
        "Dfdm": -1.0,
        "projDstar": -0.17802123833237055,
        "projDdm": -0.01881201934751728,
        "projDtotal": -0.10450559094723667,
        "projDfdm": 0.09569414474665945,
        "DthetaE": -0.056199395348014526
}