{
        "Reff": 0.3939136227063193,
        "R": 0.9847840567657983,
        "MthetaE": 0.45018018018018013,
        "Mstar": 10.342989362034055,
        "Mdm": 10.05084423957988,
        "Mbh": 8.139239311218262,
        "Mtotal": 10.522062487644199,
        "fdm": 0.33789498956208713,
        "projMstar": 10.39835509943564,
        "projMdm": 10.18970749862652,
        "projMtotal": 10.607472654621885,
        "projfdm": 0.38215086240880686,
        "MMstar": [
                10.460820607261258,
                10.472987678629654,
                10.48009008378143
        ],
        "MMdm": [
                8.168131322343346,
                8.731969595796336,
                9.184323375796486
        ],
        "MMbh": -Infinity,
        "MMtotal": [
                10.47652755028342,
                10.481374552103443,
                10.486271548225359
        ],
        "Mfdm": [
                0.004867205355148309,
                0.017667336295967066,
                0.05028918692517099
        ],
        "MMthetaE": 0.4500195182604169,
        "projMMstar": [
                10.491532926814802,
                10.503491825467739,
                10.510477808168519
        ],
        "projMMdm": [
                8.500791951703059,
                9.047011091707457,
                9.500951168081032
        ],
        "projMMtotal": [
                10.512141965742021,
                10.518768782776593,
                10.535929158516833
        ],
        "projMfdm": [
                0.00980147461125485,
                0.03326417873917291,
                0.09287347089987116
        ],
        "Dstar": 0.348957653776304,
        "Ddm": -0.9520128059504618,
        "Dtotal": -0.08943266970164186,
        "Dfdm": -0.9477135298192377,
        "projDstar": 0.27390407260634475,
        "projDdm": -0.9280047916150514,
        "projDtotal": -0.1847400120576185,
        "projDfdm": -0.9129553744050211,
        "DthetaE": 0.00035688359202955825
}