{
        "Reff": 0.3939136227063193,
        "R": 0.9847840567657983,
        "MthetaE": 0.45018018018018013,
        "Mstar": 10.342989362034055,
        "Mdm": 10.05084423957988,
        "Mbh": 8.139239311218262,
        "Mtotal": 10.522062487644199,
        "fdm": 0.33789498956208713,
        "projMstar": 10.39835509943564,
        "projMdm": 10.18970749862652,
        "projMtotal": 10.607472654621885,
        "projfdm": 0.38215086240880686,
        "MMstar": [
                10.462032166851076,
                10.472506563323215,
                10.479840657027218
        ],
        "MMdm": [
                8.193204528671712,
                8.705655479707966,
                9.126658228497858
        ],
        "MMbh": -Infinity,
        "MMtotal": [
                10.476420762490788,
                10.4813615397789,
                10.48628149277542
        ],
        "Mfdm": [
                0.005163403041553344,
                0.01681884024816123,
                0.04439684402964215
        ],
        "MMthetaE": 0.4500195182604169,
        "projMMstar": [
                10.492968766917143,
                10.503169457810296,
                10.510279273146208
        ],
        "projMMdm": [
                8.506189544408775,
                9.039324539453748,
                9.450226127118576
        ],
        "projMMtotal": [
                10.511274888554412,
                10.519024967795577,
                10.53257634773134
        ],
        "projMfdm": [
                0.010030141556633891,
                0.032822589990836294,
                0.08351793680332734
        ],
        "Dstar": 0.3474640938799716,
        "Ddm": -0.9548340405661495,
        "Dtotal": -0.08945995169717764,
        "Dfdm": -0.9502246533162315,
        "projDstar": 0.2729588312727969,
        "projDdm": -0.9292678204279309,
        "projDtotal": -0.18425895826227326,
        "projDfdm": -0.9141109095398972,
        "DthetaE": 0.00035688359202955825,
        "PL_slope1": -2.848991896910941,
        "AV_slope1": 2.8436752199621247,
        "PL_slope2": -2.882161868110801,
        "AV_slope2": 2.8855074902654243
}