{
        "Reff": 0.1711945002191585,
        "R": 0.5568018018018017,
        "MthetaE": 0.5568018018018017,
        "Mstar": 10.29718412001835,
        "Mdm": 10.054040228274305,
        "Mbh": 8.217829704284668,
        "Mtotal": 10.493440279762195,
        "fdm": 0.3635799691958276,
        "projMstar": 10.317644882056662,
        "projMdm": 10.217508581624593,
        "projMtotal": 10.571486439761745,
        "projfdm": 0.44261093765245546,
        "MMstar": [
                10.137750155100715,
                10.168990314377268,
                10.192428856111656
        ],
        "MMdm": [
                10.022280278685999,
                10.07422222527965,
                10.117357270250208
        ],
        "MMbh": -Infinity,
        "MMtotal": [
                10.405752907895444,
                10.423004758412201,
                10.441684199512059
        ],
        "Mfdm": [
                0.40821919850175015,
                0.4440473461597162,
                0.4827806608469163
        ],
        "MMthetaE": 0.8911413122054187,
        "projMMstar": [
                10.145734972805164,
                10.177620832080736,
                10.200440197279967
        ],
        "projMMdm": [
                10.315652196344137,
                10.334225875365439,
                10.357728597566478
        ],
        "projMMtotal": [
                10.559928856785458,
                10.563337538597398,
                10.568326167646356
        ],
        "projMfdm": [
                0.5651699779675813,
                0.5887157308336999,
                0.6197150582200474
        ],
        "Dstar": -0.2556002915585623,
        "Ddm": 0.04756745345919711,
        "Dtotal": -0.14971507643987228,
        "Dfdm": 0.22131960993854458,
        "projDstar": -0.27560415598847876,
        "projDdm": 0.30832998151325336,
        "projDtotal": -0.01858859902859834,
        "projDfdm": 0.3300975659484674,
        "DthetaE": -0.6004641316204432
}