{
        "Reff": 0.42908660556761313,
        "R": 0.533108108108108,
        "MthetaE": 0.533108108108108,
        "Mstar": 10.316567053263963,
        "Mdm": 9.953675599223988,
        "Mbh": 8.356976509094238,
        "Mtotal": 10.473000874721839,
        "fdm": 0.3024647195873248,
        "projMstar": 10.385313712548719,
        "projMdm": 10.208555729354114,
        "projMtotal": 10.606895895322637,
        "projfdm": 0.3996316112517674,
        "MMstar": [
                -Infinity,
                -Infinity,
                -Infinity
        ],
        "MMdm": [
                -Infinity,
                -Infinity,
                -Infinity
        ],
        "MMbh": -Infinity,
        "MMtotal": [
                -Infinity,
                -Infinity,
                -Infinity
        ],
        "Mfdm": [
                0.0,
                0.0,
                0.0
        ],
        "MMthetaE": 0.509223606974525,
        "projMMstar": [
                10.506185959525972,
                10.512503844529624,
                10.516339825852052
        ],
        "projMMdm": [
                8.451195704267327,
                8.810567969049751,
                9.09117926736955
        ],
        "projMMtotal": [
                10.519713030987738,
                10.520924393272653,
                10.523136797973555
        ],
        "projMfdm": [
                0.00855000795226441,
                0.01947716095666403,
                0.03710119390516316
        ],
        "Dstar": -1.0,
        "Ddm": -1.0,
        "Dtotal": -1.0,
        "Dfdm": -1.0,
        "projDstar": 0.3402633196712772,
        "projDdm": -0.9600043978460895,
        "projDtotal": -0.1795946232930108,
        "projDfdm": -0.951262211476075,
        "DthetaE": 0.04480235954081493
}