{
        "Reff": 0.23513420348217307,
        "R": 0.5878355087054327,
        "MthetaE": 0.29617117117117114,
        "Mstar": 10.050722827275926,
        "Mdm": 9.733344266485139,
        "Mbh": 7.900820732116699,
        "Mtotal": 10.22143265648222,
        "fdm": 0.3250211405665837,
        "projMstar": 10.118482880290474,
        "projMdm": 9.9181948845171,
        "projMtotal": 10.330814090773245,
        "projfdm": 0.3867058960445534,
        "MMstar": [
                10.106954953525277,
                10.12073667208101,
                10.134944699512726
        ],
        "MMdm": [
                9.038814095413896,
                9.115724290313345,
                9.191796546893139
        ],
        "MMbh": -Infinity,
        "MMtotal": [
                10.153064678546098,
                10.161053508608758,
                10.171001908539964
        ],
        "Mfdm": [
                0.07471247274671368,
                0.08988410629030691,
                0.1079891396490136
        ],
        "MMthetaE": 0.2847271780932828,
        "projMMstar": [
                10.126302800356742,
                10.140568355895127,
                10.154575148312707
        ],
        "projMMdm": [
                9.75101815761343,
                9.825310801470366,
                9.893440786927131
        ],
        "projMMtotal": [
                10.29610388122149,
                10.312519507127698,
                10.328407635281868
        ],
        "projMfdm": [
                0.28544312887630896,
                0.32540102024823425,
                0.36875171179120564
        ],
        "Dstar": 0.17493500990982344,
        "Ddm": -0.7587984891520922,
        "Dtotal": -0.12979644707540958,
        "Dfdm": -0.7234515080046208,
        "projDstar": 0.05216893592065303,
        "projDdm": -0.19254948298375849,
        "projDtotal": -0.04124991302612515,
        "projDfdm": -0.1585310087675934,
        "DthetaE": 0.03863979411849754
}