{
        "Reff": 0.5550486535013095,
        "R": 0.5704504504504504,
        "MthetaE": 0.5704504504504504,
        "Mstar": 10.328888493391757,
        "Mdm": 9.907598873918385,
        "Mbh": 8.260486602783203,
        "Mtotal": 10.46847232102117,
        "fdm": 0.27486950028789275,
        "projMstar": 10.403088136455244,
        "projMdm": 10.171467036311057,
        "projMtotal": 10.603569207754372,
        "projfdm": 0.3697411848123213,
        "MMstar": 10.255362681619623,
        "MMdm": 9.294603433752842,
        "MMbh": -Infinity,
        "MMtotal": 10.30047288113362,
        "Mfdm": 0.09865760142099116,
        "MMthetaE": 0.5692236757777489,
        "projMMstar": 10.292055753063922,
        "projMMdm": 10.17644375576533,
        "projMMtotal": 10.539115526593443,
        "projMfdm": 0.4338386391721996,
        "Dstar": -0.1557439369296013,
        "Ddm": -0.7562163585929278,
        "Dtotal": -0.3207954914088607,
        "Dfdm": -0.6410747597763331,
        "projDstar": -0.2255959481866443,
        "projDdm": 0.011525229554020472,
        "projDtotal": -0.13792248298471774,
        "projDfdm": 0.17335762688274453,
        "DthetaE": 0.0021505367762139228
}