{
        "Reff": 0.5550486535013095,
        "R": 0.5704504504504504,
        "MthetaE": 0.5704504504504504,
        "Mstar": 10.328888493391757,
        "Mdm": 9.907598873918385,
        "Mbh": 8.260486602783203,
        "Mtotal": 10.46847232102117,
        "fdm": 0.27486950028789275,
        "projMstar": 10.403088136455244,
        "projMdm": 10.171467036311057,
        "projMtotal": 10.603569207754372,
        "projfdm": 0.3697411848123213,
        "MMstar": 10.255494229707097,
        "MMdm": 9.295941271399798,
        "MMbh": -Infinity,
        "MMtotal": 10.300723587939963,
        "Mfdm": 0.09890487159614157,
        "MMthetaE": 0.5692236757777489,
        "projMMstar": 10.292129731333546,
        "projMMdm": 10.17456917713773,
        "projMMtotal": 10.53834521907061,
        "projMfdm": 0.43273692837037697,
        "Dstar": -0.15548817247282035,
        "Ddm": -0.7554642288693847,
        "Dtotal": -0.3204032912792445,
        "Dfdm": -0.6401751686071003,
        "projDstar": -0.2254640239883091,
        "projDdm": 0.007168514892214006,
        "projDtotal": -0.13945019343672596,
        "projDfdm": 0.17037794583265578,
        "DthetaE": 0.0021505367762139228
}