{
        "Reff": 0.3465146838858552,
        "R": 1.0543693693693692,
        "MthetaE": 1.0543693693693692,
        "Mstar": 11.051047526846789,
        "Mdm": 10.793390939483194,
        "Mbh": 8.772610664367676,
        "Mtotal": 11.242083096745356,
        "fdm": 0.355883491538148,
        "projMstar": 11.083819296434118,
        "projMdm": 11.030129712404289,
        "projMtotal": 11.35883364304146,
        "projfdm": 0.4691330928669549,
        "MMstar": 11.204025014131123,
        "MMdm": 10.431495982876944,
        "MMbh": -Infinity,
        "MMtotal": 11.27177944778971,
        "Mfdm": 0.1444496637023562,
        "MMthetaE": 1.0800468438250006,
        "projMMstar": 11.22172051751198,
        "projMMdm": 10.739491510046138,
        "projMMtotal": 11.345387936679602,
        "projMfdm": 0.24780129597818956,
        "Dstar": 0.42225505914564077,
        "Ddm": -0.5653846675419747,
        "Dtotal": 0.07077038483026991,
        "Dfdm": -0.5941096815757404,
        "projDstar": 0.3737294889994067,
        "projDdm": -0.48789172014194027,
        "projDtotal": -0.03048553372483882,
        "projDfdm": -0.47178892355721014,
        "DthetaE": -0.024353395689965272
}