{
        "Reff": 0.3465146838858552,
        "R": 1.0543693693693692,
        "MthetaE": 1.0543693693693692,
        "Mstar": 11.051047526846789,
        "Mdm": 10.793390939483194,
        "Mbh": 8.772610664367676,
        "Mtotal": 11.242083096745356,
        "fdm": 0.355883491538148,
        "projMstar": 11.083819296434118,
        "projMdm": 11.030129712404289,
        "projMtotal": 11.35883364304146,
        "projfdm": 0.4691330928669549,
        "MMstar": 11.20454296947104,
        "MMdm": 10.440003660923155,
        "MMbh": -Infinity,
        "MMtotal": 11.273460638181529,
        "Mfdm": 0.1467381443684028,
        "MMthetaE": 1.0800468438250006,
        "projMMstar": 11.22224723201141,
        "projMMdm": 10.746603431513867,
        "projMMtotal": 11.347555803652934,
        "projMfdm": 0.25063841060941905,
        "Dstar": 0.4239523039748162,
        "Ddm": -0.556786764129427,
        "Dtotal": 0.0749234601300087,
        "Dfdm": -0.5876792606080364,
        "projDstar": 0.3753965656450826,
        "projDdm": -0.4794364935246214,
        "projDtotal": -0.025633911288121366,
        "projDfdm": -0.46574135480888035,
        "DthetaE": -0.024353395689965272
}