{
        "Reff": 0.9094395894549946,
        "R": 2.2735989736374864,
        "MthetaE": 0.45018018018018013,
        "Mstar": 10.510395093785666,
        "Mdm": 10.627248261319851,
        "Mbh": 8.278263092041016,
        "Mtotal": 10.873770002817398,
        "fdm": 0.5668631927071469,
        "projMstar": 10.569115022084086,
        "projMdm": 10.900894629637964,
        "projMtotal": 11.066975991299591,
        "projfdm": 0.6822108753175256,
        "MMstar": -Infinity,
        "MMdm": -Infinity,
        "MMbh": -Infinity,
        "MMtotal": -Infinity,
        "Mfdm": 0.0,
        "MMthetaE": 0.6040185929502934,
        "projMMstar": 10.712414583263325,
        "projMMdm": 10.62978805419115,
        "projMMtotal": 10.974093367694621,
        "projMfdm": 0.4525793001203348,
        "Dstar": -1.0,
        "Ddm": -1.0,
        "Dtotal": -1.0,
        "Dfdm": -1.0,
        "projDstar": 0.3909117027660361,
        "projDdm": -0.4643348103377265,
        "projDtotal": -0.19254676955074346,
        "projDfdm": -0.3365991125402566,
        "DthetaE": -0.34172631213693355
}