{
        "Reff": 0.3754074905418294,
        "R": 0.9385187263545736,
        "MthetaE": 0.46202702702702697,
        "Mstar": 10.28487101278799,
        "Mdm": 10.233614943059834,
        "Mbh": 8.119908332824707,
        "Mtotal": 10.561028699670167,
        "fdm": 0.47052883535589357,
        "projMstar": 10.376835217113879,
        "projMdm": 10.481706519401403,
        "projMtotal": 10.733458678860627,
        "projfdm": 0.5600771317331104,
        "MMstar": 10.504158058716737,
        "MMdm": 9.756895897828837,
        "MMbh": -Infinity,
        "MMtotal": 10.575654376937258,
        "Mfdm": 0.15178942677917726,
        "MMthetaE": 0.0,
        "projMMstar": 10.51595555388207,
        "projMMdm": 10.164217144580272,
        "projMMtotal": 10.67579309399087,
        "projMfdm": 0.30791018211486054,
        "Dstar": 0.6568647025225296,
        "Ddm": -0.6663578164813782,
        "Dtotal": 0.03425035173892899,
        "Dfdm": -0.6774067488034642,
        "projDstar": 0.3775911267463812,
        "projDdm": -0.5185949683876289,
        "projDtotal": -0.1243422109153715,
        "projDfdm": -0.45023611094054306,
        "DthetaE": 1.0,
        "PL_slope1": -2.999325095038705,
        "AV_slope1": 3.173314582078743,
        "PL_slope2": -2.4138322142921544,
        "AV_slope2": 2.3718627301946826
}