{
        "Reff": 0.3754074905418294,
        "R": 0.9385187263545736,
        "MthetaE": 0.46202702702702697,
        "Mstar": 10.28487101278799,
        "Mdm": 10.233614943059834,
        "Mbh": 8.119908332824707,
        "Mtotal": 10.561028699670167,
        "fdm": 0.47052883535589357,
        "projMstar": 10.376835217113879,
        "projMdm": 10.481706519401403,
        "projMtotal": 10.733458678860627,
        "projfdm": 0.5600771317331104,
        "MMstar": 10.508219482175617,
        "MMdm": 9.741961562928584,
        "MMbh": -Infinity,
        "MMtotal": 10.576885390505753,
        "Mfdm": 0.14624336532991813,
        "MMthetaE": 0.5249657346094901,
        "projMMstar": 10.520225043635666,
        "projMMdm": 10.152186477111426,
        "projMMtotal": 10.67510847017532,
        "projMfdm": 0.29997012697691133,
        "Dstar": 0.6724320027751426,
        "Ddm": -0.6776359377498767,
        "Dtotal": 0.03718610706857517,
        "Dfdm": -0.689193617179053,
        "projDstar": 0.3912008249514252,
        "projDdm": -0.5317476585389244,
        "projDtotal": -0.12572151441927373,
        "projDfdm": -0.4644128281962171,
        "DthetaE": -0.13622299973975652
}