{
        "Reff": 0.4869602608436852,
        "R": 1.217400652109213,
        "MthetaE": 0.0,
        "Mstar": 10.871967128271251,
        "Mdm": 10.636338659573704,
        "Mbh": 8.438713073730469,
        "Mtotal": 11.070970815358658,
        "fdm": 0.36759351767167864,
        "projMstar": 10.969620351737936,
        "projMdm": 10.902219596043672,
        "projMtotal": 11.238256200195426,
        "projfdm": 0.46127869442808966,
        "MMstar": [
                10.825937885841832,
                10.908229515320539,
                10.98161336857543
        ],
        "MMdm": [
                10.038097300284289,
                10.442269433521286,
                10.672509115451792
        ],
        "MMbh": -Infinity,
        "MMtotal": [
                11.005771637499159,
                11.037026320383646,
                11.064592185566552
        ],
        "Mfdm": [
                0.10495314086586852,
                0.25311201182366116,
                0.4093162305659866
        ],
        "MMthetaE": 0.0,
        "projMMstar": [
                10.83839337759062,
                10.920809263029474,
                10.994620722101116
        ],
        "projMMdm": [
                10.450810491558125,
                10.86001585481486,
                11.044062470815946
        ],
        "projMMtotal": [
                11.086668124315588,
                11.181926433017464,
                11.269914659508135
        ],
        "projMfdm": [
                0.22905172281761654,
                0.47388654550092657,
                0.6179343163819528
        ],
        "Dstar": 0.08708220608869979,
        "Ddm": -0.3603671294045277,
        "Dtotal": -0.0751836374193922,
        "Dfdm": -0.3114350507950694,
        "projDstar": -0.10630585786089104,
        "projDdm": -0.09260525716071813,
        "projDtotal": -0.12164468655760664,
        "projDfdm": 0.027332394114730544,
        "DthetaE": 0
}