{
        "Reff": 0.544754228166559,
        "R": 0.6397297297297296,
        "MthetaE": 0.6397297297297296,
        "Mstar": 10.387700894003224,
        "Mdm": 9.983169393265646,
        "Mbh": 8.265588760375977,
        "Mtotal": 10.531955832442545,
        "fdm": 0.2826269428551476,
        "projMstar": 10.480275896075595,
        "projMdm": 10.275593071737097,
        "projMtotal": 10.690912870135643,
        "projfdm": 0.3843086871203482,
        "MMstar": 10.435845461943641,
        "MMdm": 9.763087810067908,
        "MMbh": -Infinity,
        "MMtotal": 10.519506778835858,
        "Mfdm": 0.17521893294865268,
        "MMthetaE": 0.6365295087181563,
        "projMMstar": 10.459744948529522,
        "projMMdm": 10.147746820277924,
        "projMMtotal": 10.63221085435244,
        "projMfdm": 0.3277449177468581,
        "Dstar": 0.11723509108737011,
        "Ddm": -0.3975535954715906,
        "Dtotal": -0.02825806161120577,
        "Dfdm": -0.3800345742746255,
        "projDstar": -0.04617422859257938,
        "projDdm": -0.25500433007826623,
        "projDtotal": -0.12642945072575273,
        "projDfdm": -0.14718316621288574,
        "DthetaE": 0.005002457855015387
}