{
        "Reff": 0.544754228166559,
        "R": 0.6397297297297296,
        "MthetaE": 0.6397297297297296,
        "Mstar": 10.387700894003224,
        "Mdm": 9.983169393265646,
        "Mbh": 8.265588760375977,
        "Mtotal": 10.531955832442545,
        "fdm": 0.2826269428551476,
        "projMstar": 10.480275896075595,
        "projMdm": 10.275593071737097,
        "projMtotal": 10.690912870135643,
        "projfdm": 0.3843086871203482,
        "MMstar": 10.435554161125165,
        "MMdm": 9.762853230823199,
        "MMbh": -Infinity,
        "MMtotal": 10.519225417246332,
        "Mfdm": 0.17523780860652272,
        "MMthetaE": 0.6365295087181563,
        "projMMstar": 10.459430804675112,
        "projMMdm": 10.146036463885535,
        "projMMtotal": 10.631439603243404,
        "projMfdm": 0.3270369777159653,
        "Dstar": 0.11648596258826957,
        "Ddm": -0.3978789122064979,
        "Dtotal": -0.028887409487046312,
        "Dfdm": -0.37996778779744345,
        "projDstar": -0.04686392227318544,
        "projDdm": -0.25793253290028595,
        "projDtotal": -0.12797942291560238,
        "projDfdm": -0.14902527921896283,
        "DthetaE": 0.005002457855015387
}