{
        "Reff": 0.544754228166559,
        "R": 1.3618855704163977,
        "MthetaE": 0.6397297297297296,
        "Mstar": 10.514315208436313,
        "Mdm": 10.434754337870459,
        "Mbh": 8.265588760375977,
        "Mtotal": 10.777384127747368,
        "fdm": 0.45432873975917076,
        "projMstar": 10.612744809851986,
        "projMdm": 10.67090916452487,
        "projMtotal": 10.943829988181458,
        "projfdm": 0.5334321367791579,
        "MMstar": [
                10.551737319213167,
                10.575517492196749,
                10.590535759899371
        ],
        "MMdm": [
                10.303358607773866,
                10.3413634510626,
                10.397460617033543
        ],
        "MMbh": -Infinity,
        "MMtotal": [
                10.769978475612525,
                10.77523238133775,
                10.782920051004922
        ],
        "Mfdm": [
                0.339961665421966,
                0.36838171967980854,
                0.4122734263202053
        ],
        "MMthetaE": 0.6365295087181563,
        "projMMstar": [
                10.577336665128986,
                10.601375068033647,
                10.61626109659697
        ],
        "projMMdm": [
                10.57426879043394,
                10.616534410325295,
                10.674027361820452
        ],
        "projMMtotal": [
                10.895289899541625,
                10.910748423758172,
                10.929781155412103
        ],
        "projMfdm": [
                0.47658695069451085,
                0.5086403889308627,
                0.555580527423112
        ],
        "Dstar": 0.15133652850375262,
        "Ddm": -0.19349119488204514,
        "Dtotal": -0.0049423255247654585,
        "Dfdm": -0.18917363696807024,
        "projDstar": -0.02584007816533896,
        "projDdm": -0.1176817835824117,
        "projDtotal": -0.07334422728162868,
        "projDfdm": -0.04647591725160538,
        "DthetaE": 0.005002457855015387,
        "PL_slope1": -2.6459281852418703,
        "AV_slope1": 2.5819401503233252,
        "PL_slope2": -1.7328808022220425,
        "AV_slope2": 1.7531974321589643
}