{
        "Reff": 0.544754228166559,
        "R": 1.3618855704163977,
        "MthetaE": 0.6397297297297296,
        "Mstar": 10.514315208436313,
        "Mdm": 10.434754337870459,
        "Mbh": 8.265588760375977,
        "Mtotal": 10.777384127747368,
        "fdm": 0.45432873975917076,
        "projMstar": 10.612744809851986,
        "projMdm": 10.67090916452487,
        "projMtotal": 10.943829988181458,
        "projfdm": 0.5334321367791579,
        "MMstar": [
                10.552215112216242,
                10.574968124116198,
                10.590234259378544
        ],
        "MMdm": [
                10.304639578856554,
                10.341278454311862,
                10.397110377388074
        ],
        "MMbh": -Infinity,
        "MMtotal": [
                10.769910681173977,
                10.77519814476117,
                10.78298100891076
        ],
        "Mfdm": [
                0.3411885058876117,
                0.3683095282487932,
                0.4119466579438019
        ],
        "MMthetaE": 0.6365295087181563,
        "projMMstar": [
                10.577937086891813,
                10.60079938976504,
                10.615731596484308
        ],
        "projMMdm": [
                10.57426879043394,
                10.61690992841792,
                10.672829724639247
        ],
        "projMMtotal": [
                10.894734781933318,
                10.911062654026708,
                10.930111016912845
        ],
        "projMfdm": [
                0.4769231289348609,
                0.5082803964971357,
                0.5544855570913172
        ],
        "Dstar": 0.14988104683590092,
        "Ddm": -0.1936490230909468,
        "Dtotal": -0.00502076544725593,
        "Dfdm": -0.18933253387398377,
        "projDstar": -0.02713051863643182,
        "projDdm": -0.11691854630544889,
        "projDtotal": -0.07267351035679684,
        "projDfdm": -0.04715077804252172,
        "DthetaE": 0.005002457855015387
}