{
        "Reff": 0.9094395894549946,
        "R": 2.2735989736374864,
        "MthetaE": 0.46202702702702697,
        "Mstar": 10.63249087929843,
        "Mdm": 10.608043679512585,
        "Mbh": 8.274933815002441,
        "Mtotal": 10.921469274343053,
        "fdm": 0.4859307755243753,
        "projMstar": 10.714692474183407,
        "projMdm": 10.768149505668532,
        "projMtotal": 11.043272965876945,
        "projfdm": 0.5307335471058287,
        "MMstar": [
                -Infinity,
                -Infinity,
                -Infinity
        ],
        "MMdm": [
                -Infinity,
                -Infinity,
                -Infinity
        ],
        "MMbh": -Infinity,
        "MMtotal": [
                -Infinity,
                -Infinity,
                -Infinity
        ],
        "Mfdm": [
                0.0,
                0.0,
                0.0
        ],
        "MMthetaE": 0.48492597519012226,
        "projMMstar": [
                10.72716027350268,
                10.735899501050628,
                10.748158190990306
        ],
        "projMMdm": [
                10.457889211997172,
                10.60152420452297,
                10.693189546980976
        ],
        "projMMtotal": [
                10.927440221479031,
                10.974211395552203,
                11.011724595810023
        ],
        "projMfdm": [
                0.33901531468894996,
                0.4238649125122065,
                0.4805984326257535
        ],
        "Dstar": -1.0,
        "Ddm": -1.0,
        "Dtotal": -1.0,
        "Dfdm": -1.0,
        "projDstar": 0.05004286162464179,
        "projDdm": -0.3186430363951036,
        "projDtotal": -0.14702082219071402,
        "projDfdm": -0.20136024032472266,
        "DthetaE": -0.049561923488419174
}