{
        "Reff": 0.42908660556761336,
        "R": 1.0727165139190333,
        "thetaE": 0.5024366153535029,
        "Mstar": 10.461117961783712,
        "Mdm": 10.349554243016174,
        "Mbh": 8.0,
        "Mtotal": 10.709938671266638,
        "fdm": 0.43612960866123895,
        "MMstar": 10.416852762028315,
        "MMdm": 10.174032797627069,
        "MMbh": -Infinity,
        "MMtotal": 10.613226723220132,
        "Mfdm": 0.3637525733556811,
        "Dstar": -0.09690216686826483,
        "Ddm": -0.33245806295911157,
        "Dtotal": -0.19963506764821332,
        "Dfdm": -0.16595304209620004
}