{
        "Reff": 0.5148342648334497,
        "R": 1.2870856620836244,
        "MthetaE": 0.5804954954954954,
        "Mstar": 10.485052405687021,
        "Mdm": 10.343082781744615,
        "Mbh": 8.260486602783203,
        "Mtotal": 10.72087312472932,
        "fdm": 0.41899578782519636,
        "projMstar": 10.567427798541386,
        "projMdm": 10.56775212156492,
        "projMtotal": 10.868619985991932,
        "projfdm": 0.5001866953311498,
        "MMstar": -Infinity,
        "MMdm": -Infinity,
        "MMbh": -Infinity,
        "MMtotal": -Infinity,
        "Mfdm": 0.0,
        "MMthetaE": 0.8052440505450654,
        "projMMstar": 10.493764783684817,
        "projMMdm": 10.55580507426019,
        "projMMtotal": 10.826921814515059,
        "projMfdm": 0.5356526523855136,
        "Dstar": -1.0,
        "Ddm": -1.0,
        "Dtotal": -1.0,
        "Dfdm": -1.0,
        "projDstar": -0.15601061367852154,
        "projDdm": -0.02713416378419018,
        "projDtotal": -0.09154832809986528,
        "projDfdm": 0.0709054386800183,
        "DthetaE": -0.3871667511523594
}