{
        "Reff": 0.36422601544215016,
        "R": 0.9105650386053754,
        "MthetaE": 0.40279279279279273,
        "Mstar": 10.27293859069873,
        "Mdm": 10.113967989717644,
        "Mbh": 8.177248001098633,
        "Mtotal": 10.501716802955189,
        "fdm": 0.40949743592464155,
        "projMstar": 10.358796827178473,
        "projMdm": 10.355252888833848,
        "projMtotal": 10.658058468574506,
        "projfdm": 0.4979599564196837,
        "MMstar": 10.302036481668146,
        "MMdm": 9.912444748211598,
        "MMbh": -Infinity,
        "MMtotal": 10.450566158758129,
        "Mfdm": 0.28965337249977907,
        "MMthetaE": 0.4027931353555214,
        "projMMstar": 10.314578836145094,
        "projMMdm": 10.395463196301606,
        "projMMtotal": 10.657931316159969,
        "projMfdm": 0.5464266598088088,
        "Dstar": 0.06929587379661677,
        "Ddm": -0.37125179458541663,
        "Dtotal": -0.11110726680840521,
        "Dfdm": -0.2926613280355606,
        "projDstar": -0.09680399290191896,
        "projDdm": 0.09700929521314203,
        "projDtotal": -0.0002927363985875964,
        "projDfdm": 0.09733052379873901,
        "DthetaE": -8.504688634280417e-07
}