{
        "Reff": 0.36422601544215016,
        "R": 0.9105650386053754,
        "MthetaE": 0.40279279279279273,
        "Mstar": 10.27293859069873,
        "Mdm": 10.113967989717644,
        "Mbh": 8.177248001098633,
        "Mtotal": 10.501716802955189,
        "fdm": 0.40949743592464155,
        "projMstar": 10.358796827178473,
        "projMdm": 10.355252888833848,
        "projMtotal": 10.658058468574506,
        "projfdm": 0.4979599564196837,
        "MMstar": 10.301257119631783,
        "MMdm": 9.913980333921465,
        "MMbh": -Infinity,
        "MMtotal": 10.450458599545875,
        "Mfdm": 0.29075134630392474,
        "MMthetaE": 0.4027931353555214,
        "projMMstar": 10.313951532076869,
        "projMMdm": 10.39667227169299,
        "projMMtotal": 10.658308420913857,
        "projMfdm": 0.5474744434646539,
        "Dstar": 0.06737869240995682,
        "Ddm": -0.3690247211985577,
        "Dtotal": -0.11132738649149078,
        "Dfdm": -0.2899800565358589,
        "projDstar": -0.09810764643939149,
        "projDdm": 0.1000676231794691,
        "projDtotal": 0.0005757021834753136,
        "projDfdm": 0.09943467623577161,
        "DthetaE": -8.504688634280417e-07
}