{
        "Reff": 1.1035545250518053,
        "R": 2.7588863126295133,
        "Mstar": 10.900018194349306,
        "Mdm": 10.946230299126873,
        "Mbh": 8.336731910705566,
        "Mtotal": 11.22476861582299,
        "fdm": 0.5265767543183801,
        "MMstar": 10.855952512157168,
        "MMdm": 10.97783819151745,
        "MMbh": -Infinity,
        "MMtotal": 11.222187322277883,
        "Mfdm": 0.5697060995375308,
        "Dstar": -0.09648718283854962,
        "Ddm": 0.07549375363659347,
        "Dtotal": -0.005926019504833353,
        "Dfdm": 0.08190514462602676
}