{
        "Reff": 0.9842781252851374,
        "R": 1.2083783783783781,
        "MthetaE": 1.2083783783783781,
        "Mstar": 10.895234730204656,
        "Mdm": 10.600000777609383,
        "Mbh": 8.475809097290039,
        "Mtotal": 11.073266611131011,
        "fdm": 0.3363056522233072,
        "projMstar": 10.999048452312893,
        "projMdm": 10.872514045276716,
        "projMtotal": 11.241403360007325,
        "projfdm": 0.42767186967863274,
        "MMstar": [
                -Infinity,
                -Infinity,
                -Infinity
        ],
        "MMdm": [
                -Infinity,
                -Infinity,
                -Infinity
        ],
        "MMbh": -Infinity,
        "MMtotal": [
                -Infinity,
                -Infinity,
                -Infinity
        ],
        "Mfdm": [
                0.0,
                0.0,
                0.0
        ],
        "MMthetaE": 1.2111171673943844,
        "projMMstar": [
                10.961011721346905,
                10.961922725790522,
                10.962779298686575
        ],
        "projMMdm": [
                10.757205416010562,
                10.758975268397531,
                10.76084542930439
        ],
        "projMMtotal": [
                11.173073360071877,
                11.173228080757468,
                11.173392284649845
        ],
        "projMfdm": [
                0.3838231472016412,
                0.3852544857523432,
                0.38677404553155853
        ],
        "Dstar": -1.0,
        "Ddm": -1.0,
        "Dtotal": -1.0,
        "Dfdm": -1.0,
        "projDstar": -0.0819332186665823,
        "projDdm": -0.23005230508138402,
        "projDtotal": -0.14527831846570854,
        "projDfdm": -0.09918207610466265,
        "DthetaE": -0.002266499521186088
}