{
        "Reff": 0.4021615124324089,
        "R": 1.0054037810810221,
        "MthetaE": 0.4991441441441441,
        "Mstar": 10.34766963459026,
        "Mdm": 10.06055109759499,
        "Mbh": 8.139239311218262,
        "Mtotal": 10.528447734250646,
        "fdm": 0.3404892174779608,
        "projMstar": 10.4017277629554,
        "projMdm": 10.197305195536327,
        "projMtotal": 10.612464774462895,
        "projfdm": 0.38445049204016374,
        "MMstar": [
                10.355341358702555,
                10.380511375786462,
                10.408517220984585
        ],
        "MMdm": [
                9.670900099477059,
                9.800239097480317,
                9.892994995480834
        ],
        "MMbh": -Infinity,
        "MMtotal": [
                10.467481711430299,
                10.482077409498471,
                10.49815466428996
        ],
        "Mfdm": [
                0.15471889595627805,
                0.20719581376995272,
                0.2534474249395463
        ],
        "MMthetaE": 0.4500005387316103,
        "projMMstar": [
                10.382538233359929,
                10.407923995427812,
                10.436003860402671
        ],
        "projMMdm": [
                10.015785791232203,
                10.147852478082001,
                10.232874851369196
        ],
        "projMMtotal": [
                10.569129111699047,
                10.597057525990508,
                10.621729378580921
        ],
        "projMfdm": [
                0.27581244189928994,
                0.3529524947062904,
                0.4142114662906347
        ],
        "Dstar": 0.07855362096564436,
        "Ddm": -0.4508537782728468,
        "Dtotal": -0.10126909696266935,
        "Dfdm": -0.3914761374686877,
        "projDstar": 0.014369616966547535,
        "projDdm": -0.10762523099914746,
        "projDtotal": -0.03485458575293935,
        "projDfdm": -0.08192991811955519,
        "DthetaE": 0.09845573866602751,
        "PL_slope1": -2.676118542609507,
        "AV_slope1": 2.6652398566363904,
        "PL_slope2": -2.2467491539665483,
        "AV_slope2": 2.2512363186064164
}