{
        "Reff": 0.9662426539989696,
        "R": 0.45018018018018013,
        "MthetaE": 0.45018018018018013,
        "Mstar": 10.307116544969112,
        "Mdm": 9.689914983895168,
        "Mbh": 8.30414867401123,
        "Mtotal": 10.401040182296704,
        "fdm": 0.19447993540979114,
        "projMstar": 10.389112670322442,
        "projMdm": 9.993272781079773,
        "projMtotal": 10.53584177711993,
        "projfdm": 0.286702185777595,
        "MMstar": [
                10.321499204432813,
                10.3411129899012,
                10.360962167889294
        ],
        "MMdm": [
                9.336010363272326,
                9.450921577459797,
                9.531696422630656
        ],
        "MMbh": -Infinity,
        "MMtotal": [
                10.384018462100753,
                10.393555179351859,
                10.403485396228449
        ],
        "Mfdm": [
                0.0862729666797432,
                0.1140563303970294,
                0.13967565929758222
        ],
        "MMthetaE": 0.4500195182604169,
        "projMMstar": [
                10.347571598048686,
                10.367322576524066,
                10.387047335388445
        ],
        "projMMdm": [
                9.82564631157313,
                9.89173598364287,
                9.951884689479305
        ],
        "projMMtotal": [
                10.487144107581777,
                10.49372903177004,
                10.49804539828282
        ],
        "projMfdm": [
                0.21567541365460077,
                0.2506140721795414,
                0.286152093401606
        ],
        "Dstar": 0.08142509888197538,
        "Ddm": -0.4232247799323144,
        "Dtotal": -0.017087185644984987,
        "Dfdm": -0.4135316316477591,
        "projDstar": -0.04893564243358148,
        "projDdm": -0.20847761329909753,
        "projDtotal": -0.09241511467357488,
        "projDfdm": -0.12587317219146843,
        "DthetaE": 0.00035688359202955825
}