{
        "Reff": 0.5447542281665592,
        "R": 0.6397297297297296,
        "MthetaE": 0.6397297297297296,
        "Mstar": 10.387700894003224,
        "Mdm": 9.983169393265646,
        "Mbh": 8.265588760375977,
        "Mtotal": 10.531955832442545,
        "fdm": 0.2826269428551476,
        "projMstar": 10.480275896075595,
        "projMdm": 10.275593071737097,
        "projMtotal": 10.690912870135643,
        "projfdm": 0.3843086871203482,
        "MMstar": [
                10.373197367246528,
                10.397766732856441,
                10.41100158979504
        ],
        "MMdm": [
                9.740862745670954,
                9.780170291314922,
                9.832943865434629
        ],
        "MMbh": -Infinity,
        "MMtotal": [
                10.480188212882357,
                10.490622158459086,
                10.498921153988476
        ],
        "Mfdm": [
                0.1769898896999331,
                0.19460716425057703,
                0.22176947990230783
        ],
        "MMthetaE": 0.6365295087181563,
        "projMMstar": [
                10.397461088131509,
                10.42161202745797,
                10.43495031550332
        ],
        "projMMdm": [
                10.19884943350153,
                10.22635054693733,
                10.269403517001603
        ],
        "projMMtotal": [
                10.632516983636814,
                10.635843364035757,
                10.64069903716295
        ],
        "projMfdm": [
                0.3680147116993329,
                0.3895262574293977,
                0.4258532635939264
        ],
        "Dstar": 0.02344813480961338,
        "Ddm": -0.3733848395923214,
        "Dtotal": -0.0907855568334531,
        "Dfdm": -0.3114344928172068,
        "projDstar": -0.12635271545655008,
        "projDdm": -0.10719322914897655,
        "projDtotal": -0.11909212203885905,
        "projDfdm": 0.01357650889482913,
        "DthetaE": 0.005002457855015387
}