{
        "Reff": 0.24958845221212395,
        "R": 0.29617117117117114,
        "MthetaE": 0.29617117117117114,
        "Mstar": 9.876642141429853,
        "Mdm": 9.343449316493516,
        "Mbh": 7.900820732116699,
        "Mtotal": 9.988226969854768,
        "fdm": 0.22658040390447187,
        "projMstar": 10.002798214419613,
        "projMdm": 9.58959111729185,
        "projMtotal": 10.14461871342537,
        "projfdm": 0.2785944137301345,
        "MMstar": [
                10.062912115144444,
                10.076386592081628,
                10.085746555270195
        ],
        "MMdm": [
                7.6048632512012775,
                7.925117566223206,
                8.078462274717
        ],
        "MMbh": -Infinity,
        "MMtotal": [
                10.066375639213105,
                10.079634533110477,
                10.08801484513487
        ],
        "Mfdm": [
                0.0033103957629284876,
                0.007020741952671586,
                0.010013999264301089
        ],
        "MMthetaE": 0.3247669375126507,
        "projMMstar": [
                10.09518777822624,
                10.108267729857081,
                10.117712228912836
        ],
        "projMMdm": [
                8.160556849080752,
                8.429903901012855,
                8.559219543283742
        ],
        "projMMtotal": [
                10.10487985192747,
                10.117073477025103,
                10.125042205618561
        ],
        "projMfdm": [
                0.011076928525184753,
                0.02063419947641831,
                0.027919933997796176
        ],
        "Dstar": 0.5839608774046777,
        "Ddm": -0.961834737857487,
        "Dtotal": 0.23426258248094542,
        "Dfdm": -0.9690143462025446,
        "projDstar": 0.27488060872682846,
        "projDdm": -0.9307670585242577,
        "projDtotal": -0.061455727811073634,
        "projDfdm": -0.9259346258952413,
        "DthetaE": -0.0965514848335887
}