{
        "Reff": 0.36422601544215016,
        "R": 0.40279279279279273,
        "MthetaE": 0.40279279279279273,
        "Mstar": 10.09249136930786,
        "Mdm": 9.657160343916678,
        "Mbh": 8.177248001098633,
        "Mtotal": 10.228260665224283,
        "fdm": 0.2684724207169141,
        "projMstar": 10.177779355267997,
        "projMdm": 9.932815037193404,
        "projMtotal": 10.37337452695279,
        "projfdm": 0.3626106123565712,
        "MMstar": [
                10.041271440249517,
                10.062174737886586,
                10.087525992470123
        ],
        "MMdm": [
                9.241375468521895,
                9.321323859769723,
                9.39569178847186
        ],
        "MMbh": -Infinity,
        "MMtotal": [
                10.125651442751304,
                10.13645122964131,
                10.148573902663689
        ],
        "Mfdm": [
                0.12479961394138936,
                0.1539711921808208,
                0.18331823675963327
        ],
        "MMthetaE": 0.4027931353555214,
        "projMMstar": [
                10.063838077314857,
                10.0848782669937,
                10.110345254016597
        ],
        "projMMdm": [
                9.609254730963498,
                9.685486316161962,
                9.754065463389153
        ],
        "projMMtotal": [
                10.225169684292233,
                10.231038601839046,
                10.239361691287764
        ],
        "projMfdm": [
                0.2403512810645074,
                0.28541771181247017,
                0.3292226497267571
        ],
        "Dstar": -0.06742585968122451,
        "Ddm": -0.5385087024424053,
        "Dtotal": -0.19054899909416173,
        "Dfdm": -0.426491586101602,
        "projDstar": -0.19258109888389285,
        "projDdm": -0.434189139931489,
        "projDtotal": -0.27945007902030894,
        "projDfdm": -0.21288097455954716,
        "DthetaE": -8.504688634280417e-07
}