{
        "Reff": 0.42908660556761336,
        "R": 0.4961863158197497,
        "Mstar": 10.299082284267248,
        "Mdm": 9.907598873918385,
        "Mbh": 8.356976509094238,
        "Mtotal": 10.447064877920948,
        "fdm": 0.288757980626896,
        "MMstar": 10.127055693743541,
        "MMdm": 9.434400450045452,
        "MMbh": -Infinity,
        "MMtotal": 10.207295796793076,
        "Mfdm": 0.16869594881340388,
        "Dstar": -0.3270645467580159,
        "Ddm": -0.6636421435551251,
        "Dtotal": -0.4242540139334028,
        "Dfdm": -0.4157877526114999
}