{
        "Reff": 1.0651673088178268,
        "R": 0.4991441441441441,
        "MthetaE": 0.4991441441441441,
        "Mstar": 10.328914644188087,
        "Mdm": 9.753618817054047,
        "Mbh": 8.30414867401123,
        "Mtotal": 10.431311068871075,
        "fdm": 0.21004277539049304,
        "projMstar": 10.406284017472307,
        "projMdm": 10.051001970472319,
        "projMtotal": 10.565033513080111,
        "projfdm": 0.3061741052775397,
        "MMstar": 10.358941106898698,
        "MMdm": 9.463611044659245,
        "MMbh": -Infinity,
        "MMtotal": 10.410962722084523,
        "Mfdm": 0.11288814133183728,
        "MMthetaE": 0.4500005387316103,
        "projMMstar": 10.391297476978904,
        "projMMdm": 10.012273041000762,
        "projMMtotal": 10.542914549610932,
        "projMfdm": 0.29468531304516005,
        "Dstar": 0.07158459773007496,
        "Ddm": -0.4871477944017587,
        "Dtotal": -0.04577310461386458,
        "Dfdm": -0.46254689730715287,
        "projDstar": -0.033919181026587426,
        "projDdm": -0.0853160248081611,
        "projDtotal": -0.04965556368550018,
        "projDfdm": -0.03752372272620939,
        "DthetaE": 0.09845573866602751
}