{
        "Reff": 0.1711945002191585,
        "R": 0.42798625054789624,
        "MthetaE": 0.5568018018018017,
        "Mstar": 10.272768103513672,
        "Mdm": 9.918860506492777,
        "Mbh": 8.217829704284668,
        "Mtotal": 10.43193888232478,
        "fdm": 0.30684681811046544,
        "projMstar": 10.299456228808682,
        "projMdm": 10.106476541384401,
        "projMtotal": 10.514628207353143,
        "projfdm": 0.3907044286802383,
        "MMstar": 10.167449295296558,
        "MMdm": 9.914689379574336,
        "MMbh": -Infinity,
        "MMtotal": 10.360233844530107,
        "Mfdm": 0.3584722444519326,
        "MMthetaE": 0.7744442356070901,
        "projMMstar": 10.180324766181489,
        "projMMdm": 10.186436227193099,
        "projMMtotal": 10.484421242443977,
        "projMfdm": 0.5035179817014072,
        "Dstar": -0.2153405820368651,
        "Ddm": -0.009558399960870732,
        "Dtotal": -0.1521969742430177,
        "Dfdm": 0.16824494599413414,
        "projDstar": -0.23990384194751863,
        "projDdm": 0.20215283736964307,
        "projDtotal": -0.06719033961062364,
        "projDfdm": 0.28874398327718503,
        "DthetaE": -0.39087954295586136
}