{
        "Reff": 0.42908660556761313,
        "R": 1.0727165139190329,
        "MthetaE": 0.0,
        "Mstar": 10.461121573211894,
        "Mdm": 10.349580676302088,
        "Mbh": 8.356976509094238,
        "Mtotal": 10.709952236130166,
        "fdm": 0.4361425316510598,
        "projMstar": 10.519498947164227,
        "projMdm": 10.555126770256264,
        "projMtotal": 10.838708097904357,
        "projfdm": 0.5204975293137197,
        "MMstar": [
                10.236910671969676,
                10.312977998774253,
                10.365288323688793
        ],
        "MMdm": [
                10.156765931705205,
                10.234019687765457,
                10.317876905401445
        ],
        "MMbh": -Infinity,
        "MMtotal": [
                10.55905422571567,
                10.577598284961114,
                10.594813692984134
        ],
        "Mfdm": [
                0.38741088117157196,
                0.4537508500233611,
                0.5444333894169543
        ],
        "MMthetaE": 0.0,
        "projMMstar": [
                10.262779818001906,
                10.338840945179836,
                10.390900304979262
        ],
        "projMMdm": [
                10.587213423746446,
                10.65420137706266,
                10.717291758768097
        ],
        "projMMtotal": [
                10.783549625065053,
                10.824794281717345,
                10.859678009777696
        ],
        "projMfdm": [
                0.6188412623720732,
                0.6776709563030371,
                0.734625726718094
        ],
        "Dstar": -0.2890215692400609,
        "Ddm": -0.23362908985412936,
        "Dtotal": -0.262696918797831,
        "Dfdm": 0.04037285312588814,
        "projDstar": -0.34030681436632365,
        "projDdm": 0.2562457537583195,
        "projDtotal": -0.031529974227420175,
        "projDfdm": 0.30196767157867554,
        "DthetaE": 0,
        "PL_slope1": -2.3350014185407693,
        "AV_slope1": 2.3115855682228497,
        "PL_slope2": -1.8671635333877932,
        "AV_slope2": 1.8760470655908095
}