{
        "Reff": 0.23513420348217307,
        "R": 0.29617117117117114,
        "MthetaE": 0.29617117117117114,
        "Mstar": 9.876642141429853,
        "Mdm": 9.343449316493516,
        "Mbh": 7.900820732116699,
        "Mtotal": 9.988226969854768,
        "fdm": 0.22658040390447187,
        "projMstar": 10.002798214419613,
        "projMdm": 9.58959111729185,
        "projMtotal": 10.14461871342537,
        "projfdm": 0.2785944137301345,
        "MMstar": [
                9.95129716696221,
                9.963163598296461,
                9.981836131835427
        ],
        "MMdm": [
                8.400612794414018,
                8.484439636146213,
                8.560007765546914
        ],
        "MMbh": -Infinity,
        "MMtotal": [
                9.966839966992987,
                9.97789648338028,
                9.993783538878542
        ],
        "Mfdm": [
                0.02624807617230191,
                0.03220148450885319,
                0.038051572655418406
        ],
        "MMthetaE": 0.2847271780932828,
        "projMMstar": [
                9.979887095684287,
                9.991933132718692,
                10.010332920037547
        ],
        "projMMdm": [
                9.215167327895141,
                9.27862136847811,
                9.32726798727089
        ],
        "projMMtotal": [
                10.05901138490575,
                10.070703611441239,
                10.081863124414994
        ],
        "projMfdm": [
                0.1406273547227522,
                0.1616425056049268,
                0.17963231131965465
        ],
        "Dstar": 0.22045411732968956,
        "Ddm": -0.8616464460134756,
        "Dtotal": -0.023506147530668757,
        "Dfdm": -0.8578805406206726,
        "projDstar": -0.024707424106059642,
        "projDdm": -0.5113136019368855,
        "projDtotal": -0.1565003669052815,
        "projDfdm": -0.4197927250562004,
        "DthetaE": 0.03863979411849754
}