{
        "Reff": 0.544754228166559,
        "R": 0.6397297297297296,
        "MthetaE": 0.6397297297297296,
        "Mstar": 10.387700894003224,
        "Mdm": 9.983169393265646,
        "Mbh": 8.265588760375977,
        "Mtotal": 10.531955832442545,
        "fdm": 0.2826269428551476,
        "projMstar": 10.480275896075595,
        "projMdm": 10.275593071737097,
        "projMtotal": 10.690912870135643,
        "projfdm": 0.3843086871203482,
        "MMstar": [
                10.364672031942499,
                10.392836400387772,
                10.420594170467236
        ],
        "MMdm": [
                9.712752219517888,
                9.771761321687737,
                9.831105624963598
        ],
        "MMbh": -Infinity,
        "MMtotal": [
                10.472483042008708,
                10.487199516988987,
                10.500943298859172
        ],
        "Mfdm": [
                0.1640015150747141,
                0.19319628206093398,
                0.22396410292342253
        ],
        "MMthetaE": 0.6365295087181563,
        "projMMstar": [
                10.387654374052627,
                10.414801967758274,
                10.444125312427698
        ],
        "projMMdm": [
                10.20074395517371,
                10.26167964169745,
                10.3029053216929
        ],
        "projMMtotal": [
                10.640060285560596,
                10.644953008026697,
                10.650734515272179
        ],
        "projMfdm": [
                0.3642367507166861,
                0.411987063245384,
                0.45008934690707975
        ],
        "Dstar": 0.011895131449612198,
        "Ddm": -0.3854008880153282,
        "Dtotal": -0.09792284490714306,
        "Dfdm": -0.31642652286002604,
        "projDstar": -0.13994530362694768,
        "projDdm": -0.031529113124342895,
        "projDtotal": -0.10041928224358801,
        "projDfdm": 0.07202120860819401,
        "DthetaE": 0.005002457855015387
}