{
        "Reff": 1.1965155934630276,
        "R": 0.6634234234234233,
        "MthetaE": 0.6634234234234233,
        "Mstar": 10.522028515683154,
        "Mdm": 10.064407877741875,
        "Mbh": 8.336731910705566,
        "Mtotal": 10.6519251077602,
        "fdm": 0.25851322760668544,
        "projMstar": 10.610449633395211,
        "projMdm": 10.389287224511984,
        "projMtotal": 10.814827120951854,
        "projfdm": 0.37537046949957625,
        "MMstar": 10.651333765909722,
        "MMdm": 8.492374834705629,
        "MMbh": -Infinity,
        "MMtotal": 10.654335165480093,
        "Mfdm": 0.0068871520193503795,
        "MMthetaE": 0.6491916548593238,
        "projMMstar": 10.715475687071212,
        "projMMdm": 8.900661831717226,
        "projMMtotal": 10.72207753249818,
        "projMfdm": 0.015086354174968682,
        "Dstar": 0.3468066442020418,
        "Ddm": -0.9732103551034823,
        "Dtotal": 0.005564789215878958,
        "Dfdm": -0.9733586088297624,
        "projDstar": 0.27357948178455693,
        "projDdm": -0.9675380497967464,
        "projDtotal": -0.19229938874927208,
        "projDfdm": -0.9598094272171144,
        "DthetaE": 0.021452013995315607
}