{
        "Reff": 1.1965155934630276,
        "R": 0.6634234234234233,
        "MthetaE": 0.6634234234234233,
        "Mstar": 10.522028515683154,
        "Mdm": 10.064407877741875,
        "Mbh": 8.336731910705566,
        "Mtotal": 10.6519251077602,
        "fdm": 0.25851322760668544,
        "projMstar": 10.610449633395211,
        "projMdm": 10.389287224511984,
        "projMtotal": 10.814827120951854,
        "projfdm": 0.37537046949957625,
        "MMstar": 10.651442805528085,
        "MMdm": 8.475189626431444,
        "MMbh": -Infinity,
        "MMtotal": 10.654327421645972,
        "Mfdm": 0.006620064255305127,
        "MMthetaE": 0.6491916548593238,
        "projMMstar": 10.715690580076208,
        "projMMdm": 8.886085946041916,
        "projMMtotal": 10.722072988102054,
        "projMfdm": 0.014588577872144489,
        "Dstar": 0.34714483343964875,
        "Ddm": -0.9742497322786668,
        "Dtotal": 0.005546859313872507,
        "Dfdm": -0.974391777486229,
        "projDstar": 0.2742098168568678,
        "projDdm": -0.9686094647157815,
        "projDtotal": -0.1923078403701836,
        "projDfdm": -0.9611355206188883,
        "DthetaE": 0.021452013995315607
}