{
        "Reff": 0.367224520196528,
        "R": 0.9180613004913201,
        "MthetaE": 0.7108108108108108,
        "Mstar": 10.484295661995816,
        "Mdm": 10.367877546100154,
        "Mbh": 8.265618324279785,
        "Mtotal": 10.731005893875547,
        "fdm": 0.4333827811211263,
        "projMstar": 10.530649847941406,
        "projMdm": 10.57205454453717,
        "projMtotal": 10.852875434422135,
        "projfdm": 0.5238164224654629,
        "MMstar": [
                10.607663339914149,
                10.616460647718144,
                10.63059182960709
        ],
        "MMdm": [
                9.98540216340255,
                10.029104217385372,
                10.069697102100193
        ],
        "MMbh": -Infinity,
        "MMtotal": [
                10.712154187826814,
                10.717944178627295,
                10.725395462297351
        ],
        "Mfdm": [
                0.18616111773255348,
                0.20607215409115962,
                0.2234792266069748
        ],
        "MMthetaE": 0.7258489720382846,
        "projMMstar": [
                10.621380545918386,
                10.630239679599857,
                10.643901662088789
        ],
        "projMMdm": [
                10.329682361835232,
                10.368341561680047,
                10.390912724246995
        ],
        "projMMtotal": [
                10.814006554970067,
                10.819355146015992,
                10.82398241793285
        ],
        "projMfdm": [
                0.3270456481598724,
                0.3538292921534143,
                0.36955108779118645
        ],
        "Dstar": 0.35570433802568535,
        "Ddm": -0.5416189329138383,
        "Dtotal": -0.029627936896884966,
        "Dfdm": -0.5245031342545092,
        "projDstar": 0.2577369841172633,
        "projDdm": -0.37441400566662214,
        "projDtotal": -0.07427986162907713,
        "projDfdm": -0.32451661120505715,
        "DthetaE": -0.021156348494925137,
        "PL_slope1": -3.912480047197796,
        "AV_slope1": 3.660205992421171,
        "PL_slope2": -2.2172132607192245,
        "AV_slope2": 2.234261709886959
}