{
        "Reff": 0.35973259940631447,
        "R": 0.46202702702702697,
        "MthetaE": 0.46202702702702697,
        "Mstar": 10.154514149873487,
        "Mdm": 9.85340370134865,
        "Mbh": 8.119908332824707,
        "Mtotal": 10.330578592964834,
        "fdm": 0.33329216803596157,
        "projMstar": 10.270689529883358,
        "projMdm": 10.129276943838029,
        "projMtotal": 10.506743732429133,
        "projfdm": 0.4193080608244642,
        "MMstar": 10.435106026429608,
        "MMdm": 8.668630181679989,
        "MMbh": -Infinity,
        "MMtotal": 10.442478563807741,
        "Mfdm": 0.01683261607102263,
        "MMthetaE": 0.458917242575832,
        "projMMstar": 10.4617897240285,
        "projMMdm": 8.990451074009442,
        "projMMtotal": 10.47621790557838,
        "projMfdm": 0.03267632210417537,
        "Dstar": 0.9080593380956373,
        "Ddm": -0.9346528757321735,
        "Dtotal": 0.29389778928261995,
        "Dfdm": -0.9494959147398674,
        "projDstar": 0.5527451955653951,
        "projDdm": -0.9273602852345055,
        "projDtotal": -0.06787496340447238,
        "projDfdm": -0.9220708468138543,
        "DthetaE": 0.006730741426979472
}