{
        "Reff": 0.35973259940631447,
        "R": 0.46202702702702697,
        "MthetaE": 0.46202702702702697,
        "Mstar": 10.154514149873487,
        "Mdm": 9.85340370134865,
        "Mbh": 8.119908332824707,
        "Mtotal": 10.330578592964834,
        "fdm": 0.33329216803596157,
        "projMstar": 10.270689529883358,
        "projMdm": 10.129276943838029,
        "projMtotal": 10.506743732429133,
        "projfdm": 0.4193080608244642,
        "MMstar": 10.43363827282492,
        "MMdm": 8.694338257328937,
        "MMbh": -Infinity,
        "MMtotal": 10.441482609478191,
        "Mfdm": 0.017900107857988866,
        "MMthetaE": 0.458917242575832,
        "projMMstar": 10.460321242071773,
        "projMMdm": 9.014795940796558,
        "projMMtotal": 10.475617611967117,
        "projMfdm": 0.03460814556887219,
        "Dstar": 0.9016216927001954,
        "Ddm": -0.9306678678739679,
        "Dtotal": 0.29093393258677325,
        "Dfdm": -0.9462930438375694,
        "projDstar": 0.547503757438814,
        "projDdm": -0.9231720938905819,
        "projDtotal": -0.069162481883483,
        "projDfdm": -0.9174636769423798,
        "DthetaE": 0.006730741426979472
}