{
        "Reff": 0.3939136227063193,
        "R": 0.45018018018018013,
        "MthetaE": 0.45018018018018013,
        "Mstar": 10.143283281527738,
        "Mdm": 9.666221446383181,
        "Mbh": 8.139239311218262,
        "Mtotal": 10.268236873791992,
        "fdm": 0.2500256543701848,
        "projMstar": 10.238793465359723,
        "projMdm": 9.866167182171507,
        "projMtotal": 10.392305795077736,
        "projfdm": 0.29775659339548977,
        "MMstar": -Infinity,
        "MMdm": -Infinity,
        "MMbh": -Infinity,
        "MMtotal": -Infinity,
        "Mfdm": 0.0,
        "MMthetaE": 0.5762987595061156,
        "projMMstar": 10.282380753797383,
        "projMMdm": 9.432788307904547,
        "projMMtotal": 10.339813437064501,
        "projMfdm": 0.12387249093199335,
        "Dstar": -1.0,
        "Ddm": -1.0,
        "Dtotal": -1.0,
        "Dfdm": -1.0,
        "projDstar": 0.10557265505720805,
        "projDdm": -0.6313441535182359,
        "projDtotal": -0.11384918348009239,
        "projDfdm": -0.5839806953746882,
        "DthetaE": -0.2801513369057203
}