{
        "Reff": 0.3939136227063193,
        "R": 0.45018018018018013,
        "MthetaE": 0.45018018018018013,
        "Mstar": 10.143283281527738,
        "Mdm": 9.666221446383181,
        "Mbh": 8.139239311218262,
        "Mtotal": 10.268236873791992,
        "fdm": 0.2500256543701848,
        "projMstar": 10.238793465359723,
        "projMdm": 9.866167182171507,
        "projMtotal": 10.392305795077736,
        "projfdm": 0.29775659339548977,
        "MMstar": -Infinity,
        "MMdm": -Infinity,
        "MMbh": -Infinity,
        "MMtotal": -Infinity,
        "Mfdm": 0.0,
        "MMthetaE": 0.6040185929502934,
        "projMMstar": 10.282717183412133,
        "projMMdm": 9.446650349110136,
        "projMMtotal": 10.341848355211349,
        "projMfdm": 0.12729225903225727,
        "Dstar": -1.0,
        "Ddm": -1.0,
        "Dtotal": -1.0,
        "Dfdm": -1.0,
        "projDstar": 0.10642942736518053,
        "projDdm": -0.61938739506034,
        "projDtotal": -0.10968731710938169,
        "projDfdm": -0.5724955824464862,
        "DthetaE": -0.34172631213693355
}