{
        "Reff": 0.3555664498963653,
        "R": 0.8889161247409133,
        "MthetaE": 0.7108108108108108,
        "Mstar": 10.480430779715173,
        "Mdm": 10.35153228832647,
        "Mbh": 8.265618324279785,
        "Mtotal": 10.721776209571578,
        "fdm": 0.4263399979307349,
        "projMstar": 10.52668112853081,
        "projMdm": 10.557453231213469,
        "projMtotal": 10.843369664689648,
        "projfdm": 0.5177064389389725,
        "MMstar": 10.656915361598779,
        "MMdm": 9.914612365326054,
        "MMbh": -Infinity,
        "MMtotal": 10.729168083668892,
        "Mfdm": 0.1532654559953485,
        "MMthetaE": 0.8052440505450654,
        "projMMstar": 10.671912920551721,
        "projMMdm": 10.152202043424019,
        "projMMtotal": 10.786589372986889,
        "projMfdm": 0.2320666165488919,
        "Dstar": 0.5013591042702781,
        "Ddm": -0.6343377923031996,
        "Dtotal": 0.017166091735199417,
        "Dfdm": -0.6405088503559812,
        "projDstar": 0.3971138308860394,
        "projDdm": -0.6066774807190957,
        "projDtotal": -0.12255539448293545,
        "projDfdm": -0.5517409112691216,
        "DthetaE": -0.1328528467744267,
        "PL_slope1": -3.9853557681583194,
        "AV_slope1": 3.7668506412126423,
        "PL_slope2": -2.5466082514693316,
        "AV_slope2": 2.55772519174783
}