{
        "Reff": 0.42908660556761313,
        "R": 1.0727165139190329,
        "MthetaE": 0.0,
        "Mstar": 10.461121573211894,
        "Mdm": 10.349580676302088,
        "Mbh": 8.356976509094238,
        "Mtotal": 10.709952236130166,
        "fdm": 0.4361425316510598,
        "projMstar": 10.519498947164227,
        "projMdm": 10.555126770256262,
        "projMtotal": 10.838708097904357,
        "projfdm": 0.5204975293137197,
        "MMstar": 10.327432830601841,
        "MMdm": 10.246813843916952,
        "MMbh": -Infinity,
        "MMtotal": 10.59002133688714,
        "Mfdm": 0.45372478866522437,
        "MMthetaE": 0.0,
        "projMMstar": 10.353536404299765,
        "projMMdm": 10.858850748514662,
        "projMMtotal": 10.976910931497738,
        "projMfdm": 0.7619734111463746,
        "Dstar": -0.2649595195436078,
        "Ddm": -0.21071623891991995,
        "Dtotal": -0.24130171780733356,
        "Dfdm": 0.04031309890279494,
        "projDstar": -0.31760245280762006,
        "projDdm": 1.0124448067611218,
        "projDtotal": 0.37468385966839374,
        "projDfdm": 0.4639328108839303,
        "DthetaE": 0,
        "PL_slope1": -2.212858483840697,
        "AV_slope1": 2.1921166620098758,
        "PL_slope2": -1.6250293850389452,
        "AV_slope2": 1.6161724822299153
}