{
        "Reff": 0.5148342648334497,
        "R": 0.5804954954954954,
        "MthetaE": 0.5804954954954954,
        "Mstar": 10.332992349204273,
        "Mdm": 9.915833221302163,
        "Mbh": 8.260486602783203,
        "Mtotal": 10.473715443571665,
        "fdm": 0.2767692123056929,
        "projMstar": 10.40732278043186,
        "projMdm": 10.179791668756826,
        "projMtotal": 10.609320580506106,
        "projfdm": 0.3719384597388031,
        "MMstar": 10.221705553320925,
        "MMdm": 9.798503711893888,
        "MMbh": -Infinity,
        "MMtotal": 10.360764607985915,
        "Mfdm": 0.2739927705722456,
        "MMthetaE": 0.5762987595061156,
        "projMMstar": 10.25060081871712,
        "projMMdm": 10.219183804313262,
        "projMMtotal": 10.536206334979328,
        "projMfdm": 0.4819227954119266,
        "Dstar": -0.22604946619552582,
        "Ddm": -0.23674353674465348,
        "Dtotal": -0.22900925567774935,
        "Dfdm": -0.010031613380395535,
        "projDstar": -0.3029273580584307,
        "projDdm": 0.09494457342809381,
        "projDtotal": -0.1549434846880303,
        "projDfdm": 0.29570573516479304,
        "DthetaE": 0.0072295754608699084
}