{
        "Reff": 0.9662426539989696,
        "R": 2.415606634997424,
        "MthetaE": 0.45018018018018013,
        "Mstar": 10.5918964286169,
        "Mdm": 10.646142705336276,
        "Mbh": 8.30414867401123,
        "Mtotal": 10.920895977836436,
        "fdm": 0.5311861312447683,
        "projMstar": 10.67843889325413,
        "projMdm": 10.847396843209468,
        "projMtotal": 11.07211299151808,
        "projfdm": 0.5960515911979375,
        "MMstar": [
                -Infinity,
                -Infinity,
                -Infinity
        ],
        "MMdm": [
                -Infinity,
                -Infinity,
                -Infinity
        ],
        "MMbh": -Infinity,
        "MMtotal": [
                -Infinity,
                -Infinity,
                -Infinity
        ],
        "Mfdm": [
                0.0,
                0.0,
                0.0
        ],
        "MMthetaE": 0.4500195182604169,
        "projMMstar": [
                10.529347156852237,
                10.580594317764634,
                10.592722561268499
        ],
        "projMMdm": [
                11.221604381640123,
                11.259800845601186,
                11.346581112848373
        ],
        "projMMtotal": [
                11.313379872788,
                11.342211977747441,
                11.408285756571379
        ],
        "projMfdm": [
                0.8092511876182709,
                0.8268744152394785,
                0.867910309442462
        ],
        "Dstar": -1.0,
        "Ddm": -1.0,
        "Dtotal": -1.0,
        "Dfdm": -1.0,
        "projDstar": -0.20171967675248725,
        "projDdm": 1.584663455524337,
        "projDtotal": 0.8625115997847469,
        "projDfdm": 0.3872530959570731,
        "DthetaE": 0.00035688359202955825
}