{
        "Reff": 0.9365583424776649,
        "R": 2.341395856194162,
        "MthetaE": 0.533108108108108,
        "Mstar": 10.604333704610394,
        "Mdm": 10.634934192831413,
        "Mbh": 8.183881759643555,
        "Mtotal": 10.920933403323664,
        "fdm": 0.5176077729134222,
        "projMstar": 10.682572097391489,
        "projMdm": 10.838119149014558,
        "projMtotal": 11.068302560459982,
        "projfdm": 0.5885950271362097,
        "MMstar": [
                -Infinity,
                -Infinity,
                -Infinity
        ],
        "MMdm": [
                -Infinity,
                -Infinity,
                -Infinity
        ],
        "MMbh": -Infinity,
        "MMtotal": [
                -Infinity,
                -Infinity,
                -Infinity
        ],
        "Mfdm": [
                0.0,
                0.0,
                0.0
        ],
        "MMthetaE": 0.5400234219125003,
        "projMMstar": [
                10.557847242088117,
                10.574537959702285,
                10.592222090573129
        ],
        "projMMdm": [
                11.164727745838855,
                11.209344070398751,
                11.26517574110509
        ],
        "projMMtotal": [
                11.268028416990779,
                11.300247986186935,
                11.343417651126904
        ],
        "projMfdm": [
                0.788451191417975,
                0.8115514045266198,
                0.83501988075702
        ],
        "Dstar": -1.0,
        "Ddm": -1.0,
        "Dtotal": -1.0,
        "Dfdm": -1.0,
        "projDstar": -0.2202311855622029,
        "projDdm": 1.3508500123228002,
        "projDtotal": 0.705868012905375,
        "projDfdm": 0.37879419144126514,
        "DthetaE": -0.012971691293410059
}