{
        "Reff": 0.6862264033777628,
        "R": 1.0899099099099099,
        "MthetaE": 1.0899099099099099,
        "Mstar": 10.742246908926605,
        "Mdm": 10.494685451500338,
        "Mbh": 8.453516006469727,
        "Mtotal": 10.936902124158186,
        "fdm": 0.36122959761691914,
        "projMstar": 10.856106322719304,
        "projMdm": 10.77867479018461,
        "projMtotal": 11.120143955811441,
        "projfdm": 0.45554452811787544,
        "MMstar": 10.751271221481272,
        "MMdm": 10.486940170427584,
        "MMbh": -Infinity,
        "MMtotal": 10.939943199334248,
        "Mfdm": 0.3523684135054882,
        "MMthetaE": 1.083811265650753,
        "projMMstar": 10.771224611670746,
        "projMMdm": 10.747088846653071,
        "projMMtotal": 11.060354370348305,
        "projMfdm": 0.4861099116416985,
        "Dstar": 0.020996639261883776,
        "Ddm": -0.01767608113390097,
        "Dtotal": 0.007026908034562786,
        "Dfdm": -0.024530614794273174,
        "projDstar": -0.17753336501092928,
        "projDdm": -0.07014751409642289,
        "projDtotal": -0.12861432822954394,
        "projDfdm": 0.06709636849356256,
        "DthetaE": 0.005595548956574725
}