{
        "Reff": 0.6862264033777628,
        "R": 1.0899099099099099,
        "MthetaE": 1.0899099099099099,
        "Mstar": 10.742246908926605,
        "Mdm": 10.494685451500338,
        "Mbh": 8.453516006469727,
        "Mtotal": 10.936902124158186,
        "fdm": 0.36122959761691914,
        "projMstar": 10.856106322719304,
        "projMdm": 10.77867479018461,
        "projMtotal": 11.120143955811441,
        "projfdm": 0.45554452811787544,
        "MMstar": 10.750547754379385,
        "MMdm": 10.491542578663937,
        "MMbh": -Infinity,
        "MMtotal": 10.941103863776268,
        "Mfdm": 0.3551719951388339,
        "MMthetaE": 1.083811265650753,
        "projMMstar": 10.770527979951686,
        "projMMdm": 10.7525196044445,
        "projMMtotal": 11.062647122676033,
        "projMfdm": 0.4896350308488744,
        "Dstar": 0.01929723342641027,
        "Ddm": -0.007210610047073986,
        "Dtotal": 0.009721815794791143,
        "Dfdm": -0.016769396854654384,
        "projDstar": -0.17885158821858113,
        "projDdm": -0.0584469072283721,
        "projDtotal": -0.12400189463371303,
        "projDfdm": 0.07483462236248788,
        "DthetaE": 0.005595548956574725
}