{
        "Reff": 0.42908660556761313,
        "R": 1.0727165139190329,
        "MthetaE": 0.0,
        "Mstar": 10.461121573211894,
        "Mdm": 10.349580676302088,
        "Mbh": 8.356976509094238,
        "Mtotal": 10.709952236130166,
        "fdm": 0.4361425316510598,
        "projMstar": 10.519498947164227,
        "projMdm": 10.555126770256262,
        "projMtotal": 10.838708097904357,
        "projfdm": 0.5204975293137197,
        "MMstar": [
                10.235684172244964,
                10.323749164783239,
                10.388006466887939
        ],
        "MMdm": [
                10.101180469295375,
                10.217763952871852,
                10.329005160022188
        ],
        "MMbh": -Infinity,
        "MMtotal": [
                10.548970815379812,
                10.575301099044154,
                10.605707858775727
        ],
        "Mfdm": [
                0.34559547032971927,
                0.44036591475026,
                0.545226395719656
        ],
        "MMthetaE": 0.0,
        "projMMstar": [
                10.26197198916948,
                10.34962920360524,
                10.414275414023223
        ],
        "projMMdm": [
                10.656123765294309,
                10.77602267664821,
                10.917580535813595
        ],
        "projMMtotal": [
                10.824962980501546,
                10.913191739501372,
                11.023027687828165
        ],
        "projMfdm": [
                0.659316126341737,
                0.7417124301238218,
                0.7968105490838798
        ],
        "Dstar": -0.2711677329776519,
        "Ddm": -0.26178430126563157,
        "Dtotal": -0.2665865622757002,
        "Dfdm": 0.009683492878376587,
        "projDstar": -0.32371421896902536,
        "projDdm": 0.6630140041000029,
        "projDtotal": 0.18708998654015466,
        "projDfdm": 0.42500662990999355,
        "DthetaE": 0
}