{
        "Reff": 0.41926087573428844,
        "R": 1.048152189335721,
        "MthetaE": 0.37909909909909906,
        "Mstar": 10.368959787027727,
        "Mdm": 10.167612661655273,
        "Mbh": 8.278263092041016,
        "Mtotal": 10.58088173208385,
        "fdm": 0.3861276746118224,
        "projMstar": 10.46300205690702,
        "projMdm": 10.48531827130692,
        "projMtotal": 10.775333483789968,
        "projfdm": 0.5128434197786145,
        "MMstar": [
                10.36925534433805,
                10.403269062827082,
                10.427539630671884
        ],
        "MMdm": [
                10.053747338646563,
                10.125429274427155,
                10.189058842234376
        ],
        "MMbh": -Infinity,
        "MMtotal": [
                10.572695776363364,
                10.585381495906585,
                10.598646815029067
        ],
        "Mfdm": [
                0.3013249390693098,
                0.3445968603809723,
                0.39539895201838715
        ],
        "MMthetaE": 0.38191770523089374,
        "projMMstar": [
                10.380813668315202,
                10.415307697807389,
                10.439231717146914
        ],
        "projMMdm": [
                10.499549462483301,
                10.570371246120525,
                10.628512836953721
        ],
        "projMMtotal": [
                10.768959603904191,
                10.798519576979546,
                10.827280470811129
        ],
        "projMfdm": [
                0.5375112056360724,
                0.5889196531587286,
                0.635567896878275
        ],
        "Dstar": 0.08220435129742715,
        "Ddm": -0.09256272945936152,
        "Dtotal": 0.010414951045978315,
        "Dfdm": -0.10755720701087118,
        "projDstar": -0.10400488701752741,
        "projDdm": 0.21633435886624483,
        "projDtotal": 0.054838793141567824,
        "projDfdm": 0.14834202886517475,
        "DthetaE": -0.007435011421796824,
        "PL_slope1": -2.6962557291566744,
        "AV_slope1": 2.6786490558397387,
        "PL_slope2": -1.8848583109638755,
        "AV_slope2": 1.890861806237057
}