{
        "Reff": 0.41926087573428844,
        "R": 1.048152189335721,
        "MthetaE": 0.37909909909909906,
        "Mstar": 10.368959787027727,
        "Mdm": 10.167612661655273,
        "Mbh": 8.278263092041016,
        "Mtotal": 10.58088173208385,
        "fdm": 0.3861276746118224,
        "projMstar": 10.46300205690702,
        "projMdm": 10.48531827130692,
        "projMtotal": 10.775333483789968,
        "projfdm": 0.5128434197786145,
        "MMstar": [
                10.370200113439246,
                10.403761589768862,
                10.430152307640462
        ],
        "MMdm": [
                10.057972643648462,
                10.126531145312644,
                10.188036068899986
        ],
        "MMbh": -Infinity,
        "MMtotal": [
                10.572869543750642,
                10.585120091458537,
                10.59930711618379
        ],
        "Mfdm": [
                0.3027989129685166,
                0.3450186130647219,
                0.39617587577038527
        ],
        "MMthetaE": 0.38191770523089374,
        "projMMstar": [
                10.38228791646613,
                10.41570202025755,
                10.44188214642503
        ],
        "projMMdm": [
                10.498891712406698,
                10.567012838800496,
                10.627767398353969
        ],
        "projMMtotal": [
                10.768128390225769,
                10.79569986692661,
                10.827485306183606
        ],
        "projMfdm": [
                0.5361438592631553,
                0.5867628381982903,
                0.6340715306367367
        ],
        "Dstar": 0.0834323594304671,
        "Ddm": -0.0902575005287397,
        "Dtotal": 0.009806959234600225,
        "Dfdm": -0.10646494475804612,
        "projDstar": -0.10319098896478766,
        "projDdm": 0.2069646971831916,
        "projDtotal": 0.048012308108928814,
        "projDfdm": 0.14413642755050962,
        "DthetaE": -0.007435011421796824
}