{
        "Reff": 0.23513420348217307,
        "R": 0.5878355087054327,
        "MthetaE": 0.29617117117117114,
        "Mstar": 10.050722827275926,
        "Mdm": 9.733344266485139,
        "Mbh": 7.900820732116699,
        "Mtotal": 10.22143265648222,
        "fdm": 0.3250211405665837,
        "projMstar": 10.118482880290474,
        "projMdm": 9.9181948845171,
        "projMtotal": 10.330814090773245,
        "projfdm": 0.3867058960445534,
        "MMstar": 10.119850250451561,
        "MMdm": 9.127134682454145,
        "MMbh": -Infinity,
        "MMtotal": 10.161910228697522,
        "Mfdm": 0.09230483573276808,
        "MMthetaE": 0.2847271780932828,
        "projMMstar": 10.139916653039569,
        "projMMdm": 9.840892662944515,
        "projMMtotal": 10.316677610672297,
        "projMfdm": 0.3343605664204439,
        "Dstar": 0.17253934129808354,
        "Ddm": -0.7523773220817703,
        "Dtotal": -0.1280781275626755,
        "Dfdm": -0.7160035941912567,
        "projDstar": 0.05059123391523418,
        "projDdm": -0.16305334412316227,
        "projDtotal": -0.032026384070164574,
        "projDfdm": -0.13536211927339903,
        "DthetaE": 0.03863979411849754,
        "PL_slope1": -3.1590466864153908,
        "AV_slope1": 3.1393810437659244,
        "PL_slope2": -2.741815580830889,
        "AV_slope2": 2.7308326163431706
}