{
        "Reff": 0.23513420348217307,
        "R": 0.5878355087054327,
        "MthetaE": 0.29617117117117114,
        "Mstar": 10.050722827275926,
        "Mdm": 9.733344266485139,
        "Mbh": 7.900820732116699,
        "Mtotal": 10.22143265648222,
        "fdm": 0.3250211405665837,
        "projMstar": 10.118482880290474,
        "projMdm": 9.9181948845171,
        "projMtotal": 10.330814090773245,
        "projfdm": 0.3867058960445534,
        "MMstar": 10.120561818059544,
        "MMdm": 9.12740188888045,
        "MMbh": -Infinity,
        "MMtotal": 10.162580798661144,
        "Mfdm": 0.09221914475206348,
        "MMthetaE": 0.2847271780932828,
        "projMMstar": 10.14059881431067,
        "projMMdm": 9.842439799019893,
        "projMMtotal": 10.317649177161892,
        "projMfdm": 0.33480398756074214,
        "Dstar": 0.17446205718215924,
        "Ddm": -0.7522249215040163,
        "Dtotal": -0.126730801578623,
        "Dfdm": -0.7162672415975615,
        "projDstar": 0.05224273037079307,
        "projDdm": -0.16006647785856645,
        "projDtotal": -0.02985849223605112,
        "projDfdm": -0.13421545679725427,
        "DthetaE": 0.03863979411849754,
        "PL_slope1": -3.149849923702354,
        "AV_slope1": 3.1359468013874756,
        "PL_slope2": -2.73438196937963,
        "AV_slope2": 2.730553426663598
}