{
        "Reff": 0.16132178706696065,
        "R": 0.40330446766740163,
        "MthetaE": 0.18954954954954953,
        "Mstar": 9.599760029832073,
        "Mdm": 9.279234321206893,
        "Mbh": 7.548817157745361,
        "Mtotal": 9.769449468963973,
        "fdm": 0.32343338962162704,
        "projMstar": 9.717313111667044,
        "projMdm": 9.527509505220532,
        "projMtotal": 9.93372876526527,
        "projfdm": 0.39244675278136476,
        "MMstar": [
                9.766518733616225,
                9.819283163140891,
                9.856751285746116
        ],
        "MMdm": [
                8.810789372317565,
                8.993783635270644,
                9.152405496079206
        ],
        "MMbh": -Infinity,
        "MMtotal": [
                9.852880728673782,
                9.878994600792344,
                9.901737752380088
        ],
        "Mfdm": [
                0.08696500176962395,
                0.12946947746967621,
                0.18824455202752644
        ],
        "MMthetaE": 0.20156767776074946,
        "projMMstar": [
                9.799379652954542,
                9.85163350958808,
                9.889188114833377
        ],
        "projMMdm": [
                9.209524146295292,
                9.353068505756179,
                9.463812754739141
        ],
        "projMMtotal": [
                9.944842409248068,
                9.967792231031886,
                9.988634829061937
        ],
        "projMfdm": [
                0.17941492876715445,
                0.24011788331423414,
                0.30837646152110854
        ],
        "Dstar": 0.6577656377246431,
        "Ddm": -0.48173806277990244,
        "Dtotal": 0.28690098067041453,
        "Dfdm": -0.5997028086026064,
        "projDstar": 0.3624494499842348,
        "projDdm": -0.33079527215498783,
        "projDtotal": 0.08159199855111805,
        "projDfdm": -0.38815168780870063,
        "DthetaE": -0.06340362316745214
}