{
        "Reff": 0.1711945002191585,
        "R": 0.5568018018018017,
        "MthetaE": 0.5568018018018017,
        "Mstar": 10.29718412001835,
        "Mdm": 10.054040228274305,
        "Mbh": 8.217829704284668,
        "Mtotal": 10.493440279762195,
        "fdm": 0.3635799691958276,
        "projMstar": 10.317644882056662,
        "projMdm": 10.217508581624593,
        "projMtotal": 10.571486439761745,
        "projfdm": 0.44261093765245546,
        "MMstar": -Infinity,
        "MMdm": -Infinity,
        "MMbh": -Infinity,
        "MMtotal": -Infinity,
        "Mfdm": 0.0,
        "MMthetaE": 0.5762987595061156,
        "projMMstar": 10.165125863130005,
        "projMMdm": 10.348239204157808,
        "projMMtotal": 10.567292730924269,
        "projMfdm": 0.6038741973343179,
        "Dstar": -1.0,
        "Ddm": -1.0,
        "Dtotal": -1.0,
        "Dfdm": -1.0,
        "projDstar": -0.29614859628973494,
        "projDdm": 0.35123418056501204,
        "projDtotal": -0.009609898406005013,
        "projDfdm": 0.36434540126183845,
        "DthetaE": -0.03501597451951858
}