{
        "Reff": 0.42908660556761313,
        "R": 1.0727165139190329,
        "MthetaE": 0.533108108108108,
        "Mstar": 10.461121573211894,
        "Mdm": 10.349580676302088,
        "Mbh": 8.356976509094238,
        "Mtotal": 10.709952236130166,
        "fdm": 0.4361425316510598,
        "projMstar": 10.519498947164227,
        "projMdm": 10.555126770256262,
        "projMtotal": 10.838708097904357,
        "projfdm": 0.5204975293137197,
        "MMstar": 10.474748132011838,
        "MMdm": 9.958718777037316,
        "MMbh": -Infinity,
        "MMtotal": 10.590281727891158,
        "Mfdm": 0.2335807503088267,
        "MMthetaE": 0.4500195182604169,
        "projMMstar": 10.500922766693634,
        "projMMdm": 10.419083251234452,
        "projMMtotal": 10.762957913876512,
        "projMfdm": 0.45302830497709434,
        "Dstar": 0.03187373643815792,
        "Ddm": -0.5934274058999484,
        "Dtotal": -0.24084668682548332,
        "Dfdm": -0.46443941290342833,
        "projDstar": -0.04187136571029186,
        "projDdm": -0.26893417755234433,
        "projDtotal": -0.16005699827310627,
        "projDfdm": -0.12962448529887186,
        "DthetaE": 0.15585692392215827,
        "PL_slope1": -2.5773884570791856,
        "AV_slope1": 2.548406370978187,
        "PL_slope2": -2.205547122472344,
        "AV_slope2": 2.1984559854626884
}