{
        "Reff": 0.42908660556761313,
        "R": 1.0727165139190329,
        "MthetaE": 0.533108108108108,
        "Mstar": 10.461121573211894,
        "Mdm": 10.349580676302088,
        "Mbh": 8.356976509094238,
        "Mtotal": 10.709952236130166,
        "fdm": 0.4361425316510598,
        "projMstar": 10.519498947164227,
        "projMdm": 10.555126770256262,
        "projMtotal": 10.838708097904357,
        "projfdm": 0.5204975293137197,
        "MMstar": 10.474339789836357,
        "MMdm": 9.954891352274533,
        "MMbh": -Infinity,
        "MMtotal": 10.5890771598664,
        "Mfdm": 0.23217432543291866,
        "MMthetaE": 0.4500195182604169,
        "projMMstar": 10.50050381376807,
        "projMMdm": 10.414272458712707,
        "projMMtotal": 10.76055483414878,
        "projMfdm": 0.4505236817352047,
        "Dstar": 0.030903980761287437,
        "Ddm": -0.5969947758103578,
        "Dtotal": -0.24294937255042232,
        "Dfdm": -0.4676641038561402,
        "projDstar": -0.04279520254896495,
        "projDdm": -0.27698769531790224,
        "projDtotal": -0.16469181641901798,
        "projDfdm": -0.13443646441660567,
        "DthetaE": 0.15585692392215827
}