{
        "Reff": 0.3252354630461267,
        "R": 0.4991441441441441,
        "MthetaE": 0.4991441441441441,
        "Mstar": 10.183212160048441,
        "Mdm": 9.80157400800741,
        "Mbh": 8.01979923248291,
        "Mtotal": 10.334060642318494,
        "fdm": 0.29343598093559103,
        "projMstar": 10.233211045645731,
        "projMdm": 10.000103449584664,
        "projMtotal": 10.433143090836513,
        "projfdm": 0.36894392080771937,
        "MMstar": 10.157911725884615,
        "MMdm": 9.194463056302796,
        "MMbh": -Infinity,
        "MMtotal": 10.202757332775112,
        "Mfdm": 0.0981082939261292,
        "MMthetaE": 0.4025273296550601,
        "projMMstar": 10.186423157090816,
        "projMMdm": 9.983219419820621,
        "projMMtotal": 10.397629153275545,
        "projMfdm": 0.38511485109649063,
        "Dstar": -0.056591975801637245,
        "Ddm": -0.7528907239886384,
        "Dtotal": -0.2609110820001141,
        "Dfdm": -0.6656569054233882,
        "projDstar": -0.10213279004826623,
        "projDdm": -0.038130906717115345,
        "projDtotal": -0.07851968427299306,
        "projDfdm": 0.043830320481683664,
        "DthetaE": 0.19356495638098228
}