{
        "Reff": 0.3252354630461267,
        "R": 0.4991441441441441,
        "MthetaE": 0.4991441441441441,
        "Mstar": 10.183212160048441,
        "Mdm": 9.80157400800741,
        "Mbh": 8.01979923248291,
        "Mtotal": 10.334060642318494,
        "fdm": 0.29343598093559103,
        "projMstar": 10.233211045645731,
        "projMdm": 10.000103449584664,
        "projMtotal": 10.433143090836513,
        "projfdm": 0.36894392080771937,
        "MMstar": 10.159116490318242,
        "MMdm": 9.195965596048543,
        "MMbh": -Infinity,
        "MMtotal": 10.203991320471061,
        "Mfdm": 0.09816897931884731,
        "MMthetaE": 0.4025273296550601,
        "projMMstar": 10.187750481232644,
        "projMMdm": 9.986400849244372,
        "projMMtotal": 10.399671458416744,
        "projMfdm": 0.3861263065297119,
        "Dstar": -0.05397126007985568,
        "Ddm": -0.7520343130762966,
        "Dtotal": -0.25880807679075984,
        "Dfdm": -0.6654500957726949,
        "projDstar": -0.09938446165385516,
        "projDdm": -0.031058851578402456,
        "projDtotal": -0.07417614318103816,
        "projDfdm": 0.04657180875721056,
        "DthetaE": 0.19356495638098228
}