{
        "Reff": 0.3465146838858552,
        "R": 0.8662867097146381,
        "MthetaE": 1.0543693693693692,
        "Mstar": 11.033412259839897,
        "Mdm": 10.707664354405054,
        "Mbh": 8.772610664367676,
        "Mtotal": 11.201419526893796,
        "fdm": 0.32080773240888977,
        "projMstar": 11.066829826989872,
        "projMdm": 10.9365370114967,
        "projMtotal": 11.30758134804791,
        "projfdm": 0.42555496657047037,
        "MMstar": [
                11.073372036569408,
                11.1050537006689,
                11.140701513451159
        ],
        "MMdm": [
                10.432434747993756,
                10.508971193952188,
                10.582886045276396
        ],
        "MMbh": -Infinity,
        "MMtotal": [
                11.191638205546726,
                11.20568879065,
                11.220580815898417
        ],
        "Mfdm": [
                0.16464739631555936,
                0.20195451418331992,
                0.2413895277143384
        ],
        "MMthetaE": 1.0536958910447327,
        "projMMstar": [
                11.091795378267273,
                11.122910020845136,
                11.158504501975797
        ],
        "projMMdm": [
                10.745431121384934,
                10.812221309632752,
                10.86704693395195
        ],
        "projMMtotal": [
                11.294197366689458,
                11.297800778952839,
                11.30176454795845
        ],
        "projMfdm": [
                0.2783012843909576,
                0.32826553332446984,
                0.3740832892983331
        ],
        "Dstar": 0.17934654975261827,
        "Ddm": -0.3671411764874629,
        "Dtotal": 0.0098788196224511,
        "Dfdm": -0.37048115185105296,
        "projDstar": 0.13783737171041577,
        "projDdm": -0.24892328497600835,
        "projDtotal": -0.02226889703880666,
        "projDfdm": -0.22861778357341708,
        "DthetaE": 0.000638749895626525,
        "PL_slope1": -3.5938925055704187,
        "AV_slope1": 3.470659220522219,
        "PL_slope2": -2.808754670399522,
        "AV_slope2": 2.9023771055156433
}