{
        "Reff": 0.1711945002191585,
        "R": 0.42798625054789624,
        "MthetaE": 0.5568018018018017,
        "Mstar": 10.272768103513672,
        "Mdm": 9.918860506492777,
        "Mbh": 8.217829704284668,
        "Mtotal": 10.43193888232478,
        "fdm": 0.30684681811046544,
        "projMstar": 10.299456228808682,
        "projMdm": 10.106476541384401,
        "projMtotal": 10.514628207353143,
        "projfdm": 0.3907044286802383,
        "MMstar": [
                10.133497159163031,
                10.159348796867542,
                10.182105331574563
        ],
        "MMdm": [
                9.80957255698985,
                9.887723261650828,
                9.938882237328526
        ],
        "MMbh": -Infinity,
        "MMtotal": [
                10.322469142526426,
                10.344074097972044,
                10.361798806920682
        ],
        "Mfdm": [
                0.3050523081465381,
                0.34883078091760905,
                0.385098838478047
        ],
        "MMthetaE": 0.76896871295145,
        "projMMstar": [
                10.147510688717231,
                10.173888469157115,
                10.195986667179037
        ],
        "projMMdm": [
                10.142541400727733,
                10.16871164802107,
                10.202723369410881
        ],
        "projMMtotal": [
                10.463018910597244,
                10.473695982012515,
                10.481990507416572
        ],
        "projMfdm": [
                0.47177218487877043,
                0.49672990291851743,
                0.5300921266343549
        ],
        "Dstar": -0.22984047074373148,
        "Ddm": -0.06918632482420928,
        "Dtotal": -0.1831633497849214,
        "Dfdm": 0.13682384932546152,
        "projDstar": -0.25108549801585706,
        "projDdm": 0.15407785229289275,
        "projDtotal": -0.08994471802414977,
        "projDfdm": 0.27137003436695845,
        "DthetaE": -0.3810456619628017,
        "PL_slope1": -2.804510037632176,
        "AV_slope1": 2.778866994165496,
        "PL_slope2": -3.257237881699916,
        "AV_slope2": 3.209818849974764
}