{
        "Reff": 0.16132178706696065,
        "R": 0.40330446766740163,
        "MthetaE": 0.18954954954954953,
        "Mstar": 9.599760029832073,
        "Mdm": 9.279234321206893,
        "Mbh": 7.548817157745361,
        "Mtotal": 9.769449468963973,
        "fdm": 0.32343338962162704,
        "projMstar": 9.717313111667044,
        "projMdm": 9.527509505220532,
        "projMtotal": 9.93372876526527,
        "projfdm": 0.39244675278136476,
        "MMstar": [
                -Infinity,
                -Infinity,
                -Infinity
        ],
        "MMdm": [
                -Infinity,
                -Infinity,
                -Infinity
        ],
        "MMbh": -Infinity,
        "MMtotal": [
                -Infinity,
                -Infinity,
                -Infinity
        ],
        "Mfdm": [
                0.0,
                0.0,
                0.0
        ],
        "MMthetaE": 0.18000780730416677,
        "projMMstar": [
                9.83341004413087,
                9.864319009594059,
                9.890497041404288
        ],
        "projMMdm": [
                6.707366167542729,
                7.4793712084728385,
                8.173216093751446
        ],
        "projMMtotal": [
                9.839285117616894,
                9.86800197513519,
                9.896149649501544
        ],
        "projMfdm": [
                0.0006779382268275913,
                0.004218697371062415,
                0.01980245556603387
        ],
        "Dstar": -1.0,
        "Ddm": -1.0,
        "Dtotal": -1.0,
        "Dfdm": -1.0,
        "projDstar": 0.4028327555731227,
        "projDdm": -0.991049203090409,
        "projDtotal": -0.14044591254572447,
        "projDfdm": -0.9892502681162133,
        "DthetaE": 0.05033903941242807
}