{
        "Reff": 0.23513420348217307,
        "R": 0.5878355087054327,
        "MthetaE": 0.29617117117117114,
        "Mstar": 10.050722827275926,
        "Mdm": 9.733344266485139,
        "Mbh": 7.900820732116699,
        "Mtotal": 10.22143265648222,
        "fdm": 0.3250211405665837,
        "projMstar": 10.118482880290474,
        "projMdm": 9.9181948845171,
        "projMtotal": 10.330814090773245,
        "projfdm": 0.3867058960445534,
        "MMstar": 10.151464622755102,
        "MMdm": 9.216427785173806,
        "MMbh": -Infinity,
        "MMtotal": 10.199181353771534,
        "Mfdm": 0.10405104144193902,
        "MMthetaE": 0.3247669375126507,
        "projMMstar": 10.171626067560611,
        "projMMdm": 9.555707599083615,
        "projMMtotal": 10.26579953776144,
        "projMfdm": 0.19494318679176575,
        "Dstar": 0.26107755329081545,
        "Ddm": -0.6958530128873697,
        "Dtotal": -0.04994511077144501,
        "Dfdm": -0.6798637735977572,
        "projDstar": 0.13016847078566246,
        "projDdm": -0.5659770299236205,
        "projDtotal": -0.13903509884350512,
        "projDfdm": -0.49588773073864423,
        "DthetaE": -0.0965514848335887
}