{
        "Reff": 0.16132178706696065,
        "R": 0.18954954954954953,
        "MthetaE": 0.18954954954954953,
        "Mstar": 9.345171940693744,
        "Mdm": 8.74601141403639,
        "Mbh": 7.548817157745361,
        "Mtotal": 9.44266339731129,
        "fdm": 0.20107034205073515,
        "projMstar": 9.585940106115428,
        "projMdm": 9.095671706651812,
        "projMtotal": 9.707629180051482,
        "projfdm": 0.24436698278553526,
        "MMstar": [
                9.744586773751273,
                9.75820032374327,
                9.764167977361495
        ],
        "MMdm": [
                8.030879038818819,
                8.21366692613839,
                8.358810745951297
        ],
        "MMbh": -Infinity,
        "MMtotal": [
                9.757900485537741,
                9.770443696550391,
                9.77579094470266
        ],
        "Mfdm": [
                0.01875961846713042,
                0.028067503030043513,
                0.03959598426688996
        ],
        "MMthetaE": 0.20156767776074946,
        "projMMstar": [
                9.813588822418655,
                9.827112392317467,
                9.833081674365301
        ],
        "projMMdm": [
                8.604517202262699,
                8.707264271413532,
                8.79553709447523
        ],
        "projMMtotal": [
                9.84401344011685,
                9.857978146273123,
                9.864295664530374
        ],
        "projMfdm": [
                0.05672302491106306,
                0.07136775550492058,
                0.08760717707770563
        ],
        "Dstar": 1.588382071748401,
        "Ddm": -0.7064679605126316,
        "Dtotal": 1.1270627359116974,
        "Dfdm": -0.8604095325855596,
        "projDstar": 0.7424979915949027,
        "projDdm": -0.5911231098744993,
        "projDtotal": 0.4136730091595455,
        "projDfdm": -0.7079484523997445,
        "DthetaE": -0.06340362316745214
}