{
        "Reff": 0.16132178706696065,
        "R": 0.18954954954954953,
        "MthetaE": 0.18954954954954953,
        "Mstar": 9.345171940693744,
        "Mdm": 8.74601141403639,
        "Mbh": 7.548817157745361,
        "Mtotal": 9.442663397311287,
        "fdm": 0.20107034205073515,
        "projMstar": 9.585940106115428,
        "projMdm": 9.095671706651812,
        "projMtotal": 9.707629180051482,
        "projfdm": 0.24436698278553526,
        "MMstar": [
                -Infinity,
                -Infinity,
                -Infinity
        ],
        "MMdm": [
                -Infinity,
                -Infinity,
                -Infinity
        ],
        "MMbh": -Infinity,
        "MMtotal": [
                -Infinity,
                -Infinity,
                -Infinity
        ],
        "Mfdm": [
                0.0,
                0.0,
                0.0
        ],
        "MMthetaE": 0.18000780730416677,
        "projMMstar": [
                9.708459281019802,
                9.735540694086188,
                9.762298678747491
        ],
        "projMMdm": [
                6.15813824348648,
                6.900480883700607,
                7.613925018668342
        ],
        "projMMtotal": [
                9.710649502275068,
                9.737720688968619,
                9.763173179981171
        ],
        "projMfdm": [
                0.0002618397284356393,
                0.0014828963469184348,
                0.007270854273257252
        ],
        "Dstar": -1.0,
        "Ddm": -1.0,
        "Dtotal": -1.0,
        "Dfdm": -1.0,
        "projDstar": 0.4112390590203764,
        "projDdm": -0.9936201689629988,
        "projDtotal": 0.07174510571726758,
        "projDfdm": -0.9939316828729687,
        "DthetaE": 0.05033903941242807
}