{
        "Reff": 0.31296033249228816,
        "R": 0.7824008312307205,
        "Mstar": 10.273398214805393,
        "Mdm": 10.022244869721614,
        "Mbh": 8.0,
        "Mtotal": 10.46675935863046,
        "fdm": 0.3593234088274306,
        "MMstar": 10.204858294077603,
        "MMdm": 9.576624000515206,
        "MMbh": -Infinity,
        "MMtotal": 10.296658126247708,
        "Mfdm": 0.19053109976910057,
        "Dstar": -0.14599565701400566,
        "Ddm": -0.6415908150509493,
        "Dtotal": -0.3240745985982094,
        "Dfdm": -0.4697503833917889
}