{
        "Reff": 0.4750495551698561,
        "R": 0.5704504504504504,
        "MthetaE": 0.5704504504504504,
        "Mstar": 10.332645767283655,
        "Mdm": 9.992792189571597,
        "Mbh": 8.356976509094238,
        "Mtotal": 10.496177543277874,
        "fdm": 0.31377233259751786,
        "projMstar": 10.401266100675649,
        "projMdm": 10.244434226332219,
        "projMtotal": 10.630921389796415,
        "projfdm": 0.4106887785123597,
        "MMstar": 10.318186451088717,
        "MMdm": 9.270481105370116,
        "MMbh": -Infinity,
        "MMtotal": 10.3554524474331,
        "Mfdm": 0.08222969093413957,
        "MMthetaE": 0.0,
        "projMMstar": 10.356590317139812,
        "projMMdm": 10.148348169517426,
        "projMMtotal": 10.565862861301643,
        "projMfdm": 0.3823713181681325,
        "Dstar": -0.03274566721697489,
        "Ddm": -0.8104652198685565,
        "Dtotal": -0.2767725453591597,
        "Dfdm": -0.7379319895625812,
        "projDstar": -0.09775555579317077,
        "projDdm": -0.1984807758991906,
        "projDtotal": -0.13912227340390068,
        "projDfdm": -0.06895114214418437,
        "DthetaE": 1.0
}