{
        "Reff": 0.2351342034821731,
        "R": 0.5878355087054328,
        "thetaE": 0.31188243057005166,
        "Mstar": 10.050720464297624,
        "Mdm": 9.733344266485139,
        "Mbh": 8.0,
        "Mtotal": 10.22143106152323,
        "fdm": 0.32502233421827237,
        "MMstar": 10.142641805736085,
        "MMdm": 9.080823243357077,
        "MMbh": -Infinity,
        "MMtotal": 10.178764426980468,
        "Mfdm": 0.07981027667770751,
        "Dstar": 0.23572360134928053,
        "Ddm": -0.7774236701543602,
        "Dtotal": -0.09357188974170652,
        "Dfdm": -0.7544467924960812
}