{
        "Reff": 0.9094395894549946,
        "R": 0.46202702702702697,
        "MthetaE": 0.46202702702702697,
        "Mstar": 10.249161196740573,
        "Mdm": 9.727404978743365,
        "Mbh": 8.274933815002441,
        "Mtotal": 10.36336385144635,
        "fdm": 0.23122837510002717,
        "projMstar": 10.357000467888106,
        "projMdm": 9.994571718724659,
        "projMtotal": 10.513574293257767,
        "projfdm": 0.30268954843648216,
        "MMstar": 10.311079861464217,
        "MMdm": 9.494473151324442,
        "MMbh": -Infinity,
        "MMtotal": 10.372737132067096,
        "Mfdm": 0.1323536794522677,
        "MMthetaE": 0.509223606974525,
        "projMMstar": 10.346485328550434,
        "projMMdm": 9.830886208227806,
        "projMMtotal": 10.462119457119737,
        "projMfdm": 0.23375814439219708,
        "Dstar": 0.15323725771307958,
        "Ddm": -0.415118112297689,
        "Dtotal": 0.021817369026114808,
        "Dfdm": -0.4276062382265465,
        "projDstar": -0.023921243890788455,
        "projDdm": -0.3140152051263905,
        "projDtotal": -0.11172965402134322,
        "projDfdm": -0.22772971316764834,
        "DthetaE": -0.10215112360675202
}