{
        "Reff": 0.24958845221212395,
        "R": 0.2852252252252252,
        "MthetaE": 0.2852252252252252,
        "Mstar": 9.865184797181685,
        "Mdm": 9.320890637416293,
        "Mbh": 7.900820732116699,
        "Mtotal": 9.974279028909685,
        "fdm": 0.22213224635086606,
        "projMstar": 9.994656445662281,
        "projMdm": 9.569778667935397,
        "projMtotal": 10.133256948774434,
        "projfdm": 0.2732258081279366,
        "MMstar": 9.97033083181018,
        "MMdm": 8.336621044705847,
        "MMbh": -Infinity,
        "MMtotal": 9.980309569398418,
        "Mfdm": 0.022714933792419793,
        "MMthetaE": 0.32452344599874056,
        "projMMstar": 10.001499298174739,
        "projMMdm": 9.394507397904293,
        "projMMtotal": 10.09742739981571,
        "projMfdm": 0.19818920614704774,
        "Dstar": 0.2739313775490438,
        "Ddm": -0.8963115440622618,
        "Dtotal": 0.013982688595324002,
        "Dfdm": -0.8977413943019299,
        "projDstar": 0.015881034414483325,
        "projDdm": -0.3320734146152144,
        "projDtotal": -0.07918910111336669,
        "projDfdm": -0.27463218974451115,
        "DthetaE": -0.13777961168225536
}