{
        "Reff": 0.24958845221212395,
        "R": 0.2852252252252252,
        "MthetaE": 0.2852252252252252,
        "Mstar": 9.865184797181685,
        "Mdm": 9.320890637416293,
        "Mbh": 7.900820732116699,
        "Mtotal": 9.974279028909685,
        "fdm": 0.22213224635086606,
        "projMstar": 9.994656445662281,
        "projMdm": 9.569778667935397,
        "projMtotal": 10.133256948774434,
        "projfdm": 0.2732258081279366,
        "MMstar": 9.971989122358483,
        "MMdm": 8.34598647298463,
        "MMbh": -Infinity,
        "MMtotal": 9.982144453791987,
        "Mfdm": 0.023112238966094066,
        "MMthetaE": 0.32452344599874056,
        "projMMstar": 10.003231137107889,
        "projMMdm": 9.39628495302627,
        "projMMtotal": 10.099168299586402,
        "projMfdm": 0.19820593443133636,
        "Dstar": 0.2788049986034583,
        "Ddm": -0.8940512503986644,
        "Dtotal": 0.018275805365966163,
        "Dfdm": -0.8959527968326245,
        "projDstar": 0.019940157747079787,
        "projDdm": -0.3293340075188481,
        "projDtotal": -0.07549055831591382,
        "projDfdm": -0.27457096461939123,
        "DthetaE": -0.13777961168225536
}