{
        "Reff": 0.35973259940631414,
        "R": 0.8993314985157853,
        "Mstar": 10.278276772675927,
        "Mdm": 10.211023490954043,
        "Mbh": 8.119908332824707,
        "Mtotal": 10.546980653957114,
        "fdm": 0.46136307924665615,
        "MMstar": 10.459216995334977,
        "MMdm": 9.989945752560308,
        "MMbh": -Infinity,
        "MMtotal": 10.586131577283812,
        "Mfdm": 0.2534044138692103,
        "Dstar": 0.5168415713542719,
        "Ddm": -0.3989338625443612,
        "Dtotal": 0.0943365972723559,
        "Dfdm": -0.4507483904369079
}