{
        "Reff": 0.3939136227063193,
        "R": 0.9847840567657983,
        "MthetaE": 0.45018018018018013,
        "Mstar": 10.342989362034055,
        "Mdm": 10.05084423957988,
        "Mbh": 8.139239311218262,
        "Mtotal": 10.522062487644199,
        "fdm": 0.33789498956208713,
        "projMstar": 10.39835509943564,
        "projMdm": 10.18970749862652,
        "projMtotal": 10.607472654621885,
        "projfdm": 0.38215086240880686,
        "MMstar": [
                10.372739512250897,
                10.403204038922638,
                10.43296723341921
        ],
        "MMdm": [
                9.559466240878457,
                9.754659024313797,
                9.886333641736922
        ],
        "MMbh": -Infinity,
        "MMtotal": [
                10.484647972556385,
                10.490499865707541,
                10.497390355416576
        ],
        "Mfdm": [
                0.11647496465539402,
                0.1850199034705784,
                0.247789805076856
        ],
        "MMthetaE": 0.6040185929502934,
        "projMMstar": [
                10.403025103127387,
                10.434074967924822,
                10.464610129863187
        ],
        "projMMdm": [
                9.728109285996961,
                9.941337858458686,
                10.068407641939524
        ],
        "projMMtotal": [
                10.537277318150261,
                10.553297591792347,
                10.570385233249107
        ],
        "projMfdm": [
                0.15614464813155976,
                0.24357660594907693,
                0.3171280252236645
        ],
        "Dstar": 0.1487213076796042,
        "Ddm": -0.4943910130254519,
        "Dtotal": -0.07009757971745213,
        "Dfdm": -0.4524337170244379,
        "projDstar": 0.08572507610668462,
        "projDdm": -0.43554365426399283,
        "projDtotal": -0.11727599475951347,
        "projDfdm": -0.3626166262879966,
        "DthetaE": -0.34172631213693355,
        "PL_slope1": -2.738080188726331,
        "AV_slope1": 2.728411427894173,
        "PL_slope2": -2.666619847465044,
        "AV_slope2": 2.6808215318622612
}