{
        "Reff": 0.5148342648334497,
        "R": 1.2870856620836244,
        "MthetaE": 0.5804954954954954,
        "Mstar": 10.485052405687021,
        "Mdm": 10.343082781744615,
        "Mbh": 8.260486602783203,
        "Mtotal": 10.72087312472932,
        "fdm": 0.41899578782519636,
        "projMstar": 10.567427798541386,
        "projMdm": 10.56775212156492,
        "projMtotal": 10.868619985991932,
        "projfdm": 0.5001866953311498,
        "MMstar": [
                10.390816426615556,
                10.424159137212499,
                10.464785078996076
        ],
        "MMdm": [
                10.311344683904121,
                10.381712482639884,
                10.431160613922628
        ],
        "MMbh": -Infinity,
        "MMtotal": [
                10.694346675347784,
                10.704642044955268,
                10.71307697906197
        ],
        "Mfdm": [
                0.4119596459386021,
                0.4750036259811028,
                0.5220592257458053
        ],
        "MMthetaE": 0.5694543561865656,
        "projMMstar": [
                10.409818871081256,
                10.443344849735938,
                10.484150427623968
        ],
        "projMMdm": [
                10.648309215899427,
                10.72795821008538,
                10.775312840661107
        ],
        "projMMtotal": [
                10.873955779053073,
                10.909468897747667,
                10.932505106278482
        ],
        "projMfdm": [
                0.5950502062321339,
                0.6593362871824517,
                0.6961007916759259
        ],
        "Dstar": -0.13082599012843518,
        "Ddm": 0.09302400717126229,
        "Dtotal": -0.036683674924816036,
        "Dfdm": 0.1336716019189976,
        "projDstar": -0.24852064975272173,
        "projDdm": 0.446125847237418,
        "projDtotal": 0.09862356890026562,
        "projDfdm": 0.3181803781204868,
        "DthetaE": 0.019020198080099457
}