{
        "Reff": 0.3555664498963653,
        "R": 0.8889161247409133,
        "MthetaE": 0.7108108108108108,
        "Mstar": 10.480430779715173,
        "Mdm": 10.35153228832647,
        "Mbh": 8.265618324279785,
        "Mtotal": 10.721776209571578,
        "fdm": 0.4263399979307349,
        "projMstar": 10.52668112853081,
        "projMdm": 10.557453231213469,
        "projMtotal": 10.843369664689648,
        "projfdm": 0.5177064389389725,
        "MMstar": [
                -Infinity,
                -Infinity,
                -Infinity
        ],
        "MMdm": [
                -Infinity,
                -Infinity,
                -Infinity
        ],
        "MMbh": -Infinity,
        "MMtotal": [
                -Infinity,
                -Infinity,
                -Infinity
        ],
        "Mfdm": [
                0.0,
                0.0,
                0.0
        ],
        "MMthetaE": 0.7200312292166671,
        "projMMstar": [
                10.581098294153684,
                10.584923642125773,
                10.588450754960293
        ],
        "projMMdm": [
                10.41506743201005,
                10.422488467059114,
                10.430305842975944
        ],
        "projMMtotal": [
                10.811348797888412,
                10.812232253780653,
                10.81331018941836
        ],
        "projMfdm": [
                0.40149528714338156,
                0.40753700901038564,
                0.4140726358837571
        ],
        "Dstar": -1.0,
        "Ddm": -1.0,
        "Dtotal": -1.0,
        "Dfdm": -1.0,
        "projDstar": 0.14351670562966465,
        "projDdm": -0.2671160078056799,
        "projDtotal": -0.06918668075193395,
        "projDfdm": -0.2128028968586456,
        "DthetaE": -0.012971691293410007
}