{
        "Reff": 0.3555664498963653,
        "R": 0.8889161247409133,
        "MthetaE": 0.7108108108108108,
        "Mstar": 10.480430779715173,
        "Mdm": 10.35153228832647,
        "Mbh": 8.265618324279785,
        "Mtotal": 10.721776209571578,
        "fdm": 0.4263399979307349,
        "projMstar": 10.52668112853081,
        "projMdm": 10.557453231213469,
        "projMtotal": 10.843369664689648,
        "projfdm": 0.5177064389389725,
        "MMstar": [
                -Infinity,
                -Infinity,
                -Infinity
        ],
        "MMdm": [
                -Infinity,
                -Infinity,
                -Infinity
        ],
        "MMbh": -Infinity,
        "MMtotal": [
                -Infinity,
                -Infinity,
                -Infinity
        ],
        "Mfdm": [
                0.0,
                0.0,
                0.0
        ],
        "MMthetaE": 0.7422755400052048,
        "projMMstar": [
                10.581375723263815,
                10.584720806452825,
                10.588142797288265
        ],
        "projMMdm": [
                10.415850540870554,
                10.422870408064497,
                10.42987215305068
        ],
        "projMMtotal": [
                10.811484651725104,
                10.812296946265505,
                10.813260008135106
        ],
        "projMfdm": [
                0.40209836015908934,
                0.40789818402212097,
                0.41366364468628186
        ],
        "Dstar": -1.0,
        "Ddm": -1.0,
        "Dtotal": -1.0,
        "Dfdm": -1.0,
        "projDstar": 0.14298275497212656,
        "projDdm": -0.26647118825594984,
        "projDtotal": -0.06904801651782642,
        "projDfdm": -0.21210525243205597,
        "DthetaE": -0.04426596882861517
}