{
        "Reff": 0.5148342648334497,
        "R": 1.2870856620836244,
        "MthetaE": 0.0,
        "Mstar": 10.485048613230262,
        "Mdm": 10.34306489408524,
        "Mbh": 8.260486602783203,
        "Mtotal": 10.720863426497717,
        "fdm": 0.41898788695716166,
        "projMstar": 10.567425662836804,
        "projMdm": 10.567746790083469,
        "projMtotal": 10.868616251805218,
        "projfdm": 0.5001848556943586,
        "MMstar": [
                10.305052941870786,
                10.373502018224741,
                10.432078914835369
        ],
        "MMdm": [
                10.150082926829386,
                10.247313318734676,
                10.341208579616461
        ],
        "MMbh": -Infinity,
        "MMtotal": [
                10.596714599868488,
                10.617586227590232,
                10.637983873123662
        ],
        "Mfdm": [
                0.34566153514355064,
                0.42789282189388095,
                0.5201340197418978
        ],
        "MMthetaE": 0.0,
        "projMMstar": [
                10.32401811967759,
                10.392297821656515,
                10.450363921470286
        ],
        "projMMdm": [
                10.656058172543206,
                10.748113234159824,
                10.856290735046228
        ],
        "projMMtotal": [
                10.838682885029296,
                10.905822281895341,
                10.991603495531258
        ],
        "projMfdm": [
                0.6358764172013147,
                0.7015824511550454,
                0.7581435375335918
        ],
        "Dstar": -0.22651231237053573,
        "Ddm": -0.19786323043094106,
        "Dtotal": -0.21164323068691396,
        "Dfdm": 0.021253442435746957,
        "projDstar": -0.33185279066622986,
        "projDdm": 0.514838882932358,
        "projDtotal": 0.08944680630036894,
        "projDfdm": 0.4026463279882912,
        "DthetaE": 0,
        "PL_slope1": -2.443240634120116,
        "AV_slope1": 2.3470923402008244,
        "PL_slope2": -1.9815501406395266,
        "AV_slope2": 1.9863303043547131
}