{
        "Reff": 0.5148342648334497,
        "R": 1.2870856620836244,
        "MthetaE": 0.0,
        "Mstar": 10.485048613230262,
        "Mdm": 10.34306489408524,
        "Mbh": 8.260486602783203,
        "Mtotal": 10.720863426497717,
        "fdm": 0.41898788695716166,
        "projMstar": 10.567425662836804,
        "projMdm": 10.567746790083469,
        "projMtotal": 10.868616251805218,
        "projfdm": 0.5001848556943586,
        "MMstar": [
                10.29954018255826,
                10.375113558130447,
                10.430995972387368
        ],
        "MMdm": [
                10.15050223381055,
                10.24766663443777,
                10.347550667559373
        ],
        "MMbh": -Infinity,
        "MMtotal": [
                10.598682908485644,
                10.617628595994086,
                10.637742861623913
        ],
        "Mfdm": [
                0.34489976342263934,
                0.4275998709664018,
                0.5228329277412924
        ],
        "MMthetaE": 0.0,
        "projMMstar": [
                10.318618473510046,
                10.39290692452467,
                10.448898341016928
        ],
        "projMMdm": [
                10.65186698429888,
                10.75177572504064,
                10.87206278411777
        ],
        "projMMtotal": [
                10.83793451705853,
                10.907550704120503,
                10.99807466828386
        ],
        "projMfdm": [
                0.6357737832404533,
                0.7066602683982378,
                0.7644486555553088
        ],
        "Dstar": -0.22363679379792323,
        "Ddm": -0.1972103949900124,
        "Dtotal": -0.21156631732812975,
        "Dfdm": 0.020554255331301823,
        "projDstar": -0.3309150492896997,
        "projDdm": 0.5276678360242645,
        "projDtotal": 0.09379126885786447,
        "projDfdm": 0.4127982092085721,
        "DthetaE": 0,
        "PL_slope1": -2.439860936038737,
        "AV_slope1": 2.3409608403563715,
        "PL_slope2": -1.9836536269572773,
        "AV_slope2": 1.9888488798642479
}