{
        "Reff": 0.4869602608436852,
        "R": 1.217400652109213,
        "MthetaE": 0.0,
        "Mstar": 10.871967128271251,
        "Mdm": 10.636338659573704,
        "Mbh": 8.438713073730469,
        "Mtotal": 11.070970815358658,
        "fdm": 0.36759351767167864,
        "projMstar": 10.969620351737936,
        "projMdm": 10.902219596043672,
        "projMtotal": 11.238256200195426,
        "projfdm": 0.46127869442808966,
        "MMstar": [
                10.753662307860196,
                10.855969254253003,
                10.916946944251137
        ],
        "MMdm": [
                10.398371667198145,
                10.566121919406521,
                10.736358065903019
        ],
        "MMbh": -Infinity,
        "MMtotal": [
                11.021003396163646,
                11.037220240058742,
                11.057922884310836
        ],
        "Mfdm": [
                0.23291517845070042,
                0.3399683236817396,
                0.48898271025940926
        ],
        "MMthetaE": 0.0,
        "projMMstar": [
                10.766218427244885,
                10.868724375912938,
                10.929233073434641
        ],
        "projMMdm": [
                10.752847264682098,
                10.885719013962882,
                10.987434471716451
        ],
        "projMMtotal": [
                11.133224943284002,
                11.168215243334544,
                11.206223267126811
        ],
        "projMfdm": [
                0.40242697004621303,
                0.510376839743811,
                0.6128028543347889
        ],
        "Dstar": -0.036166258176704276,
        "Ddm": -0.14928662705022133,
        "Dtotal": -0.07477059939761424,
        "Dfdm": -0.07515147210678738,
        "projDstar": -0.20730882328746075,
        "projDdm": -0.03728127735034801,
        "projDtotal": -0.1489422259961435,
        "projDfdm": 0.10643922190378857,
        "DthetaE": 0,
        "PL_slope1": -3.5495516864789622,
        "AV_slope1": 3.1941577732989614,
        "PL_slope2": -1.6090903726807435,
        "AV_slope2": 1.6161485420233932
}