{
        "Reff": 0.41926087573428844,
        "R": 1.048152189335721,
        "MthetaE": 0.37909909909909906,
        "Mstar": 10.368959787027727,
        "Mdm": 10.167612661655273,
        "Mbh": 8.278263092041016,
        "Mtotal": 10.58088173208385,
        "fdm": 0.3861276746118224,
        "projMstar": 10.46300205690702,
        "projMdm": 10.48531827130692,
        "projMtotal": 10.775333483789968,
        "projfdm": 0.5128434197786145,
        "MMstar": [
                10.410833391517208,
                10.433612081763336,
                10.457480704308127
        ],
        "MMdm": [
                9.941758933811196,
                10.013202805186594,
                10.076403679922034
        ],
        "MMbh": -Infinity,
        "MMtotal": [
                10.561570063618852,
                10.573621410339143,
                10.585005372994932
        ],
        "Mfdm": [
                0.23435183871275128,
                0.27680952410418086,
                0.3140201287460987
        ],
        "MMthetaE": 0.38191770523089374,
        "projMMstar": [
                10.4225544657773,
                10.445185179626716,
                10.469414802978667
        ],
        "projMMdm": [
                10.464152480770235,
                10.553187636667348,
                10.61895381484463
        ],
        "projMMtotal": [
                10.76222744484014,
                10.802759013898376,
                10.835162993685532
        ],
        "projMfdm": [
                0.5004687747941285,
                0.5615158535157593,
                0.6086100978228525
        ],
        "Dstar": 0.1605191058792634,
        "Ddm": -0.2992063732958256,
        "Dtotal": -0.01657854651677682,
        "Dfdm": -0.2831140000973514,
        "projDstar": -0.04019474649281792,
        "projDdm": 0.16914766157679514,
        "projDtotal": 0.06518619705466791,
        "projDfdm": 0.0949070064273338,
        "DthetaE": -0.007435011421796824,
        "PL_slope1": -2.8489416854187435,
        "AV_slope1": 2.808570613474067,
        "PL_slope2": -1.8346825634065622,
        "AV_slope2": 1.8534935320785257
}