{
        "Reff": 0.41926087573428844,
        "R": 1.048152189335721,
        "MthetaE": 0.37909909909909906,
        "Mstar": 10.368959787027727,
        "Mdm": 10.167612661655273,
        "Mbh": 8.278263092041016,
        "Mtotal": 10.58088173208385,
        "fdm": 0.3861276746118224,
        "projMstar": 10.46300205690702,
        "projMdm": 10.48531827130692,
        "projMtotal": 10.775333483789968,
        "projfdm": 0.5128434197786145,
        "MMstar": [
                10.408849507256061,
                10.433825934464515,
                10.457470725629307
        ],
        "MMdm": [
                9.94234780982942,
                10.015797979953199,
                10.07252830111984
        ],
        "MMbh": -Infinity,
        "MMtotal": [
                10.56157571550571,
                10.573306308125987,
                10.58451166780889
        ],
        "Mfdm": [
                0.23694515050167766,
                0.2773223992838214,
                0.3103463243912573
        ],
        "MMthetaE": 0.38191770523089374,
        "projMMstar": [
                10.421325000233933,
                10.446199899598694,
                10.469035924616257
        ],
        "projMMdm": [
                10.468397885167734,
                10.550706600015717,
                10.61698852526723
        ],
        "projMMtotal": [
                10.766925577711776,
                10.801001683105333,
                10.835461625208492
        ],
        "projMfdm": [
                0.5004693262659661,
                0.560501109958206,
                0.6091385138659217
        ],
        "Dstar": 0.16109070250236657,
        "Ddm": -0.2950061664775793,
        "Dtotal": -0.01729180883188691,
        "Dfdm": -0.2817857472593331,
        "projDstar": -0.037949559701535164,
        "projDdm": 0.16248759905240232,
        "projDtotal": 0.06088473229956002,
        "projDfdm": 0.09292834487408365,
        "DthetaE": -0.007435011421796824
}