{
        "Reff": 0.4081097725007585,
        "R": 1.0202744312518963,
        "MthetaE": 0.0,
        "Mstar": 10.364943218193039,
        "Mdm": 10.152496114847926,
        "Mbh": 8.278263092041016,
        "Mtotal": 10.572612711748814,
        "fdm": 0.38008733894439084,
        "projMstar": 10.459069556768531,
        "projMdm": 10.470354006813059,
        "projMtotal": 10.765778427480319,
        "projfdm": 0.5064954861724276,
        "MMstar": [
                10.414158647184035,
                10.48560957646889,
                10.532834824091367
        ],
        "MMdm": [
                9.758392483696895,
                9.959285443144621,
                10.170478239719694
        ],
        "MMbh": -Infinity,
        "MMtotal": [
                10.58716610912476,
                10.604767007843263,
                10.620487913220227
        ],
        "Mfdm": [
                0.14246240870705326,
                0.23118905749623508,
                0.3625713824638682
        ],
        "MMthetaE": 0.0,
        "projMMstar": [
                10.421602618392779,
                10.49311834626455,
                10.540056462948982
        ],
        "projMMdm": [
                10.287904487955656,
                10.407323176779872,
                10.512940180353668
        ],
        "projMMtotal": [
                10.706046963930643,
                10.741696124669605,
                10.790561297802345
        ],
        "projMfdm": [
                0.3729334878313192,
                0.45527195716147945,
                0.541841041729881
        ],
        "Dstar": 0.3202809538709291,
        "Ddm": -0.35910139203293173,
        "Dtotal": 0.07684772801508691,
        "Dfdm": -0.39174754376635657,
        "projDstar": 0.08155544853886589,
        "projDdm": -0.1350934820577215,
        "projDtotal": -0.05394214231499124,
        "projDfdm": -0.10113323891204425,
        "DthetaE": 0
}