{
        "Reff": 0.3465146838858552,
        "R": 0.8662867097146381,
        "MthetaE": 1.0543693693693692,
        "Mstar": 11.033412259839897,
        "Mdm": 10.707664354405054,
        "Mbh": 8.772610664367676,
        "Mtotal": 11.201419526893796,
        "fdm": 0.32080773240888977,
        "projMstar": 11.066829826989872,
        "projMdm": 10.9365370114967,
        "projMtotal": 11.30758134804791,
        "projfdm": 0.42555496657047037,
        "MMstar": [
                11.131908823113971,
                11.149984996056197,
                11.177353933129277
        ],
        "MMdm": [
                10.145053695551214,
                10.227975778613558,
                10.290249238116107
        ],
        "MMbh": -Infinity,
        "MMtotal": [
                11.18692500104115,
                11.200460801010909,
                11.217569711353974
        ],
        "Mfdm": [
                0.08462861281633222,
                0.10750665216881211,
                0.1248115978139437
        ],
        "MMthetaE": 1.0495892490530028,
        "projMMstar": [
                11.150009267076335,
                11.167593783570231,
                11.194956171606679
        ],
        "projMMdm": [
                10.62627416206216,
                10.69980404593501,
                10.742751718467744
        ],
        "projMMtotal": [
                11.291608986429278,
                11.295350756939625,
                11.300134145232915
        ],
        "projMfdm": [
                0.21209507248026277,
                0.25398138461831987,
                0.28116272935915143
        ],
        "Dstar": 0.30789456849642144,
        "Ddm": -0.6686313456127894,
        "Dtotal": -0.002205113084284058,
        "Dfdm": -0.6648875905778104,
        "projDstar": 0.26114190497261375,
        "projDdm": -0.42021492097725965,
        "projDtotal": -0.027769124764857822,
        "projDfdm": -0.4031760769586472,
        "DthetaE": 0.004533629727147212,
        "PL_slope1": -3.7102248536471576,
        "AV_slope1": 3.687891342868347,
        "PL_slope2": -3.1980388372518447,
        "AV_slope2": 3.3018123593192965
}