{
        "Reff": 0.3465146838858552,
        "R": 0.8662867097146381,
        "MthetaE": 1.0543693693693692,
        "Mstar": 11.033412259839897,
        "Mdm": 10.707664354405054,
        "Mbh": 8.772610664367676,
        "Mtotal": 11.201419526893796,
        "fdm": 0.32080773240888977,
        "projMstar": 11.066829826989872,
        "projMdm": 10.9365370114967,
        "projMtotal": 11.30758134804791,
        "projfdm": 0.42555496657047037,
        "MMstar": [
                11.127250909993029,
                11.151860687127778,
                11.175230028767604
        ],
        "MMdm": [
                10.152004872076427,
                10.229167242852977,
                10.295898966954217
        ],
        "MMbh": -Infinity,
        "MMtotal": [
                11.186405474904157,
                11.201202393952855,
                11.216545989083016
        ],
        "Mfdm": [
                0.08668772393824974,
                0.10749611109472033,
                0.12677726249474164
        ],
        "MMthetaE": 1.0800468438250006,
        "projMMstar": [
                11.145103280150892,
                11.170042138473931,
                11.19317627303269
        ],
        "projMMdm": [
                10.629059569681173,
                10.695883430057254,
                10.74901325361029
        ],
        "projMMtotal": [
                11.291390383131864,
                11.295499125739665,
                11.300298130496857
        ],
        "projMfdm": [
                0.21435524779285672,
                0.2522208275405094,
                0.28658113656382783
        ],
        "Dstar": 0.3135555002492263,
        "Ddm": -0.6677210048428581,
        "Dtotal": -0.0004998421102983268,
        "Dfdm": -0.6649204484955813,
        "projDstar": 0.26827172831690493,
        "projDdm": -0.42542540638925797,
        "projDtotal": -0.02743692305124218,
        "projDfdm": -0.40731316197964634,
        "DthetaE": -0.024353395689965272
}