{
        "Reff": 0.3252354630461267,
        "R": 0.4991441441441441,
        "MthetaE": 0.4991441441441441,
        "Mstar": 10.183212160048441,
        "Mdm": 9.80157400800741,
        "Mbh": 8.01979923248291,
        "Mtotal": 10.334060642318494,
        "fdm": 0.29343598093559103,
        "projMstar": 10.233211045645731,
        "projMdm": 10.000103449584664,
        "projMtotal": 10.433143090836513,
        "projfdm": 0.36894392080771937,
        "MMstar": [
                10.124185151673375,
                10.157492203210932,
                10.190338290898543
        ],
        "MMdm": [
                9.119160197369958,
                9.196310174555196,
                9.2788189432747
        ],
        "MMbh": -Infinity,
        "MMtotal": [
                10.18017456319249,
                10.202299732241002,
                10.227923766403965
        ],
        "Mfdm": [
                0.07957887722512982,
                0.09868406018791304,
                0.12436061063051305
        ],
        "MMthetaE": 0.4025273296550601,
        "projMMstar": [
                10.152160666769154,
                10.186687035178734,
                10.217787316269847
        ],
        "projMMdm": [
                9.920991432588327,
                9.992445998904353,
                10.061390671209985
        ],
        "projMMtotal": [
                10.383531641175097,
                10.4033356890223,
                10.41752345158743
        ],
        "projMfdm": [
                0.3354307289882133,
                0.3894206981053902,
                0.4460924330747416
        ],
        "Dstar": -0.05750285534327853,
        "Ddm": -0.7518374937404885,
        "Dtotal": -0.2616894233830391,
        "Dfdm": -0.6636947525205708,
        "projDstar": -0.10158707858795923,
        "projDdm": -0.01747739884855694,
        "projDtotal": -0.06633173366979721,
        "projDfdm": 0.05550105623868678,
        "DthetaE": 0.19356495638098228
}