{
        "Reff": 0.3252354630461267,
        "R": 0.4991441441441441,
        "MthetaE": 0.4991441441441441,
        "Mstar": 10.183212160048441,
        "Mdm": 9.80157400800741,
        "Mbh": 8.01979923248291,
        "Mtotal": 10.334060642318494,
        "fdm": 0.29343598093559103,
        "projMstar": 10.233211045645731,
        "projMdm": 10.000103449584664,
        "projMtotal": 10.433143090836513,
        "projfdm": 0.36894392080771937,
        "MMstar": [
                10.118626208709781,
                10.15707657712517,
                10.18929608524198
        ],
        "MMdm": [
                9.121098197485265,
                9.201307980852476,
                9.28009531621428
        ],
        "MMbh": -Infinity,
        "MMtotal": [
                10.175446766847474,
                10.203542775689458,
                10.226857669540315
        ],
        "Mfdm": [
                0.08019754120757452,
                0.10000672398718972,
                0.12590387497260644
        ],
        "MMthetaE": 0.4025273296550601,
        "projMMstar": [
                10.14698938065605,
                10.186284336781247,
                10.217393667434289
        ],
        "projMMdm": [
                9.915668266403586,
                9.997482127127654,
                10.059980210084952
        ],
        "projMMtotal": [
                10.381868211741766,
                10.402484922518326,
                10.417838285953602
        ],
        "projMfdm": [
                0.33389875852475,
                0.3961952703274915,
                0.4469231007815857
        ],
        "Dstar": -0.05840440724242144,
        "Ddm": -0.748965175377325,
        "Dtotal": -0.2595731939151608,
        "Dfdm": -0.65918724872005,
        "projDstar": -0.10241974346510435,
        "projDdm": -0.0060176390572434305,
        "projDtotal": -0.0681589642537032,
        "projDfdm": 0.07386312114890381,
        "DthetaE": 0.19356495638098228
}