{
        "Reff": 0.5148342648334497,
        "R": 1.2870856620836244,
        "MthetaE": 0.5804954954954954,
        "Mstar": 10.485052405687021,
        "Mdm": 10.343082781744615,
        "Mbh": 8.260486602783203,
        "Mtotal": 10.72087312472932,
        "fdm": 0.41899578782519636,
        "projMstar": 10.567427798541386,
        "projMdm": 10.56775212156492,
        "projMtotal": 10.868619985991932,
        "projfdm": 0.5001866953311498,
        "MMstar": [
                10.40807063887951,
                10.441326159533736,
                10.471500829087272
        ],
        "MMdm": [
                10.319439174958605,
                10.370385058678854,
                10.41451147742858
        ],
        "MMbh": -Infinity,
        "MMtotal": [
                10.70210666451302,
                10.70740910898214,
                10.713904133471512
        ],
        "Mfdm": [
                0.41276553336400085,
                0.45902873431355934,
                0.5034974594805911
        ],
        "MMthetaE": 0.5762987595061156,
        "projMMstar": [
                10.426635576829746,
                10.460428976611539,
                10.490597833771735
        ],
        "projMMdm": [
                10.682631773969963,
                10.736335938476726,
                10.784657155162941
        ],
        "projMMtotal": [
                10.898041471880875,
                10.920632154932672,
                10.943355413643388
        ],
        "projMfdm": [
                0.608459588312337,
                0.6541042546042876,
                0.6943524720103336
        ],
        "Dstar": -0.09578073892747865,
        "Ddm": 0.06488393912294325,
        "Dtotal": -0.03052640654385024,
        "Dfdm": 0.09554498553829038,
        "projDstar": -0.21837007515992093,
        "projDdm": 0.474293045547991,
        "projDtotal": 0.1272290407150123,
        "projDfdm": 0.3077202186900159,
        "DthetaE": 0.0072295754608699084,
        "PL_slope1": -2.3275626155787363,
        "AV_slope1": 2.2407248172113117,
        "PL_slope2": -1.927727874736928,
        "AV_slope2": 1.9257788468605612
}