{
        "Reff": 0.5148342648334497,
        "R": 1.2870856620836244,
        "MthetaE": 0.5804954954954954,
        "Mstar": 10.485052405687021,
        "Mdm": 10.343082781744615,
        "Mbh": 8.260486602783203,
        "Mtotal": 10.72087312472932,
        "fdm": 0.41899578782519636,
        "projMstar": 10.567427798541386,
        "projMdm": 10.56775212156492,
        "projMtotal": 10.868619985991932,
        "projfdm": 0.5001866953311498,
        "MMstar": [
                10.40871348897915,
                10.442025422640143,
                10.471020997113008
        ],
        "MMdm": [
                10.319743439753427,
                10.368119792148903,
                10.414278673023716
        ],
        "MMbh": -Infinity,
        "MMtotal": [
                10.702092399726878,
                10.7071864055329,
                10.71298894323057
        ],
        "Mfdm": [
                0.41397234983223086,
                0.457277458228697,
                0.5022941538626884
        ],
        "MMthetaE": 0.5762987595061156,
        "projMMstar": [
                10.427975318027586,
                10.461146475321513,
                10.49008444582195
        ],
        "projMMdm": [
                10.68392472520892,
                10.735466039178876,
                10.784167993928616
        ],
        "projMMtotal": [
                10.898717965994848,
                10.920146626599637,
                10.942285922902752
        ],
        "projMfdm": [
                0.6098965999080157,
                0.6518435229873311,
                0.6932011562728657
        ],
        "Dstar": -0.09432367120988246,
        "Ddm": 0.05934399820801874,
        "Dtotal": -0.031023418995725582,
        "Dfdm": 0.09136528699298427,
        "projDstar": -0.21707767563386474,
        "projDdm": 0.4713429668008239,
        "projDtotal": 0.12596953629953248,
        "projDfdm": 0.3032004430981046,
        "DthetaE": 0.0072295754608699084
}