{
        "Reff": 1.1035545250518053,
        "R": 0.6634234234234233,
        "MthetaE": 0.6634234234234233,
        "Mstar": 10.522028515683154,
        "Mdm": 10.064407877741875,
        "Mbh": 8.336731910705566,
        "Mtotal": 10.6519251077602,
        "fdm": 0.25851322760668544,
        "projMstar": 10.610449633395211,
        "projMdm": 10.389287224511984,
        "projMtotal": 10.814827120951854,
        "projfdm": 0.37537046949957625,
        "MMstar": 10.534402655328021,
        "MMdm": 9.709821460677459,
        "MMbh": -Infinity,
        "MMtotal": 10.59501284335424,
        "Mfdm": 0.1302592632079565,
        "MMthetaE": 0.6553516178469189,
        "projMMstar": 10.589214780902818,
        "projMMdm": 10.25218168622093,
        "projMMtotal": 10.753633520063685,
        "projMfdm": 0.31517239080429005,
        "Dstar": 0.028902303797414923,
        "Ddm": -0.5580088404447549,
        "Dtotal": -0.12282199041896126,
        "Dfdm": -0.4961214773654087,
        "projDstar": -0.047718938219666204,
        "projDdm": -0.2707197343313341,
        "projDtotal": -0.13142685175488225,
        "projDfdm": -0.16036977755745957,
        "DthetaE": 0.012166898682672369
}