{
        "Reff": 0.35973259940631414,
        "R": 0.8993314985157853,
        "MthetaE": 0.0,
        "Mstar": 10.278276772675927,
        "Mdm": 10.211023490954043,
        "Mbh": 8.119908332824707,
        "Mtotal": 10.546980653957114,
        "fdm": 0.46136307924665615,
        "projMstar": 10.370518682242082,
        "projMdm": 10.460768359679038,
        "projMtotal": 10.719013631195129,
        "projfdm": 0.5517657368605984,
        "MMstar": [
                10.379496160939949,
                10.451407591957471,
                10.502473696540047
        ],
        "MMdm": [
                9.73057465085036,
                9.905897188754787,
                10.142563009516424
        ],
        "MMbh": -Infinity,
        "MMtotal": [
                10.546725391900587,
                10.569975445319274,
                10.594358326351815
        ],
        "Mfdm": [
                0.14625146857201837,
                0.22445922712245103,
                0.3647546434308507
        ],
        "MMthetaE": 0.0,
        "projMMstar": [
                10.39239403030696,
                10.463253309742406,
                10.514114214304671
        ],
        "projMMdm": [
                10.23237207268614,
                10.381739940264003,
                10.489694667168543
        ],
        "projMMtotal": [
                10.67515933740936,
                10.709934624633226,
                10.770949488542751
        ],
        "projMfdm": [
                0.350080587479949,
                0.4589763235159629,
                0.5436771090776035
        ],
        "Dstar": 0.48980977439457524,
        "Ddm": -0.5046938758433475,
        "Dtotal": 0.05437425085514819,
        "Dfdm": -0.5134868020020962,
        "projDstar": 0.2380398600624308,
        "projDdm": -0.16637336812600884,
        "projDtotal": -0.02068818654788913,
        "projDfdm": -0.16816813213626272,
        "DthetaE": 0
}