{
        "Reff": 0.3555664498963653,
        "R": 0.8889161247409133,
        "MthetaE": 0.7108108108108108,
        "Mstar": 10.480430779715173,
        "Mdm": 10.35153228832647,
        "Mbh": 8.265618324279785,
        "Mtotal": 10.721776209571578,
        "fdm": 0.4263399979307349,
        "projMstar": 10.52668112853081,
        "projMdm": 10.557453231213469,
        "projMtotal": 10.843369664689648,
        "projfdm": 0.5177064389389725,
        "MMstar": 10.747738214388722,
        "MMdm": 7.393788800980316,
        "MMbh": -Infinity,
        "MMtotal": 10.747930407933804,
        "Mfdm": 0.0004424440846107878,
        "MMthetaE": 0.7032624410837693,
        "projMMstar": 10.760483394046167,
        "projMMdm": 7.654937606721765,
        "projMMtotal": 10.76082385576079,
        "projMfdm": 0.0007836348665259513,
        "Dstar": 0.8505781695129135,
        "Ddm": -0.9988978098826647,
        "Dtotal": 0.062072584284458616,
        "Dfdm": -0.9989622271268044,
        "projDstar": 0.7131771195527075,
        "projDdm": -0.9987483457581946,
        "projDtotal": -0.17309771682234298,
        "projDfdm": -0.9984863335520183,
        "DthetaE": 0.010619379463898584
}