{
        "Reff": 0.23513420348217307,
        "R": 0.29617117117117114,
        "MthetaE": 0.29617117117117114,
        "Mstar": 9.876642141429853,
        "Mdm": 9.343449316493516,
        "Mbh": 7.900820732116699,
        "Mtotal": 9.988226969854768,
        "fdm": 0.22658040390447187,
        "projMstar": 10.002798214419613,
        "projMdm": 9.58959111729185,
        "projMtotal": 10.14461871342537,
        "projfdm": 0.2785944137301345,
        "MMstar": 9.979754784036093,
        "MMdm": 8.426800729053776,
        "MMbh": -Infinity,
        "MMtotal": 9.991744846143641,
        "Mfdm": 0.027230516746342567,
        "MMthetaE": 0.2847271780932828,
        "projMMstar": 10.009439410303392,
        "projMMdm": 9.283750409606322,
        "projMMtotal": 10.084280090410688,
        "projMfdm": 0.1582961379348541,
        "Dstar": 0.26798069833303917,
        "Ddm": -0.8788421905687106,
        "Dtotal": 0.008133104958787449,
        "Dfdm": -0.8798196301308423,
        "projDstar": 0.01540943829905061,
        "projDdm": -0.5055079744543829,
        "projDtotal": -0.12971524290881076,
        "projDfdm": -0.43180433586083855,
        "DthetaE": 0.03863979411849754
}