{
        "Reff": 0.35973259940631447,
        "R": 0.8993314985157862,
        "MthetaE": 0.46202702702702697,
        "Mstar": 10.278276772675927,
        "Mdm": 10.21103561277337,
        "Mbh": 8.119908332824707,
        "Mtotal": 10.546986246559046,
        "fdm": 0.4613700154676134,
        "projMstar": 10.370522904662561,
        "projMdm": 10.460775180326277,
        "projMtotal": 10.719019287230033,
        "projfdm": 0.5517672164880664,
        "MMstar": [
                10.2202460090919,
                10.253889413569567,
                10.274775652100532
        ],
        "MMdm": [
                10.264634759200435,
                10.299274104150836,
                10.334187997466021
        ],
        "MMbh": -Infinity,
        "MMtotal": [
                10.564033788174243,
                10.578112691586968,
                10.590057107514317
        ],
        "Mfdm": [
                0.4974913168768148,
                0.5254542993166894,
                0.5618480368463407
        ],
        "MMthetaE": 1.1457531156926812,
        "projMMstar": [
                10.23172012730536,
                10.265233871622698,
                10.286135047354042
        ],
        "projMMdm": [
                10.473153677619644,
                10.507351914350597,
                10.538682465140369
        ],
        "projMMtotal": [
                10.685865505984745,
                10.70275918133914,
                10.71892309241472
        ],
        "projMfdm": [
                0.6114662265122806,
                0.6353084604570969,
                0.6653509273524154
        ],
        "Dstar": -0.05460643712424164,
        "Ddm": 0.22528887788079593,
        "Dtotal": 0.07430215035200904,
        "Dfdm": 0.13889997550908137,
        "projDstar": -0.2152867840377244,
        "projDdm": 0.11320906457420109,
        "projDtotal": -0.03674805612004917,
        "projDfdm": 0.15140668287753797,
        "DthetaE": -1.479840028115192
}