{
        "Reff": 0.544754228166559,
        "R": 0.6397297297297296,
        "MthetaE": 0.6397297297297296,
        "Mstar": 10.387700894003224,
        "Mdm": 9.983169393265646,
        "Mbh": 8.265588760375977,
        "Mtotal": 10.531955832442545,
        "fdm": 0.2826269428551476,
        "projMstar": 10.480275896075595,
        "projMdm": 10.275593071737097,
        "projMtotal": 10.690912870135643,
        "projfdm": 0.3843086871203482,
        "MMstar": [
                10.347916523631005,
                10.383691197877686,
                10.407091314864319
        ],
        "MMdm": [
                9.7885374096435,
                9.849388655296456,
                9.897870196100008
        ],
        "MMbh": -Infinity,
        "MMtotal": [
                10.47785038028027,
                10.492559076821017,
                10.504400251487645
        ],
        "Mfdm": [
                0.1951728892390221,
                0.22634446298522168,
                0.26061320199773963
        ],
        "MMthetaE": 0.6365295087181563,
        "projMMstar": [
                10.371398630626631,
                10.407494303362698,
                10.431068903077245
        ],
        "projMMdm": [
                10.215812102496388,
                10.264041175478686,
                10.317699673333589
        ],
        "projMMtotal": [
                10.636342700301277,
                10.6420445984291,
                10.648054809890793
        ],
        "projMfdm": [
                0.3789380754496427,
                0.41894455924450325,
                0.4674121215316892
        ],
        "Dstar": -0.009190176326999559,
        "Ddm": -0.2651152045785198,
        "Dtotal": -0.08672147775227744,
        "Dfdm": -0.1991405323970543,
        "projDstar": -0.15429595604838756,
        "projDdm": -0.02624858058622978,
        "projDtotal": -0.1064235216772302,
        "projDfdm": 0.09012513452059602,
        "DthetaE": 0.005002457855015387
}