{
        "Reff": 0.33542414752571365,
        "R": 0.8385603688142841,
        "MthetaE": 0.0,
        "Mstar": 10.277667357888435,
        "Mdm": 9.98913029177223,
        "Mbh": [
                7.912351131439209,
                6.072244644165039
        ],
        "Mtotal": 10.457962983718119,
        "fdm": 0.3397561353859292,
        "projMstar": 10.32902983598197,
        "projMdm": 10.227985957460554,
        "projMtotal": 10.582469923635239,
        "projfdm": 0.44209543840509763,
        "MMstar": [
                10.240065052329216,
                10.320859637293088,
                10.377915590829568
        ],
        "MMdm": [
                9.639501870175346,
                9.834982453171968,
                10.0641606900424
        ],
        "MMbh": -Infinity,
        "MMtotal": [
                10.415057086568927,
                10.454274597035651,
                10.486220715302863
        ],
        "Mfdm": [
                0.1634375898158377,
                0.24632813131978204,
                0.39641783521861407
        ],
        "MMthetaE": 0.0,
        "projMMstar": [
                10.259137229804839,
                10.341206809719518,
                10.399255222744184
        ],
        "projMMdm": [
                10.167832547650816,
                10.322237000213548,
                10.43665759431968
        ],
        "projMMtotal": [
                10.576522842837747,
                10.62257816624546,
                10.682287288711887
        ],
        "projMfdm": [
                0.38311662890517756,
                0.4926090893295838,
                0.5900203317988902
        ],
        "Dstar": 0.10456754755477257,
        "Ddm": -0.2987834440119749,
        "Dtotal": -0.008456862039625819,
        "Dfdm": -0.2749854802769705,
        "projDstar": 0.028435297141001754,
        "projDdm": 0.2423702488392888,
        "projDtotal": 0.09675151403842355,
        "projDfdm": 0.11425960671912629,
        "DthetaE": 0,
        "PL_slope1": -3.044396776220299,
        "AV_slope1": 3.0716580514795506,
        "PL_slope2": -2.2723669546388483,
        "AV_slope2": 2.2476268929327072
}