{
        "Reff": 0.33542414752571365,
        "R": 0.8385603688142841,
        "MthetaE": 0.0,
        "Mstar": 10.277667357888435,
        "Mdm": 9.98913029177223,
        "Mbh": [
                7.912351131439209,
                6.072244644165039
        ],
        "Mtotal": 10.457962983718119,
        "fdm": 0.3397561353859292,
        "projMstar": 10.32902983598197,
        "projMdm": 10.227985957460554,
        "projMtotal": 10.582469923635239,
        "projfdm": 0.44209543840509763,
        "MMstar": [
                10.236090900906197,
                10.323247675729988,
                10.378796749362342
        ],
        "MMdm": [
                9.647822652739874,
                9.847698243142561,
                10.06676648692886
        ],
        "MMbh": -Infinity,
        "MMtotal": [
                10.422294819437452,
                10.45428072647826,
                10.487120846470006
        ],
        "Mfdm": [
                0.1649236974821722,
                0.24792531420192576,
                0.40232305291321313
        ],
        "MMthetaE": 0.0,
        "projMMstar": [
                10.256370479217201,
                10.343628587708206,
                10.40063217863004
        ],
        "projMMdm": [
                10.152887202241194,
                10.309531849390364,
                10.435470929079866
        ],
        "projMMtotal": [
                10.57202850046118,
                10.619534375251575,
                10.680360425501581
        ],
        "projMfdm": [
                0.37180178031885985,
                0.48669422788448324,
                0.5875046924392563
        ],
        "Dstar": 0.11065791993388974,
        "Ddm": -0.2779488710282528,
        "Dtotal": -0.008442867734150313,
        "Dfdm": -0.27028451180047935,
        "projDstar": 0.03418623191236113,
        "projDdm": 0.20655157785483844,
        "projDtotal": 0.08909170835633519,
        "projDfdm": 0.10088045613019689,
        "DthetaE": 0,
        "PL_slope1": -3.0370422484738864,
        "AV_slope1": 3.06643318784056,
        "PL_slope2": -2.272929468593224,
        "AV_slope2": 2.258644176814721
}