{
        "Reff": 0.40810977250075836,
        "R": 1.0202744312518959,
        "MthetaE": 0.0,
        "Mstar": 10.364938806152935,
        "Mdm": 10.152496114847926,
        "Mbh": 8.278263092041016,
        "Mtotal": 10.572609976674574,
        "fdm": 0.38008973264361234,
        "projMstar": 10.459067719564095,
        "projMdm": 10.470347334956701,
        "projMtotal": 10.765774141553232,
        "projfdm": 0.5064927035925472,
        "MMstar": [
                10.229035173771717,
                10.370653977031893,
                10.439737124747944
        ],
        "MMdm": [
                9.981687172480829,
                10.179265812860304,
                10.348396988216358
        ],
        "MMbh": -Infinity,
        "MMtotal": [
                10.56313021383871,
                10.584667303082316,
                10.605244260367321
        ],
        "Mfdm": [
                0.25921111778266553,
                0.38802975013943797,
                0.5685699846962718
        ],
        "MMthetaE": 0.0,
        "projMMstar": [
                10.240450490983614,
                10.382386576911287,
                10.451212932815478
        ],
        "projMMdm": [
                10.476343426573898,
                10.563158786901418,
                10.642747106710381
        ],
        "projMMtotal": [
                10.732369927701436,
                10.771426464375505,
                10.819438465756402
        ],
        "projMfdm": [
                0.526699307340553,
                0.6080455937513861,
                0.7029319672144771
        ],
        "Dstar": 0.013246636768952387,
        "Ddm": 0.06357886350050014,
        "Dtotal": 0.02815200413612923,
        "Dfdm": 0.020889849985162606,
        "projDstar": -0.16185558129036776,
        "projDdm": 0.23825888227255212,
        "projDtotal": 0.013100017419102526,
        "projDfdm": 0.20050217789619756,
        "DthetaE": 0,
        "PL_slope1": -2.792440148614155,
        "AV_slope1": 2.787216150702552,
        "PL_slope2": -1.9992935630945188,
        "AV_slope2": 2.0363932126556232
}