{
        "Reff": 0.9842781252851374,
        "R": 1.2083783783783781,
        "MthetaE": 1.2083783783783781,
        "Mstar": 10.895234730204656,
        "Mdm": 10.600000777609383,
        "Mbh": 8.475809097290039,
        "Mtotal": 11.073266611131011,
        "fdm": 0.3363056522233072,
        "projMstar": 10.999048452312893,
        "projMdm": 10.872514045276716,
        "projMtotal": 11.241403360007325,
        "projfdm": 0.42767186967863274,
        "MMstar": [
                -Infinity,
                -Infinity,
                -Infinity
        ],
        "MMdm": [
                -Infinity,
                -Infinity,
                -Infinity
        ],
        "MMbh": -Infinity,
        "MMtotal": [
                -Infinity,
                -Infinity,
                -Infinity
        ],
        "Mfdm": [
                0.0,
                0.0,
                0.0
        ],
        "MMthetaE": 1.2111171673943844,
        "projMMstar": [
                10.960880933938085,
                10.96185850376997,
                10.96261056830283
        ],
        "projMMdm": [
                10.757551254858692,
                10.759110699411295,
                10.761113179437242
        ],
        "projMMtotal": [
                11.173103111223911,
                11.173239783289368,
                11.173414734224629
        ],
        "projMfdm": [
                0.3841039898970351,
                0.3853634763291447,
                0.3869900338145073
        ],
        "Dstar": -1.0,
        "Ddm": -1.0,
        "Dtotal": -1.0,
        "Dfdm": -1.0,
        "projDstar": -0.08206896928502212,
        "projDdm": -0.22981216604783833,
        "projDtotal": -0.1452552867604401,
        "projDfdm": -0.0989272298439456,
        "DthetaE": -0.002266499521186088
}