{
        "Reff": 0.24958845221212395,
        "R": 0.2852252252252252,
        "MthetaE": 0.2852252252252252,
        "Mstar": 9.865184797181685,
        "Mdm": 9.320890637416293,
        "Mbh": 7.900820732116699,
        "Mtotal": 9.974279028909685,
        "fdm": 0.22213224635086606,
        "projMstar": 9.994656445662281,
        "projMdm": 9.569778667935397,
        "projMtotal": 10.133256948774434,
        "projfdm": 0.2732258081279366,
        "MMstar": [
                9.959117696206242,
                9.973123099712197,
                9.994624839265686
        ],
        "MMdm": [
                8.262377305255686,
                8.342388400096675,
                8.409183912704648
        ],
        "MMbh": -Infinity,
        "MMtotal": [
                9.969869696248459,
                9.983581234395832,
                10.003141051888978
        ],
        "Mfdm": [
                0.018537357089752154,
                0.022908878446552882,
                0.027052999769371425
        ],
        "MMthetaE": 0.32452344599874056,
        "projMMstar": [
                9.989972057587165,
                10.00395498410366,
                10.02469028160131
        ],
        "projMMdm": [
                9.325659890950062,
                9.402335490996435,
                9.455743542287783
        ],
        "projMMtotal": [
                10.089685524694437,
                10.103271564827377,
                10.115052822243403
        ],
        "projMfdm": [
                0.16795952765326774,
                0.20030733738546294,
                0.22274360553078956
        ],
        "Dstar": 0.28214842300222326,
        "Ddm": -0.8949253958191452,
        "Dtotal": 0.02165015560861903,
        "Dfdm": -0.896868289845827,
        "projDstar": 0.02164152915537422,
        "projDdm": -0.3199249798472907,
        "projDtotal": -0.06671429027571767,
        "projDfdm": -0.2668798794743796,
        "DthetaE": -0.13777961168225536
}