{
        "Reff": 0.24958845221212395,
        "R": 0.2852252252252252,
        "MthetaE": 0.2852252252252252,
        "Mstar": 9.865184797181685,
        "Mdm": 9.320890637416293,
        "Mbh": 7.900820732116699,
        "Mtotal": 9.974279028909685,
        "fdm": 0.22213224635086606,
        "projMstar": 9.994656445662281,
        "projMdm": 9.569778667935397,
        "projMtotal": 10.133256948774434,
        "projfdm": 0.2732258081279366,
        "MMstar": [
                9.95877818478792,
                9.972464848778325,
                9.991953493268888
        ],
        "MMdm": [
                8.270887462288893,
                8.349214539003288,
                8.414669482060773
        ],
        "MMbh": -Infinity,
        "MMtotal": [
                9.969786479209528,
                9.98323298877529,
                10.00110110128071
        ],
        "Mfdm": [
                0.01897246693577332,
                0.023326283918131425,
                0.027202090465809906
        ],
        "MMthetaE": 0.32452344599874056,
        "projMMstar": [
                9.989644617110091,
                10.003099872832422,
                10.022375223448046
        ],
        "projMMdm": [
                9.339978580313693,
                9.400773486361402,
                9.460301798410963
        ],
        "projMMtotal": [
                10.090560448267986,
                10.102934314850842,
                10.115070600551244
        ],
        "projMfdm": [
                0.1745232717644438,
                0.19888860516359744,
                0.22438818841329797
        ],
        "Dstar": 0.28020656981927466,
        "Ddm": -0.8932608102974163,
        "Dtotal": 0.020831258294747617,
        "Dfdm": -0.8949892043981462,
        "projDstar": 0.01963193030979851,
        "projDdm": -0.322366577292115,
        "projDtotal": -0.06743874895334034,
        "projDfdm": -0.27207240587437903,
        "DthetaE": -0.13777961168225536
}