{
        "Reff": 0.35973259940631447,
        "R": 0.8993314985157862,
        "MthetaE": 0.46202702702702697,
        "Mstar": 10.278276772675927,
        "Mdm": 10.21103561277337,
        "Mbh": 8.119908332824707,
        "Mtotal": 10.546986246559046,
        "fdm": 0.4613700154676134,
        "projMstar": 10.370522904662561,
        "projMdm": 10.460775180326277,
        "projMtotal": 10.719019287230033,
        "projfdm": 0.5517672164880664,
        "MMstar": [
                -Infinity,
                -Infinity,
                -Infinity
        ],
        "MMdm": [
                -Infinity,
                -Infinity,
                -Infinity
        ],
        "MMbh": -Infinity,
        "MMtotal": [
                -Infinity,
                -Infinity,
                -Infinity
        ],
        "Mfdm": [
                0.0,
                0.0,
                0.0
        ],
        "MMthetaE": 0.509223606974525,
        "projMMstar": [
                10.514825221732945,
                10.520080822843513,
                10.524323700369832
        ],
        "projMMdm": [
                9.625638529856742,
                9.700571116146689,
                9.79278423039548
        ],
        "projMMtotal": [
                10.575916888333447,
                10.581323203801558,
                10.590005011944076
        ],
        "projMfdm": [
                0.11213855928559847,
                0.1316043758217618,
                0.1593494088196766
        ],
        "Dstar": -1.0,
        "Ddm": -1.0,
        "Dtotal": -1.0,
        "Dfdm": -1.0,
        "projDstar": 0.411100410434163,
        "projDdm": -0.8263015528846643,
        "projDtotal": -0.27171072144955344,
        "projDfdm": -0.7614856919927063,
        "DthetaE": -0.10215112360675202
}