{
        "Reff": 0.23513420348217307,
        "R": 0.5878355087054327,
        "MthetaE": 0.29617117117117114,
        "Mstar": 10.050722827275926,
        "Mdm": 9.733344266485139,
        "Mbh": 7.900820732116699,
        "Mtotal": 10.22143265648222,
        "fdm": 0.3250211405665837,
        "projMstar": 10.118482880290474,
        "projMdm": 9.9181948845171,
        "projMtotal": 10.330814090773245,
        "projfdm": 0.3867058960445534,
        "MMstar": [
                10.090655203381507,
                10.102489105062531,
                10.120757470565366
        ],
        "MMdm": [
                9.066205924635518,
                9.130896334780752,
                9.1951754100874
        ],
        "MMbh": -Infinity,
        "MMtotal": [
                10.136772254230282,
                10.149477841090562,
                10.161253339411703
        ],
        "Mfdm": [
                0.08225932731564213,
                0.0965098634381446,
                0.11051444624218733
        ],
        "MMthetaE": 0.2847271780932828,
        "projMMstar": [
                10.110679465010495,
                10.122293623091737,
                10.140492696498168
        ],
        "projMMdm": [
                9.75872422703103,
                9.819517204376565,
                9.87176004198831
        ],
        "projMMtotal": [
                10.281630565394675,
                10.30073324805524,
                10.316352854873465
        ],
        "projMfdm": [
                0.29599330946710506,
                0.3309045387010008,
                0.3615755301041582
        ],
        "Dstar": 0.12659100083709907,
        "Ddm": -0.7502232167211652,
        "Dtotal": -0.15268443454275704,
        "Dfdm": -0.7030658889760014,
        "projDstar": 0.008813168859114724,
        "projDdm": -0.2032495455481217,
        "projDtotal": -0.06691940574485468,
        "projDfdm": -0.14429921528045075,
        "DthetaE": 0.03863979411849754
}