{
        "Reff": 0.5148342648334497,
        "R": 1.2870856620836244,
        "MthetaE": 0.0,
        "Mstar": 10.485052405687021,
        "Mdm": 10.343082781744615,
        "Mbh": 8.260486602783203,
        "Mtotal": 10.72087312472932,
        "fdm": 0.41899578782519636,
        "projMstar": 10.567427798541386,
        "projMdm": 10.56775212156492,
        "projMtotal": 10.868619985991932,
        "projfdm": 0.5001866953311498,
        "MMstar": 10.295179847055698,
        "MMdm": 10.338086086943916,
        "MMbh": -Infinity,
        "MMtotal": 10.61819261399916,
        "Mfdm": 0.5246787472689435,
        "MMthetaE": 0.0,
        "projMMstar": 10.314328222113463,
        "projMMdm": 10.945677981184119,
        "projMMtotal": 11.036885941180286,
        "projMfdm": 0.8105728256890147,
        "Dstar": -0.35415627941983785,
        "Ddm": -0.011439381928495515,
        "Dtotal": -0.2105593429544458,
        "Dfdm": 0.25222916915775223,
        "projDstar": -0.44165783841722756,
        "projDdm": 1.3874036836114094,
        "projDtotal": 0.47321439984363944,
        "projDfdm": 0.6205405566662924,
        "DthetaE": 0
}