{
        "Reff": 0.1711945002191585,
        "R": 0.42798625054789624,
        "Mstar": 10.272765887623335,
        "Mdm": 9.918860506492777,
        "Mbh": 8.217829704284668,
        "Mtotal": 10.431937346374543,
        "fdm": 0.306847903324061,
        "MMstar": 10.280775748692482,
        "MMdm": 9.655851501040956,
        "MMbh": -Infinity,
        "MMtotal": 10.373208196058721,
        "Mfdm": 0.19170935454089288,
        "Dstar": 0.018614516402656385,
        "Ddm": -0.45425345552768853,
        "Dtotal": -0.12648402933327088,
        "Dfdm": -0.37523003265096677
}