{
        "Reff": 0.33542414752571365,
        "R": 0.8385603688142841,
        "MthetaE": 0.48572072072072064,
        "Mstar": 10.277667357888435,
        "Mdm": 9.98913029177223,
        "Mbh": [
                7.912351131439209,
                6.072244644165039
        ],
        "Mtotal": 10.457962983718119,
        "fdm": 0.3397561353859292,
        "projMstar": 10.32902983598197,
        "projMdm": 10.227985957460554,
        "projMtotal": 10.582469923635239,
        "projfdm": 0.44209543840509763,
        "MMstar": -Infinity,
        "MMdm": -Infinity,
        "MMbh": -Infinity,
        "MMtotal": -Infinity,
        "Mfdm": 0.0,
        "MMthetaE": 0.48492597519012226,
        "projMMstar": 10.267802374044688,
        "projMMdm": 10.399225766603909,
        "projMMtotal": 10.639496524671024,
        "projMfdm": 0.5750812948631009,
        "Dstar": -1.0,
        "Ddm": -1.0,
        "Dtotal": -1.0,
        "Dfdm": -1.0,
        "projDstar": -0.13149456998003942,
        "projDdm": 0.4833369294577389,
        "projDtotal": 0.1403196313091685,
        "projDfdm": 0.30080802674138124,
        "DthetaE": 0.001636219120771968
}