{
        "Reff": 0.31296033249228816,
        "R": 0.7824008312307205,
        "Mstar": 10.273398214805393,
        "Mdm": 10.022244869721614,
        "Mbh": 8.01979923248291,
        "Mtotal": 10.46675935863046,
        "fdm": 0.3593234088274306,
        "MMstar": 10.207553925617475,
        "MMdm": 9.550342895104293,
        "MMbh": -Infinity,
        "MMtotal": 10.293979831182167,
        "Mfdm": 0.18045256678970092,
        "Dstar": -0.1406784348052841,
        "Ddm": -0.6626365530283385,
        "Dtotal": -0.328230205110343,
        "Dfdm": -0.497799023507635
}