{
        "Reff": 0.39391362270631924,
        "R": 0.9847840567657982,
        "Mstar": 10.342988026078821,
        "Mdm": 10.05084423957988,
        "Mbh": 8.139239311218262,
        "Mtotal": 10.522061603102003,
        "fdm": 0.3378956777648907,
        "MMstar": 10.391259731044144,
        "MMdm": 9.73667674774548,
        "MMbh": -Infinity,
        "MMtotal": 10.478161051941552,
        "Mfdm": 0.18134922159710778,
        "Dstar": 0.1175622026314925,
        "Ddm": -0.514898622154081,
        "Dtotal": -0.09614357641917061,
        "Dfdm": -0.46329819074131107
}