{
        "Reff": 0.544754228166559,
        "R": 1.3618855704163977,
        "MthetaE": 0.6397297297297296,
        "Mstar": 10.514315208436313,
        "Mdm": 10.434754337870459,
        "Mbh": 8.265588760375977,
        "Mtotal": 10.777384127747368,
        "fdm": 0.45432873975917076,
        "projMstar": 10.612744809851986,
        "projMdm": 10.67090916452487,
        "projMtotal": 10.943829988181458,
        "projfdm": 0.5334321367791579,
        "MMstar": -Infinity,
        "MMdm": -Infinity,
        "MMbh": -Infinity,
        "MMtotal": -Infinity,
        "Mfdm": 0.0,
        "MMthetaE": 0.7258489720382846,
        "projMMstar": 10.518953523633623,
        "projMMdm": 10.715271795843698,
        "projMMtotal": 10.929142427638032,
        "projMfdm": 0.6111240402194545,
        "Dstar": -1.0,
        "Ddm": -1.0,
        "Dtotal": -1.0,
        "Dfdm": -1.0,
        "projDstar": -0.19423441600980887,
        "projDdm": 0.10754818906396382,
        "projDtotal": -0.03325387614252556,
        "projDfdm": 0.14564533721083486,
        "DthetaE": -0.13461816499436136
}