{
        "Reff": 0.3465146838858552,
        "R": 0.8662867097146381,
        "MthetaE": 1.0543693693693692,
        "Mstar": 11.033412259839897,
        "Mdm": 10.707664354405054,
        "Mbh": 8.772610664367676,
        "Mtotal": 11.201419526893796,
        "fdm": 0.32080773240888977,
        "projMstar": 11.066829826989872,
        "projMdm": 10.9365370114967,
        "projMtotal": 11.30758134804791,
        "projfdm": 0.42555496657047037,
        "MMstar": [
                11.117352702172731,
                11.13655083890441,
                11.171838380727948
        ],
        "MMdm": [
                10.336165261172093,
                10.436654623013872,
                10.524319501912407
        ],
        "MMbh": -Infinity,
        "MMtotal": [
                11.203921994154355,
                11.222643394767545,
                11.235935743096737
        ],
        "Mfdm": [
                0.13063559884782167,
                0.16509064071880722,
                0.20029322367071756
        ],
        "MMthetaE": 1.083811265650753,
        "projMMstar": [
                11.134726238277459,
                11.154662962379163,
                11.18949379644874
        ],
        "projMMdm": [
                10.669842222478666,
                10.755443815630528,
                10.799415076717269
        ],
        "projMMtotal": [
                11.297127602459028,
                11.301677480861068,
                11.30580075541706
        ],
        "projMfdm": [
                0.23213778723972223,
                0.28521812611220476,
                0.31577093921842403
        ],
        "Dstar": 0.268056425545523,
        "Ddm": -0.4642153481387434,
        "Dtotal": 0.05008358081932859,
        "Dfdm": -0.48539070589362,
        "projDstar": 0.22414576765202296,
        "projDdm": -0.34096754263650764,
        "projDtotal": -0.013502173312320691,
        "projDfdm": -0.32977371075993855,
        "DthetaE": -0.027923702202192553
}