{
        "Reff": 0.3465146838858552,
        "R": 0.8662867097146381,
        "MthetaE": 1.0543693693693692,
        "Mstar": 11.033412259839897,
        "Mdm": 10.707664354405054,
        "Mbh": 8.772610664367676,
        "Mtotal": 11.201419526893796,
        "fdm": 0.32080773240888977,
        "projMstar": 11.066829826989872,
        "projMdm": 10.9365370114967,
        "projMtotal": 11.30758134804791,
        "projfdm": 0.42555496657047037,
        "MMstar": [
                11.119315385543919,
                11.14059068324601,
                11.171096700938932
        ],
        "MMdm": [
                10.336709913165798,
                10.427290669132303,
                10.519546828198406
        ],
        "MMbh": -Infinity,
        "MMtotal": [
                11.207788222564592,
                11.22319653038393,
                11.236321889285037
        ],
        "Mfdm": [
                0.1315723959794093,
                0.16091405376809595,
                0.19760629560866544
        ],
        "MMthetaE": 1.0988689529537632,
        "projMMstar": [
                11.13653406471556,
                11.158435847290402,
                11.188275783341409
        ],
        "projMMdm": [
                10.670224554325253,
                10.746972749278793,
                10.79664671226922
        ],
        "projMMtotal": [
                11.29774476821215,
                11.301892996073759,
                11.3058750550094
        ],
        "projMfdm": [
                0.23280234086511067,
                0.28027751065076123,
                0.3136220469608931
        ],
        "Dstar": 0.27990702685704194,
        "Ddm": -0.475643911985936,
        "Dtotal": 0.051421863252615385,
        "Dfdm": -0.49840967809653414,
        "projDstar": 0.23482672522198475,
        "projDdm": -0.35369764593461916,
        "projDtotal": -0.013012510057604641,
        "projDfdm": -0.34138352817379636,
        "DthetaE": -0.04220492825110209
}