{
        "Reff": 0.6860226179383073,
        "R": 1.0899099099099099,
        "MthetaE": 1.0899099099099099,
        "Mstar": 10.742246908926605,
        "Mdm": 10.494685451500338,
        "Mbh": 8.453516006469727,
        "Mtotal": 10.936902124158186,
        "fdm": 0.36122959761691914,
        "projMstar": 10.856106322719304,
        "projMdm": 10.77867479018461,
        "projMtotal": 11.120143955811441,
        "projfdm": 0.45554452811787544,
        "MMstar": 10.990272836878818,
        "MMdm": 9.150016839999122,
        "MMbh": -Infinity,
        "MMtotal": 10.996501719552949,
        "Mfdm": 0.014240168245152259,
        "MMthetaE": 1.083811265650753,
        "projMMstar": 11.012598022304077,
        "projMMdm": 9.481126992656293,
        "projMMtotal": 11.025187374968214,
        "projMfdm": 0.028571932647169423,
        "Dstar": 0.7702146393067649,
        "Ddm": -0.9547799135269497,
        "Dtotal": 0.14709555109526473,
        "Dfdm": -0.960578622739951,
        "projDstar": 0.4338103122199882,
        "projDdm": -0.9495974855886907,
        "projDtotal": -0.19639354022735575,
        "projDfdm": -0.9372796052117736,
        "DthetaE": 0.005595548956574725
}