{
        "Reff": 0.33542414752571365,
        "R": 0.8385603688142841,
        "MthetaE": 0.48572072072072064,
        "Mstar": 10.277667357888435,
        "Mdm": 9.98913029177223,
        "Mbh": [
                7.912351131439209,
                6.072244644165039
        ],
        "Mtotal": 10.457962983718119,
        "fdm": 0.3397561353859292,
        "projMstar": 10.32902983598197,
        "projMdm": 10.227985957460554,
        "projMtotal": 10.582469923635239,
        "projfdm": 0.44209543840509763,
        "MMstar": 10.278865837610166,
        "MMdm": 9.954420928129744,
        "MMbh": -Infinity,
        "MMtotal": 10.447291541895805,
        "Mfdm": 0.3214618104062851,
        "MMthetaE": 0.5249657346094901,
        "projMMstar": 10.298890301161194,
        "projMMdm": 10.297046415042308,
        "projMMtotal": 10.59899933233949,
        "projMfdm": 0.49893857542180503,
        "Dstar": 0.002763412746845068,
        "Ddm": -0.07681096762673514,
        "Dtotal": -0.024272471204612543,
        "Dfdm": -0.053845458769607155,
        "projDstar": -0.0670454970585762,
        "projDdm": 0.17235855673073686,
        "projDtotal": 0.03879394305736753,
        "projDfdm": 0.12857661961357159,
        "DthetaE": -0.0807974875573294
}