{
        "Reff": 0.9094395894549948,
        "R": 2.273598973637487,
        "MthetaE": 0.46202702702702697,
        "Mstar": 10.63249087929843,
        "Mdm": 10.608043679512585,
        "Mbh": 8.274933815002441,
        "Mtotal": 10.921469274343053,
        "fdm": 0.4859307755243753,
        "projMstar": 10.714692474183407,
        "projMdm": 10.768149505668532,
        "projMtotal": 11.043272965876945,
        "projfdm": 0.5307335471058287,
        "MMstar": [
                10.69506146435785,
                10.713570198406932,
                10.72046762289207
        ],
        "MMdm": [
                10.428691130176816,
                10.469373592470046,
                10.53722597393215
        ],
        "MMbh": -Infinity,
        "MMtotal": [
                10.89913136864225,
                10.909408149353249,
                10.924807937110234
        ],
        "Mfdm": [
                0.3386157437433249,
                0.36230874120937984,
                0.40994907625910176
        ],
        "MMthetaE": 0.48492597519012226,
        "projMMstar": [
                10.707277950968793,
                10.726229157694906,
                10.73320678233534
        ],
        "projMMdm": [
                10.732738225729443,
                10.783697730093847,
                10.846851933320776
        ],
        "projMMtotal": [
                11.0334117509073,
                11.057419707817276,
                11.084464213777512
        ],
        "projMfdm": [
                0.5013176396590641,
                0.5330105080324719,
                0.5782502546668897
        ],
        "Dstar": 0.2052560470265088,
        "Ddm": -0.27334224468358137,
        "Dtotal": -0.02738967637375046,
        "Dfdm": -0.2544025621377717,
        "projDstar": 0.026920168774951205,
        "projDdm": 0.03644968628826522,
        "projDtotal": 0.033110420139839065,
        "projDfdm": 0.004290214815060812,
        "DthetaE": -0.049561923488419174
}