{
        "Reff": 0.23513420348217307,
        "R": 0.29617117117117114,
        "MthetaE": 0.29617117117117114,
        "Mstar": 9.876642141429853,
        "Mdm": 9.343449316493516,
        "Mbh": 7.900820732116699,
        "Mtotal": 9.988226969854768,
        "fdm": 0.22658040390447187,
        "projMstar": 10.002798214419613,
        "projMdm": 9.58959111729185,
        "projMtotal": 10.14461871342537,
        "projfdm": 0.2785944137301345,
        "MMstar": [
                9.975406093064112,
                9.988315956799148,
                10.003598641639575
        ],
        "MMdm": [
                8.290179513326464,
                8.37482282913195,
                8.462992638628565
        ],
        "MMbh": -Infinity,
        "MMtotal": [
                9.98698439027026,
                9.998907906337909,
                10.01303783375462
        ],
        "Mfdm": [
                0.01914002890187886,
                0.023893427498511303,
                0.02967414624744296
        ],
        "MMthetaE": 0.3247669375126507,
        "projMMstar": [
                10.003454881563597,
                10.017241963036279,
                10.032480524882835
        ],
        "projMMdm": [
                9.299485928736285,
                9.370581426829373,
                9.43217419638685
        ],
        "projMMtotal": [
                10.103154867849723,
                10.106244508535074,
                10.110162840005323
        ],
        "projMfdm": [
                0.15595934383619653,
                0.18573449096979092,
                0.2104957790662331
        ],
        "Dstar": 0.293224177476757,
        "Ddm": -0.8925086511512039,
        "Dtotal": 0.02489868635568052,
        "Dfdm": -0.8945476877665689,
        "projDstar": 0.033817188589528584,
        "projDdm": -0.3960648464481589,
        "projDtotal": -0.08456862080730387,
        "projDfdm": -0.3333158103101594,
        "DthetaE": -0.0965514848335887
}