{
        "Reff": 0.23513420348217307,
        "R": 0.5878355087054327,
        "MthetaE": 0.29617117117117114,
        "Mstar": 10.050722827275926,
        "Mdm": 9.733344266485139,
        "Mbh": 7.900820732116699,
        "Mtotal": 10.22143265648222,
        "fdm": 0.3250211405665837,
        "projMstar": 10.118482880290474,
        "projMdm": 9.9181948845171,
        "projMtotal": 10.330814090773245,
        "projfdm": 0.3867058960445534,
        "MMstar": [
                10.121907829054267,
                10.144042183517026,
                10.164793431452464
        ],
        "MMdm": [
                8.891404539089475,
                9.084037380079412,
                9.212106985457215
        ],
        "MMbh": -Infinity,
        "MMtotal": [
                10.164886042480413,
                10.18065254424789,
                10.195139924352272
        ],
        "Mfdm": [
                0.051128668116622915,
                0.07980394383066329,
                0.1059123090731457
        ],
        "MMthetaE": 0.2847271780932828,
        "projMMstar": [
                10.141728720440309,
                10.16369197430042,
                10.184253905129989
        ],
        "projMMdm": [
                9.493854267551134,
                9.642813168946327,
                9.746526708197162
        ],
        "projMMtotal": [
                10.255818516629407,
                10.278194775902515,
                10.300340354844774
        ],
        "projMfdm": [
                0.17075952569668368,
                0.23332991487192578,
                0.28418799799828176
        ],
        "Dstar": 0.2397078643180082,
        "Ddm": -0.7757703115044735,
        "Dtotal": -0.08962591226569518,
        "Dfdm": -0.7544653751089933,
        "projDstar": 0.10970896353884246,
        "projDdm": -0.4695819624048454,
        "projDtotal": -0.11410819317349204,
        "projDfdm": -0.3966217808971725,
        "DthetaE": 0.03863979411849754,
        "PL_slope1": -3.2613327051276215,
        "AV_slope1": 3.247615466247502,
        "PL_slope2": -2.99310726522765,
        "AV_slope2": 2.9981131240235364
}