{
        "Reff": 0.23513420348217307,
        "R": 0.5878355087054327,
        "MthetaE": 0.29617117117117114,
        "Mstar": 10.050722827275926,
        "Mdm": 9.733344266485139,
        "Mbh": 7.900820732116699,
        "Mtotal": 10.22143265648222,
        "fdm": 0.3250211405665837,
        "projMstar": 10.118482880290474,
        "projMdm": 9.9181948845171,
        "projMtotal": 10.330814090773245,
        "projfdm": 0.3867058960445534,
        "MMstar": [
                10.121497995019329,
                10.142822621016766,
                10.164368136917936
        ],
        "MMdm": [
                8.886711310354597,
                9.078185505504619,
                9.210894245471321
        ],
        "MMbh": -Infinity,
        "MMtotal": [
                10.16427018681732,
                10.180173321354447,
                10.193943695604025
        ],
        "Mfdm": [
                0.050581525401793836,
                0.07939488691531464,
                0.10621025832736967
        ],
        "MMthetaE": 0.2847271780932828,
        "projMMstar": [
                10.140992545638872,
                10.163035116151818,
                10.183983283501373
        ],
        "projMMdm": [
                9.500258684970188,
                9.643564585236978,
                9.749035808066202
        ],
        "projMMtotal": [
                10.254272180542015,
                10.277049364659192,
                10.298952033992402
        ],
        "projMfdm": [
                0.17455225491445436,
                0.2335656840574856,
                0.2814197840858584
        ],
        "Dstar": 0.23623146650231291,
        "Ddm": -0.7787714162917755,
        "Dtotal": -0.090629911875563,
        "Dfdm": -0.7557239299052615,
        "projDstar": 0.10803182867545529,
        "projDdm": -0.46866343875734706,
        "projDtotal": -0.11644157190981834,
        "projDfdm": -0.3960120948593557,
        "DthetaE": 0.03863979411849754
}