{
        "Reff": 0.36353050538478376,
        "R": 0.4278378378378378,
        "MthetaE": 0.4278378378378378,
        "Mstar": 10.108536581208423,
        "Mdm": 9.694677603005696,
        "Mbh": 8.177248001098633,
        "Mtotal": 10.250175568093843,
        "fdm": 0.2782928413393706,
        "projMstar": 10.193281285115434,
        "projMdm": 9.966549646340582,
        "projMtotal": 10.39557661183205,
        "projfdm": 0.372368585045214,
        "MMstar": [
                10.081596475864576,
                10.12171124773129,
                10.140165593290028
        ],
        "MMdm": [
                9.20025544205766,
                9.314569547862972,
                9.485718907547666
        ],
        "MMbh": -Infinity,
        "MMtotal": [
                10.17513796608391,
                10.18299351580895,
                10.189161302811861
        ],
        "Mfdm": [
                0.10354163725791787,
                0.1352067259174542,
                0.20338041263811474
        ],
        "MMthetaE": 0.4025273296550601,
        "projMMstar": [
                10.10233591084041,
                10.142778093378107,
                10.161753214307282
        ],
        "projMMdm": [
                9.546245337772229,
                9.652182237878993,
                9.807425745182766
        ],
        "projMMtotal": [
                10.25477111442774,
                10.263907460018675,
                10.278199728612199
        ],
        "projMfdm": [
                0.19496849967760557,
                0.24476560349723395,
                0.3360605794099223
        ],
        "Dstar": 0.03080060914592248,
        "Ddm": -0.5832343232985682,
        "Dtotal": -0.14332134192663287,
        "Dfdm": -0.5141566514369184,
        "projDstar": -0.10978110445219018,
        "projDdm": -0.5151218750795644,
        "projDtotal": -0.26153341575007205,
        "projDfdm": -0.34267923415850493,
        "DthetaE": 0.059159115777812674
}