{
        "Reff": 0.42908660556761313,
        "R": 1.0727165139190329,
        "MthetaE": 0.533108108108108,
        "Mstar": 10.461121573211894,
        "Mdm": 10.349580676302088,
        "Mbh": 8.356976509094238,
        "Mtotal": 10.709952236130166,
        "fdm": 0.4361425316510598,
        "projMstar": 10.519498947164227,
        "projMdm": 10.555126770256264,
        "projMtotal": 10.838708097904357,
        "projfdm": 0.5204975293137197,
        "MMstar": [
                10.333972921828966,
                10.350907788384816,
                10.377688779631532
        ],
        "MMdm": [
                10.20119461725043,
                10.232627452382076,
                10.25698728831078
        ],
        "MMbh": -Infinity,
        "MMtotal": [
                10.591072188543558,
                10.598433158785095,
                10.606009300512312
        ],
        "Mfdm": [
                0.40066709391715555,
                0.4327384991814063,
                0.4537662027557105
        ],
        "MMthetaE": 0.48492597519012226,
        "projMMstar": [
                10.360051669439686,
                10.376996132232009,
                10.403658062929713
        ],
        "projMMdm": [
                10.812277746470878,
                10.843237867778237,
                10.863323595817798
        ],
        "projMMtotal": [
                10.954494770816916,
                10.970679922324912,
                10.982409057917861
        ],
        "projMfdm": [
                0.7192902621992681,
                0.74547916984273,
                0.7607173009978804
        ],
        "Dstar": -0.22413490300121505,
        "Ddm": -0.23608194236773805,
        "Dtotal": -0.22646330128067774,
        "Dfdm": -0.00780486245349025,
        "projDstar": -0.2797269173139005,
        "projDdm": 0.9413824420272419,
        "projDtotal": 0.35510149502772714,
        "projDfdm": 0.4322434360555955,
        "DthetaE": 0.09037966631003672,
        "PL_slope1": -2.269203256371384,
        "AV_slope1": 2.252255873421079,
        "PL_slope2": -1.6829805414925039,
        "AV_slope2": 1.6846341654889643
}