{
        "Reff": 0.16132178706696065,
        "R": 0.40330446766740163,
        "MthetaE": 0.18954954954954953,
        "Mstar": 9.599760029832073,
        "Mdm": 9.279234321206893,
        "Mbh": 7.548817157745361,
        "Mtotal": 9.769449468963973,
        "fdm": 0.32343338962162704,
        "projMstar": 9.717313111667044,
        "projMdm": 9.527509505220534,
        "projMtotal": 9.93372876526527,
        "projfdm": 0.39244675278136476,
        "MMstar": 9.827991506467926,
        "MMdm": 8.780602968744274,
        "MMbh": -Infinity,
        "MMtotal": 9.865283562558075,
        "Mfdm": 0.08228475988936348,
        "MMthetaE": 0.18000780730416677,
        "projMMstar": 9.860473553454993,
        "projMMdm": 9.270863903137412,
        "projMMtotal": 9.95990235253444,
        "projMfdm": 0.20462634668442703,
        "Dstar": 0.6913421677734983,
        "Ddm": -0.6827740931732045,
        "Dtotal": 0.24690708776131004,
        "Dfdm": -0.7455897797514801,
        "projDstar": 0.390466217483551,
        "projDdm": -0.44619815545183444,
        "projDtotal": 0.06212000115720229,
        "projDfdm": -0.4785882537333007,
        "DthetaE": 0.05033903941242807,
        "PL_slope1": -3.023834935598771,
        "AV_slope1": 2.99455806095558,
        "PL_slope2": -2.9329724136009108,
        "AV_slope2": 2.9157744152480296
}