{
        "Reff": 0.6860226179383071,
        "R": 1.7150565448457677,
        "MthetaE": 0.0,
        "Mstar": 10.843012842101018,
        "Mdm": 10.743582061030395,
        "Mbh": 8.453516006469727,
        "Mtotal": 11.09716681177973,
        "fdm": 0.4430117541648793,
        "projMstar": 10.942649959628428,
        "projMdm": 11.016371554829533,
        "projMtotal": 11.28210316073337,
        "projfdm": 0.5423359506075927,
        "MMstar": [
                10.724702375685288,
                10.820959297014166,
                10.879499828056309
        ],
        "MMdm": [
                10.591047340768391,
                10.71941544388128,
                10.838910365972897
        ],
        "MMbh": -Infinity,
        "MMtotal": [
                11.052773798353174,
                11.073794414487619,
                11.095151867104713
        ],
        "Mfdm": [
                0.3406672342499237,
                0.4413755046636139,
                0.5648592662561434
        ],
        "MMthetaE": 0.0,
        "projMMstar": [
                10.739773132265235,
                10.835443232392139,
                10.89278683792272
        ],
        "projMMdm": [
                11.002035359992508,
                11.0903112423055,
                11.172517288963977
        ],
        "projMMtotal": [
                11.22278871940972,
                11.27011614944737,
                11.337190816801284
        ],
        "projMfdm": [
                0.5812272821572527,
                0.6501445346810324,
                0.7124243196871636
        ],
        "Dstar": -0.04951240119810848,
        "Ddm": -0.054125793047935654,
        "Dtotal": -0.052394434629207835,
        "Dfdm": -0.0036934674664555744,
        "projDstar": -0.21874416722153142,
        "projDdm": 0.18560408629969719,
        "projDtotal": -0.027223683234408838,
        "projDfdm": 0.19878561240990766,
        "DthetaE": 0
}