{
        "Reff": 0.3939136227063193,
        "R": 0.9847840567657983,
        "MthetaE": 0.45018018018018013,
        "Mstar": 10.342989362034055,
        "Mdm": 10.05084423957988,
        "Mbh": 8.139239311218262,
        "Mtotal": 10.522062487644199,
        "fdm": 0.33789498956208713,
        "projMstar": 10.39835509943564,
        "projMdm": 10.18970749862652,
        "projMtotal": 10.607472654621885,
        "projfdm": 0.38215086240880686,
        "MMstar": [
                -Infinity,
                -Infinity,
                -Infinity
        ],
        "MMdm": [
                -Infinity,
                -Infinity,
                -Infinity
        ],
        "MMbh": -Infinity,
        "MMtotal": [
                -Infinity,
                -Infinity,
                -Infinity
        ],
        "Mfdm": [
                0.0,
                0.0,
                0.0
        ],
        "MMthetaE": 0.458917242575832,
        "projMMstar": [
                10.460084223967666,
                10.471464851097577,
                10.478079543397667
        ],
        "projMMdm": [
                9.586814785306768,
                9.688311691459703,
                9.847206540529866
        ],
        "projMMtotal": [
                10.529655068705937,
                10.537675953595153,
                10.55502341576828
        ],
        "projMfdm": [
                0.1141943634662142,
                0.14143279162679295,
                0.19590758640504974
        ],
        "Dstar": -1.0,
        "Ddm": -1.0,
        "Dtotal": -1.0,
        "Dfdm": -1.0,
        "projDstar": 0.18334056294232362,
        "projDdm": -0.6847869473839937,
        "projDtotal": -0.14846343958998773,
        "projDfdm": -0.6299032514664461,
        "DthetaE": -0.019407923272310522
}