{
        "Reff": 0.9365583424776649,
        "R": 0.533108108108108,
        "MthetaE": 0.533108108108108,
        "Mstar": 10.31006509796883,
        "Mdm": 9.833454064524009,
        "Mbh": 8.183881759643555,
        "Mtotal": 10.435131446102673,
        "fdm": 0.25022034492304296,
        "projMstar": 10.391067736586477,
        "projMdm": 10.102557322907726,
        "projMtotal": 10.571372417928766,
        "projfdm": 0.33976990204554613,
        "MMstar": [
                10.31695150460957,
                10.343503221766898,
                10.364462616182662
        ],
        "MMdm": [
                9.414730180492347,
                9.5534224772036,
                9.663934026078193
        ],
        "MMbh": -Infinity,
        "MMtotal": [
                10.39692383154388,
                10.408527545969093,
                10.417978422396494
        ],
        "Mfdm": [
                0.10194248959854171,
                0.1402911090011745,
                0.18440179080152197
        ],
        "MMthetaE": 0.5400234219125003,
        "projMMstar": [
                10.348494922803814,
                10.375392376376917,
                10.396704017759852
        ],
        "projMMdm": [
                9.882569904584305,
                9.950663102587608,
                10.030839981788557
        ],
        "projMMtotal": [
                10.508961501277344,
                10.515452591641198,
                10.521513785849217
        ],
        "projMfdm": [
                0.2345383463350062,
                0.2738004032932022,
                0.32477372035079866
        ],
        "Dstar": 0.08003573159078355,
        "Ddm": -0.4752307089171228,
        "Dtotal": -0.05941922039263779,
        "Dfdm": -0.439329727387587,
        "projDstar": -0.03545023447976768,
        "projDdm": -0.29513527035307463,
        "projDtotal": -0.12081519466014524,
        "projDfdm": -0.1941593365250484,
        "DthetaE": -0.012971691293410059
}