{
        "Reff": 0.9365583424776649,
        "R": 0.533108108108108,
        "MthetaE": 0.533108108108108,
        "Mstar": 10.31006509796883,
        "Mdm": 9.833454064524009,
        "Mbh": 8.183881759643555,
        "Mtotal": 10.435131446102673,
        "fdm": 0.25022034492304296,
        "projMstar": 10.391067736586477,
        "projMdm": 10.102557322907726,
        "projMtotal": 10.571372417928766,
        "projfdm": 0.33976990204554613,
        "MMstar": [
                10.318651839725211,
                10.344747223307486,
                10.36421150729517
        ],
        "MMdm": [
                9.418454708832787,
                9.54377963978484,
                9.653855517297446
        ],
        "MMbh": -Infinity,
        "MMtotal": [
                10.397685629865826,
                10.407659985919537,
                10.41756183747399
        ],
        "Mfdm": [
                0.10237678149133708,
                0.1372942794325966,
                0.1744601439387276
        ],
        "MMthetaE": 0.5249657346094901,
        "projMMstar": [
                10.351072952015821,
                10.376145720092255,
                10.396016960573299
        ],
        "projMMdm": [
                9.881433393253774,
                9.947727200305277,
                10.023734808770563
        ],
        "projMMtotal": [
                10.508591466118382,
                10.515372280242687,
                10.521158000267382
        ],
        "projMfdm": [
                0.2353098479092468,
                0.2720563497789281,
                0.3194439233588198
        ],
        "Dstar": 0.08313384192167521,
        "Ddm": -0.48675399776204714,
        "Dtotal": -0.06129627810464463,
        "Dfdm": -0.4513064895869182,
        "projDstar": -0.03377563780546051,
        "projDdm": -0.29988420224158824,
        "projDtotal": -0.12097776184901882,
        "projDfdm": -0.19929237951612624,
        "DthetaE": 0.015273400225544362
}