{
        "Reff": 0.544754228166559,
        "R": 1.3618855704163977,
        "MthetaE": 0.6397297297297296,
        "Mstar": 10.514315208436313,
        "Mdm": 10.434754337870459,
        "Mbh": 8.265588760375977,
        "Mtotal": 10.777384127747368,
        "fdm": 0.45432873975917076,
        "projMstar": 10.612744809851986,
        "projMdm": 10.67090916452487,
        "projMtotal": 10.943829988181458,
        "projfdm": 0.5334321367791579,
        "MMstar": [
                -Infinity,
                -Infinity,
                -Infinity
        ],
        "MMdm": [
                -Infinity,
                -Infinity,
                -Infinity
        ],
        "MMbh": -Infinity,
        "MMtotal": [
                -Infinity,
                -Infinity,
                -Infinity
        ],
        "Mfdm": [
                0.0,
                0.0,
                0.0
        ],
        "MMthetaE": 0.6365295087181563,
        "projMMstar": [
                10.499705095817685,
                10.517109835428846,
                10.53576535338712
        ],
        "projMMdm": [
                10.825405059995033,
                10.85972622918399,
                10.880308033747168
        ],
        "projMMtotal": [
                11.004870202241454,
                11.021725802473233,
                11.032762800548001
        ],
        "projMfdm": [
                0.6611220068031135,
                0.6879166295035357,
                0.7051493188862389
        ],
        "Dstar": -1.0,
        "Ddm": -1.0,
        "Dtotal": -1.0,
        "Dfdm": -1.0,
        "projDstar": -0.1976478409846259,
        "projDdm": 0.5446036780583393,
        "projDtotal": 0.19645347192548615,
        "projDfdm": 0.2896047727029516,
        "DthetaE": 0.005002457855015387
}