{
        "Reff": 0.3555664498963653,
        "R": 0.8889161247409133,
        "thetaE": 0.6995195560711088,
        "Mstar": 10.480429848580666,
        "Mdm": 10.351523516915575,
        "Mbh": 8.0,
        "Mtotal": 10.72177193583096,
        "fdm": 0.4263355826620924,
        "MMstar": 10.748099798409628,
        "MMdm": 7.84049898661236,
        "MMbh": -Infinity,
        "MMtotal": 10.748636725119061,
        "Mfdm": 0.0012355555091443527,
        "Dstar": 0.8521235326950628,
        "Ddm": -0.9969169861928782,
        "Dtotal": 0.06381176570915469,
        "Dfdm": -0.9971019179271189
}