{
        "Reff": 0.42908660556761313,
        "R": 0.533108108108108,
        "MthetaE": 0.533108108108108,
        "Mstar": 10.316567053263963,
        "Mdm": 9.953675599223988,
        "Mbh": 8.356976509094238,
        "Mtotal": 10.473000874721839,
        "fdm": 0.3024647195873248,
        "projMstar": 10.385313712548719,
        "projMdm": 10.208555729354114,
        "projMtotal": 10.606895895322637,
        "projfdm": 0.3996316112517674,
        "MMstar": [
                10.289026246034206,
                10.293996115781127,
                10.303987162055192
        ],
        "MMdm": [
                9.317331470179004,
                9.386635245721692,
                9.443796469359777
        ],
        "MMbh": -Infinity,
        "MMtotal": [
                10.338692173177417,
                10.346029934046694,
                10.354756939679021
        ],
        "Mfdm": [
                0.09468893832770026,
                0.10952598889168284,
                0.12377148388269452
        ],
        "MMthetaE": 0.4500195182604169,
        "projMMstar": [
                10.326101868364924,
                10.331012344132448,
                10.340958644418263
        ],
        "projMMdm": [
                9.864276624561414,
                9.92340538624998,
                9.984574666437911
        ],
        "projMMtotal": [
                10.460859823412282,
                10.47682570169888,
                10.492695468968805
        ],
        "projMfdm": [
                0.2528787675590712,
                0.28070531172620666,
                0.310328524743857
        ],
        "Dstar": -0.050644080869896496,
        "Ddm": -0.7290060180296436,
        "Dtotal": -0.25350129386188563,
        "Dfdm": -0.6378883823504529,
        "projDstar": -0.11753267949051005,
        "projDdm": -0.48137952703951276,
        "projDtotal": -0.25880956461284543,
        "projDfdm": -0.29758982066770817,
        "DthetaE": 0.15585692392215827
}