{
        "Reff": 0.9842781252851374,
        "R": 2.4606953132128435,
        "MthetaE": 1.2083783783783781,
        "Mstar": 11.047832343965455,
        "Mdm": 11.001254446472288,
        "Mbh": 8.475809097290039,
        "Mtotal": 11.326197524289501,
        "fdm": 0.4732132780951882,
        "projMstar": 11.149499647980916,
        "projMdm": 11.24215644498053,
        "projMtotal": 11.499324412551626,
        "projfdm": 0.5531361371153823,
        "MMstar": -Infinity,
        "MMdm": -Infinity,
        "MMbh": -Infinity,
        "MMtotal": -Infinity,
        "Mfdm": 0.0,
        "MMthetaE": 1.2888011450712775,
        "projMMstar": 10.96472042362875,
        "projMMdm": 11.384206622943461,
        "projMMtotal": 11.524286902550768,
        "projMfdm": 0.7243020600096426,
        "Dstar": -1.0,
        "Ddm": -1.0,
        "Dtotal": -1.0,
        "Dfdm": -1.0,
        "projDstar": -0.34653734094941346,
        "projDdm": 0.38691606255087035,
        "projDtotal": 0.0591622414168633,
        "projDfdm": 0.3094462852976746,
        "DthetaE": -0.06655429138083824
}