{
        "Reff": 0.6860226179383073,
        "R": 1.7150565448457682,
        "MthetaE": 0.0,
        "Mstar": 10.84301596834364,
        "Mdm": 10.743585617454288,
        "Mbh": 8.453516006469727,
        "Mtotal": 11.097170128597762,
        "fdm": 0.4430119985802378,
        "projMstar": 10.942653613166152,
        "projMdm": 11.01637535019762,
        "projMtotal": 11.282106891190807,
        "projfdm": 0.5423360316663773,
        "MMstar": [
                10.654923548913128,
                10.791821701748038,
                10.873071073297005
        ],
        "MMdm": [
                10.619300637630658,
                10.774895788332499,
                10.90349194100971
        ],
        "MMbh": -Infinity,
        "MMtotal": [
                11.047549231807812,
                11.081134575505128,
                11.11312699546562
        ],
        "Mfdm": [
                0.3600320789095425,
                0.48908185526371645,
                0.6348528918466535
        ],
        "MMthetaE": 0.0,
        "projMMstar": [
                10.669836181210137,
                10.807262423678635,
                10.88826771912023
        ],
        "projMMdm": [
                11.000279973464922,
                11.11747183932403,
                11.248919217518774
        ],
        "projMMtotal": [
                11.20118491008657,
                11.278113137654593,
                11.385054121879248
        ],
        "projMfdm": [
                0.5912468280114485,
                0.6832537690061767,
                0.7707874810792245
        ],
        "Dstar": -0.11119654651918501,
        "Ddm": 0.07475672401063754,
        "Dtotal": -0.036249876065998915,
        "Dfdm": 0.1039923451986019,
        "projDstar": -0.26783525922366924,
        "projDdm": 0.26210791154163166,
        "projDtotal": -0.009153803854614851,
        "projDfdm": 0.25983473181159783,
        "DthetaE": 0,
        "PL_slope1": -2.8838866792608377,
        "AV_slope1": 2.6837143113604323,
        "PL_slope2": -1.8212350801844157,
        "AV_slope2": 1.8020722861687914
}