{
        "Reff": 0.6860226179383073,
        "R": 1.7150565448457682,
        "MthetaE": 0.0,
        "Mstar": 10.84301596834364,
        "Mdm": 10.743585617454288,
        "Mbh": 8.453516006469727,
        "Mtotal": 11.097170128597762,
        "fdm": 0.4430119985802378,
        "projMstar": 10.942653613166152,
        "projMdm": 11.01637535019762,
        "projMtotal": 11.282106891190807,
        "projfdm": 0.5423360316663773,
        "MMstar": [
                10.633513947258477,
                10.783477770598795,
                10.872407331091555
        ],
        "MMdm": [
                10.634531967730771,
                10.785688382855785,
                10.923468640107545
        ],
        "MMbh": -Infinity,
        "MMtotal": [
                11.049796523833136,
                11.081670121635222,
                11.114808094205886
        ],
        "Mfdm": [
                0.37046838766279266,
                0.4974473761821354,
                0.6559069770538296
        ],
        "MMthetaE": 0.0,
        "projMMstar": [
                10.647921874346126,
                10.797894353397735,
                10.886689223584698
        ],
        "projMMdm": [
                10.988858565531494,
                11.124107296448763,
                11.2500717695513
        ],
        "projMMtotal": [
                11.205793801794456,
                11.276356616061475,
                11.383906545632724
        ],
        "projMfdm": [
                0.5912147623304065,
                0.6933946223751288,
                0.7805862772538545
        ],
        "Dstar": -0.12810978793163788,
        "Ddm": 0.10179999331299161,
        "Dtotal": -0.035060703664172056,
        "Dfdm": 0.12287562814630702,
        "projDstar": -0.28345950363819034,
        "projDdm": 0.28153935118271034,
        "projDtotal": -0.01315322799231175,
        "projDfdm": 0.278533200614774,
        "DthetaE": 0,
        "PL_slope1": -2.92169230428444,
        "AV_slope1": 2.69104006314363,
        "PL_slope2": -1.840914357104526,
        "AV_slope2": 1.8257395094736217
}