{
        "Reff": 0.17139511835893803,
        "R": 0.4284877958973451,
        "MthetaE": 0.5568018018018017,
        "Mstar": 10.27291174804152,
        "Mdm": 9.91931159824612,
        "Mbh": 8.217829704284668,
        "Mtotal": 10.43217688920371,
        "fdm": 0.30699740823157523,
        "projMstar": 10.299543750996003,
        "projMdm": 10.107108354633704,
        "projMtotal": 10.514928467670378,
        "projfdm": 0.39100281759344385,
        "MMstar": [
                10.144298852097187,
                10.178121473823856,
                10.197416943007266
        ],
        "MMdm": [
                9.80782832876974,
                9.882097218201265,
                9.935452643208514
        ],
        "MMbh": -Infinity,
        "MMtotal": [
                10.332296380123669,
                10.352362253429531,
                10.370223024753786
        ],
        "Mfdm": [
                0.2951248689471439,
                0.33620379677090556,
                0.37598189508619523
        ],
        "MMthetaE": 0.8052440505450654,
        "projMMstar": [
                10.158452809368335,
                10.191651679072448,
                10.210757052353301
        ],
        "projMMdm": [
                10.139060478481674,
                10.163509841707963,
                10.192635387190904
        ],
        "projMMtotal": [
                10.471643074780436,
                10.477973041679373,
                10.483369928293369
        ],
        "projMfdm": [
                0.46003484499009417,
                0.48332602715101425,
                0.5198751458261369
        ],
        "Dstar": -0.19608575213392543,
        "Ddm": -0.08212060660460381,
        "Dtotal": -0.16788114228730314,
        "Dfdm": 0.09513561924698491,
        "projDstar": -0.21997606702147385,
        "projDdm": 0.13867946091298333,
        "projDtotal": -0.08157314520133292,
        "projDfdm": 0.23611903905399997,
        "DthetaE": -0.44619512354182145,
        "PL_slope1": 1.337930585914715,
        "AV_slope1": 2.8140051879756567,
        "PL_slope2": -3.324855870885623,
        "AV_slope2": 3.266778387019438
}