{
        "Reff": 0.17139511835893803,
        "R": 0.4284877958973451,
        "MthetaE": 0.5568018018018017,
        "Mstar": 10.27291174804152,
        "Mdm": 9.91931159824612,
        "Mbh": 8.217829704284668,
        "Mtotal": 10.43217688920371,
        "fdm": 0.30699740823157523,
        "projMstar": 10.299543750996003,
        "projMdm": 10.107108354633704,
        "projMtotal": 10.514928467670378,
        "projfdm": 0.39100281759344385,
        "MMstar": [
                10.141175247239154,
                10.176317448973464,
                10.198006086668176
        ],
        "MMdm": [
                9.80671100839003,
                9.883660453058432,
                9.941437266011027
        ],
        "MMbh": -Infinity,
        "MMtotal": [
                10.333149700705349,
                10.352782528782813,
                10.369793439928861
        ],
        "Mfdm": [
                0.2932464235858324,
                0.33770016537137665,
                0.3826117491729558
        ],
        "MMthetaE": 0.8052440505450654,
        "projMMstar": [
                10.154457783980291,
                10.18981055438016,
                10.211774536023226
        ],
        "projMMdm": [
                10.138329835558066,
                10.164112503705372,
                10.197811107782343
        ],
        "projMMtotal": [
                10.47134514232139,
                10.4778771410185,
                10.483742786787852
        ],
        "projMfdm": [
                0.4577645541708108,
                0.4844131480460666,
                0.5249928228545027
        ],
        "Dstar": -0.19941822199195566,
        "Ddm": -0.07881076362641219,
        "Dtotal": -0.16707549466548866,
        "Dfdm": 0.10000982521859474,
        "projDstar": -0.2232758591501573,
        "projDdm": 0.14026068109282794,
        "projDtotal": -0.08177592930770992,
        "projDfdm": 0.2388993793639328,
        "DthetaE": -0.44619512354182145
}