{
        "Reff": 0.4081097725007585,
        "R": 0.37909909909909906,
        "MthetaE": 0.37909909909909906,
        "Mstar": 10.136938839434904,
        "Mdm": 9.556086234548895,
        "Mbh": 8.278263092041016,
        "Mtotal": 10.23817398702835,
        "fdm": 0.20792765111354303,
        "projMstar": 10.290529101756526,
        "projMdm": 9.899801459426145,
        "projMtotal": 10.438730064546228,
        "projfdm": 0.28911551283478226,
        "MMstar": [
                10.23028863528024,
                10.251711659041328,
                10.271170599235704
        ],
        "MMdm": [
                9.147537784424564,
                9.253322246485087,
                9.342645576858828
        ],
        "MMbh": -Infinity,
        "MMtotal": [
                10.27783051895432,
                10.293990417457456,
                10.306796065744464
        ],
        "Mfdm": [
                0.0710424074765658,
                0.09149661410829156,
                0.11295771325561768
        ],
        "MMthetaE": 0.37130888008559115,
        "projMMstar": [
                10.254067877070302,
                10.275363547790471,
                10.294459212219637
        ],
        "projMMdm": [
                9.645423867523991,
                9.721716516805134,
                9.785934009286809
        ],
        "projMMtotal": [
                10.37207776344415,
                10.382090352917558,
                10.390613749247134
        ],
        "projMfdm": [
                0.18397648999498714,
                0.21927959665990499,
                0.25149206036968624
        ],
        "Dstar": 0.30248526732511516,
        "Ddm": -0.5019923524808063,
        "Dtotal": 0.13714652994875776,
        "Dfdm": -0.5599593723187494,
        "projDstar": -0.0343173114465415,
        "projDdm": -0.3363867368260538,
        "projDtotal": -0.12227132181059876,
        "projDfdm": -0.24155022153648897,
        "DthetaE": 0.020549294451030833
}