{
        "Reff": 0.6860226179383073,
        "R": 1.0899099099099099,
        "MthetaE": 1.0899099099099099,
        "Mstar": 10.742246908926605,
        "Mdm": 10.494685451500338,
        "Mbh": 8.453516006469727,
        "Mtotal": 10.936902124158186,
        "fdm": 0.36122959761691914,
        "projMstar": 10.856106322719304,
        "projMdm": 10.77867479018461,
        "projMtotal": 11.120143955811441,
        "projfdm": 0.45554452811787544,
        "MMstar": [
                -Infinity,
                -Infinity,
                -Infinity
        ],
        "MMdm": [
                -Infinity,
                -Infinity,
                -Infinity
        ],
        "MMbh": -Infinity,
        "MMtotal": [
                -Infinity,
                -Infinity,
                -Infinity
        ],
        "Mfdm": [
                0.0,
                0.0,
                0.0
        ],
        "MMthetaE": 1.1840817742821617,
        "projMMstar": [
                10.793382148968263,
                10.796318607442112,
                10.799168068717862
        ],
        "projMMdm": [
                10.723282056152359,
                10.727443509080725,
                10.731898496431898
        ],
        "projMMtotal": [
                11.063904576722546,
                11.06430498490768,
                11.064768922606914
        ],
        "projMfdm": [
                0.4564320472132248,
                0.46040577014791906,
                0.4646763353889196
        ],
        "Dstar": -1.0,
        "Ddm": -1.0,
        "Dtotal": -1.0,
        "Dfdm": -1.0,
        "projDstar": -0.12861057580622012,
        "projDdm": -0.1112722951695652,
        "projDtotal": -0.12065149595893909,
        "projDfdm": 0.010671277405368681,
        "DthetaE": -0.0864033472087944
}