{
        "Reff": 0.35973259940631447,
        "R": 0.8993314985157862,
        "MthetaE": 0.46202702702702697,
        "Mstar": 10.278276772675927,
        "Mdm": 10.21103561277337,
        "Mbh": 8.119908332824707,
        "Mtotal": 10.546986246559046,
        "fdm": 0.4613700154676134,
        "projMstar": 10.370522904662561,
        "projMdm": 10.460775180326277,
        "projMtotal": 10.719019287230033,
        "projfdm": 0.5517672164880664,
        "MMstar": [
                10.489279820907552,
                10.517786126891489,
                10.533988494348574
        ],
        "MMdm": [
                8.245219736888115,
                9.057456790603066,
                9.502230655576998
        ],
        "MMbh": -Infinity,
        "MMtotal": [
                10.521149686715944,
                10.533701783448443,
                10.543880734362965
        ],
        "Mfdm": [
                0.005069015088079955,
                0.03333520073795047,
                0.09255877159842135
        ],
        "MMthetaE": 0.458917242575832,
        "projMMstar": [
                10.50263423186346,
                10.53148328910644,
                10.5466846891314
        ],
        "projMMdm": [
                8.569171144213845,
                9.373835622391516,
                9.783277394264932
        ],
        "projMMtotal": [
                10.544934679856373,
                10.560898127572486,
                10.583502951687695
        ],
        "projMfdm": [
                0.0105088086705975,
                0.06516699268427531,
                0.15938265236089502
        ],
        "Dstar": 0.7358386504845242,
        "Ddm": -0.929786410181159,
        "Dtotal": -0.03012550914435953,
        "Dfdm": -0.9277473619429641,
        "projDstar": 0.4486397052273023,
        "projDdm": -0.9181421295739712,
        "projDtotal": -0.30516955354378267,
        "projDfdm": -0.8818940474588984,
        "DthetaE": 0.006730741426979472,
        "PL_slope1": -3.5808442728251957,
        "AV_slope1": 3.4773214670608588,
        "PL_slope2": -2.930165059316332,
        "AV_slope2": 2.8674681119715766
}