{
        "Reff": 0.35973259940631447,
        "R": 0.8993314985157862,
        "MthetaE": 0.46202702702702697,
        "Mstar": 10.278276772675927,
        "Mdm": 10.21103561277337,
        "Mbh": 8.119908332824707,
        "Mtotal": 10.546986246559046,
        "fdm": 0.4613700154676134,
        "projMstar": 10.370522904662561,
        "projMdm": 10.460775180326277,
        "projMtotal": 10.719019287230033,
        "projfdm": 0.5517672164880664,
        "MMstar": [
                10.48941851422392,
                10.51841432349991,
                10.533604535248118
        ],
        "MMdm": [
                8.314785889974575,
                9.0641130646053,
                9.490848245515009
        ],
        "MMbh": -Infinity,
        "MMtotal": [
                10.522482220107207,
                10.534210250171517,
                10.544141775609305
        ],
        "Mfdm": [
                0.00598121658754331,
                0.03333520073795047,
                0.09099069447316548
        ],
        "MMthetaE": 0.48492597519012226,
        "projMMstar": [
                10.504343759841618,
                10.531726587814337,
                10.546124490759418
        ],
        "projMMdm": [
                8.617076498281435,
                9.38628736930761,
                9.776457525782003
        ],
        "projMMtotal": [
                10.546457768386482,
                10.562867274468644,
                10.583183265143564
        ],
        "projMfdm": [
                0.011782078170280983,
                0.06703756907101846,
                0.15711413246828712
        ],
        "Dstar": 0.7383513165034196,
        "Ddm": -0.9287019828731027,
        "Dtotal": -0.028989326844558714,
        "Dfdm": -0.9277473619429641,
        "projDstar": 0.44945148370086296,
        "projDdm": -0.9157611966290379,
        "projDtotal": -0.30201195008042864,
        "projDfdm": -0.8785038924608376,
        "DthetaE": -0.049561923488419174,
        "PL_slope1": -3.58896686974297,
        "AV_slope1": 3.4844144987852577,
        "PL_slope2": -2.951021571223216,
        "AV_slope2": 2.864780522318142
}