{
        "Reff": 0.6862264033777628,
        "R": 1.0899099099099099,
        "MthetaE": 1.0899099099099099,
        "Mstar": 10.742246908926605,
        "Mdm": 10.494685451500338,
        "Mbh": 8.453516006469727,
        "Mtotal": 10.936902124158186,
        "fdm": 0.36122959761691914,
        "projMstar": 10.856106322719304,
        "projMdm": 10.77867479018461,
        "projMtotal": 11.120143955811441,
        "projfdm": 0.45554452811787544,
        "MMstar": [
                10.735595435191522,
                10.752398894677107,
                10.77504200382831
        ],
        "MMdm": [
                10.465317767857492,
                10.500964464046325,
                10.524121962473348
        ],
        "MMbh": -Infinity,
        "MMtotal": [
                10.940474142389357,
                10.946181758220408,
                10.953267772432119
        ],
        "Mfdm": [
                0.3298941513947529,
                0.3600095239985412,
                0.3800591980302282
        ],
        "MMthetaE": 1.083811265650753,
        "projMMstar": [
                10.75525985383513,
                10.77227559175668,
                10.795004017733234
        ],
        "projMMdm": [
                10.725872666883951,
                10.758448994428448,
                10.779751828945237
        ],
        "projMMtotal": [
                11.0627067877847,
                11.066316839427705,
                11.069150518413657
        ],
        "projMfdm": [
                0.46030854881164424,
                0.49212427273499093,
                0.5141110905486104
        ],
        "Dstar": 0.02365116669238977,
        "Ddm": 0.014562982524199434,
        "Dtotal": 0.02159705914874783,
        "Dfdm": -0.0033775571725764997,
        "projDstar": -0.1755406093078166,
        "projDdm": -0.04550379888883068,
        "projDtotal": -0.11656849382908067,
        "projDfdm": 0.08029894414108783,
        "DthetaE": 0.005595548956574725
}