{
        "Reff": 0.36353050538478376,
        "R": 0.9088262634619594,
        "MthetaE": 0.4278378378378378,
        "Mstar": 10.272530530124925,
        "Mdm": 10.112920856537993,
        "Mbh": 8.177248001098633,
        "Mtotal": 10.501047157477451,
        "fdm": 0.40914165639821615,
        "projMstar": 10.358462718448601,
        "projMdm": 10.354303934401873,
        "projMtotal": 10.657418300110868,
        "projfdm": 0.49760602975593043,
        "MMstar": [
                10.311005356349348,
                10.349442486548769,
                10.370681644804863
        ],
        "MMdm": [
                9.693306189634283,
                9.81262502069511,
                9.95450013283345
        ],
        "MMbh": -Infinity,
        "MMtotal": [
                10.4520258835914,
                10.460599037196413,
                10.470700598533007
        ],
        "Mfdm": [
                0.17374034351709158,
                0.22537046100753952,
                0.30398601394687985
        ],
        "MMthetaE": 0.4025273296550601,
        "projMMstar": [
                10.323595060916075,
                10.362252586372112,
                10.383416093166009
        ],
        "projMMdm": [
                9.98596839232118,
                10.097070304956906,
                10.229374412546216
        ],
        "projMMtotal": [
                10.528590380516013,
                10.549699210134236,
                10.582611176497151
        ],
        "projMfdm": [
                0.2864925251154785,
                0.3521885067484629,
                0.44800918493800285
        ],
        "Dstar": 0.19374607438554045,
        "Ddm": -0.49915405244892735,
        "Dtotal": -0.08892972008599195,
        "Dfdm": -0.4491627594424479,
        "projDstar": 0.008764680226738656,
        "projDdm": -0.4469474863504375,
        "projDtotal": -0.21966531719741014,
        "projDfdm": -0.2922342461943096,
        "DthetaE": 0.059159115777812674
}