{
        "Reff": 0.3939136227063193,
        "R": 0.45018018018018013,
        "MthetaE": 0.45018018018018013,
        "Mstar": 10.143283281527738,
        "Mdm": 9.666221446383181,
        "Mbh": 8.139239311218262,
        "Mtotal": 10.268236873791992,
        "fdm": 0.2500256543701848,
        "projMstar": 10.238793465359723,
        "projMdm": 9.866167182171507,
        "projMtotal": 10.392305795077736,
        "projfdm": 0.29775659339548977,
        "MMstar": [
                10.173057478520226,
                10.19994745651693,
                10.234702316241595
        ],
        "MMdm": [
                8.880746892517129,
                9.111855369199633,
                9.254536729825762
        ],
        "MMbh": -Infinity,
        "MMtotal": [
                10.21979394105173,
                10.234650548617282,
                10.254991240061374
        ],
        "Mfdm": [
                0.042018909445182044,
                0.07548565672463639,
                0.10751206154284428
        ],
        "MMthetaE": 0.4500195182604169,
        "projMMstar": [
                10.21719289954249,
                10.245259159487764,
                10.280099526133746
        ],
        "projMMdm": [
                9.372922286202046,
                9.597647269626147,
                9.725365956234555
        ],
        "projMMtotal": [
                10.327277395209643,
                10.333998486426871,
                10.340465326269838
        ],
        "projMfdm": [
                0.10820458401891009,
                0.18497122386382175,
                0.24351119689888717
        ],
        "Dstar": 0.13936841236486527,
        "Ddm": -0.7209809068811195,
        "Dtotal": -0.07442061156173642,
        "Dfdm": -0.69808835451392,
        "projDstar": 0.014999186397981245,
        "projDdm": -0.46113486233758183,
        "projDtotal": -0.12563514806824552,
        "projDfdm": -0.3787837852573189,
        "DthetaE": 0.00035688359202955825
}