{
        "Reff": 0.4869602608436852,
        "R": 1.220225225225225,
        "MthetaE": 1.220225225225225,
        "Mstar": 10.87244459182217,
        "Mdm": 10.637575202464305,
        "Mbh": 8.438713073730469,
        "Mtotal": 11.071727465792158,
        "fdm": 0.3679999305160368,
        "projMstar": 10.97001301300598,
        "projMdm": 10.903444554972886,
        "projMtotal": 11.239032980836678,
        "projfdm": 0.4617549652833109,
        "MMstar": -Infinity,
        "MMdm": -Infinity,
        "MMbh": -Infinity,
        "MMtotal": -Infinity,
        "Mfdm": 0.0,
        "MMthetaE": 1.2111171673943844,
        "projMMstar": 10.934979079842579,
        "projMMdm": 10.832657114964391,
        "projMMtotal": 11.187854595149556,
        "projMfdm": 0.44136970432190903,
        "Dstar": -1.0,
        "Ddm": -1.0,
        "Dtotal": -1.0,
        "Dfdm": -1.0,
        "projDstar": -0.0775006542215855,
        "projDdm": -0.15040380249549656,
        "projDtotal": -0.11116404492184946,
        "projDfdm": -0.04414735626912953,
        "DthetaE": 0.007464243192611874
}