{
        "Reff": 0.33542414752571353,
        "R": 0.8385603688142839,
        "MthetaE": 0.0,
        "Mstar": 10.277665526691122,
        "Mdm": 9.98913029177223,
        "Mbh": [
                7.912351131439209,
                6.072244644165039
        ],
        "Mtotal": 10.457961774682195,
        "fdm": 0.3397570812371014,
        "projMstar": 10.329025796615191,
        "projMdm": 10.227974299643654,
        "projMtotal": 10.582462516202895,
        "projfdm": 0.44209111169474896,
        "MMstar": [
                10.225650214696076,
                10.303220593692279,
                10.357775476881615
        ],
        "MMdm": [
                9.700986631105138,
                9.89586352489387,
                10.09472947408422
        ],
        "MMbh": -Infinity,
        "MMtotal": [
                10.42274093226311,
                10.453896532590607,
                10.4828057833746
        ],
        "Mfdm": [
                0.18110439155312352,
                0.28282857789847565,
                0.41914810447270023
        ],
        "MMthetaE": 0.0,
        "projMMstar": [
                10.24626768144334,
                10.323630157044105,
                10.377105065531676
        ],
        "projMMdm": [
                10.235833971630413,
                10.321288986131444,
                10.412384048471885
        ],
        "projMMtotal": [
                10.581999915737237,
                10.612978562348442,
                10.66559644641727
        ],
        "projMfdm": [
                0.43227150444682516,
                0.5024306547131128,
                0.5776165150467367
        ],
        "Dstar": 0.06060841123453964,
        "Ddm": -0.19326066438664372,
        "Dtotal": -0.00931689211955783,
        "Dfdm": -0.1675564880983242,
        "projDstar": -0.012347060981743877,
        "projDdm": 0.23969453442546226,
        "projDtotal": 0.07279328425710449,
        "projDfdm": 0.1364866685219098,
        "DthetaE": 0,
        "PL_slope1": -2.932673081313475,
        "AV_slope1": 2.9611996779484153,
        "PL_slope2": -2.0996193325059367,
        "AV_slope2": 2.0977993419647554
}