{
        "Reff": 0.33542414752571353,
        "R": 0.8385603688142839,
        "MthetaE": 0.0,
        "Mstar": 10.277665526691122,
        "Mdm": 9.98913029177223,
        "Mbh": [
                7.912351131439209,
                6.072244644165039
        ],
        "Mtotal": 10.457961774682195,
        "fdm": 0.3397570812371014,
        "projMstar": 10.329025796615191,
        "projMdm": 10.227974299643654,
        "projMtotal": 10.582462516202895,
        "projfdm": 0.44209111169474896,
        "MMstar": [
                10.220993850802992,
                10.302143282230537,
                10.358925979844193
        ],
        "MMdm": [
                9.698058655219679,
                9.902912300752226,
                10.120251878128293
        ],
        "MMbh": -Infinity,
        "MMtotal": [
                10.423241471180189,
                10.45481527829746,
                10.483184830917272
        ],
        "Mfdm": [
                0.18231676284007867,
                0.28420646209483574,
                0.43983550188342885
        ],
        "MMthetaE": 0.0,
        "projMMstar": [
                10.239772096512548,
                10.321860586406,
                10.377444480423119
        ],
        "projMMdm": [
                10.231430929599018,
                10.326787997880796,
                10.412450145339324
        ],
        "projMMtotal": [
                10.581408615690508,
                10.614163731980671,
                10.660212304602725
        ],
        "projMfdm": [
                0.4283791926711542,
                0.511175625406823,
                0.5879158078533869
        ],
        "Dstar": 0.057980725086057935,
        "Ddm": -0.18006012195614757,
        "Dtotal": -0.007218893378966541,
        "Dfdm": -0.16350099000143975,
        "projDstar": -0.01636315126929526,
        "projDdm": 0.2554912729606321,
        "projDtotal": 0.0757248859876174,
        "projDfdm": 0.15626759254950803,
        "DthetaE": 0
}