{
        "Reff": 0.4869602608436852,
        "R": 1.220225225225225,
        "MthetaE": 1.220225225225225,
        "Mstar": 10.87244459182217,
        "Mdm": 10.637575202464305,
        "Mbh": 8.438713073730469,
        "Mtotal": 11.071727465792158,
        "fdm": 0.3679999305160368,
        "projMstar": 10.97001301300598,
        "projMdm": 10.903444554972886,
        "projMtotal": 11.239032980836678,
        "projfdm": 0.4617549652833109,
        "MMstar": [
                10.85780469831378,
                10.877283513998208,
                10.901481260528577
        ],
        "MMdm": [
                10.599690313055037,
                10.629777419632473,
                10.65709610126056
        ],
        "MMbh": -Infinity,
        "MMtotal": [
                11.0661248794104,
                11.072557949515769,
                11.079371581504159
        ],
        "Mfdm": [
                0.333783913165638,
                0.3617966153041834,
                0.38623837674527983
        ],
        "MMthetaE": 1.224463753867507,
        "projMMstar": [
                10.868999294994838,
                10.888650052959461,
                10.91259062312223
        ],
        "projMMdm": [
                10.86090265602242,
                10.894438997736101,
                10.917388131838127
        ],
        "projMMtotal": [
                11.188592100283516,
                11.19235342127385,
                11.195197544548426
        ],
        "projMfdm": [
                0.47035643048924775,
                0.5032853535854694,
                0.5277107370371155
        ],
        "Dstar": 0.011204333666905382,
        "Ddm": -0.017794826866651157,
        "Dtotal": 0.0019140889760419309,
        "Dfdm": -0.016856837997644897,
        "projDstar": -0.17084248753775805,
        "projDdm": -0.020522548075327402,
        "projDtotal": -0.10190880105995903,
        "projDfdm": 0.08994031775419563,
        "DthetaE": -0.0034735625478481487
}