{
        "Reff": 0.1711945002191585,
        "R": 0.42798625054789624,
        "MthetaE": 0.0,
        "Mstar": 10.272765887623335,
        "Mdm": 9.918860506492777,
        "Mbh": 8.217829704284668,
        "Mtotal": 10.431937346374543,
        "fdm": 0.306847903324061,
        "projMstar": 10.299455289543815,
        "projMdm": 10.106461119816588,
        "projMtotal": 10.514621609845861,
        "projfdm": 0.3906964903696051,
        "MMstar": 10.284031251949479,
        "MMdm": 9.689021825526178,
        "MMbh": -Infinity,
        "MMtotal": 10.382360564684221,
        "Mfdm": 0.20261017928226874,
        "MMthetaE": 0.0,
        "projMMstar": 10.298160872651538,
        "projMMdm": 10.144575372948042,
        "projMMtotal": 10.529152349279626,
        "projMfdm": 0.41249911741494416,
        "Dstar": 0.026278815636796155,
        "Ddm": -0.41093757756856886,
        "Dtotal": -0.10788011791717834,
        "Dfdm": -0.3397048600058614,
        "projDstar": -0.0029760677446830828,
        "projDdm": 0.09172750767892138,
        "projDtotal": 0.034024286798772306,
        "projDfdm": 0.05580451215395729,
        "DthetaE": 0
}