{
        "Reff": 0.36353050538478376,
        "R": 0.9088262634619594,
        "MthetaE": 0.40279279279279273,
        "Mstar": 10.272530530124925,
        "Mdm": 10.112920856537993,
        "Mbh": 8.177248001098633,
        "Mtotal": 10.501047157477451,
        "fdm": 0.40914165639821615,
        "projMstar": 10.358462718448601,
        "projMdm": 10.354303934401873,
        "projMtotal": 10.657418300110868,
        "projfdm": 0.49760602975593043,
        "MMstar": [
                10.311022962938079,
                10.33464293404747,
                10.353337469710997
        ],
        "MMdm": [
                9.798302324087183,
                9.863658353672866,
                9.933742931382984
        ],
        "MMbh": -Infinity,
        "MMtotal": [
                10.456503490383732,
                10.460669432960666,
                10.465570596273528
        ],
        "Mfdm": [
                0.21863381745627233,
                0.2524600561029682,
                0.29461619230350256
        ],
        "MMthetaE": 0.4027931353555214,
        "projMMstar": [
                10.323898257647288,
                10.347426616752506,
                10.365586933719573
        ],
        "projMMdm": [
                10.231658241199819,
                10.301835104851898,
                10.379866549184884
        ],
        "projMMtotal": [
                10.604132292532869,
                10.626403765998154,
                10.65471240715477
        ],
        "projMfdm": [
                0.42527226260560286,
                0.47409840249383023,
                0.5321742625656635
        ],
        "Dstar": 0.15375183276465126,
        "Ddm": -0.4367029236648337,
        "Dtotal": -0.08878203069658226,
        "Dfdm": -0.38295196259055647,
        "projDstar": -0.025091407099245365,
        "projDdm": -0.11380117381708856,
        "projDtotal": -0.06892328449604664,
        "projDfdm": -0.04724144374542729,
        "DthetaE": -8.504688634280417e-07,
        "PL_slope1": -2.52116642282948,
        "AV_slope1": 2.466950810463875,
        "PL_slope2": -2.1756243406015754,
        "AV_slope2": 2.1749988735300176
}