{
        "Reff": 0.36353050538478376,
        "R": 0.9088262634619594,
        "MthetaE": 0.40279279279279273,
        "Mstar": 10.272530530124925,
        "Mdm": 10.112920856537993,
        "Mbh": 8.177248001098633,
        "Mtotal": 10.501047157477451,
        "fdm": 0.40914165639821615,
        "projMstar": 10.358462718448601,
        "projMdm": 10.354303934401873,
        "projMtotal": 10.657418300110868,
        "projfdm": 0.49760602975593043,
        "MMstar": [
                10.310235273146889,
                10.333520488753333,
                10.353122275378421
        ],
        "MMdm": [
                9.800456730975874,
                9.866794694225518,
                9.935080544706047
        ],
        "MMbh": -Infinity,
        "MMtotal": [
                10.456708293999895,
                10.4607087962979,
                10.466761930839564
        ],
        "Mfdm": [
                0.2194970098819699,
                0.25419223033350996,
                0.29533351056630613
        ],
        "MMthetaE": 0.4027931353555214,
        "projMMstar": [
                10.322875448602424,
                10.346167343659557,
                10.365590108641744
        ],
        "projMMdm": [
                10.233401693797159,
                10.304842162754877,
                10.382128826355867
        ],
        "projMMtotal": [
                10.60475201051131,
                10.627440267029959,
                10.655881909599183
        ],
        "projMfdm": [
                0.4253223981234835,
                0.4764957598894879,
                0.5339108760511505
        ],
        "Dstar": 0.15077378146672663,
        "Ddm": -0.43262024204764454,
        "Dtotal": -0.08869943649545377,
        "Dfdm": -0.37871828409936936,
        "projDstar": -0.02791414156749193,
        "projDdm": -0.10764383507819228,
        "projDtotal": -0.06669849335294707,
        "projDfdm": -0.04242366170039553,
        "DthetaE": -8.504688634280417e-07
}