{
        "Reff": 0.4888927916199904,
        "R": 1.220225225225225,
        "MthetaE": 1.220225225225225,
        "Mstar": 10.87244459182217,
        "Mdm": 10.637575202464305,
        "Mbh": 8.438713073730469,
        "Mtotal": 11.071727465792158,
        "fdm": 0.3679999305160368,
        "projMstar": 10.97001301300598,
        "projMdm": 10.903444554972886,
        "projMtotal": 11.239032980836678,
        "projfdm": 0.4617549652833109,
        "MMstar": 10.890097862685318,
        "MMdm": 10.630227395290946,
        "MMbh": -Infinity,
        "MMtotal": 11.080346842093222,
        "Mfdm": 0.35471581604569397,
        "MMthetaE": 1.224463753867507,
        "projMMstar": 10.902478867399886,
        "projMMdm": 10.875244234456371,
        "projMMtotal": 11.190104997302964,
        "projMfdm": 0.4843276207428602,
        "Dstar": 0.041485603042136915,
        "Ddm": -0.016776629582547737,
        "Dtotal": 0.020045105484543725,
        "Dfdm": -0.036098143963546034,
        "projDstar": -0.1440155911278581,
        "projDdm": -0.0628703485498397,
        "projDtotal": -0.10654637245833946,
        "projDfdm": 0.04888448886672995,
        "DthetaE": -0.0034735625478481487
}