{
        "Reff": 0.4888927916199904,
        "R": 1.220225225225225,
        "MthetaE": 1.220225225225225,
        "Mstar": 10.87244459182217,
        "Mdm": 10.637575202464305,
        "Mbh": 8.438713073730469,
        "Mtotal": 11.071727465792158,
        "fdm": 0.3679999305160368,
        "projMstar": 10.97001301300598,
        "projMdm": 10.903444554972886,
        "projMtotal": 11.239032980836678,
        "projfdm": 0.4617549652833109,
        "MMstar": 10.889389202721388,
        "MMdm": 10.623391416369365,
        "MMbh": -Infinity,
        "MMtotal": 11.077474605292918,
        "Mfdm": 0.35149310572441406,
        "MMthetaE": 1.224463753867507,
        "projMMstar": 10.901798380453592,
        "projMMdm": 10.869421457554324,
        "projMMtotal": 11.186941559783818,
        "projMfdm": 0.48137097222104475,
        "Dstar": 0.039787544825768684,
        "Ddm": -0.032131815896131614,
        "Dtotal": 0.013321225077351456,
        "Dfdm": -0.04485551062054726,
        "projDstar": -0.14535576498737776,
        "projDdm": -0.07535100369058254,
        "projDtotal": -0.11303071886510961,
        "projDfdm": 0.042481420693978686,
        "DthetaE": -0.0034735625478481487
}