{
        "Reff": 0.4869602608436852,
        "R": 1.220225225225225,
        "MthetaE": 1.220225225225225,
        "Mstar": 10.87244459182217,
        "Mdm": 10.637575202464305,
        "Mbh": 8.438713073730469,
        "Mtotal": 11.071727465792158,
        "fdm": 0.3679999305160368,
        "projMstar": 10.97001301300598,
        "projMdm": 10.903444554972886,
        "projMtotal": 11.239032980836678,
        "projfdm": 0.4617549652833109,
        "MMstar": [
                10.829725746557997,
                10.875349952521391,
                10.916689417204788
        ],
        "MMdm": [
                10.52584136562613,
                10.60295815695962,
                10.667676385314072
        ],
        "MMbh": -Infinity,
        "MMtotal": [
                11.046365875369672,
                11.062053069531807,
                11.077690457975475
        ],
        "Mfdm": [
                0.2913273821958905,
                0.3465603863441976,
                0.4056541140095602
        ],
        "MMthetaE": 1.2600546511291673,
        "projMMstar": [
                10.843605658203316,
                10.888615048891417,
                10.930051149160711
        ],
        "projMMdm": [
                10.832521652069227,
                10.89304294022486,
                10.947174261166126
        ],
        "projMMtotal": [
                11.184873558047936,
                11.191991602889379,
                11.198663729563531
        ],
        "projMfdm": [
                0.44419850379570025,
                0.5030758565969823,
                0.559388465320121
        ],
        "Dstar": 0.0067122672000306015,
        "Ddm": -0.07661470413530702,
        "Dtotal": -0.022029839953605926,
        "Dfdm": -0.05825964190203804,
        "projDstar": -0.17090931481179875,
        "projDdm": -0.023666063526173908,
        "projDtotal": -0.10265670507151181,
        "projDfdm": 0.08948662043800408,
        "DthetaE": -0.03264104452240827
}