{
        "Reff": 0.4869602608436852,
        "R": 1.220225225225225,
        "MthetaE": 1.220225225225225,
        "Mstar": 10.87244459182217,
        "Mdm": 10.637575202464305,
        "Mbh": 8.438713073730469,
        "Mtotal": 11.071727465792158,
        "fdm": 0.3679999305160368,
        "projMstar": 10.97001301300598,
        "projMdm": 10.903444554972886,
        "projMtotal": 11.239032980836678,
        "projfdm": 0.4617549652833109,
        "MMstar": [
                10.826634266706758,
                10.875337811417076,
                10.917382049020231
        ],
        "MMdm": [
                10.530738375804688,
                10.608009321864387,
                10.670035812097817
        ],
        "MMbh": -Infinity,
        "MMtotal": [
                11.04632617404595,
                11.06322521707004,
                11.079186986335497
        ],
        "Mfdm": [
                0.29258791133390155,
                0.3505102979105112,
                0.40942426367178875
        ],
        "MMthetaE": 1.2730590174363126,
        "projMMstar": [
                10.839517069541007,
                10.888615158332115,
                10.929877397717325
        ],
        "projMMdm": [
                10.83519297393336,
                10.894344414049156,
                10.948552089320039
        ],
        "projMMtotal": [
                11.185404960120584,
                11.192270866952718,
                11.198893571452789
        ],
        "projMfdm": [
                0.44566787083729204,
                0.5034120913386927,
                0.5621859581937881
        ],
        "Dstar": 0.006684124019962848,
        "Ddm": -0.0658123547287034,
        "Dtotal": -0.019386763182983383,
        "Dfdm": -0.04752618453215561,
        "projDstar": -0.17090910588380628,
        "projDdm": -0.020735842291808835,
        "projDtotal": -0.1020795015087995,
        "projDfdm": 0.09021478746811736,
        "DthetaE": -0.043298393705420775
}