{
        "Reff": 0.36353050538478376,
        "R": 0.9088262634619594,
        "MthetaE": 0.4278378378378378,
        "Mstar": 10.272530530124925,
        "Mdm": 10.112920856537993,
        "Mbh": 8.177248001098633,
        "Mtotal": 10.501047157477451,
        "fdm": 0.40914165639821615,
        "projMstar": 10.358462718448601,
        "projMdm": 10.354303934401873,
        "projMtotal": 10.657418300110868,
        "projfdm": 0.49760602975593043,
        "MMstar": 10.349981184090682,
        "MMdm": 9.80757362496858,
        "MMbh": -Infinity,
        "MMtotal": 10.459495199275809,
        "Mfdm": 0.22288376005066027,
        "MMthetaE": 0.4025273296550601,
        "projMMstar": 10.362864979245277,
        "projMMdm": 10.095572965501683,
        "projMMtotal": 10.550495909261972,
        "projMfdm": 0.35081411286989755,
        "Dstar": 0.19522771207042736,
        "Ddm": -0.5049457782872431,
        "Dtotal": -0.09124242954063037,
        "Dfdm": -0.4552406078306329,
        "projDstar": 0.0101881292439778,
        "projDdm": -0.4488509906982176,
        "projDtotal": -0.21823250473311437,
        "projDfdm": -0.2949962583010348,
        "DthetaE": 0.059159115777812674
}