{
        "Reff": 0.36353050538478376,
        "R": 0.9088262634619594,
        "MthetaE": 0.4278378378378378,
        "Mstar": 10.272530530124925,
        "Mdm": 10.112920856537993,
        "Mbh": 8.177248001098633,
        "Mtotal": 10.501047157477451,
        "fdm": 0.40914165639821615,
        "projMstar": 10.358462718448601,
        "projMdm": 10.354303934401873,
        "projMtotal": 10.657418300110868,
        "projfdm": 0.49760602975593043,
        "MMstar": 10.348259554549777,
        "MMdm": 9.801964677115963,
        "MMbh": -Infinity,
        "MMtotal": 10.456910157984447,
        "Mfdm": 0.22133725477549707,
        "MMthetaE": 0.4025273296550601,
        "projMMstar": 10.361139936674078,
        "projMMdm": 10.090258233373996,
        "projMMtotal": 10.547514928817652,
        "projMfdm": 0.3489340124957319,
        "Dstar": 0.19049897117375508,
        "Ddm": -0.5112983328486753,
        "Dtotal": -0.0966355402497846,
        "Dfdm": -0.4590204851689062,
        "projDstar": 0.0061835625508097495,
        "projDdm": -0.4555546424323392,
        "projDtotal": -0.22358015241748488,
        "projDfdm": -0.29877454928172853,
        "DthetaE": 0.059159115777812674
}