{
        "Reff": 0.3555664498963653,
        "R": 0.8889161247409133,
        "MthetaE": 0.7108108108108108,
        "Mstar": 10.480430779715173,
        "Mdm": 10.35153228832647,
        "Mbh": 8.265618324279785,
        "Mtotal": 10.721776209571578,
        "fdm": 0.4263399979307349,
        "projMstar": 10.52668112853081,
        "projMdm": 10.557453231213469,
        "projMtotal": 10.843369664689648,
        "projfdm": 0.5177064389389725,
        "MMstar": [
                10.740246631643762,
                10.745747251335311,
                10.749792647429611
        ],
        "MMdm": [
                7.548393938807676,
                8.286633443812853,
                8.724192698019204
        ],
        "MMbh": -Infinity,
        "MMtotal": [
                10.743818994695452,
                10.747361415286054,
                10.750717522660466
        ],
        "Mfdm": [
                0.0006356721160067127,
                0.003454602818179055,
                0.009529963695554786
        ],
        "MMthetaE": 0.7032624410837693,
        "projMMstar": [
                10.751268095884301,
                10.756874892224767,
                10.760823855384954
        ],
        "projMMdm": [
                8.136823937488007,
                8.858004118086,
                9.270726990005107
        ],
        "projMMtotal": [
                10.760034404328866,
                10.763332730191818,
                10.766519983513021
        ],
        "projMfdm": [
                0.0023742237984812026,
                0.01242487025274127,
                0.0319502099712829
        ],
        "Dstar": 0.8421138660957083,
        "Ddm": -0.9913880568255578,
        "Dtotal": 0.0606820167795269,
        "Dfdm": -0.9918970708004266,
        "projDstar": 0.699001505471148,
        "projDdm": -0.9800220516094421,
        "projDtotal": -0.16830696309312143,
        "projDfdm": -0.9760001627984273,
        "DthetaE": 0.010619379463898584
}