{
        "Reff": 0.3555664498963653,
        "R": 0.8889161247409133,
        "MthetaE": 0.7108108108108108,
        "Mstar": 10.480430779715173,
        "Mdm": 10.35153228832647,
        "Mbh": 8.265618324279785,
        "Mtotal": 10.721776209571578,
        "fdm": 0.4263399979307349,
        "projMstar": 10.52668112853081,
        "projMdm": 10.557453231213469,
        "projMtotal": 10.843369664689648,
        "projfdm": 0.5177064389389725,
        "MMstar": [
                10.739268931036436,
                10.745525154902591,
                10.749735128439971
        ],
        "MMdm": [
                7.524068862278163,
                8.329219190954685,
                8.781551121080545
        ],
        "MMbh": -Infinity,
        "MMtotal": [
                10.743733251478663,
                10.747032912849477,
                10.75061009438246
        ],
        "Mfdm": [
                0.0005947795426165878,
                0.0038190325107166187,
                0.010957917593523683
        ],
        "MMthetaE": 0.7032624410837693,
        "projMMstar": [
                10.750630320420656,
                10.756568033506058,
                10.760722589298718
        ],
        "projMMdm": [
                8.113192583890248,
                8.916167245270396,
                9.324557420393205
        ],
        "projMMtotal": [
                10.760128967104329,
                10.76346411305838,
                10.76753857840875
        ],
        "projMfdm": [
                0.0022511788876214524,
                0.01424075905051528,
                0.036250672330022556
        ],
        "Dstar": 0.841172057391533,
        "Ddm": -0.9905008028205687,
        "Dtotal": 0.05988001515365403,
        "Dfdm": -0.9910422842584498,
        "projDstar": 0.6978014688502907,
        "projDdm": -0.9771590578392069,
        "projDtotal": -0.1680553210628078,
        "projDfdm": -0.9724925981610324,
        "DthetaE": 0.010619379463898584,
        "PL_slope1": -4.336735624664777,
        "AV_slope1": 4.096427521681344,
        "PL_slope2": -3.0794413234011344,
        "AV_slope2": 3.0635394860427634
}