{
        "Reff": 0.33542414752571365,
        "R": 0.48572072072072064,
        "MthetaE": 0.48572072072072064,
        "Mstar": 10.193931422797496,
        "Mdm": 9.704516155365626,
        "Mbh": [
                7.912351131439209,
                6.072244644165039
        ],
        "Mtotal": 10.315829128814833,
        "fdm": 0.2447298965108559,
        "projMstar": 10.263860798608103,
        "projMdm": 9.965676135596594,
        "projMtotal": 10.440902574668815,
        "projfdm": 0.3347908352976755,
        "MMstar": [
                10.1856887168523,
                10.221918698134347,
                10.251391133913724
        ],
        "MMdm": [
                9.533585121681554,
                9.613784076455465,
                9.709470929111887
        ],
        "MMbh": -Infinity,
        "MMtotal": [
                10.305720015263972,
                10.31794541652698,
                10.32959718645494
        ],
        "Mfdm": [
                0.16293899553272356,
                0.19865768249016816,
                0.24734898167675928
        ],
        "MMthetaE": 0.509223606974525,
        "projMMstar": [
                10.21049494268751,
                10.246901259965243,
                10.276357812659493
        ],
        "projMMdm": [
                9.86773233658504,
                9.948828684016304,
                10.022799811424072
        ],
        "projMMtotal": [
                10.415052059829389,
                10.421861934083545,
                10.42891124585403
        ],
        "projMfdm": [
                0.2821194067646847,
                0.33418565958676877,
                0.3931274483629597
        ],
        "Dstar": 0.06656487082737275,
        "Ddm": -0.1885384969125302,
        "Dtotal": 0.004884824582769663,
        "Dfdm": -0.1882574000052504,
        "projDstar": -0.038298128144725135,
        "projDdm": -0.03804989047675079,
        "projDtotal": -0.04289549720949879,
        "projDfdm": -0.0018076232892356523,
        "DthetaE": -0.04838765416252024
}