{
        "Reff": 0.3939136227063193,
        "R": 0.45018018018018013,
        "MthetaE": 0.45018018018018013,
        "Mstar": 10.143283281527738,
        "Mdm": 9.666221446383181,
        "Mbh": 8.139239311218262,
        "Mtotal": 10.268236873791992,
        "fdm": 0.2500256543701848,
        "projMstar": 10.238793465359723,
        "projMdm": 9.866167182171507,
        "projMtotal": 10.392305795077736,
        "projfdm": 0.29775659339548977,
        "MMstar": [
                10.255431296512251,
                10.267073574082186,
                10.275805285690168
        ],
        "MMdm": [
                7.629313572516792,
                8.181237680804443,
                8.675083566270358
        ],
        "MMbh": -Infinity,
        "MMtotal": [
                10.264154973589827,
                10.270191265536996,
                10.277604637536081
        ],
        "Mfdm": [
                0.0022465002630642833,
                0.008101631766612409,
                0.0259439569302959
        ],
        "MMthetaE": 0.4500195182604169,
        "projMMstar": [
                10.3041327002169,
                10.315382911257432,
                10.322266365681967
        ],
        "projMMdm": [
                8.004998977920836,
                8.537894618573155,
                9.044717940741757
        ],
        "projMMtotal": [
                10.319415979414151,
                10.324162009795316,
                10.328924739762583
        ],
        "projMfdm": [
                0.00484201848193243,
                0.01642292147834276,
                0.05276491731403448
        ],
        "Dstar": 0.3298121375482752,
        "Ddm": -0.9672647068525293,
        "Dtotal": 0.004510294193924128,
        "Dfdm": -0.9675967980685004,
        "projDstar": 0.19285991815856476,
        "projDdm": -0.9530400704827865,
        "projDtotal": -0.14521633390457642,
        "projDfdm": -0.9448444741691099,
        "DthetaE": 0.00035688359202955825
}