{
        "Reff": 0.3939136227063193,
        "R": 0.45018018018018013,
        "MthetaE": 0.45018018018018013,
        "Mstar": 10.143283281527738,
        "Mdm": 9.666221446383181,
        "Mbh": 8.139239311218262,
        "Mtotal": 10.268236873791992,
        "fdm": 0.2500256543701848,
        "projMstar": 10.238793465359723,
        "projMdm": 9.866167182171507,
        "projMtotal": 10.392305795077736,
        "projfdm": 0.29775659339548977,
        "MMstar": [
                10.254873177083988,
                10.266389100792313,
                10.275901916971414
        ],
        "MMdm": [
                7.5987739807454036,
                8.220166587374138,
                8.644613861697943
        ],
        "MMbh": -Infinity,
        "MMtotal": [
                10.264217059727045,
                10.270009643876817,
                10.277560233767115
        ],
        "Mfdm": [
                0.0021119241956131115,
                0.008867053097164814,
                0.02433474120225218
        ],
        "MMthetaE": 0.4500195182604169,
        "projMMstar": [
                10.30381773552209,
                10.314957858172995,
                10.322966253871067
        ],
        "projMMdm": [
                7.9833578116612784,
                8.596536652176042,
                9.001682959320236
        ],
        "projMMtotal": [
                10.3195795152633,
                10.324378110277086,
                10.328999620554443
        ],
        "projMfdm": [
                0.004554169491878648,
                0.01875933582244302,
                0.04749333090277844
        ],
        "Dstar": 0.3277179272305734,
        "Ddm": -0.9641948793900313,
        "Dtotal": 0.004090296492132047,
        "Dfdm": -0.9645354268964881,
        "projDstar": 0.1916930123614074,
        "projDdm": -0.9462511136886408,
        "projDtotal": -0.1447908964777688,
        "projDfdm": -0.9369977483671493,
        "DthetaE": 0.00035688359202955825
}