{
        "Reff": 0.939249303987715,
        "R": 0.533108108108108,
        "MthetaE": 0.533108108108108,
        "Mstar": 10.31006509796883,
        "Mdm": 9.833454064524009,
        "Mbh": 8.183881759643555,
        "Mtotal": 10.435131446102673,
        "fdm": 0.25022034492304296,
        "projMstar": 10.391067736586477,
        "projMdm": 10.102557322907726,
        "projMtotal": 10.571372417928766,
        "projfdm": 0.33976990204554613,
        "MMstar": 10.271029868197681,
        "MMdm": 9.873319287921474,
        "MMbh": -Infinity,
        "MMtotal": 10.417223467214647,
        "Mfdm": 0.2858221098369539,
        "MMthetaE": 0.5475522655640054,
        "projMMstar": 10.302522571174828,
        "projMMdm": 10.134547769500942,
        "projMMtotal": 10.527636128643636,
        "projMfdm": 0.4044935873069008,
        "Dstar": -0.08596090797325343,
        "Ddm": 0.09613797381940048,
        "Dtotal": -0.040396062960995176,
        "Dfdm": 0.14228165549392277,
        "projDstar": -0.18444203302558856,
        "projDdm": 0.07644153431224487,
        "projDtotal": -0.09580164890592034,
        "projDfdm": 0.1904926977689698,
        "DthetaE": -0.027094237052887268
}