{
        "Reff": 0.4750495551698561,
        "R": 0.533108108108108,
        "MthetaE": 0.533108108108108,
        "Mstar": 10.316567053263963,
        "Mdm": 9.953675599223988,
        "Mbh": 8.356976509094238,
        "Mtotal": 10.473000874721839,
        "fdm": 0.3024647195873248,
        "projMstar": 10.385313712548719,
        "projMdm": 10.208555729354114,
        "projMtotal": 10.606895895322637,
        "projfdm": 0.3996316112517674,
        "MMstar": [
                10.309772564260275,
                10.315055263480307,
                10.325136429577084
        ],
        "MMdm": [
                9.38002326591743,
                9.431174739111855,
                9.480241700548039
        ],
        "MMbh": -Infinity,
        "MMtotal": [
                10.363721577527896,
                10.36952056133334,
                10.377665467514744
        ],
        "Mfdm": [
                0.10339187750455035,
                0.11523351817726381,
                0.12801011018848743
        ],
        "MMthetaE": 0.458917242575832,
        "projMMstar": [
                10.348046489768942,
                10.3534165824126,
                10.363523237201756
        ],
        "projMMdm": [
                9.913010178639281,
                9.966385233535014,
                10.013315727226896
        ],
        "projMMtotal": [
                10.490390554385828,
                10.503897688339078,
                10.516189291037138
        ],
        "projMfdm": [
                0.26449421786601596,
                0.29080774646528623,
                0.3144642879816132
        ],
        "Dstar": -0.003474972877510238,
        "Ddm": -0.6997388525760726,
        "Dtotal": -0.21201184977803145,
        "Dfdm": -0.6190183161378772,
        "projDstar": -0.07081354603423917,
        "projDdm": -0.4274287937942507,
        "projDtotal": -0.211136625508196,
        "projDfdm": -0.2723104522327746,
        "DthetaE": 0.13916664257004888
}