{
        "Reff": 0.4081097725007585,
        "R": 1.0202744312518963,
        "MthetaE": 0.37909909909909906,
        "Mstar": 10.364943218193039,
        "Mdm": 10.152496114847926,
        "Mbh": 8.278263092041016,
        "Mtotal": 10.572612711748814,
        "fdm": 0.38008733894439084,
        "projMstar": 10.459069556768531,
        "projMdm": 10.470354006813059,
        "projMtotal": 10.765778427480319,
        "projfdm": 0.5064954861724276,
        "MMstar": [
                -Infinity,
                -Infinity,
                -Infinity
        ],
        "MMdm": [
                -Infinity,
                -Infinity,
                -Infinity
        ],
        "MMbh": -Infinity,
        "MMtotal": [
                -Infinity,
                -Infinity,
                -Infinity
        ],
        "Mfdm": [
                0.0,
                0.0,
                0.0
        ],
        "MMthetaE": 0.37130888008559115,
        "projMMstar": [
                10.514101122056081,
                10.517594778617571,
                10.51862930109263
        ],
        "projMMdm": [
                8.046613570210061,
                8.654272836335478,
                9.287726531247216
        ],
        "projMMtotal": [
                10.519891218229853,
                10.524078545654444,
                10.539519086413348
        ],
        "projMfdm": [
                0.0033641068800517922,
                0.013410036139877995,
                0.05608501713262412
        ],
        "Dstar": -1.0,
        "Ddm": -1.0,
        "Dtotal": -1.0,
        "Dfdm": -1.0,
        "projDstar": 0.14426133138324365,
        "projDdm": -0.9847271942012991,
        "projDtotal": -0.42680800287228876,
        "projDfdm": -0.9735238782852395,
        "DthetaE": 0.020549294451030833
}