{
        "Reff": 0.3465146838858552,
        "R": 1.0543693693693692,
        "MthetaE": 1.0543693693693692,
        "Mstar": 11.051047526846789,
        "Mdm": 10.793390939483194,
        "Mbh": 8.772610664367676,
        "Mtotal": 11.242083096745356,
        "fdm": 0.355883491538148,
        "projMstar": 11.083819296434118,
        "projMdm": 11.030129712404289,
        "projMtotal": 11.35883364304146,
        "projfdm": 0.4691330928669549,
        "MMstar": -Infinity,
        "MMdm": -Infinity,
        "MMbh": -Infinity,
        "MMtotal": -Infinity,
        "Mfdm": 0.0,
        "MMthetaE": 1.1457531156926812,
        "projMMstar": 11.222131696334841,
        "projMMdm": 10.747795603340624,
        "projMMtotal": 11.34776839967379,
        "projMfdm": 0.2512043777883139,
        "Dstar": -1.0,
        "Ddm": -1.0,
        "Dtotal": -1.0,
        "Dfdm": -1.0,
        "projDstar": 0.3750307165630995,
        "projDdm": -0.4780055434405263,
        "projDtotal": -0.025156822420061464,
        "projDfdm": -0.46453494411754304,
        "DthetaE": -0.08667147299429775
}