{
        "Reff": 0.4081097725007585,
        "R": 1.0202744312518963,
        "MthetaE": 0.0,
        "Mstar": 10.364943218193039,
        "Mdm": 10.152496114847926,
        "Mbh": 8.278263092041016,
        "Mtotal": 10.572612711748814,
        "fdm": 0.38008733894439084,
        "projMstar": 10.459069556768531,
        "projMdm": 10.470354006813059,
        "projMtotal": 10.765778427480319,
        "projfdm": 0.5064954861724276,
        "MMstar": [
                10.244667840343,
                10.401034104203424,
                10.488697654326428
        ],
        "MMdm": [
                9.890684103503535,
                10.137762984947747,
                10.352671464027459
        ],
        "MMbh": -Infinity,
        "MMtotal": [
                10.56904530246308,
                10.593792552117826,
                10.624760095482678
        ],
        "Mfdm": [
                0.20712585619873383,
                0.3537652183473099,
                0.5708224367865823
        ],
        "MMthetaE": 0.0,
        "projMMstar": [
                10.257136583100507,
                10.411989825012673,
                10.500248257419399
        ],
        "projMMdm": [
                10.365402459927243,
                10.540879795397704,
                10.644555055761257
        ],
        "projMMtotal": [
                10.709860422634932,
                10.762862305487864,
                10.82431896527439
        ],
        "projMfdm": [
                0.4270976031911838,
                0.5824091759860712,
                0.7078663243142294
        ],
        "Dstar": 0.08665300671134198,
        "Ddm": -0.03335530890230186,
        "Dtotal": 0.04997713181209027,
        "Dfdm": -0.06925282139148559,
        "projDstar": -0.1027359485680593,
        "projDdm": 0.17632083302491863,
        "projDtotal": -0.0066921263462437815,
        "projDfdm": 0.14988028893864647,
        "DthetaE": 0
}