{
        "Reff": 0.3129603324922881,
        "R": 0.45018018018018013,
        "MthetaE": 0.45018018018018013,
        "Mstar": 10.157419078496352,
        "Mdm": 9.745693003339381,
        "Mbh": 8.01979923248291,
        "Mtotal": 10.299652689733843,
        "fdm": 0.27928030725671116,
        "projMstar": 10.210306231675538,
        "projMdm": 9.953741366541735,
        "projMtotal": 10.401730642113568,
        "projfdm": 0.3564599357065718,
        "MMstar": -Infinity,
        "MMdm": -Infinity,
        "MMbh": -Infinity,
        "MMtotal": -Infinity,
        "Mfdm": 0.0,
        "MMthetaE": 0.4500195182604169,
        "projMMstar": 10.324855326437513,
        "projMMdm": 7.77260388653587,
        "projMMtotal": 10.32607130170578,
        "projMfdm": 0.0027959704995436908,
        "Dstar": -1.0,
        "Ddm": -1.0,
        "Dtotal": -1.0,
        "Dfdm": -1.0,
        "projDstar": 0.30181447070532647,
        "projDdm": -0.9934103473943203,
        "projDtotal": -0.15988128468002977,
        "projDfdm": -0.9921562840042556,
        "DthetaE": 0.00035688359202955825
}