{
        "Reff": 1.1035545250518053,
        "R": 2.7588863126295133,
        "MthetaE": 0.6634234234234233,
        "Mstar": 10.900020863315055,
        "Mdm": 10.946236990033489,
        "Mbh": 8.336731910705566,
        "Mtotal": 11.22477340265395,
        "fdm": 0.526579062991917,
        "projMstar": 10.958959151544681,
        "projMdm": 11.188491183100519,
        "projMtotal": 11.389745840450614,
        "projfdm": 0.629137167379847,
        "MMstar": 10.956487601603115,
        "MMdm": 10.872203972398468,
        "MMbh": -Infinity,
        "MMtotal": 11.217417199968931,
        "Mfdm": 0.45163414902440435,
        "MMthetaE": 0.6553516178469189,
        "projMMstar": 10.981712475669312,
        "projMMdm": 11.26042760288742,
        "projMMtotal": 11.444085267023636,
        "projMfdm": 0.6551523993454208,
        "Dstar": 0.1388505563378676,
        "Ddm": -0.15672935509451513,
        "Dtotal": -0.016795636463430137,
        "Dfdm": -0.14232414320024547,
        "projDstar": 0.05378818291364317,
        "projDdm": 0.18014785071505157,
        "projDtotal": 0.13328574638527985,
        "projDfdm": 0.04135065183625821,
        "DthetaE": 0.012166898682672369,
        "PL_slope1": -2.179354552235239,
        "AV_slope1": 2.1492826639522513,
        "PL_slope2": -1.8762991548533672,
        "AV_slope2": 1.8622398077768638
}