{
        "Reff": 0.36422601544215016,
        "R": 0.9105650386053754,
        "MthetaE": 0.0,
        "Mstar": 10.27293859069873,
        "Mdm": 10.113967989717644,
        "Mbh": 8.177248001098633,
        "Mtotal": 10.501716802955189,
        "fdm": 0.40949743592464155,
        "projMstar": 10.358796827178473,
        "projMdm": 10.355252888833848,
        "projMtotal": 10.658058468574506,
        "projfdm": 0.4979599564196837,
        "MMstar": [
                10.109450596931817,
                10.18103326364802,
                10.237208373862673
        ],
        "MMdm": [
                9.849824609074531,
                9.94295024418286,
                10.037063860033403
        ],
        "MMbh": -Infinity,
        "MMtotal": [
                10.362739411405421,
                10.379514257191419,
                10.399282576876258
        ],
        "Mfdm": [
                0.2908084997201467,
                0.36452821772711747,
                0.45764490587705153
        ],
        "MMthetaE": 0.0,
        "projMMstar": [
                10.122903501496426,
                10.193757135667214,
                10.250629412802217
        ],
        "projMMdm": [
                10.278106081216823,
                10.364392217863008,
                10.437099234676452
        ],
        "projMMtotal": [
                10.554814749530566,
                10.586023500344284,
                10.618189629303014
        ],
        "projMfdm": [
                0.5193413174131387,
                0.5987118054835019,
                0.668363332768892
        ],
        "Dstar": -0.19072770474040804,
        "Ddm": -0.3254995333615261,
        "Dtotal": -0.24525984927710826,
        "Dfdm": -0.10981562826146639,
        "projDstar": -0.3161508546557639,
        "projDdm": 0.021267070939410746,
        "projDtotal": -0.1528407995987674,
        "projDfdm": 0.20232921897620199,
        "DthetaE": 0,
        "PL_slope1": -2.47316596319578,
        "AV_slope1": 2.4102161685722274,
        "PL_slope2": -2.0806742552977457,
        "AV_slope2": 2.0830898523541177
}