{
        "Reff": 0.3465146838858552,
        "R": 1.0543693693693692,
        "MthetaE": 1.0543693693693692,
        "Mstar": 11.051047526846789,
        "Mdm": 10.793390939483194,
        "Mbh": 8.772610664367676,
        "Mtotal": 11.242083096745356,
        "fdm": 0.355883491538148,
        "projMstar": 11.083819296434118,
        "projMdm": 11.030129712404289,
        "projMtotal": 11.35883364304146,
        "projfdm": 0.4691330928669549,
        "MMstar": 11.16999293029555,
        "MMdm": 10.381669133823086,
        "MMbh": -Infinity,
        "MMtotal": 11.235501006026249,
        "Mfdm": 0.14001292476861776,
        "MMthetaE": 1.0536958910447327,
        "projMMstar": 11.187515149170096,
        "projMMdm": 10.83002824379728,
        "projMMtotal": 11.345590762414393,
        "projMfdm": 0.30509667973231686,
        "Dstar": 0.31505950145561756,
        "Ddm": -0.612494211475884,
        "Dtotal": -0.015041552491618294,
        "Dfdm": -0.6065765114209872,
        "projDstar": 0.2696846019609648,
        "projDdm": -0.3691900552381569,
        "projDtotal": -0.03003264192517473,
        "projDfdm": -0.34965858437353603,
        "DthetaE": 0.000638749895626525
}