{
        "Reff": 0.6860226179383073,
        "R": 1.0899099099099099,
        "MthetaE": 1.0899099099099099,
        "Mstar": 10.742246908926605,
        "Mdm": 10.494685451500338,
        "Mbh": 8.453516006469727,
        "Mtotal": 10.936902124158186,
        "fdm": 0.36122959761691914,
        "projMstar": 10.856106322719304,
        "projMdm": 10.77867479018461,
        "projMtotal": 11.120143955811441,
        "projfdm": 0.45554452811787544,
        "MMstar": -Infinity,
        "MMdm": -Infinity,
        "MMbh": -Infinity,
        "MMtotal": -Infinity,
        "Mfdm": 0.0,
        "MMthetaE": 1.0875756874765057,
        "projMMstar": 10.957865021131182,
        "projMMdm": 10.297698913144286,
        "projMMtotal": 11.043759160053652,
        "projMfdm": 0.17944846721275787,
        "Dstar": -1.0,
        "Ddm": -1.0,
        "Dtotal": -1.0,
        "Dfdm": -1.0,
        "projDstar": 0.26403383308253575,
        "projDdm": -0.6696121080220933,
        "projDtotal": -0.16128346658714218,
        "projDfdm": -0.6060791950368367,
        "DthetaE": 0.0021416654827894365
}