{
        "Reff": 0.6860226179383073,
        "R": 1.0899099099099099,
        "MthetaE": 1.0899099099099099,
        "Mstar": 10.742246908926605,
        "Mdm": 10.494685451500338,
        "Mbh": 8.453516006469727,
        "Mtotal": 10.936902124158186,
        "fdm": 0.36122959761691914,
        "projMstar": 10.856106322719304,
        "projMdm": 10.77867479018461,
        "projMtotal": 11.120143955811441,
        "projfdm": 0.45554452811787544,
        "MMstar": -Infinity,
        "MMdm": -Infinity,
        "MMbh": -Infinity,
        "MMtotal": -Infinity,
        "Mfdm": 0.0,
        "MMthetaE": 1.0875756874765057,
        "projMMstar": 10.957833270715966,
        "projMMdm": 10.299610076082148,
        "projMMtotal": 11.044076703011905,
        "projMfdm": 0.180108153203521,
        "Dstar": -1.0,
        "Ddm": -1.0,
        "Dtotal": -1.0,
        "Dfdm": -1.0,
        "projDstar": 0.2639414254335531,
        "projDdm": -0.6681549942656207,
        "projDtotal": -0.16066999823866823,
        "projDfdm": -0.6046310687834303,
        "DthetaE": 0.0021416654827894365
}