{
        "Reff": 0.6860226179383073,
        "R": 1.0899099099099099,
        "MthetaE": 1.0899099099099099,
        "Mstar": 10.742246908926605,
        "Mdm": 10.494685451500338,
        "Mbh": 8.453516006469727,
        "Mtotal": 10.936902124158186,
        "fdm": 0.36122959761691914,
        "projMstar": 10.856106322719304,
        "projMdm": 10.77867479018461,
        "projMtotal": 11.120143955811441,
        "projfdm": 0.45554452811787544,
        "MMstar": [
                10.760512669597217,
                10.775025526938641,
                10.797054470312064
        ],
        "MMdm": [
                10.40627505212969,
                10.442317681511556,
                10.469142768459736
        ],
        "MMbh": -Infinity,
        "MMtotal": [
                10.934387423614838,
                10.941975407489599,
                10.94983406174722
        ],
        "Mfdm": [
                0.2905215991977017,
                0.31829641711512674,
                0.33675665868337223
        ],
        "MMthetaE": 1.0875756874765057,
        "projMMstar": [
                10.780959636299672,
                10.795912151539932,
                10.818058736039953
        ],
        "projMMdm": [
                10.691097485887756,
                10.726224761727249,
                10.747004215275235
        ],
        "projMMtotal": [
                11.059910619543473,
                11.063441651824451,
                11.065676388777145
        ],
        "projMfdm": [
                0.42774951995216687,
                0.4598991578145586,
                0.48042244292497016
        ],
        "Dstar": 0.07839686836066352,
        "Ddm": -0.11359493291572031,
        "Dtotal": 0.011750163698742048,
        "Dfdm": -0.11885288687590508,
        "projDstar": -0.129425727050258,
        "projDdm": -0.11376280845083821,
        "projDtotal": -0.12239781466598591,
        "projDfdm": 0.009559174631456363,
        "DthetaE": 0.0021416654827894365
}