{
        "Reff": 0.6860226179383073,
        "R": 1.0899099099099099,
        "MthetaE": 1.0899099099099099,
        "Mstar": 10.742246908926605,
        "Mdm": 10.494685451500338,
        "Mbh": 8.453516006469727,
        "Mtotal": 10.936902124158186,
        "fdm": 0.36122959761691914,
        "projMstar": 10.856106322719304,
        "projMdm": 10.77867479018461,
        "projMtotal": 11.120143955811441,
        "projfdm": 0.45554452811787544,
        "MMstar": [
                10.760966221160263,
                10.777191921606645,
                10.799119915818428
        ],
        "MMdm": [
                10.403113708720225,
                10.441545766780509,
                10.467870964764012
        ],
        "MMbh": -Infinity,
        "MMtotal": [
                10.934376977116928,
                10.9423856149101,
                10.950385190935101
        ],
        "Mfdm": [
                0.2880516291932365,
                0.31575270917014114,
                0.33515404807394433
        ],
        "MMthetaE": 1.0875756874765057,
        "projMMstar": [
                10.781969283271403,
                10.798147054174878,
                10.819953392420532
        ],
        "projMMdm": [
                10.686879345195477,
                10.723562171651983,
                10.746343068680536
        ],
        "projMMtotal": [
                11.059620454300719,
                11.06312123041574,
                11.06561082097239
        ],
        "projMfdm": [
                0.4243654906744855,
                0.4573241059874982,
                0.4796485221562307
        ],
        "Dstar": 0.08378968348877201,
        "Ddm": -0.11516902939481721,
        "Dtotal": 0.012706251119492395,
        "Dfdm": -0.12589469065324443,
        "projDstar": -0.12493415825877846,
        "projDdm": -0.1191795654631761,
        "projDtotal": -0.12304506861569943,
        "projDfdm": 0.003906485008118154,
        "DthetaE": 0.0021416654827894365
}