{
        "Reff": 1.1035545250518053,
        "R": 0.6634234234234233,
        "MthetaE": 0.6634234234234233,
        "Mstar": 10.522028515683154,
        "Mdm": 10.064407877741875,
        "Mbh": 8.336731910705566,
        "Mtotal": 10.6519251077602,
        "fdm": 0.25851322760668544,
        "projMstar": 10.610449633395211,
        "projMdm": 10.389287224511984,
        "projMtotal": 10.814827120951854,
        "projfdm": 0.37537046949957625,
        "MMstar": [
                10.508651866845963,
                10.535155255658305,
                10.553440829612724
        ],
        "MMdm": [
                9.636728927022371,
                9.717456116090641,
                9.792158000009817
        ],
        "MMbh": -Infinity,
        "MMtotal": [
                10.583641741971915,
                10.596076279933435,
                10.606405672803849
        ],
        "Mfdm": [
                0.10908888022964729,
                0.13304809334798384,
                0.15970745785271107
        ],
        "MMthetaE": 0.6491916548593238,
        "projMMstar": [
                10.562308811394985,
                10.58857675802825,
                10.607537836729195
        ],
        "projMMdm": [
                10.191695739045011,
                10.251758270069057,
                10.309365774723219
        ],
        "projMMtotal": [
                10.74679547774539,
                10.752468553093319,
                10.757747608509884
        ],
        "projMfdm": [
                0.27766689517343907,
                0.31561923720549195,
                0.3590345428847971
        ],
        "Dstar": 0.0306868614682028,
        "Ddm": -0.5501701839780039,
        "Dtotal": -0.12067145378133293,
        "Dfdm": -0.48533351821203646,
        "projDstar": -0.04911690906168639,
        "projDdm": -0.2714304008912125,
        "projDtotal": -0.13375362117167477,
        "projDfdm": -0.15917936318683096,
        "DthetaE": 0.021452013995315607
}