{
        "Reff": 0.1711945002191585,
        "R": 0.42798625054789624,
        "MthetaE": 0.0,
        "Mstar": 10.272768103513672,
        "Mdm": 9.918860506492777,
        "Mbh": 8.217829704284668,
        "Mtotal": 10.43193888232478,
        "fdm": 0.30684681811046544,
        "projMstar": 10.299456228808682,
        "projMdm": 10.106476541384401,
        "projMtotal": 10.514628207353143,
        "projfdm": 0.3907044286802383,
        "MMstar": [
                10.172429280500703,
                10.29701390858326,
                10.357929469304354
        ],
        "MMdm": [
                9.2460441514436,
                9.552386799797802,
                9.87640759085374
        ],
        "MMbh": -Infinity,
        "MMtotal": [
                10.33559788367458,
                10.369521328510729,
                10.407130140286739
        ],
        "Mfdm": [
                0.07257728072498715,
                0.15076853066612583,
                0.3373446761904783
        ],
        "MMthetaE": 0.0,
        "projMMstar": [
                10.18715683126346,
                10.311605195195831,
                10.370730208940484
        ],
        "projMMdm": [
                9.928995755562925,
                10.067599197268414,
                10.197615676808494
        ],
        "projMMtotal": [
                10.458650741345213,
                10.497159358916505,
                10.539689452616447
        ],
        "projMfdm": [
                0.2718882153278859,
                0.3669042459419807,
                0.49152819258518043
        ],
        "Dstar": 0.057415823582452376,
        "Ddm": -0.5699427303843122,
        "Dtotal": -0.13387126692287205,
        "Dfdm": -0.5086521294418348,
        "projDstar": 0.028368976199377123,
        "projDdm": -0.0856285530796269,
        "projDtotal": -0.03942528289996012,
        "projDfdm": -0.06091608129104739,
        "DthetaE": 0,
        "PL_slope1": 1.257584680640758,
        "AV_slope1": 3.178941316557575,
        "PL_slope2": -4.147304697140376,
        "AV_slope2": 4.061559921099859
}