{
        "Reff": 0.1711945002191585,
        "R": 0.42798625054789624,
        "MthetaE": 0.0,
        "Mstar": 10.272768103513672,
        "Mdm": 9.918860506492777,
        "Mbh": 8.217829704284668,
        "Mtotal": 10.43193888232478,
        "fdm": 0.30684681811046544,
        "projMstar": 10.299456228808682,
        "projMdm": 10.106476541384401,
        "projMtotal": 10.514628207353143,
        "projfdm": 0.3907044286802383,
        "MMstar": [
                10.200930176337502,
                10.301042402854558,
                10.356607251651695
        ],
        "MMdm": [
                9.256855682822147,
                9.537063902131157,
                9.845642069131626
        ],
        "MMbh": -Infinity,
        "MMtotal": [
                10.336824127051193,
                10.371694785433037,
                10.409258801050733
        ],
        "Mfdm": [
                0.07692546090826877,
                0.1465088226014243,
                0.30765052974634105
        ],
        "MMthetaE": 0.0,
        "projMMstar": [
                10.215288918134677,
                10.315132671224033,
                10.369879584042144
        ],
        "projMMdm": [
                9.917895333661532,
                10.062431095486756,
                10.192757866690659
        ],
        "projMMtotal": [
                10.46178996906365,
                10.498596700927688,
                10.542726876121886
        ],
        "projMfdm": [
                0.2695992943496312,
                0.36304332423956703,
                0.4750823208539255
        ],
        "Dstar": 0.06726999353781753,
        "Ddm": -0.5848515740318959,
        "Dtotal": -0.12952580095029803,
        "Dfdm": -0.5225343267249366,
        "projDstar": 0.036755725439083245,
        "projDdm": -0.09644508196416947,
        "projDtotal": -0.036240895997572034,
        "projDfdm": -0.07079803147895661,
        "DthetaE": 0,
        "PL_slope1": -3.1790705035414186,
        "AV_slope1": 3.158792375973853,
        "PL_slope2": -4.138772653680685,
        "AV_slope2": 4.0620386246140585
}