{
        "Reff": 0.9842781252851367,
        "R": 2.4606953132128417,
        "MthetaE": 0.0,
        "Mstar": 11.047828541469018,
        "Mdm": 11.001234796916503,
        "Mbh": 8.475809097290039,
        "Mtotal": 11.326186222826236,
        "fdm": 0.4732041819854661,
        "projMstar": 11.149495480110856,
        "projMdm": 11.242149674873277,
        "projMtotal": 11.499318805292063,
        "projfdm": 0.5531346560645148,
        "MMstar": 11.007313572557772,
        "MMdm": 10.963143165496806,
        "MMbh": -Infinity,
        "MMtotal": 11.286819672921613,
        "Mfdm": 0.4745953650940945,
        "MMthetaE": 0.0,
        "projMMstar": 11.022283645275152,
        "projMMdm": 11.425603274860574,
        "projMMtotal": 11.570201063690284,
        "projMfdm": 0.7168069560632501,
        "Dstar": -0.08906994547617152,
        "Ddm": -0.08397280206022271,
        "Dtotal": -0.08665795589556487,
        "Dfdm": 0.002939921415722253,
        "projDstar": -0.25391524642789387,
        "projDdm": 0.5256453861808993,
        "projDtotal": 0.17728675597160662,
        "projDfdm": 0.2958995575566419,
        "DthetaE": 0,
        "PL_slope1": -2.422101604531501,
        "AV_slope1": 2.2364824946015065,
        "PL_slope2": -1.513393188089169,
        "AV_slope2": 1.5006629546211814
}