{
        "Reff": 0.6860226179383073,
        "R": 1.7150565448457682,
        "MthetaE": 1.0899099099099099,
        "Mstar": 10.84301596834364,
        "Mdm": 10.743585617454288,
        "Mbh": 8.453516006469727,
        "Mtotal": 11.097170128597762,
        "fdm": 0.4430119985802378,
        "projMstar": 10.942653613166152,
        "projMdm": 11.01637535019762,
        "projMtotal": 11.282106891190807,
        "projfdm": 0.5423360316663773,
        "MMstar": [
                10.815611064549238,
                10.834542155868894,
                10.862265208441551
        ],
        "MMdm": [
                10.688518756499949,
                10.726182730461288,
                10.759591137020545
        ],
        "MMbh": -Infinity,
        "MMtotal": [
                11.07969506217461,
                11.08585875151771,
                11.093082675015841
        ],
        "Mfdm": [
                0.40257327125505965,
                0.4379822380923938,
                0.4667313903143554
        ],
        "MMthetaE": 1.0875756874765057,
        "projMMstar": [
                10.828679395455937,
                10.84795160959526,
                10.875827831124376
        ],
        "projMMdm": [
                11.03169037098796,
                11.069549965949987,
                11.092294412459108
        ],
        "projMMtotal": [
                11.261051017132527,
                11.273626699782104,
                11.282936258343844
        ],
        "projMfdm": [
                0.5885144944109891,
                0.6235627912648639,
                0.6461523455172188
        ],
        "Dstar": -0.019322553586336024,
        "Ddm": -0.0392793779676401,
        "Dtotal": -0.025709152233977156,
        "Dfdm": -0.0113535536372906,
        "projDstar": -0.19592233941377007,
        "projDdm": 0.13025026036951262,
        "projDtotal": -0.019336957708383524,
        "projDfdm": 0.14977201376222393,
        "DthetaE": 0.0021416654827894365
}