{
        "Reff": 0.45819421237773067,
        "R": 1.1454855309443266,
        "Mstar": 10.47320266026196,
        "Mdm": 10.384191616682283,
        "Mbh": 8.361756017743174,
        "Mtotal": 10.733851186676894,
        "fdm": 0.44703387086488905,
        "MMstar": 10.18552024654445,
        "MMdm": 10.051048975196073,
        "MMbh": 9.39598102476696,
        "MMtotal": 10.463374709613078,
        "Mfdm": 0.38696729849855405,
        "Dstar": -0.48439444666181997,
        "Ddm": -0.5356372670543498,
        "Dtotal": -0.4635570736867616,
        "Dfdm": -0.13436693790142235
}