{
        "Reff": 0.42908660556761336,
        "R": 1.0727165139190333,
        "Mstar": 10.461117961783712,
        "Mdm": 10.349554243016174,
        "Mbh": 8.0,
        "Mtotal": 10.709938671266638,
        "fdm": 0.43612960866123895,
        "MMstar": 10.32624128760531,
        "MMdm": 10.18095626282592,
        "MMbh": -Infinity,
        "MMtotal": 10.560675947065947,
        "Mfdm": 0.4171385390390194,
        "Dstar": -0.2669673384491579,
        "Ddm": -0.3217309195091109,
        "Dtotal": -0.29085135762572334,
        "Dfdm": -0.04354455474948223
}