{
        "Reff": 0.4081097725007585,
        "R": 1.0202744312518963,
        "MthetaE": 0.0,
        "Mstar": 10.364943218193039,
        "Mdm": 10.152496114847926,
        "Mbh": 8.278263092041016,
        "Mtotal": 10.572612711748814,
        "fdm": 0.38008733894439084,
        "projMstar": 10.459069556768531,
        "projMdm": 10.470354006813059,
        "projMtotal": 10.765778427480319,
        "projfdm": 0.5064954861724276,
        "MMstar": [
                10.22229096169075,
                10.357286809656577,
                10.419442921242158
        ],
        "MMdm": [
                10.07057284401466,
                10.208507923112563,
                10.360850127596718
        ],
        "MMbh": -Infinity,
        "MMtotal": [
                10.57197498328222,
                10.589843455145509,
                10.607310000681352
        ],
        "Mfdm": [
                0.31146862099138,
                0.4153068278258101,
                0.5815662048783828
        ],
        "MMthetaE": 0.0,
        "projMMstar": [
                10.233105455541251,
                10.36810545049852,
                10.431616759817555
        ],
        "projMMdm": [
                10.443803687889835,
                10.522219770915763,
                10.595152219462147
        ],
        "projMMtotal": [
                10.720189771347297,
                10.747362164500746,
                10.772489351124635
        ],
        "projMfdm": [
                0.5112501897413164,
                0.5885922383697247,
                0.6939582175653323
        ],
        "Dstar": -0.017475041160037966,
        "Ddm": 0.13765821779985465,
        "Dtotal": 0.04047282877407189,
        "Dfdm": 0.09266156820491216,
        "projDstar": -0.1889719147687216,
        "projDdm": 0.12684910503027233,
        "projDtotal": -0.04151849514201757,
        "projDfdm": 0.16208782593049362,
        "DthetaE": 0
}