{
        "Reff": 0.5550486535013095,
        "R": 0.5704504504504504,
        "MthetaE": 0.5704504504504504,
        "Mstar": 10.328888493391757,
        "Mdm": 9.907598873918385,
        "Mbh": 8.260486602783203,
        "Mtotal": 10.46847232102117,
        "fdm": 0.27486950028789275,
        "projMstar": 10.403088136455244,
        "projMdm": 10.171467036311057,
        "projMtotal": 10.603569207754372,
        "projfdm": 0.3697411848123213,
        "MMstar": [
                10.249282820026684,
                10.256632925827224,
                10.269317667680163
        ],
        "MMdm": [
                9.268065152351902,
                9.30394162013189,
                9.35337557620917
        ],
        "MMbh": -Infinity,
        "MMtotal": [
                10.297088884140582,
                10.304235644184919,
                10.314252564647067
        ],
        "Mfdm": [
                0.09170325645818148,
                0.1004492211985803,
                0.11152533372449033
        ],
        "MMthetaE": 0.5692236757777489,
        "projMMstar": [
                10.285443886604329,
                10.292715556732862,
                10.30533775463336
        ],
        "projMMdm": [
                10.156530046428523,
                10.178579226513726,
                10.197934601355996
        ],
        "projMMtotal": [
                10.535490491978674,
                10.540428804737488,
                10.547779489240282
        ],
        "projMfdm": [
                0.4159324179071314,
                0.43545159733191074,
                0.44849049149875986
        ],
        "Dstar": -0.15327100377600902,
        "Ddm": -0.7509177694458886,
        "Dtotal": -0.3148852413022527,
        "Dfdm": -0.6345566856512934,
        "projDstar": -0.22441853749521304,
        "projDdm": 0.016511251754585093,
        "projDtotal": -0.13531167141403583,
        "projDfdm": 0.17772002475987003,
        "DthetaE": 0.0021505367762139228
}