{
        "Reff": 0.5550486535013095,
        "R": 0.5704504504504504,
        "MthetaE": 0.5704504504504504,
        "Mstar": 10.328888493391757,
        "Mdm": 9.907598873918385,
        "Mbh": 8.260486602783203,
        "Mtotal": 10.46847232102117,
        "fdm": 0.27486950028789275,
        "projMstar": 10.403088136455244,
        "projMdm": 10.171467036311057,
        "projMtotal": 10.603569207754372,
        "projfdm": 0.3697411848123213,
        "MMstar": [
                10.249284767684605,
                10.257484219899245,
                10.270070772970922
        ],
        "MMdm": [
                9.263488746666638,
                9.303147583257163,
                9.353558695033291
        ],
        "MMbh": -Infinity,
        "MMtotal": [
                10.296785775732557,
                10.304871860850316,
                10.313768711112138
        ],
        "Mfdm": [
                0.09126455697146994,
                0.09982549553494165,
                0.1108047555851575
        ],
        "MMthetaE": 0.5692236757777489,
        "projMMstar": [
                10.285500041070684,
                10.29314175688649,
                10.30533775463336
        ],
        "projMMdm": [
                10.155343180732928,
                10.179050447805503,
                10.19830464679912
        ],
        "projMMtotal": [
                10.53529164734977,
                10.540398636910012,
                10.54865228939974
        ],
        "projMfdm": [
                0.4151947493845251,
                0.4355647353976391,
                0.4484974083563211
        ],
        "Dstar": -0.1516096372842487,
        "Ddm": -0.7513727597567175,
        "Dtotal": -0.31388085171855784,
        "Dfdm": -0.6368258557956178,
        "projDstar": -0.22365703763420308,
        "projDdm": 0.017614792610117284,
        "projDtotal": -0.13537173402918415,
        "projDfdm": 0.1780260173578702,
        "DthetaE": 0.0021505367762139228
}