{
        "Reff": 1.1035545250518053,
        "R": 0.6634234234234233,
        "MthetaE": 0.6634234234234233,
        "Mstar": 10.522028515683154,
        "Mdm": 10.064407877741875,
        "Mbh": 8.336731910705566,
        "Mtotal": 10.6519251077602,
        "fdm": 0.25851322760668544,
        "projMstar": 10.610449633395211,
        "projMdm": 10.389287224511984,
        "projMtotal": 10.814827120951854,
        "projfdm": 0.37537046949957625,
        "MMstar": 10.511293207836495,
        "MMdm": 9.774521917263922,
        "MMbh": -Infinity,
        "MMtotal": 10.584398334663678,
        "Mfdm": 0.15492574120354208,
        "MMthetaE": 0.6553516178469189,
        "projMMstar": 10.564919439760294,
        "projMMdm": 10.308635417510503,
        "projMMtotal": 10.756443980266452,
        "projMfdm": 0.3566082919151381,
        "Dstar": -0.024415948174596518,
        "Ddm": -0.48700392825856836,
        "Dtotal": -0.14400105995816115,
        "Dfdm": -0.400704781577933,
        "projDstar": -0.0995288432543401,
        "projDdm": -0.1694836378226811,
        "projDtotal": -0.12578780733520467,
        "projDfdm": -0.04998309432665517,
        "DthetaE": 0.012166898682672369
}