{
        "Reff": 0.3465146838858552,
        "R": 0.8662867097146381,
        "MthetaE": 1.0543693693693692,
        "Mstar": 11.033412259839897,
        "Mdm": 10.707664354405054,
        "Mbh": 8.772610664367676,
        "Mtotal": 11.201419526893796,
        "fdm": 0.32080773240888977,
        "projMstar": 11.066829826989872,
        "projMdm": 10.9365370114967,
        "projMtotal": 11.30758134804791,
        "projfdm": 0.42555496657047037,
        "MMstar": [
                -Infinity,
                -Infinity,
                -Infinity
        ],
        "MMdm": [
                -Infinity,
                -Infinity,
                -Infinity
        ],
        "MMbh": -Infinity,
        "MMtotal": [
                -Infinity,
                -Infinity,
                -Infinity
        ],
        "Mfdm": [
                0.0,
                0.0,
                0.0
        ],
        "MMthetaE": 1.0536958910447327,
        "projMMstar": [
                11.171575973655289,
                11.19436129498883,
                11.211498469492131
        ],
        "projMMdm": [
                10.568013222425877,
                10.62016098951317,
                10.695202984792347
        ],
        "projMMtotal": [
                11.296219641932659,
                11.298319056723749,
                11.30132546876283
        ],
        "projMfdm": [
                0.18518472378645118,
                0.2104506711650149,
                0.25032154448679605
        ],
        "Dstar": -1.0,
        "Ddm": -1.0,
        "Dtotal": -1.0,
        "Dfdm": -1.0,
        "projDstar": 0.34131712069872583,
        "projDdm": -0.5173592601849031,
        "projDtotal": -0.021101397099991225,
        "projDfdm": -0.5054677122886662,
        "DthetaE": 0.000638749895626525
}