{
        "Reff": 0.4869602608436852,
        "R": 1.217400652109213,
        "MthetaE": 1.220225225225225,
        "Mstar": 10.871967128271251,
        "Mdm": 10.636338659573704,
        "Mbh": 8.438713073730469,
        "Mtotal": 11.070970815358658,
        "fdm": 0.36759351767167864,
        "projMstar": 10.969620351737936,
        "projMdm": 10.902219596043672,
        "projMtotal": 11.238256200195426,
        "projfdm": 0.46127869442808966,
        "MMstar": [
                10.920811931378857,
                10.934273816967064,
                10.948860204508893
        ],
        "MMdm": [
                10.448747527669846,
                10.472591688828128,
                10.498959170077452
        ],
        "MMbh": -Infinity,
        "MMtotal": [
                11.056923464173728,
                11.063063037553029,
                11.070206986687941
        ],
        "Mfdm": [
                0.24123533403809527,
                0.25677226303489586,
                0.275116524322494
        ],
        "MMthetaE": 1.2111171673943844,
        "projMMstar": [
                10.93289375249149,
                10.946488369458253,
                10.960568030913622
        ],
        "projMMdm": [
                10.788599905863212,
                10.815157795649482,
                10.838632375140172
        ],
        "projMMtotal": [
                11.183385491598225,
                11.187001227934646,
                11.189173155668785
        ],
        "projMfdm": [
                0.40277167175017325,
                0.42504566331141225,
                0.4456876560135901
        ],
        "Dstar": 0.15426808744679193,
        "Ddm": -0.3141122770781817,
        "Dtotal": -0.018043561208077114,
        "Dfdm": -0.30147771739480006,
        "projDstar": -0.05186971768628907,
        "projDdm": -0.18165167166363963,
        "projDtotal": -0.11132077474758588,
        "projDfdm": -0.07854911044959591,
        "DthetaE": 0.007464243192611874,
        "PL_slope1": -3.4930293926451426,
        "AV_slope1": 3.139637892249084,
        "PL_slope2": -1.4894200217353,
        "AV_slope2": 1.5043924581794184
}