{
        "Reff": 0.4869602608436852,
        "R": 1.217400652109213,
        "MthetaE": 1.220225225225225,
        "Mstar": 10.871967128271251,
        "Mdm": 10.636338659573704,
        "Mbh": 8.438713073730469,
        "Mtotal": 11.070970815358658,
        "fdm": 0.36759351767167864,
        "projMstar": 10.969620351737936,
        "projMdm": 10.902219596043672,
        "projMtotal": 11.238256200195426,
        "projfdm": 0.46127869442808966,
        "MMstar": [
                10.920603499761118,
                10.934690123142436,
                10.948244710869348
        ],
        "MMdm": [
                10.45023540165344,
                10.472722515563918,
                10.496607891187512
        ],
        "MMbh": -Infinity,
        "MMtotal": [
                11.056549604994256,
                11.062629272765284,
                11.070204269370064
        ],
        "Mfdm": [
                0.2414770131351385,
                0.25696453833899435,
                0.2738752355776146
        ],
        "MMthetaE": 1.224463753867507,
        "projMMstar": [
                10.932450387621092,
                10.946844834917005,
                10.96016060491027
        ],
        "projMMdm": [
                10.789026579610004,
                10.814586913645508,
                10.839017874314276
        ],
        "projMMtotal": [
                11.183300788395606,
                11.186798568524434,
                11.189238314579107
        ],
        "projMfdm": [
                0.4028130835074044,
                0.4244540842275002,
                0.4463417637153077
        ],
        "Dstar": 0.15537507668863035,
        "Ddm": -0.3139056293483734,
        "Dtotal": -0.019023830369844792,
        "Dfdm": -0.3009546523926848,
        "projDstar": -0.05109118042189726,
        "projDdm": -0.18272668742433026,
        "projDtotal": -0.11173537175698971,
        "projDfdm": -0.07983158694603483,
        "DthetaE": -0.0034735625478481487
}