{
        "Reff": 0.5148342648334497,
        "R": 1.2870856620836244,
        "MthetaE": 0.5804954954954954,
        "Mstar": 10.485052405687021,
        "Mdm": 10.343082781744615,
        "Mbh": 8.260486602783203,
        "Mtotal": 10.72087312472932,
        "fdm": 0.41899578782519636,
        "projMstar": 10.567427798541386,
        "projMdm": 10.56775212156492,
        "projMtotal": 10.868619985991932,
        "projfdm": 0.5001866953311498,
        "MMstar": 10.4418369631038,
        "MMdm": 10.369838803251692,
        "MMbh": -Infinity,
        "MMtotal": 10.708358172274522,
        "Mfdm": 0.4586491901278972,
        "MMthetaE": 0.5762987595061156,
        "projMMstar": 10.461091020825108,
        "projMMdm": 10.740360180434473,
        "projMMtotal": 10.923826867660265,
        "projMfdm": 0.6554405597993974,
        "Dstar": -0.09471659886600191,
        "Ddm": 0.06354537052848494,
        "Dtotal": -0.02840550031679178,
        "Dfdm": 0.09463914305325685,
        "projDstar": -0.2171776395828561,
        "projDdm": 0.4880175687303967,
        "projDtotal": 0.13555162122671172,
        "projDfdm": 0.31039183152494976,
        "DthetaE": 0.0072295754608699084
}