{
        "Reff": 0.9094395894549946,
        "R": 2.2735989736374864,
        "MthetaE": 0.46202702702702697,
        "Mstar": 10.63249087929843,
        "Mdm": 10.608043679512585,
        "Mbh": 8.274933815002441,
        "Mtotal": 10.921469274343053,
        "fdm": 0.4859307755243753,
        "projMstar": 10.714692474183407,
        "projMdm": 10.768149505668532,
        "projMtotal": 11.043272965876945,
        "projfdm": 0.5307335471058287,
        "MMstar": [
                10.667032131195525,
                10.699584044615612,
                10.729068911525419
        ],
        "MMdm": [
                10.351782723308887,
                10.462878357906446,
                10.560606546654277
        ],
        "MMbh": -Infinity,
        "MMtotal": [
                10.879506079356268,
                10.89855335453867,
                10.919617245322264
        ],
        "Mfdm": [
                0.29479060572802224,
                0.36848412282110743,
                0.43768797796433384
        ],
        "MMthetaE": 0.5249657346094901,
        "projMMstar": [
                10.682447217118217,
                10.715767097439269,
                10.745543751516646
        ],
        "projMMdm": [
                10.641508553292786,
                10.74146072827339,
                10.826098249237235
        ],
        "projMMtotal": [
                10.992909884183321,
                11.028986245439484,
                11.06679858494127
        ],
        "projMfdm": [
                0.44327540248426617,
                0.516104534829713,
                0.5800863007795083
        ],
        "Dstar": 0.167059949158912,
        "Ddm": -0.28412915011712747,
        "Dtotal": -0.051397903397375176,
        "Dfdm": -0.2416942054689362,
        "projDstar": 0.002477475372225829,
        "projDdm": -0.05960302682681476,
        "projDtotal": -0.032361188070376475,
        "projDfdm": -0.027563760300983287,
        "DthetaE": -0.13622299973975652,
        "PL_slope1": -2.1708099319467893,
        "AV_slope1": 2.2847757610862955,
        "PL_slope2": -1.8665348617971806,
        "AV_slope2": 1.881881491258066
}