{
        "Reff": 0.3939136227063193,
        "R": 0.45018018018018013,
        "MthetaE": 0.45018018018018013,
        "Mstar": 10.143283281527738,
        "Mdm": 9.666221446383181,
        "Mbh": 8.139239311218262,
        "Mtotal": 10.268236873791992,
        "fdm": 0.2500256543701848,
        "projMstar": 10.238793465359723,
        "projMdm": 9.866167182171507,
        "projMtotal": 10.392305795077736,
        "projfdm": 0.29775659339548977,
        "MMstar": [
                -Infinity,
                -Infinity,
                -Infinity
        ],
        "MMdm": [
                -Infinity,
                -Infinity,
                -Infinity
        ],
        "MMbh": -Infinity,
        "MMtotal": [
                -Infinity,
                -Infinity,
                -Infinity
        ],
        "Mfdm": [
                0.0,
                0.0,
                0.0
        ],
        "MMthetaE": 0.4500195182604169,
        "projMMstar": [
                10.249481319201152,
                10.258853730533339,
                10.276506187393027
        ],
        "projMMdm": [
                9.382165943182782,
                9.514769061895512,
                9.572185573432469
        ],
        "projMMtotal": [
                10.328545710355213,
                10.33087598194255,
                10.332336765255274
        ],
        "projMfdm": [
                0.11305790084194561,
                0.1527236388180786,
                0.17374706401022574
        ],
        "Dstar": -1.0,
        "Ddm": -1.0,
        "Dtotal": -1.0,
        "Dfdm": -1.0,
        "projDstar": 0.04727386364897967,
        "projDdm": -0.5547521000795723,
        "projDtotal": -0.13189913919692145,
        "projDfdm": -0.48708561890609015,
        "DthetaE": 0.00035688359202955825
}