{
        "Reff": 0.1711945002191585,
        "R": 0.42798625054789624,
        "MthetaE": 0.5568018018018017,
        "Mstar": 10.272768103513672,
        "Mdm": 9.918860506492777,
        "Mbh": 8.217829704284668,
        "Mtotal": 10.43193888232478,
        "fdm": 0.30684681811046544,
        "projMstar": 10.299456228808682,
        "projMdm": 10.106476541384401,
        "projMtotal": 10.514628207353143,
        "projfdm": 0.3907044286802383,
        "MMstar": 10.145155718057337,
        "MMdm": 9.954579974946562,
        "MMbh": -Infinity,
        "MMtotal": 10.3612685127668,
        "Mfdm": 0.39202292268016664,
        "MMthetaE": 0.917834485151664,
        "projMMstar": 10.158343455697302,
        "projMMdm": 10.215522812950438,
        "projMMtotal": 10.488903482765682,
        "projMfdm": 0.532867619128862,
        "Dstar": -0.2546030445772396,
        "Ddm": 0.08572407602889746,
        "Dtotal": -0.1501747505025498,
        "Dfdm": 0.2775850996083578,
        "projDstar": -0.2774178534396922,
        "projDdm": 0.2854236071012808,
        "projDtotal": -0.05751320216148039,
        "projDfdm": 0.3638637804256205,
        "DthetaE": -0.6484043014616085,
        "PL_slope1": 1.3232418600527065,
        "AV_slope1": 2.7198825818970143,
        "PL_slope2": -3.2525877779427557,
        "AV_slope2": 3.1907711169023796
}