{
        "Reff": 0.16132178706696065,
        "R": 0.40330446766740163,
        "MthetaE": 0.18954954954954953,
        "Mstar": 9.599760029832073,
        "Mdm": 9.279234321206893,
        "Mbh": 7.548817157745361,
        "Mtotal": 9.769449468963973,
        "fdm": 0.32343338962162704,
        "projMstar": 9.717313111667044,
        "projMdm": 9.527509505220532,
        "projMtotal": 9.93372876526527,
        "projfdm": 0.39244675278136476,
        "MMstar": -Infinity,
        "MMdm": -Infinity,
        "MMbh": -Infinity,
        "MMtotal": -Infinity,
        "Mfdm": 0.0,
        "MMthetaE": 0.18000780730416677,
        "projMMstar": 9.865144260805328,
        "projMMdm": 7.466133822887712,
        "projMMtotal": 9.866873714186445,
        "projMfdm": 0.003974295076448251,
        "Dstar": -1.0,
        "Ddm": -1.0,
        "Dtotal": -1.0,
        "Dfdm": -1.0,
        "projDstar": 0.40550096827956217,
        "projDdm": -0.9913179093168633,
        "projDtotal": -0.14267606445686562,
        "projDfdm": -0.989873033607027,
        "DthetaE": 0.05033903941242807
}