{
        "Reff": 0.16132178706696065,
        "R": 0.40330446766740163,
        "MthetaE": 0.18954954954954953,
        "Mstar": 9.599760029832073,
        "Mdm": 9.279234321206893,
        "Mbh": 7.548817157745361,
        "Mtotal": 9.769449468963973,
        "fdm": 0.32343338962162704,
        "projMstar": 9.717313111667044,
        "projMdm": 9.527509505220532,
        "projMtotal": 9.93372876526527,
        "projfdm": 0.39244675278136476,
        "MMstar": -Infinity,
        "MMdm": -Infinity,
        "MMbh": -Infinity,
        "MMtotal": -Infinity,
        "Mfdm": 0.0,
        "MMthetaE": 0.18000780730416677,
        "projMMstar": 9.865166727585468,
        "projMMdm": 7.541211798802825,
        "projMMtotal": 9.867221678732879,
        "projMfdm": 0.004720523022443949,
        "Dstar": -1.0,
        "Ddm": -1.0,
        "Dtotal": -1.0,
        "Dfdm": -1.0,
        "projDstar": 0.4055736790768162,
        "projDdm": -0.9896794630376381,
        "projDtotal": -0.1419888858539974,
        "projDfdm": -0.9879715579527962,
        "DthetaE": 0.05033903941242807
}