{
        "Reff": 0.6860226179383073,
        "R": 1.7150565448457682,
        "MthetaE": 1.0899099099099099,
        "Mstar": 10.84301596834364,
        "Mdm": 10.743585617454288,
        "Mbh": 8.453516006469727,
        "Mtotal": 11.097170128597762,
        "fdm": 0.4430119985802378,
        "projMstar": 10.942653613166152,
        "projMdm": 11.01637535019762,
        "projMtotal": 11.282106891190807,
        "projfdm": 0.5423360316663773,
        "MMstar": -Infinity,
        "MMdm": -Infinity,
        "MMbh": -Infinity,
        "MMtotal": -Infinity,
        "Mfdm": 0.0,
        "MMthetaE": 1.2792189804239076,
        "projMMstar": 10.890652769794443,
        "projMMdm": 10.964871027585463,
        "projMMtotal": 11.230375399364336,
        "projMfdm": 0.5426197890775507,
        "Dstar": -1.0,
        "Ddm": -1.0,
        "Dtotal": -1.0,
        "Dfdm": -1.0,
        "projDstar": -0.11284571075978929,
        "projDdm": -0.11183086383408761,
        "projDtotal": -0.11229532270535542,
        "projDfdm": 0.0005232132748058395,
        "DthetaE": -0.17369240227354724
}