{
        "Reff": 1.0651673088178268,
        "R": 2.662918272044567,
        "MthetaE": 0.45018018018018013,
        "Mstar": 10.612306818530021,
        "Mdm": 10.69865953035891,
        "Mbh": 8.30414867401123,
        "Mtotal": 10.958655880836567,
        "fdm": 0.5495454918534951,
        "projMstar": 10.69460919516021,
        "projMdm": 10.891061977368723,
        "projMtotal": 11.104880306408544,
        "projfdm": 0.6111976432624749,
        "MMstar": [
                10.552585243981813,
                10.587686115798498,
                10.621361219495425
        ],
        "MMdm": [
                10.782875870155529,
                10.829493551144765,
                10.872253278108747
        ],
        "MMbh": -Infinity,
        "MMtotal": [
                11.006655931017974,
                11.026381839140724,
                11.044242560457002
        ],
        "Mfdm": [
                0.5943413494402979,
                0.6356957678835481,
                0.6754903519459882
        ],
        "MMthetaE": 0.458917242575832,
        "projMMstar": [
                10.574349483139477,
                10.608877977565404,
                10.64288248372844
        ],
        "projMMdm": [
                11.060751705465032,
                11.1001908577588,
                11.147550138724817
        ],
        "projMMtotal": [
                11.193139279759627,
                11.221603935964193,
                11.253674479788257
        ],
        "projMfdm": [
                0.7323567951997467,
                0.7568882275910396,
                0.783713885403538
        ],
        "Dstar": -0.05511425455474201,
        "Ddm": 0.3515559251237186,
        "Dtotal": 0.16876166462631514,
        "Dfdm": 0.15676641389503024,
        "projDstar": -0.1791405875844853,
        "projDdm": 0.6185602871994402,
        "projDtotal": 0.30834906855505134,
        "projDfdm": 0.23836902176338848,
        "DthetaE": -0.019407923272310522
}