{
        "Reff": 0.9842781252851374,
        "R": 2.4606953132128435,
        "MthetaE": 1.2083783783783781,
        "Mstar": 11.047832343965455,
        "Mdm": 11.001254446472288,
        "Mbh": 8.475809097290039,
        "Mtotal": 11.326197524289501,
        "fdm": 0.4732132780951882,
        "projMstar": 11.149499647980916,
        "projMdm": 11.24215644498053,
        "projMtotal": 11.499324412551626,
        "projfdm": 0.5531361371153823,
        "MMstar": [
                -Infinity,
                -Infinity,
                -Infinity
        ],
        "MMdm": [
                -Infinity,
                -Infinity,
                -Infinity
        ],
        "MMbh": -Infinity,
        "MMtotal": [
                -Infinity,
                -Infinity,
                -Infinity
        ],
        "Mfdm": [
                0.0,
                0.0,
                0.0
        ],
        "MMthetaE": 1.2888011450712775,
        "projMMstar": [
                10.961934611390445,
                10.964672669706543,
                10.96706990498565
        ],
        "projMMdm": [
                11.382061913326432,
                11.38582651412343,
                11.390288805071751
        ],
        "projMMtotal": [
                11.523371708460406,
                11.525436021206335,
                11.527947030111964
        ],
        "projMfdm": [
                0.7221805687278606,
                0.725064736363932,
                0.7283001511875224
        ],
        "Dstar": -1.0,
        "Ddm": -1.0,
        "Dtotal": -1.0,
        "Dfdm": -1.0,
        "projDstar": -0.3466091900995043,
        "projDdm": 0.39209883217542457,
        "projDtotal": 0.06196843572916502,
        "projDfdm": 0.31082510744129144,
        "DthetaE": -0.06655429138083824
}