{
        "Reff": 0.40810977250075836,
        "R": 1.0202744312518959,
        "MthetaE": 0.0,
        "Mstar": 10.364938806152935,
        "Mdm": 10.152496114847926,
        "Mbh": 8.278263092041016,
        "Mtotal": 10.572609976674574,
        "fdm": 0.38008973264361234,
        "projMstar": 10.459067719564095,
        "projMdm": 10.470347334956701,
        "projMtotal": 10.765774141553232,
        "projfdm": 0.5064927035925472,
        "MMstar": 10.373974884399495,
        "MMdm": 10.226280190314402,
        "MMbh": -Infinity,
        "MMtotal": 10.607406002773846,
        "Mfdm": 0.4157901411803202,
        "MMthetaE": 0.0,
        "projMMstar": 10.385936152809613,
        "projMMdm": 10.622293541752175,
        "projMMtotal": 10.821029424664898,
        "projMfdm": 0.6327965709235764,
        "Dstar": 0.021024299973921995,
        "Ddm": 0.18517934872436334,
        "Dtotal": 0.08341794856557629,
        "Dfdm": 0.09392626390721799,
        "projDstar": -0.15497718791254847,
        "projDdm": 0.4188817632411324,
        "projDtotal": 0.1356781837380629,
        "projDfdm": 0.2493695692655735,
        "DthetaE": 0
}