{
        "Reff": 0.939249303987715,
        "R": 2.3481232599692876,
        "MthetaE": 0.5704504504504504,
        "Mstar": 10.604974350344044,
        "Mdm": 10.636557129014498,
        "Mbh": 8.183881759643555,
        "Mtotal": 10.922082767596338,
        "fdm": 0.5181725007822032,
        "projMstar": 10.683114804351895,
        "projMdm": 10.839507247386114,
        "projMtotal": 11.069343059823062,
        "projfdm": 0.5890663132213828,
        "MMstar": [
                10.600192173653799,
                10.632831291029003,
                10.655325195512724
        ],
        "MMdm": [
                10.513129618338311,
                10.581983531970543,
                10.647523727238971
        ],
        "MMbh": -Infinity,
        "MMtotal": [
                10.888862609580428,
                10.907894092609224,
                10.92690398223303
        ],
        "Mfdm": [
                0.41931640731722797,
                0.46975154718690976,
                0.5255654099288598
        ],
        "MMthetaE": 0.5400006464779323,
        "projMMstar": [
                10.622424897108546,
                10.654500115100879,
                10.678128026651734
        ],
        "projMMdm": [
                10.796157648381522,
                10.86191812149209,
                10.92918059116087
        ],
        "projMMtotal": [
                11.039292967810008,
                11.07090046706057,
                11.109464045114663
        ],
        "projMfdm": [
                0.5743716415403988,
                0.6178819570910027,
                0.6662564293612335
        ],
        "Dstar": 0.06624483566672802,
        "Ddm": -0.11808566277913626,
        "Dtotal": -0.032142711214300866,
        "Dfdm": -0.09344562577558632,
        "projDstar": -0.0637640555904268,
        "projDdm": 0.05295757704886496,
        "projDtotal": 0.003592500304541523,
        "projDfdm": 0.04891748725544655,
        "DthetaE": 0.05337852559932889
}