{
        "Reff": 0.939249303987715,
        "R": 2.3481232599692876,
        "MthetaE": 0.5704504504504504,
        "Mstar": 10.604974350344044,
        "Mdm": 10.636557129014498,
        "Mbh": 8.183881759643555,
        "Mtotal": 10.922082767596338,
        "fdm": 0.5181725007822032,
        "projMstar": 10.683114804351895,
        "projMdm": 10.839507247386114,
        "projMtotal": 11.069343059823062,
        "projfdm": 0.5890663132213828,
        "MMstar": [
                10.60341287373659,
                10.632609044663493,
                10.655830466812644
        ],
        "MMdm": [
                10.507338315778698,
                10.581595618233186,
                10.643637134152204
        ],
        "MMbh": -Infinity,
        "MMtotal": [
                10.888052848467074,
                10.908990281124737,
                10.928144181780077
        ],
        "Mfdm": [
                0.4160989629555309,
                0.4711759459472625,
                0.5206096949500209
        ],
        "MMthetaE": 0.5400006464779323,
        "projMMstar": [
                10.62579761274586,
                10.654675571927486,
                10.679321895166744
        ],
        "projMMdm": [
                10.793097256489167,
                10.864996466129794,
                10.933615480947056
        ],
        "projMMtotal": [
                11.035542092553534,
                11.074304731612317,
                11.110102761927584
        ],
        "projMfdm": [
                0.5723013465818421,
                0.6194740591902695,
                0.6669598979893917
        ],
        "Dstar": 0.06569933387871058,
        "Ddm": -0.11887304083875222,
        "Dtotal": -0.029696688582505418,
        "Dfdm": -0.09069673663499601,
        "projDstar": -0.06338573585171352,
        "projDdm": 0.06044761268800019,
        "projDtotal": 0.011490182299787616,
        "projDfdm": 0.05162024255401429,
        "DthetaE": 0.05337852559932889,
        "PL_slope1": -2.520863237747549,
        "AV_slope1": 2.486182724474298,
        "PL_slope2": -1.7677334605087514,
        "AV_slope2": 1.7714854087273035
}