{
        "Reff": 0.41926087573428844,
        "R": 0.37909909909909906,
        "MthetaE": 0.37909909909909906,
        "Mstar": 10.136938839434904,
        "Mdm": 9.556086234548895,
        "Mbh": 8.278263092041016,
        "Mtotal": 10.23817398702835,
        "fdm": 0.20792765111354303,
        "projMstar": 10.290529101756526,
        "projMdm": 9.899801459426145,
        "projMtotal": 10.438730064546228,
        "projfdm": 0.28911551283478226,
        "MMstar": [
                10.16709690101924,
                10.200972680662066,
                10.233837750820445
        ],
        "MMdm": [
                9.216923661252522,
                9.30472099564316,
                9.413183179210284
        ],
        "MMbh": -Infinity,
        "MMtotal": [
                10.232101813615085,
                10.255549203467945,
                10.278689584235027
        ],
        "Mfdm": [
                0.08915094131217251,
                0.11326154764495579,
                0.1484132525412968
        ],
        "MMthetaE": 0.38191770523089374,
        "projMMstar": [
                10.194928640536624,
                10.228749030578529,
                10.261455294651919
        ],
        "projMMdm": [
                9.77653351006688,
                9.84400617649013,
                9.910966854762945
        ],
        "projMMtotal": [
                10.367412831858617,
                10.38120424354915,
                10.39236992829016
        ],
        "projMfdm": [
                0.24920257730287992,
                0.2916624476887182,
                0.34037758638686805
        ],
        "Dstar": 0.15886765427599372,
        "Ddm": -0.4394236634074875,
        "Dtotal": 0.04081901157755438,
        "Dfdm": -0.4552838593693964,
        "projDstar": -0.13259897937986753,
        "projDdm": -0.12056303321527385,
        "projDtotal": -0.12406036294384555,
        "projDfdm": 0.008809402266115662,
        "DthetaE": -0.007435011421796824
}