{
        "Reff": 0.41926087573428844,
        "R": 0.37909909909909906,
        "MthetaE": 0.37909909909909906,
        "Mstar": 10.136938839434904,
        "Mdm": 9.556086234548895,
        "Mbh": 8.278263092041016,
        "Mtotal": 10.23817398702835,
        "fdm": 0.20792765111354303,
        "projMstar": 10.290529101756526,
        "projMdm": 9.899801459426145,
        "projMtotal": 10.438730064546228,
        "projfdm": 0.28911551283478226,
        "MMstar": [
                10.165246980569176,
                10.201290709052778,
                10.232385250485164
        ],
        "MMdm": [
                9.2089553175346,
                9.306019388607078,
                9.403600296696856
        ],
        "MMbh": -Infinity,
        "MMtotal": [
                10.231747376878902,
                10.254596784325457,
                10.276312532658368
        ],
        "Mfdm": [
                0.08783318703170004,
                0.11206411745313816,
                0.14792467942150078
        ],
        "MMthetaE": 0.38191770523089374,
        "projMMstar": [
                10.193934387349744,
                10.228700904659886,
                10.260253103464294
        ],
        "projMMdm": [
                9.778275699992891,
                9.847271438845524,
                9.915085848016354
        ],
        "projMMtotal": [
                10.367947618422392,
                10.381538759716339,
                10.39243600228883
        ],
        "projMfdm": [
                0.2506247353402622,
                0.2932648206276488,
                0.3431112484085477
        ],
        "Dstar": 0.1597165892883919,
        "Ddm": -0.4377452228647221,
        "Dtotal": 0.03853896930913035,
        "Dfdm": -0.46104273840931664,
        "projDstar": -0.1326950942508521,
        "projDdm": -0.11392602826888236,
        "projDtotal": -0.12338540883014985,
        "projDfdm": 0.01435173004790546,
        "DthetaE": -0.007435011421796824
}