{
        "Reff": 0.9365583424776649,
        "R": 0.533108108108108,
        "MthetaE": 0.533108108108108,
        "Mstar": 10.31006509796883,
        "Mdm": 9.833454064524009,
        "Mbh": 8.183881759643555,
        "Mtotal": 10.435131446102673,
        "fdm": 0.25022034492304296,
        "projMstar": 10.391067736586477,
        "projMdm": 10.102557322907726,
        "projMtotal": 10.571372417928766,
        "projfdm": 0.33976990204554613,
        "MMstar": [
                -Infinity,
                -Infinity,
                -Infinity
        ],
        "MMdm": [
                -Infinity,
                -Infinity,
                -Infinity
        ],
        "MMbh": -Infinity,
        "MMtotal": [
                -Infinity,
                -Infinity,
                -Infinity
        ],
        "Mfdm": [
                0.0,
                0.0,
                0.0
        ],
        "MMthetaE": 0.5475522655640054,
        "projMMstar": [
                10.233143247370316,
                10.241439575082572,
                10.266539351062255
        ],
        "projMMdm": [
                10.200619250861147,
                10.240057756520976,
                10.249982525340348
        ],
        "projMMtotal": [
                10.535760077404825,
                10.541446568282291,
                10.543138305109139
        ],
        "projMfdm": [
                0.4624258010219498,
                0.49944050553357555,
                0.5098773181384015
        ],
        "Dstar": -1.0,
        "Ddm": -1.0,
        "Dtotal": -1.0,
        "Dfdm": -1.0,
        "projDstar": -0.29144782011404685,
        "projDdm": 0.372462331316369,
        "projDtotal": -0.06658634409451177,
        "projDfdm": 0.46993745628070843,
        "DthetaE": -0.027094237052887268
}