{
        "Reff": 0.2351342034821731,
        "R": 0.31188243057005166,
        "Mstar": 9.891944938958767,
        "Mdm": 9.37664133348557,
        "Mbh": 7.900820732116699,
        "Mtotal": 10.007648164541564,
        "fdm": 0.23388004511726274,
        "MMstar": 9.914500523871725,
        "MMdm": 8.722330583594065,
        "MMbh": -Infinity,
        "MMtotal": 9.941541582518775,
        "Mfdm": 0.06036552764428181,
        "Dstar": 0.053308490394786745,
        "Ddm": -0.7783390194296952,
        "Dtotal": -0.14119726672462243,
        "Dfdm": -0.7418953480446963
}