{
        "Reff": 0.6860226179383073,
        "R": 1.7150565448457682,
        "MthetaE": 1.0899099099099099,
        "Mstar": 10.84301596834364,
        "Mdm": 10.743585617454288,
        "Mbh": 8.453516006469727,
        "Mtotal": 11.097170128597762,
        "fdm": 0.4430119985802378,
        "projMstar": 10.942653613166152,
        "projMdm": 11.01637535019762,
        "projMtotal": 11.282106891190807,
        "projfdm": 0.5423360316663773,
        "MMstar": 11.091846110599125,
        "MMdm": 9.492404410875038,
        "MMbh": -Infinity,
        "MMtotal": 11.102634024929184,
        "Mfdm": 0.024534114396247458,
        "MMthetaE": 1.083811265650753,
        "projMMstar": 11.106611535993002,
        "projMMdm": 9.774584626297903,
        "projMMtotal": 11.126373893593474,
        "projMfdm": 0.04448470682441011,
        "Dstar": 0.7734957099326871,
        "Ddm": -0.9439186068796699,
        "Dtotal": 0.012660561051331216,
        "Dfdm": -0.9446197518918804,
        "projDstar": 0.45867292804732124,
        "projDdm": -0.9426927885823835,
        "projDtotal": -0.301338193622942,
        "projDfdm": -0.9179757489323976,
        "DthetaE": 0.005595548956574725
}