{
        "Reff": 0.9662426539989696,
        "R": 0.45018018018018013,
        "MthetaE": 0.45018018018018013,
        "Mstar": 10.307116544969112,
        "Mdm": 9.689914983895168,
        "Mbh": 8.30414867401123,
        "Mtotal": 10.401040182296704,
        "fdm": 0.19447993540979114,
        "projMstar": 10.389112670322442,
        "projMdm": 9.993272781079773,
        "projMtotal": 10.53584177711993,
        "projfdm": 0.286702185777595,
        "MMstar": 10.316355131597652,
        "MMdm": 9.615218075780845,
        "MMbh": -Infinity,
        "MMtotal": 10.395175952482598,
        "Mfdm": 0.16597478826917558,
        "MMthetaE": 0.4500195182604169,
        "projMMstar": 10.342936759791025,
        "projMMdm": 9.980976664667924,
        "projMMtotal": 10.499652495220174,
        "projMfdm": 0.30291736436834155,
        "Dstar": 0.021500507252174596,
        "Ddm": -0.1580174480606275,
        "Dtotal": -0.013412133101956944,
        "Dfdm": -0.14657114668694227,
        "projDstar": -0.10086668525856385,
        "projDdm": -0.02791580154811501,
        "projDtotal": -0.07995150744437107,
        "projDfdm": 0.05655756877739763,
        "DthetaE": 0.00035688359202955825
}