{
        "Reff": 0.1711945002191585,
        "R": 0.5568018018018017,
        "MthetaE": 0.5568018018018017,
        "Mstar": 10.29718412001835,
        "Mdm": 10.054040228274305,
        "Mbh": 8.217829704284668,
        "Mtotal": 10.493440279762195,
        "fdm": 0.3635799691958276,
        "projMstar": 10.317644882056662,
        "projMdm": 10.217508581624593,
        "projMtotal": 10.571486439761745,
        "projfdm": 0.44261093765245546,
        "MMstar": 10.164039163451363,
        "MMdm": 10.087728981230667,
        "MMbh": -Infinity,
        "MMtotal": 10.428587980625966,
        "Mfdm": 0.45618499962026615,
        "MMthetaE": 0.8538393141138708,
        "projMMstar": 10.172940347808066,
        "projMMdm": 10.362284586488176,
        "projMMtotal": 10.578880575404819,
        "projMfdm": 0.60730102074878,
        "Dstar": -0.26403858890002924,
        "Ddm": 0.08065919465355585,
        "Dtotal": -0.13871337937374673,
        "Dfdm": 0.25470333426031133,
        "projDstar": -0.2833692065621384,
        "projDdm": 0.3956483448283483,
        "projDtotal": 0.01717138854127925,
        "projDfdm": 0.3720876939232839,
        "DthetaE": -0.533470817355225
}