{
        "Reff": 0.6860226179383073,
        "R": 1.7150565448457682,
        "MthetaE": 0.0,
        "Mstar": 10.84301596834364,
        "Mdm": 10.743585617454288,
        "Mbh": 8.453516006469727,
        "Mtotal": 11.097170128597762,
        "fdm": 0.4430119985802378,
        "projMstar": 10.942653613166152,
        "projMdm": 11.01637535019762,
        "projMtotal": 11.282106891190807,
        "projfdm": 0.5423360316663773,
        "MMstar": [
                10.687078184416926,
                10.813611490035548,
                10.880673439167657
        ],
        "MMdm": [
                10.608470331627155,
                10.73897859776369,
                10.866239179605223
        ],
        "MMbh": -Infinity,
        "MMtotal": [
                11.056153633937868,
                11.077541429618543,
                11.099090402212049
        ],
        "Mfdm": [
                0.351934605214769,
                0.4567238344739694,
                0.6059124766971832
        ],
        "MMthetaE": 0.0,
        "projMMstar": [
                10.701616261634518,
                10.828052120189618,
                10.89458304719521
        ],
        "projMMdm": [
                10.970828955323537,
                11.051170179592958,
                11.126446250576409
        ],
        "projMMtotal": [
                11.21270696029076,
                11.247903429814807,
                11.29144672903029
        ],
        "projMfdm": [
                0.5525371654387351,
                0.6320465232092418,
                0.7197761391367543
        ],
        "Dstar": -0.06546510636421173,
        "Ddm": -0.010551987877732726,
        "Dtotal": -0.0441905918483123,
        "Dfdm": 0.03095138718065245,
        "projDstar": -0.23193405939895972,
        "projDdm": 0.083414963197837,
        "projDtotal": -0.07573493379605568,
        "projDfdm": 0.16541495734152264,
        "DthetaE": 0
}