{
        "Reff": 0.3555664498963653,
        "R": 0.8889161247409133,
        "MthetaE": 0.7108108108108108,
        "Mstar": 10.480430779715173,
        "Mdm": 10.35153228832647,
        "Mbh": 8.265618324279785,
        "Mtotal": 10.721776209571578,
        "fdm": 0.4263399979307349,
        "projMstar": 10.52668112853081,
        "projMdm": 10.557453231213469,
        "projMtotal": 10.843369664689648,
        "projfdm": 0.5177064389389725,
        "MMstar": [
                10.74418735532338,
                10.74768093383025,
                10.750897570883382
        ],
        "MMdm": [
                6.895831885014385,
                7.361679875858199,
                7.765869710461006
        ],
        "MMbh": -Infinity,
        "MMtotal": [
                10.744431878277265,
                10.747942664801064,
                10.751157091657786
        ],
        "Mfdm": [
                0.0001403709825722742,
                0.0004116399876622035,
                0.0010542430176508721
        ],
        "MMthetaE": 0.7032624410837693,
        "projMMstar": [
                10.757910012792172,
                10.760594421988635,
                10.763133442375278
        ],
        "projMMdm": [
                7.17207140205125,
                7.622998225780313,
                8.025763016411984
        ],
        "projMMtotal": [
                10.758473164900769,
                10.761084522544886,
                10.76364670955371
        ],
        "projMfdm": [
                0.0002581182094644877,
                0.0007276309507899666,
                0.0018542559806874553
        ],
        "Dstar": 0.8503341066355771,
        "Ddm": -0.9989763592000499,
        "Dtotal": 0.0621025590295357,
        "Dfdm": -0.9990344795476378,
        "projDstar": 0.7136151514744794,
        "projDdm": -0.9988370929736287,
        "projDtotal": -0.17260125493532913,
        "projDfdm": -0.9985945105255379,
        "DthetaE": 0.010619379463898584
}