{
        "Reff": 0.544754228166559,
        "R": 1.3618855704163977,
        "MthetaE": 0.0,
        "Mstar": 10.514315208436313,
        "Mdm": 10.434754337870459,
        "Mbh": 8.265588760375977,
        "Mtotal": 10.777384127747368,
        "fdm": 0.45432873975917076,
        "projMstar": 10.612744809851986,
        "projMdm": 10.67090916452487,
        "projMtotal": 10.943829988181458,
        "projfdm": 0.5334321367791579,
        "MMstar": [
                10.386422708903511,
                10.4941696162541,
                10.563386325349912
        ],
        "MMdm": [
                9.950007739177359,
                10.198729883652305,
                10.387464309195995
        ],
        "MMbh": -Infinity,
        "MMtotal": [
                10.641005883760151,
                10.671343230784158,
                10.703336300790733
        ],
        "Mfdm": [
                0.2003855772431322,
                0.33520942430769185,
                0.49629785570604573
        ],
        "MMthetaE": 0.0,
        "projMMstar": [
                10.411352995337802,
                10.51875154727323,
                10.588420875780779
        ],
        "projMMdm": [
                10.379535583593668,
                10.629612489117001,
                10.765729588573398
        ],
        "projMMtotal": [
                10.773328118364551,
                10.862253136715676,
                10.950644413172869
        ],
        "projMfdm": [
                0.39080060073586675,
                0.5706633687054282,
                0.6849695269242038
        ],
        "Dstar": -0.04532751049673611,
        "Ddm": -0.4192682831933267,
        "Dtotal": -0.2166441283409094,
        "Dfdm": -0.26218749778986317,
        "projDstar": -0.1946090644770705,
        "projDdm": -0.0907080954019464,
        "projDtotal": -0.1712507497171053,
        "projDfdm": 0.06979562977039781,
        "DthetaE": 0,
        "PL_slope1": -2.977270029016803,
        "AV_slope1": 2.9060410712411393,
        "PL_slope2": -1.7066639291911383,
        "AV_slope2": 1.7624572308277051
}