{
        "Reff": 0.3754074905418294,
        "R": 0.9385187263545736,
        "MthetaE": 0.4991441441441441,
        "Mstar": 10.28487101278799,
        "Mdm": 10.233614943059834,
        "Mbh": 8.119908332824707,
        "Mtotal": 10.561028699670167,
        "fdm": 0.47052883535589357,
        "projMstar": 10.376835217113879,
        "projMdm": 10.481706519401403,
        "projMtotal": 10.733458678860627,
        "projfdm": 0.5600771317331104,
        "MMstar": 10.468760187902252,
        "MMdm": 9.976442615175067,
        "MMbh": -Infinity,
        "MMtotal": 10.589949403514128,
        "Mfdm": 0.24349677393353492,
        "MMthetaE": 0.5248205904019576,
        "projMMstar": 10.481626599480432,
        "projMMdm": 10.248465168263255,
        "projMMtotal": 10.681538783294497,
        "projMfdm": 0.3689150603693731,
        "Dstar": 0.5271762979661201,
        "Ddm": -0.4468694163398275,
        "Dtotal": 0.06885970243034302,
        "Dfdm": -0.48250403453093066,
        "projDstar": 0.2728914881680727,
        "projDdm": -0.4155348118595523,
        "projDtotal": -0.11268033936103725,
        "projDfdm": -0.3413138307793477,
        "DthetaE": -0.05144094458293114
}