{
        "Reff": 0.9094395894549946,
        "R": 0.46202702702702697,
        "MthetaE": 0.46202702702702697,
        "Mstar": 10.249161196740573,
        "Mdm": 9.727404978743365,
        "Mbh": 8.274933815002441,
        "Mtotal": 10.36336385144635,
        "fdm": 0.23122837510002717,
        "projMstar": 10.357000467888106,
        "projMdm": 9.994571718724659,
        "projMtotal": 10.513574293257767,
        "projfdm": 0.30268954843648216,
        "MMstar": [
                10.324048410898762,
                10.337601873010916,
                10.351319461527668
        ],
        "MMdm": [
                9.097278256070545,
                9.202142788398891,
                9.299005249849136
        ],
        "MMbh": -Infinity,
        "MMtotal": [
                10.361175926203067,
                10.369103341207179,
                10.376031418264489
        ],
        "Mfdm": [
                0.05323081403950339,
                0.06806103954812089,
                0.0863563911666419
        ],
        "MMthetaE": 0.458917242575832,
        "projMMstar": [
                10.360565082972052,
                10.374889431883274,
                10.38812996847177
        ],
        "projMMdm": [
                9.563735216390494,
                9.656528219558865,
                9.738085210818658
        ],
        "projMMtotal": [
                10.446935856918797,
                10.450837270015263,
                10.454329980313101
        ],
        "projMfdm": [
                0.13041482488633235,
                0.1606356802701244,
                0.19208447514631002
        ],
        "Dstar": 0.22585944137175987,
        "Ddm": -0.7016419159142041,
        "Dtotal": 0.013303376414999436,
        "Dfdm": -0.7056544659855074,
        "projDstar": 0.04205097431670253,
        "projDdm": -0.5408479783765081,
        "projDtotal": -0.13450816174001667,
        "projDfdm": -0.46930549435923796,
        "DthetaE": 0.006730741426979472
}