{
        "Reff": 0.4081097725007585,
        "R": 1.0202744312518963,
        "MthetaE": 0.37909909909909906,
        "Mstar": 10.364943218193039,
        "Mdm": 10.152496114847926,
        "Mbh": 8.278263092041016,
        "Mtotal": 10.572612711748814,
        "fdm": 0.38008733894439084,
        "projMstar": 10.459069556768531,
        "projMdm": 10.470354006813059,
        "projMtotal": 10.765778427480319,
        "projfdm": 0.5064954861724276,
        "MMstar": 10.431126360620926,
        "MMdm": 9.997399983724197,
        "MMbh": -Infinity,
        "MMtotal": 10.567327042939931,
        "Mfdm": 0.2691986891519566,
        "MMthetaE": 0.37130888008559115,
        "projMMstar": 10.443274213610014,
        "projMMdm": 10.522532668010252,
        "projMMtotal": 10.785739009780661,
        "projMfdm": 0.5454986224871206,
        "Dstar": 0.16461704607340408,
        "Ddm": -0.3003128969448416,
        "Dtotal": -0.012096938763968015,
        "Dfdm": -0.2917451817795434,
        "projDstar": -0.035716674752955334,
        "projDdm": 0.12766126100036299,
        "projDtotal": 0.04703351224626927,
        "projDfdm": 0.07700589122607708,
        "DthetaE": 0.020549294451030833
}