{
        "Reff": 0.4081097725007585,
        "R": 1.0202744312518963,
        "MthetaE": 0.37909909909909906,
        "Mstar": 10.364943218193039,
        "Mdm": 10.152496114847926,
        "Mbh": 8.278263092041016,
        "Mtotal": 10.572612711748814,
        "fdm": 0.38008733894439084,
        "projMstar": 10.459069556768531,
        "projMdm": 10.470354006813059,
        "projMtotal": 10.765778427480319,
        "projfdm": 0.5064954861724276,
        "MMstar": 10.428882656113032,
        "MMdm": 9.99272034426538,
        "MMbh": -Infinity,
        "MMtotal": 10.564428930745091,
        "Mfdm": 0.26809666619061695,
        "MMthetaE": 0.37130888008559115,
        "projMMstar": 10.441030702447538,
        "projMMdm": 10.516662448524569,
        "projMMtotal": 10.781520889557763,
        "projMfdm": 0.5434274336509128,
        "Dstar": 0.15861577668090027,
        "Ddm": -0.3078117394630159,
        "Dtotal": -0.018667416740682657,
        "Dfdm": -0.29464457580934794,
        "projDstar": -0.04068519778700668,
        "projDdm": 0.11252157437261147,
        "projDtotal": 0.03691334076288745,
        "projDfdm": 0.07291663694296464,
        "DthetaE": 0.020549294451030833
}