{
        "Reff": 0.24958845221212395,
        "R": 0.6239711305303098,
        "MthetaE": 0.29617117117117114,
        "Mstar": 10.062504234261093,
        "Mdm": 9.76112941174306,
        "Mbh": 7.900820732116699,
        "Mtotal": 10.238480581450535,
        "fdm": 0.3331569137610791,
        "projMstar": 10.125914805718981,
        "projMdm": 9.944301255632622,
        "projMtotal": 10.34556305800306,
        "projfdm": 0.39695218572581625,
        "MMstar": 10.206447536939999,
        "MMdm": 8.541954179848885,
        "MMbh": -Infinity,
        "MMtotal": 10.21575070924165,
        "Mfdm": 0.021193538377337905,
        "MMthetaE": 0.3247669375126507,
        "projMMstar": 10.229193777299535,
        "projMMdm": 8.996727944064304,
        "projMMtotal": 10.25390555576099,
        "projMfdm": 0.055312385407848344,
        "Dstar": 0.3929749376301085,
        "Ddm": -0.9396295006494891,
        "Dtotal": -0.050991444291438696,
        "Dfdm": -0.9363857164539089,
        "projDstar": 0.2684664109756358,
        "projDdm": -0.8871694543420173,
        "projDtotal": -0.19026577166535166,
        "projDfdm": -0.8606573098805058,
        "DthetaE": -0.0965514848335887
}