{
        "Reff": 0.24958845221212395,
        "R": 0.6239711305303098,
        "MthetaE": 0.29617117117117114,
        "Mstar": 10.062504234261093,
        "Mdm": 9.76112941174306,
        "Mbh": 7.900820732116699,
        "Mtotal": 10.238480581450535,
        "fdm": 0.3331569137610791,
        "projMstar": 10.125914805718981,
        "projMdm": 9.944301255632622,
        "projMtotal": 10.34556305800306,
        "projfdm": 0.39695218572581625,
        "MMstar": 10.206285819026677,
        "MMdm": 8.563351794369362,
        "MMbh": -Infinity,
        "MMtotal": 10.216057188643818,
        "Mfdm": 0.022248185951413587,
        "MMthetaE": 0.3247669375126507,
        "projMMstar": 10.228980094277903,
        "projMMdm": 9.0160486601046,
        "projMMtotal": 10.254795631736714,
        "projMfdm": 0.05771025966024458,
        "Dstar": 0.39245633315045286,
        "Ddm": -0.9365805629524036,
        "Dtotal": -0.05032149742977867,
        "Dfdm": -0.9332200983006803,
        "projDstar": 0.2678424494095427,
        "projDdm": -0.882036566601649,
        "projDtotal": -0.1886045393163508,
        "projDfdm": -0.854616596820791,
        "DthetaE": -0.0965514848335887
}