{
        "Reff": 0.16132178706696065,
        "R": 0.18954954954954953,
        "MthetaE": 0.18954954954954953,
        "Mstar": 9.345171940693744,
        "Mdm": 8.74601141403639,
        "Mbh": 7.548817157745361,
        "Mtotal": 9.442663397311287,
        "fdm": 0.20107034205073515,
        "projMstar": 9.585940106115428,
        "projMdm": 9.095671706651812,
        "projMtotal": 9.707629180051482,
        "projfdm": 0.24436698278553526,
        "MMstar": 9.645011441826668,
        "MMdm": 8.377639039371996,
        "MMbh": -Infinity,
        "MMtotal": 9.667864036064497,
        "Mfdm": 0.05125957526415586,
        "MMthetaE": 0.20156767776074946,
        "projMMstar": 9.714088523971533,
        "projMMdm": 8.840031677502946,
        "projMMtotal": 9.768564473631475,
        "projMfdm": 0.11788734962168146,
        "Dstar": 0.9945250774770867,
        "Ddm": -0.5718187700552466,
        "Dtotal": 0.679579784284696,
        "Dfdm": -0.7450664541505491,
        "projDstar": 0.3432239224237555,
        "projDdm": -0.4449143874530655,
        "projDtotal": 0.15062894162146567,
        "projDfdm": -0.5175806965495687,
        "DthetaE": -0.06340362316745214
}