{
        "Reff": 0.16132178706696065,
        "R": 0.18954954954954953,
        "MthetaE": 0.18954954954954953,
        "Mstar": 9.345171940693744,
        "Mdm": 8.74601141403639,
        "Mbh": 7.548817157745361,
        "Mtotal": 9.442663397311287,
        "fdm": 0.20107034205073515,
        "projMstar": 9.585940106115428,
        "projMdm": 9.095671706651812,
        "projMtotal": 9.707629180051482,
        "projfdm": 0.24436698278553526,
        "MMstar": 9.64464592681718,
        "MMdm": 8.372637318563264,
        "MMbh": -Infinity,
        "MMtotal": 9.667262070744721,
        "Mfdm": 0.05074289578484138,
        "MMthetaE": 0.20156767776074946,
        "projMMstar": 9.713728441280434,
        "projMMdm": 8.831154349231277,
        "projMMtotal": 9.76720895725689,
        "projMfdm": 0.11586316610840638,
        "Dstar": 0.9928471327115643,
        "Ddm": -0.5767217972262578,
        "Dtotal": 0.6772533710967601,
        "Dfdm": -0.7476360995494917,
        "projDstar": 0.34211068877907463,
        "projDdm": -0.4561456049087306,
        "projDtotal": 0.14704320680102168,
        "projDfdm": -0.5258640721930433,
        "DthetaE": -0.06340362316745214
}