{
        "Reff": 0.23513420348217307,
        "R": 0.29617117117117114,
        "MthetaE": 0.29617117117117114,
        "Mstar": 9.876642141429853,
        "Mdm": 9.343449316493516,
        "Mbh": 7.900820732116699,
        "Mtotal": 9.988226969854768,
        "fdm": 0.22658040390447187,
        "projMstar": 10.002798214419613,
        "projMdm": 9.58959111729185,
        "projMtotal": 10.14461871342537,
        "projfdm": 0.2785944137301345,
        "MMstar": 10.00458282398888,
        "MMdm": 8.534175261278913,
        "MMbh": -Infinity,
        "MMtotal": 10.019041461616636,
        "Mfdm": 0.032744155920871036,
        "MMthetaE": 0.2847271780932828,
        "projMMstar": 10.034263961851542,
        "projMMdm": 9.156167790184334,
        "projMMtotal": 10.088265674961882,
        "projMfdm": 0.11692358295594105,
        "Dstar": 0.3425815741838594,
        "Ddm": -0.8448592292260411,
        "Dtotal": 0.0735307573345936,
        "Dfdm": -0.8554854905516178,
        "projDstar": 0.07514180120336761,
        "projDdm": -0.6313818858901092,
        "projDtotal": -0.12169175118889257,
        "projDfdm": -0.5803089466495865,
        "DthetaE": 0.03863979411849754
}