{
        "Reff": 0.4081097725007585,
        "R": 0.37909909909909906,
        "MthetaE": 0.37909909909909906,
        "Mstar": 10.136938839434904,
        "Mdm": 9.556086234548895,
        "Mbh": 8.278263092041016,
        "Mtotal": 10.23817398702835,
        "fdm": 0.20792765111354303,
        "projMstar": 10.290529101756526,
        "projMdm": 9.899801459426145,
        "projMtotal": 10.438730064546228,
        "projfdm": 0.28911551283478226,
        "MMstar": [
                10.217150125266173,
                10.240138873070618,
                10.262305185659766
        ],
        "MMdm": [
                8.941101826855702,
                9.024797641531581,
                9.100304687560305
        ],
        "MMbh": -Infinity,
        "MMtotal": [
                10.24651303832218,
                10.265453848755941,
                10.285341672111615
        ],
        "Mfdm": [
                0.0461041272377141,
                0.05759839250708165,
                0.06989115025717914
        ],
        "MMthetaE": 0.37130888008559115,
        "projMMstar": [
                10.24448792090611,
                10.267533891725332,
                10.28961720965567
        ],
        "projMMdm": [
                9.665918601376987,
                9.736692209646439,
                9.794750122948745
        ],
        "projMMtotal": [
                10.367104159759737,
                10.379903295901311,
                10.391621066747863
        ],
        "projMfdm": [
                0.1944015534887099,
                0.22744231770476472,
                0.2576999929952665
        ],
        "Dstar": 0.26823587377930413,
        "Ddm": -0.7057534313815736,
        "Dtotal": 0.06482897877099926,
        "Dfdm": -0.7229882980997612,
        "projDstar": -0.051571076239449266,
        "projDdm": -0.3131043750650333,
        "projDtotal": -0.12668035139208644,
        "projDfdm": -0.21331679689308564,
        "DthetaE": 0.020549294451030833
}