{
        "Reff": 0.4081097725007585,
        "R": 0.37909909909909906,
        "MthetaE": 0.37909909909909906,
        "Mstar": 10.136938839434904,
        "Mdm": 9.556086234548895,
        "Mbh": 8.278263092041016,
        "Mtotal": 10.23817398702835,
        "fdm": 0.20792765111354303,
        "projMstar": 10.290529101756526,
        "projMdm": 9.899801459426145,
        "projMtotal": 10.438730064546228,
        "projfdm": 0.28911551283478226,
        "MMstar": [
                10.217538381099406,
                10.240018345458095,
                10.260577671542702
        ],
        "MMdm": [
                8.951258236933533,
                9.021126449315748,
                9.096872540441712
        ],
        "MMbh": -Infinity,
        "MMtotal": [
                10.24773338841484,
                10.26523587664898,
                10.283168234142927
        ],
        "Mfdm": [
                0.04722835979494009,
                0.05732125075023455,
                0.06994183239186964
        ],
        "MMthetaE": 0.37130888008559115,
        "projMMstar": [
                10.244909016704703,
                10.267523871946898,
                10.287354876090625
        ],
        "projMMdm": [
                9.674720833233774,
                9.735765829138925,
                9.794812339025887
        ],
        "projMMtotal": [
                10.368305126541243,
                10.381082443960446,
                10.390889682783737
        ],
        "projMfdm": [
                0.19780278435468165,
                0.22707064547445294,
                0.2611762586147897
        ],
        "Dstar": 0.26788395534739873,
        "Ddm": -0.7082302825809836,
        "Dtotal": 0.0642946759205219,
        "Dfdm": -0.7243211740081017,
        "projDstar": -0.05159295756295002,
        "projDdm": -0.31456800990662703,
        "projDtotal": -0.12430598920132435,
        "projDfdm": -0.21460234614178395,
        "DthetaE": 0.020549294451030833
}