{
        "Reff": 0.9842781252851367,
        "R": 1.2319517468260863,
        "Mstar": 10.898764226102577,
        "Mdm": 10.610572738964473,
        "Mbh": 8.475809097290039,
        "Mtotal": 11.079177295355626,
        "fdm": 0.33993465668748246,
        "MMstar": 10.8258580173275,
        "MMdm": 10.370458734099355,
        "MMbh": -Infinity,
        "MMtotal": 10.956329948826827,
        "Mfdm": 0.2594948751670446,
        "Dstar": -0.15453858678295132,
        "Ddm": -0.42471109921832817,
        "Dtotal": -0.24637958704406576,
        "Dfdm": -0.23663307032089356
}