{
        "Reff": 0.3754074905418294,
        "R": 0.46202702702702697,
        "MthetaE": 0.46202702702702697,
        "Mstar": 10.154514149873487,
        "Mdm": 9.85340370134865,
        "Mbh": 8.119908332824707,
        "Mtotal": 10.330578592964834,
        "fdm": 0.33329216803596157,
        "projMstar": 10.270689529883358,
        "projMdm": 10.129276943838029,
        "projMtotal": 10.506743732429133,
        "projfdm": 0.4193080608244642,
        "MMstar": [
                10.386840437365143,
                10.41215778272442,
                10.437177082846961
        ],
        "MMdm": [
                8.982488180401461,
                9.156865883559542,
                9.297431712801204
        ],
        "MMbh": -Infinity,
        "MMtotal": [
                10.419393601857662,
                10.436210253019516,
                10.453700968368855
        ],
        "Mfdm": [
                0.03437216808584672,
                0.05257531565790756,
                0.0752709890520378
        ],
        "MMthetaE": 0.5249657346094901,
        "projMMstar": [
                10.414751113770022,
                10.440520662224166,
                10.465750552331476
        ],
        "projMMdm": [
                9.472299348506606,
                9.620899731998852,
                9.741664731171845
        ],
        "projMMtotal": [
                10.492106743914976,
                10.503752824945128,
                10.512067729801931
        ],
        "projMfdm": [
                0.09246045259206973,
                0.131135132355813,
                0.17515106543940773
        ],
        "Dstar": 0.8098543787418743,
        "Ddm": -0.798876794485201,
        "Dtotal": 0.2753566765343341,
        "Dfdm": -0.8422545721139334,
        "projDstar": 0.47853337506557386,
        "projDdm": -0.689813574476561,
        "projDtotal": -0.0068631591940405065,
        "projDfdm": -0.6872582604351353,
        "DthetaE": -0.13622299973975652
}