{
        "Reff": 0.3754074905418294,
        "R": 0.46202702702702697,
        "MthetaE": 0.46202702702702697,
        "Mstar": 10.154514149873487,
        "Mdm": 9.85340370134865,
        "Mbh": 8.119908332824707,
        "Mtotal": 10.330578592964834,
        "fdm": 0.33329216803596157,
        "projMstar": 10.270689529883358,
        "projMdm": 10.129276943838029,
        "projMtotal": 10.506743732429133,
        "projfdm": 0.4193080608244642,
        "MMstar": [
                10.387026109381676,
                10.410949037691903,
                10.436970107207978
        ],
        "MMdm": [
                8.978383966686788,
                9.169148683819124,
                9.30265229858421
        ],
        "MMbh": -Infinity,
        "MMtotal": [
                10.419785822177658,
                10.436196114212432,
                10.45340615544468
        ],
        "Mfdm": [
                0.0336464132585594,
                0.053540247656371505,
                0.07579879595367418
        ],
        "MMthetaE": 0.0,
        "projMMstar": [
                10.415451901301015,
                10.439646031133476,
                10.465510708724501
        ],
        "projMMdm": [
                9.470934430602602,
                9.628013872792005,
                9.74376228500612
        ],
        "projMMtotal": [
                10.492141869122978,
                10.503830690017539,
                10.512368961677643
        ],
        "projMfdm": [
                0.09216927168597294,
                0.13383891541018766,
                0.17468940557701187
        ],
        "Dstar": 0.8048241261730118,
        "Ddm": -0.793107388047616,
        "Dtotal": 0.2753151569451054,
        "Dfdm": -0.839359418578973,
        "projDstar": 0.47555873454143804,
        "projDdm": -0.6846905921362144,
        "projDtotal": -0.006685082778139269,
        "projDfdm": -0.6808100584877215,
        "DthetaE": 1.0
}