{
        "Reff": 0.9094395894549946,
        "R": 2.2735989736374864,
        "MthetaE": 0.46202702702702697,
        "Mstar": 10.63249087929843,
        "Mdm": 10.608043679512585,
        "Mbh": 8.274933815002441,
        "Mtotal": 10.921469274343053,
        "fdm": 0.4859307755243753,
        "projMstar": 10.714692474183407,
        "projMdm": 10.768149505668532,
        "projMtotal": 11.043272965876945,
        "projfdm": 0.5307335471058287,
        "MMstar": -Infinity,
        "MMdm": -Infinity,
        "MMbh": -Infinity,
        "MMtotal": -Infinity,
        "Mfdm": 0.0,
        "MMthetaE": 0.6300273255645836,
        "projMMstar": 10.71277901624742,
        "projMMdm": 10.629991565563694,
        "projMMtotal": 10.974384978274657,
        "projMfdm": 0.4524875010404952,
        "Dstar": -1.0,
        "Ddm": -1.0,
        "Dtotal": -1.0,
        "Dfdm": -1.0,
        "projDstar": -0.0043962079821369335,
        "projDdm": -0.2724848194102478,
        "projDtotal": -0.14667982766405435,
        "projDfdm": -0.147429998521897,
        "DthetaE": -0.3636157382795904
}