{
        "Reff": 0.5423966499825412,
        "R": 1.355991624956353,
        "MthetaE": 0.6417567567567567,
        "Mstar": 10.513402181922052,
        "Mdm": 10.432306988216029,
        "Mbh": 8.265588760375977,
        "Mtotal": 10.775774685986606,
        "fdm": 0.45345302374030644,
        "projMstar": 10.611979249434077,
        "projMdm": 10.668755463077813,
        "projMtotal": 10.942324500904348,
        "projfdm": 0.5326365467736172,
        "MMstar": [
                10.515423501757915,
                10.54463860402387,
                10.56735334465281
        ],
        "MMdm": [
                10.274419385156131,
                10.321148094892045,
                10.372630620288376
        ],
        "MMbh": -Infinity,
        "MMtotal": [
                10.742924991709454,
                10.747895646958137,
                10.753989464398426
        ],
        "Mfdm": [
                0.3379838550050524,
                0.37445480682320526,
                0.41873374066953456
        ],
        "MMthetaE": 0.6364252723388055,
        "projMMstar": [
                10.539678628132517,
                10.569335304862642,
                10.592187987058958
        ],
        "projMMdm": [
                10.718401727219492,
                10.763291551812197,
                10.818262607295653
        ],
        "projMMtotal": [
                10.960601538247204,
                10.978621288322415,
                11.002714608721782
        ],
        "projMfdm": [
                0.5712643532649185,
                0.6111143127965728,
                0.6544517653868231
        ],
        "Dstar": 0.07457423202156709,
        "Ddm": -0.22582149914484936,
        "Dtotal": -0.06217682418793282,
        "Dfdm": -0.17421477591104043,
        "projDstar": -0.09352453163341275,
        "projDdm": 0.24318593704901023,
        "projDtotal": 0.08716831703748251,
        "projDfdm": 0.14733830507561943,
        "DthetaE": 0.008307640491227347
}