{
        "Reff": 0.5423966499825412,
        "R": 1.355991624956353,
        "MthetaE": 0.6417567567567567,
        "Mstar": 10.513402181922052,
        "Mdm": 10.432306988216029,
        "Mbh": 8.265588760375977,
        "Mtotal": 10.775774685986606,
        "fdm": 0.45345302374030644,
        "projMstar": 10.611979249434077,
        "projMdm": 10.668755463077813,
        "projMtotal": 10.942324500904348,
        "projfdm": 0.5326365467736172,
        "MMstar": [
                10.518902771816709,
                10.545901356667096,
                10.568011010678843
        ],
        "MMdm": [
                10.273627154529613,
                10.321414781630825,
                10.367628273417374
        ],
        "MMbh": -Infinity,
        "MMtotal": [
                10.74328185437252,
                10.748055533934588,
                10.753931635576517
        ],
        "Mfdm": [
                0.3368015140367418,
                0.3732599719693761,
                0.4142668547362135
        ],
        "MMthetaE": 0.6364252723388055,
        "projMMstar": [
                10.543127830706576,
                10.570697938140823,
                10.592659282183465
        ],
        "projMMdm": [
                10.718135771209639,
                10.761441307693614,
                10.814334207066027
        ],
        "projMMtotal": [
                10.959583711766257,
                10.977708922235323,
                11.000964246366959
        ],
        "projMfdm": [
                0.5719129741305239,
                0.6094141681392956,
                0.6511192418796582
        ],
        "Dstar": 0.07770320581944938,
        "Ddm": -0.22534595420355405,
        "Dtotal": -0.06183149786403704,
        "Dfdm": -0.17684974533736283,
        "projDstar": -0.09067592664837928,
        "projDdm": 0.2379008028876877,
        "projDtotal": 0.08488679059259158,
        "projDfdm": 0.1441463636521936,
        "DthetaE": 0.008307640491227347
}