{
        "Reff": 0.1610837669734156,
        "R": 0.18954954954954953,
        "MthetaE": 0.18954954954954953,
        "Mstar": 9.345171940693744,
        "Mdm": 8.74601141403639,
        "Mbh": 7.548817157745361,
        "Mtotal": 9.442663397311287,
        "fdm": 0.20107034205073515,
        "projMstar": 9.585940106115428,
        "projMdm": 9.095671706651812,
        "projMtotal": 9.707629180051482,
        "projfdm": 0.24436698278553526,
        "MMstar": 9.624374485680528,
        "MMdm": 8.610889241432844,
        "MMbh": -Infinity,
        "MMtotal": 9.664558396578638,
        "Mfdm": 0.08837528856067084,
        "MMthetaE": 0.20156767776074946,
        "projMMstar": 9.693420549148708,
        "projMMdm": 8.94751763002562,
        "projMMtotal": 9.76512345995388,
        "projMfdm": 0.15219282205452955,
        "Dstar": 0.9019651060176693,
        "Ddm": -0.2673815907999124,
        "Dtotal": 0.666844165712661,
        "Dfdm": -0.5604757635595432,
        "projDstar": 0.28079741690624443,
        "projDdm": -0.2890387620425586,
        "projDtotal": 0.14154826917448707,
        "projDfdm": -0.37719564108176135,
        "DthetaE": -0.06340362316745214
}