{
        "Reff": 0.1610837669734156,
        "R": 0.18954954954954953,
        "MthetaE": 0.18954954954954953,
        "Mstar": 9.345171940693744,
        "Mdm": 8.74601141403639,
        "Mbh": 7.548817157745361,
        "Mtotal": 9.442663397311287,
        "fdm": 0.20107034205073515,
        "projMstar": 9.585940106115428,
        "projMdm": 9.095671706651812,
        "projMtotal": 9.707629180051482,
        "projfdm": 0.24436698278553526,
        "MMstar": 9.62696339592535,
        "MMdm": 8.591221917072565,
        "MMbh": -Infinity,
        "MMtotal": 9.665225709500831,
        "Mfdm": 0.08433273934694444,
        "MMthetaE": 0.20156767776074946,
        "projMMstar": 9.696023015624965,
        "projMMdm": 8.93236000243199,
        "projMMtotal": 9.765069381033298,
        "projMfdm": 0.1469909583433129,
        "Dstar": 0.9133369351599889,
        "Ddm": -0.29981870755321083,
        "Dtotal": 0.6694073151188666,
        "Dfdm": -0.5805809126953932,
        "projDstar": 0.28849550999737206,
        "projDdm": -0.3134245095961203,
        "projDtotal": 0.14140613093110005,
        "projDfdm": -0.3984827382661709,
        "DthetaE": -0.06340362316745214
}