{
        "Reff": 0.39391362270631924,
        "R": 0.9847840567657982,
        "Mstar": 10.342988026078821,
        "Mdm": 10.05084423957988,
        "Mbh": 8.0,
        "Mtotal": 10.522061603102003,
        "fdm": 0.3378956777648907,
        "MMstar": 10.393256560699294,
        "MMdm": 9.70851155064847,
        "MMbh": -Infinity,
        "MMtotal": 10.474841231304751,
        "Mfdm": 0.1712656705785925,
        "Dstar": 0.12271243956376149,
        "Ddm": -0.5453603475197546,
        "Dtotal": -0.10302646762410274,
        "Dfdm": -0.493140392586614
}