{
        "Reff": 0.36422601544214994,
        "R": 0.9105650386053749,
        "MthetaE": 0.0,
        "Mstar": 10.272935922181803,
        "Mdm": 10.113922514649254,
        "Mbh": 8.177248001098633,
        "Mtotal": 10.501696605775322,
        "fdm": 0.4094736020291421,
        "projMstar": 10.35879473373801,
        "projMdm": 10.355252888833848,
        "projMtotal": 10.658057417584825,
        "projfdm": 0.4979611614808359,
        "MMstar": [
                10.130839280698712,
                10.203887210050686,
                10.254317237764578
        ],
        "MMdm": [
                9.760142233964316,
                9.863025357184599,
                9.984953420506265
        ],
        "MMbh": -Infinity,
        "MMtotal": [
                10.349147554152266,
                10.369207011851989,
                10.39297214031039
        ],
        "Mfdm": [
                0.2444761710351778,
                0.31300806710177204,
                0.4140010701094937
        ],
        "MMthetaE": 0.0,
        "projMMstar": [
                10.142462844955983,
                10.216063140937193,
                10.266930503486048
        ],
        "projMMdm": [
                10.399831314784452,
                10.496285975041484,
                10.618632560456648
        ],
        "projMMtotal": [
                10.606727069531875,
                10.679968156947975,
                10.761407660661284
        ],
        "projMfdm": [
                0.5904527525290997,
                0.6685927276068683,
                0.7317441453086714
        ],
        "Dstar": -0.1469955675898718,
        "Ddm": -0.4388191500053043,
        "Dtotal": -0.262927163962078,
        "Dfdm": -0.23558425854398463,
        "projDstar": -0.28010624321610744,
        "projDdm": 0.3836717883430197,
        "projDtotal": 0.05174568609380379,
        "projDfdm": 0.3426603906589995,
        "DthetaE": 0,
        "PL_slope1": -2.5277536318383804,
        "AV_slope1": 2.4617478520098466,
        "PL_slope2": -2.015579947363543,
        "AV_slope2": 2.0332015352579917
}