{
        "Reff": 0.36422601544214994,
        "R": 0.9105650386053749,
        "MthetaE": 0.0,
        "Mstar": 10.272935922181803,
        "Mdm": 10.113922514649254,
        "Mbh": 8.177248001098633,
        "Mtotal": 10.501696605775322,
        "fdm": 0.4094736020291421,
        "projMstar": 10.35879473373801,
        "projMdm": 10.355252888833848,
        "projMtotal": 10.658057417584825,
        "projfdm": 0.4979611614808359,
        "MMstar": [
                10.12878844328922,
                10.202704853466008,
                10.252462491912757
        ],
        "MMdm": [
                9.76196460981872,
                9.859743247184081,
                9.993018695830697
        ],
        "MMbh": -Infinity,
        "MMtotal": [
                10.347739600924735,
                10.370070262709515,
                10.393026256933387
        ],
        "Mfdm": [
                0.24609827219819,
                0.3112978526459623,
                0.4171257927870741
        ],
        "MMthetaE": 0.0,
        "projMMstar": [
                10.141778210283782,
                10.215679635442228,
                10.26503361328682
        ],
        "projMMdm": [
                10.395290531133707,
                10.49719164177773,
                10.60965013512322
        ],
        "projMMtotal": [
                10.605902454377478,
                10.682837825258455,
                10.751904211430308
        ],
        "projMfdm": [
                0.589795038973995,
                0.6654642653493277,
                0.7281229277454193
        ],
        "Dstar": -0.14931469392039318,
        "Ddm": -0.4430441979556938,
        "Dtotal": -0.26146062093224604,
        "Dfdm": -0.23976087566248694,
        "projDstar": -0.28074166770500136,
        "projDdm": 0.38656027325958847,
        "projDtotal": 0.058718270080463104,
        "projDfdm": 0.33637784796382786,
        "DthetaE": 0
}