{
        "Reff": 0.3754074905418294,
        "R": 0.4991441441441441,
        "MthetaE": 0.4991441441441441,
        "Mstar": 10.173693665592959,
        "Mdm": 9.89623766523878,
        "Mbh": 8.119908332824707,
        "Mtotal": 10.357785949107477,
        "fdm": 0.3455029152173913,
        "projMstar": 10.282354000366729,
        "projMdm": 10.168549391350195,
        "projMtotal": 10.530198812693506,
        "projfdm": 0.4348611185919032,
        "MMstar": 10.38971927901444,
        "MMdm": 9.553359030515134,
        "MMbh": -Infinity,
        "MMtotal": 10.448813112466597,
        "Mfdm": 0.1272172250019527,
        "MMthetaE": 0.5248205904019576,
        "projMMstar": 10.415894493144767,
        "projMMdm": 9.878690652665744,
        "projMMtotal": 10.526573744458242,
        "projMfdm": 0.22496601128046284,
        "Dstar": 0.644468706321542,
        "Ddm": -0.5459315098786676,
        "Dtotal": 0.2331819613489567,
        "Dfdm": -0.6317911676030076,
        "projDstar": 0.3600049616070601,
        "projDdm": -0.4869717724026237,
        "projDtotal": -0.008312288365707814,
        "projDfdm": -0.482671589474563,
        "DthetaE": -0.05144094458293114
}