{
        "Reff": 0.3754074905418294,
        "R": 0.4991441441441441,
        "MthetaE": 0.4991441441441441,
        "Mstar": 10.173693665592959,
        "Mdm": 9.89623766523878,
        "Mbh": 8.119908332824707,
        "Mtotal": 10.357785949107477,
        "fdm": 0.3455029152173913,
        "projMstar": 10.282354000366729,
        "projMdm": 10.168549391350195,
        "projMtotal": 10.530198812693506,
        "projfdm": 0.4348611185919032,
        "MMstar": 10.387874788495555,
        "MMdm": 9.55665062995078,
        "MMbh": -Infinity,
        "MMtotal": 10.447625403103146,
        "Mfdm": 0.12853613205110506,
        "MMthetaE": 0.5248205904019576,
        "projMMstar": 10.413991090918712,
        "projMMdm": 9.880916802191775,
        "projMMtotal": 10.525602780160789,
        "projMfdm": 0.2266282378991234,
        "Dstar": 0.6374992995905941,
        "Ddm": -0.5424769647350498,
        "Dtotal": 0.22981406037875715,
        "Dfdm": -0.6279738132738191,
        "projDstar": 0.3540574485953294,
        "projDdm": -0.4843352902734198,
        "projDtotal": -0.010526955648464315,
        "projDfdm": -0.47884915847856385,
        "DthetaE": -0.05144094458293114
}