{
        "Reff": 0.4750495551698561,
        "R": 0.533108108108108,
        "MthetaE": 0.533108108108108,
        "Mstar": 10.316567053263963,
        "Mdm": 9.953675599223988,
        "Mbh": 8.356976509094238,
        "Mtotal": 10.473000874721839,
        "fdm": 0.3024647195873248,
        "projMstar": 10.385313712548719,
        "projMdm": 10.208555729354114,
        "projMtotal": 10.606895895322637,
        "projfdm": 0.3996316112517674,
        "MMstar": 10.313932447304454,
        "MMdm": 9.419402296602822,
        "MMbh": -Infinity,
        "MMtotal": 10.366044436824899,
        "Mfdm": 0.11307272530926278,
        "MMthetaE": 0.458917242575832,
        "projMMstar": 10.352583563709317,
        "projMMdm": 9.96588464813709,
        "projMMtotal": 10.501953139439273,
        "projMfdm": 0.29102581136474975,
        "Dstar": -0.00604804092925149,
        "Ddm": -0.7077687219786966,
        "Dtotal": -0.21829378995149848,
        "Dfdm": -0.6261622662519571,
        "projDstar": -0.07259410708164382,
        "projDdm": -0.4280883823341109,
        "projDtotal": -0.21466085709156651,
        "projDfdm": -0.2717647874421929,
        "DthetaE": 0.13916664257004888
}