{
        "Reff": 0.4750495551698561,
        "R": 0.533108108108108,
        "MthetaE": 0.533108108108108,
        "Mstar": 10.316567053263963,
        "Mdm": 9.953675599223988,
        "Mbh": 8.356976509094238,
        "Mtotal": 10.473000874721839,
        "fdm": 0.3024647195873248,
        "projMstar": 10.385313712548719,
        "projMdm": 10.208555729354114,
        "projMtotal": 10.606895895322637,
        "projfdm": 0.3996316112517674,
        "MMstar": 10.314159887947163,
        "MMdm": 9.421602052244376,
        "MMbh": -Infinity,
        "MMtotal": 10.366495342168625,
        "Mfdm": 0.11352897323433016,
        "MMthetaE": 0.0,
        "projMMstar": 10.352924640371139,
        "projMMdm": 9.96526034606607,
        "projMMtotal": 10.502013487285911,
        "projMfdm": 0.29056738089266815,
        "Dstar": -0.005527370537497632,
        "Ddm": -0.706284779153548,
        "Dtotal": -0.21748176363329177,
        "Dfdm": -0.6246538327206353,
        "projDstar": -0.07186547532905364,
        "projDdm": -0.4289099196021782,
        "projDtotal": -0.21455172188241428,
        "projDfdm": -0.2729119200993059,
        "DthetaE": 1.0
}