{
        "Reff": 0.16132178706696065,
        "R": 0.18954954954954953,
        "MthetaE": 0.18954954954954953,
        "Mstar": 9.345171940693744,
        "Mdm": 8.74601141403639,
        "Mbh": 7.548817157745361,
        "Mtotal": 9.442663397311287,
        "fdm": 0.20107034205073515,
        "projMstar": 9.585940106115428,
        "projMdm": 9.095671706651812,
        "projMtotal": 9.707629180051482,
        "projfdm": 0.24436698278553526,
        "MMstar": [
                -Infinity,
                -Infinity,
                -Infinity
        ],
        "MMdm": [
                -Infinity,
                -Infinity,
                -Infinity
        ],
        "MMbh": -Infinity,
        "MMtotal": [
                -Infinity,
                -Infinity,
                -Infinity
        ],
        "Mfdm": [
                0.0,
                0.0,
                0.0
        ],
        "MMthetaE": 0.20156767776074946,
        "projMMstar": [
                9.693030501301394,
                9.735825454041349,
                9.759143318156962
        ],
        "projMMdm": [
                9.001722060015958,
                9.147238531717777,
                9.275805300493385
        ],
        "projMMtotal": [
                9.811298946349845,
                9.834337459604235,
                9.855212776452419
        ],
        "projMfdm": [
                0.15080293624996902,
                0.20337591170925304,
                0.2773003939667725
        ],
        "Dstar": -1.0,
        "Ddm": -1.0,
        "Dtotal": -1.0,
        "Dfdm": -1.0,
        "projDstar": 0.41216468935818773,
        "projDdm": 0.1260737249804219,
        "projDtotal": 0.33877711381401204,
        "projDfdm": -0.1677439014429268,
        "DthetaE": -0.06340362316745214
}