{
        "Reff": 0.9662426539989692,
        "R": 2.415606634997423,
        "thetaE": 0.4253510156483346,
        "Mstar": 10.591894592835773,
        "Mdm": 10.646124901091902,
        "Mbh": 8.30414867401123,
        "Mtotal": 10.920885659902202,
        "fdm": 0.5311769748082665,
        "MMstar": 10.63521808475366,
        "MMdm": 10.612280090448925,
        "MMbh": -Infinity,
        "MMtotal": 10.9249305042652,
        "Mfdm": 0.48679889773854285,
        "Dstar": 0.10490131873162563,
        "Ddm": -0.07497133842357433,
        "Dtotal": 0.009357104853202028,
        "Dfdm": -0.08354668815556696
}