{
        "Reff": 1.1035545250518053,
        "R": 2.7588863126295133,
        "MthetaE": 0.0,
        "Mstar": 10.900020863315055,
        "Mdm": 10.946236990033489,
        "Mbh": 8.336731910705566,
        "Mtotal": 11.224773402653952,
        "fdm": 0.526579062991917,
        "projMstar": 10.958959151544681,
        "projMdm": 11.188491183100519,
        "projMtotal": 11.389745840450614,
        "projfdm": 0.629137167379847,
        "MMstar": [
                10.75784526111614,
                10.858724387098846,
                10.917882368430531
        ],
        "MMdm": [
                10.857987516494417,
                10.939191967201905,
                11.014727335211383
        ],
        "MMbh": -Infinity,
        "MMtotal": [
                11.179472599851357,
                11.198882363918836,
                11.217056472964355
        ],
        "Mfdm": [
                0.468214796939054,
                0.5479355751006098,
                0.6464841214404068
        ],
        "MMthetaE": 0.0,
        "projMMstar": [
                10.780943790278739,
                10.879057926348802,
                10.939899097281007
        ],
        "projMMdm": [
                11.19317064244523,
                11.275742145096073,
                11.358244558385069
        ],
        "projMMtotal": [
                11.357986997606117,
                11.414324459691088,
                11.486199458621574
        ],
        "projMfdm": [
                0.6619388001433592,
                0.7261574304769779,
                0.7722892074808265
        ],
        "Dstar": -0.09070767834988987,
        "Ddm": -0.016090900301105784,
        "Dtotal": -0.05787406071513729,
        "Dfdm": 0.04055708555397034,
        "projDstar": -0.16804703320058667,
        "projDdm": 0.22250589499902027,
        "projDtotal": 0.05822646674006278,
        "projDfdm": 0.15421162208741998,
        "DthetaE": 0
}