{
        "Reff": 0.9662426539989696,
        "R": 0.45018018018018013,
        "MthetaE": 0.45018018018018013,
        "Mstar": 10.307116544969112,
        "Mdm": 9.689914983895168,
        "Mbh": 8.30414867401123,
        "Mtotal": 10.401040182296704,
        "fdm": 0.19447993540979114,
        "projMstar": 10.389112670322442,
        "projMdm": 9.993272781079773,
        "projMtotal": 10.53584177711993,
        "projfdm": 0.286702185777595,
        "MMstar": -Infinity,
        "MMdm": -Infinity,
        "MMbh": -Infinity,
        "MMtotal": -Infinity,
        "Mfdm": 0.0,
        "MMthetaE": 0.4500195182604169,
        "projMMstar": 10.29722428713692,
        "projMMdm": 10.079378037151995,
        "projMMtotal": 10.502849533206701,
        "projMfdm": 0.37716249841463106,
        "Dstar": -1.0,
        "Ddm": -1.0,
        "Dtotal": -1.0,
        "Dfdm": -1.0,
        "projDstar": -0.19069613061562513,
        "projDdm": 0.21928507034359696,
        "projDtotal": -0.0731536241728928,
        "projDfdm": 0.3155201359616049,
        "DthetaE": 0.00035688359202955825
}