{
        "Reff": 0.544754228166559,
        "R": 0.6397297297297296,
        "MthetaE": 0.6397297297297296,
        "Mstar": 10.387700894003224,
        "Mdm": 9.983169393265646,
        "Mbh": 8.265588760375977,
        "Mtotal": 10.531955832442545,
        "fdm": 0.2826269428551476,
        "projMstar": 10.480275896075595,
        "projMdm": 10.275593071737097,
        "projMtotal": 10.690912870135643,
        "projfdm": 0.3843086871203482,
        "MMstar": [
                10.412827146195658,
                10.43807510404583,
                10.451806699288444
        ],
        "MMdm": [
                9.721372362594224,
                9.766549629408265,
                9.827506987697719
        ],
        "MMbh": -Infinity,
        "MMtotal": [
                10.51093465025159,
                10.520864329401372,
                10.527958308395965
        ],
        "Mfdm": [
                0.15748174932914785,
                0.17521999658088788,
                0.20573730867261592
        ],
        "MMthetaE": 0.6365295087181563,
        "projMMstar": [
                10.435354088468873,
                10.461445284511202,
                10.475504074243743
        ],
        "projMMdm": [
                10.107330343442054,
                10.143913735570624,
                10.203440206145753
        ],
        "projMMtotal": [
                10.628633195345797,
                10.632015823221764,
                10.63675670113321
        ],
        "projMfdm": [
                0.3006438752497401,
                0.324500646482491,
                0.3699369520273504
        ],
        "Dstar": 0.12298565866189776,
        "Ddm": -0.3927322243215041,
        "Dtotal": -0.025215764660217774,
        "Dfdm": -0.3800308108958603,
        "projDstar": -0.04243252025409715,
        "projDdm": -0.26155073283922664,
        "projDtotal": -0.12682166202356754,
        "projDfdm": -0.15562500313485764,
        "DthetaE": 0.005002457855015387
}