{
        "Reff": 0.1610837669734156,
        "R": 0.40270941743353894,
        "MthetaE": 0.18954954954954953,
        "Mstar": 9.59925175767073,
        "Mdm": 9.2785085095605,
        "Mbh": 7.548817157745361,
        "Mtotal": 9.768870849191126,
        "fdm": 0.3233237895645361,
        "projMstar": 9.717139581904535,
        "projMdm": 9.526572642013694,
        "projMtotal": 9.93325582769927,
        "projfdm": 0.39202775390066114,
        "MMstar": 9.786599920392344,
        "MMdm": 9.071105507973556,
        "MMbh": -Infinity,
        "MMtotal": 9.863070392285357,
        "Mfdm": 0.16144890940679388,
        "MMthetaE": 0.20156767776074946,
        "projMMstar": 9.819208114772527,
        "projMMdm": 9.394824551788878,
        "projMMtotal": 9.957943705955982,
        "projMfdm": 0.27345183737818524,
        "Dstar": 0.5393882337404052,
        "Ddm": -0.37970683113601283,
        "Dtotal": 0.24222293439449863,
        "Dfdm": -0.500658737099924,
        "projDstar": 0.26493594210561383,
        "projDdm": -0.2616676290178893,
        "projDtotal": 0.05849272692199973,
        "projDfdm": -0.3024681679872154,
        "DthetaE": -0.06340362316745214
}