{
        "Reff": 0.1610837669734156,
        "R": 0.40270941743353894,
        "MthetaE": 0.18954954954954953,
        "Mstar": 9.59925175767073,
        "Mdm": 9.2785085095605,
        "Mbh": 7.548817157745361,
        "Mtotal": 9.768870849191126,
        "fdm": 0.3233237895645361,
        "projMstar": 9.717139581904535,
        "projMdm": 9.526572642013694,
        "projMtotal": 9.93325582769927,
        "projfdm": 0.39202775390066114,
        "MMstar": 9.791445687470548,
        "MMdm": 9.057390511727176,
        "MMbh": -Infinity,
        "MMtotal": 9.864972723990258,
        "Mfdm": 0.15574631780053938,
        "MMthetaE": 0.20156767776074946,
        "projMMstar": 9.824120265417276,
        "projMMdm": 9.385212487943908,
        "projMMtotal": 9.958932190999631,
        "projMfdm": 0.26685804308404387,
        "Dstar": 0.5566605874411324,
        "Ddm": -0.39898957926488177,
        "Dtotal": 0.24767615404376328,
        "Dfdm": -0.5182961389562333,
        "projDstar": 0.27932440128607816,
        "projDdm": -0.2778293303770639,
        "projDtotal": 0.06090467528480494,
        "projDfdm": -0.3192878809502221,
        "DthetaE": -0.06340362316745214
}