{
        "Reff": 0.3555664498963653,
        "R": 0.8889161247409133,
        "MthetaE": 0.7108108108108108,
        "Mstar": 10.480430779715173,
        "Mdm": 10.35153228832647,
        "Mbh": 8.265618324279785,
        "Mtotal": 10.721776209571578,
        "fdm": 0.4263399979307349,
        "projMstar": 10.52668112853081,
        "projMdm": 10.557453231213469,
        "projMtotal": 10.843369664689648,
        "projfdm": 0.5177064389389725,
        "MMstar": [
                10.635384858149925,
                10.63993824521176,
                10.648317968866136
        ],
        "MMdm": [
                9.959280141660928,
                10.007995527762423,
                10.04803641510287
        ],
        "MMbh": -Infinity,
        "MMtotal": [
                10.72473738730786,
                10.732111882629125,
                10.739761835636582
        ],
        "Mfdm": [
                0.1714566961802682,
                0.18913823109607253,
                0.20434736363174344
        ],
        "MMthetaE": 0.7258489720382846,
        "projMMstar": [
                10.646420745230436,
                10.650922198580627,
                10.659606278522753
        ],
        "projMMdm": [
                10.343135713871392,
                10.391929228451714,
                10.42380662161258
        ],
        "projMMtotal": [
                10.827513305880181,
                10.843045713005097,
                10.852641161579996
        ],
        "projMfdm": [
                0.3270492776763627,
                0.3544714949262324,
                0.37324104999725916
        ],
        "Dstar": 0.4438014229389191,
        "Ddm": -0.5466190799679461,
        "Dtotal": 0.024084217316209258,
        "Dfdm": -0.5563676126704847,
        "projDstar": 0.3311931373482648,
        "projDdm": -0.31691303618851663,
        "projDtotal": -0.0007456481858219632,
        "projDfdm": -0.315304063722457,
        "DthetaE": -0.021156348494925137
}