{
        "Reff": 1.4609511145833585,
        "R": 1.4609511145833585,
        "MMstar": 11.023474594438289,
        "MMdm": 11.364269240091751,
        "MMbh": -Infinity,
        "MMtotal": 11.52750595448219,
        "Mfdm": 0.6866940519476162,
        "MMthetaE": 1.3605472412236537
}