{
        "Reff": 0.5148342648334497,
        "R": 0.5616352290396287,
        "thetaE": 0.5616352290396287,
        "Mstar": 10.324965625048483,
        "Mdm": 9.899006503053805,
        "Mbh": 8.260486602783203,
        "Mtotal": 10.463270944220655,
        "fdm": 0.27273166186973274,
        "MMstar": 10.17785194256395,
        "MMdm": 9.838525132443584,
        "MMbh": -Infinity,
        "MMtotal": 10.341549072451555,
        "Mfdm": 0.31403355815431755,
        "Dstar": -0.2873335444245162,
        "Ddm": -0.13000124848167208,
        "Dtotal": -0.2444240458862437,
        "Dfdm": 0.15143784920839956
}