{
        "Reff": 0.36422601544215016,
        "R": 0.40279279279279273,
        "MthetaE": 0.40279279279279273,
        "Mstar": 10.09249136930786,
        "Mdm": 9.657160343916678,
        "Mbh": 8.177248001098633,
        "Mtotal": 10.228260665224283,
        "fdm": 0.2684724207169141,
        "projMstar": 10.177779355267997,
        "projMdm": 9.932815037193404,
        "projMtotal": 10.37337452695279,
        "projfdm": 0.3626106123565712,
        "MMstar": 10.041304003714972,
        "MMdm": 9.192126318322913,
        "MMbh": -Infinity,
        "MMtotal": 10.098788085897878,
        "Mfdm": 0.12397617481760922,
        "MMthetaE": 0.37130888008559115,
        "projMMstar": 10.064457062418308,
        "projMMdm": 9.604645487992226,
        "projMMtotal": 10.193788326902917,
        "projMfdm": 0.2575473947534265,
        "Dstar": -0.11118242319035684,
        "Ddm": -0.657259067169366,
        "Dtotal": -0.25778894169636996,
        "Dfdm": -0.5382163483066528,
        "projDstar": -0.22966841134931434,
        "projDdm": -0.5302893029379189,
        "projDtotal": -0.3386767369354367,
        "projDfdm": -0.2897411548998775,
        "DthetaE": 0.07816404183626427
}