{
        "Reff": 0.1711945002191585,
        "R": 0.5568018018018017,
        "MthetaE": 0.5568018018018017,
        "Mstar": 10.29718412001835,
        "Mdm": 10.054040228274305,
        "Mbh": 8.217829704284668,
        "Mtotal": 10.493440279762195,
        "fdm": 0.3635799691958276,
        "projMstar": 10.317644882056662,
        "projMdm": 10.217508581624593,
        "projMtotal": 10.571486439761745,
        "projfdm": 0.44261093765245546,
        "MMstar": 10.194149472291745,
        "MMdm": 10.058112983528217,
        "MMbh": -Infinity,
        "MMtotal": 10.432466023236152,
        "Mfdm": 0.42232516488620403,
        "MMthetaE": 0.76896871295145,
        "projMMstar": 10.201839772059824,
        "projMMdm": 10.329424367270903,
        "projMMtotal": 10.571330449784963,
        "projMfdm": 0.5729199132421643,
        "Dstar": -0.21120281460964752,
        "Ddm": 0.00942197549399629,
        "Dtotal": -0.13098806021992876,
        "Dfdm": 0.16157434585934446,
        "projDstar": -0.23405975388820313,
        "projDdm": 0.29394490733867124,
        "projDtotal": -0.00035911569770907917,
        "projDfdm": 0.29440975019923554,
        "DthetaE": -0.3810456619628017
}