{
        "Reff": 0.9887552142199191,
        "R": 1.2083783783783781,
        "MthetaE": 1.2083783783783781,
        "Mstar": 10.895234730204656,
        "Mdm": 10.600000777609383,
        "Mbh": 8.475809097290039,
        "Mtotal": 11.073266611131011,
        "fdm": 0.3363056522233072,
        "projMstar": 10.999048452312893,
        "projMdm": 10.872514045276716,
        "projMtotal": 11.241403360007325,
        "projfdm": 0.42767186967863274,
        "MMstar": 10.978548151359082,
        "MMdm": 10.336133905269715,
        "MMbh": -Infinity,
        "MMtotal": 11.067681724044483,
        "Mfdm": 0.18554624991513166,
        "MMthetaE": 1.2504724864817973,
        "projMMstar": 11.003758119106477,
        "projMMdm": 10.663096026230656,
        "projMMtotal": 11.167036367422813,
        "projMfdm": 0.3133716171715754,
        "Dstar": 0.21147211198117732,
        "Ddm": -0.4553304109458962,
        "Dtotal": -0.01277734539595896,
        "Dfdm": -0.44828090551410416,
        "projDstar": 0.010903422280371495,
        "projDdm": -0.3825781695513484,
        "projDtotal": -0.15737758578242483,
        "projDfdm": -0.26726156338724466,
        "DthetaE": -0.034835204648322744
}