{
        "Reff": 0.9887552142199191,
        "R": 1.2083783783783781,
        "MthetaE": 1.2083783783783781,
        "Mstar": 10.895234730204656,
        "Mdm": 10.600000777609383,
        "Mbh": 8.475809097290039,
        "Mtotal": 11.073266611131011,
        "fdm": 0.3363056522233072,
        "projMstar": 10.999048452312893,
        "projMdm": 10.872514045276716,
        "projMtotal": 11.241403360007325,
        "projfdm": 0.42767186967863274,
        "MMstar": 10.978955810214105,
        "MMdm": 10.338548902095866,
        "MMbh": -Infinity,
        "MMtotal": 11.068462538655794,
        "Mfdm": 0.18624574665852844,
        "MMthetaE": 1.2504724864817973,
        "projMMstar": 11.00412588213559,
        "projMMdm": 10.664507197845332,
        "projMMtotal": 11.167731374865209,
        "projMfdm": 0.31388880234899513,
        "Dstar": 0.2126098174235015,
        "Ddm": -0.4522932106141119,
        "Dtotal": -0.011000829085939974,
        "Dfdm": -0.44620096204966214,
        "projDstar": 0.011759823580316619,
        "projDdm": -0.3805686914456986,
        "projDtotal": -0.1560280459691008,
        "projDfdm": -0.2660522596801564,
        "DthetaE": -0.034835204648322744
}