{
        "Reff": 0.3465146838858552,
        "R": 0.8662867097146381,
        "MthetaE": 0.0,
        "Mstar": 11.033412259839897,
        "Mdm": 10.707664354405054,
        "Mbh": 8.772610664367676,
        "Mtotal": 11.201419526893796,
        "fdm": 0.32080773240888977,
        "projMstar": 11.066829826989872,
        "projMdm": 10.9365370114967,
        "projMtotal": 11.30758134804791,
        "projfdm": 0.42555496657047037,
        "MMstar": [
                11.038848193680325,
                11.107014785732629,
                11.150555873089322
        ],
        "MMdm": [
                10.268431267744848,
                10.476729398962016,
                10.691757724777737
        ],
        "MMbh": -Infinity,
        "MMtotal": [
                11.182793561374885,
                11.201298780431939,
                11.219121614316766
        ],
        "Mfdm": [
                0.11760147698510909,
                0.18886810155130693,
                0.3065462400162054
        ],
        "MMthetaE": 0.0,
        "projMMstar": [
                11.057296988943644,
                11.125350906471327,
                11.168963466091665
        ],
        "projMMdm": [
                10.632282908640358,
                10.806828609900528,
                10.93813890512781
        ],
        "projMMtotal": [
                11.267667036529412,
                11.292629291774988,
                11.31601349715046
        ],
        "projMfdm": [
                0.22788607797073532,
                0.324811732422366,
                0.429218655797576
        ],
        "Dstar": 0.18468400778190458,
        "Ddm": -0.4124226522320099,
        "Dtotal": -0.00027799035662013727,
        "Dfdm": -0.41127322545149075,
        "projDstar": 0.14425041729466764,
        "projDdm": -0.2581918535260547,
        "projDtotal": -0.03384246840871349,
        "projDfdm": -0.23673377603835732,
        "DthetaE": 0,
        "PL_slope1": -3.8135028542170417,
        "AV_slope1": 3.7037134155073694,
        "PL_slope2": -3.289817998776127,
        "AV_slope2": 3.3872190934105393
}