{
        "Reff": 0.9842781252851374,
        "R": 1.2083783783783781,
        "MthetaE": 1.2083783783783781,
        "Mstar": 10.895234730204656,
        "Mdm": 10.600000777609383,
        "Mbh": 8.475809097290039,
        "Mtotal": 11.073266611131011,
        "fdm": 0.3363056522233072,
        "projMstar": 10.999048452312893,
        "projMdm": 10.872514045276716,
        "projMtotal": 11.241403360007325,
        "projfdm": 0.42767186967863274,
        "MMstar": [
                10.917044313508413,
                10.920899406213023,
                10.925792151507412
        ],
        "MMdm": [
                10.41703252152345,
                10.426698822831245,
                10.453182557992132
        ],
        "MMbh": -Infinity,
        "MMtotal": [
                11.039615325370006,
                11.041498115682801,
                11.049188290133202
        ],
        "Mfdm": [
                0.2374304661519274,
                0.24310306032356588,
                0.25383175053252827
        ],
        "MMthetaE": 1.2111171673943844,
        "projMMstar": [
                10.942565351653275,
                10.946555355957667,
                10.951758932034418
        ],
        "projMMdm": [
                10.756693128929124,
                10.76562595454553,
                10.780378915387281
        ],
        "projMMtotal": [
                11.164426778684456,
                11.165821406532675,
                11.173313002554757
        ],
        "projMfdm": [
                0.3905097452679608,
                0.3974235965233615,
                0.4050806185173894
        ],
        "Dstar": 0.06087612567987076,
        "Ddm": -0.3290378135745703,
        "Dtotal": -0.07053828738480063,
        "Dfdm": -0.27713656099319656,
        "projDstar": -0.11385069001961867,
        "projDdm": -0.2181707591269575,
        "projDtotal": -0.1597315705889113,
        "projDfdm": -0.07072775952741717,
        "DthetaE": -0.002266499521186088
}