{
        "Reff": 0.3129603324922881,
        "R": 0.7824008312307202,
        "MthetaE": 0.45018018018018013,
        "Mstar": 10.273399770015239,
        "Mdm": 10.022244869721614,
        "Mbh": 8.01979923248291,
        "Mtotal": 10.466760355017644,
        "fdm": 0.35932258444479737,
        "projMstar": 10.311296349477995,
        "projMdm": 10.185498404817997,
        "projMtotal": 10.553966374268237,
        "projfdm": 0.4280869911502228,
        "MMstar": -Infinity,
        "MMdm": -Infinity,
        "MMbh": -Infinity,
        "MMtotal": -Infinity,
        "Mfdm": 0.0,
        "MMthetaE": 0.4500195182604169,
        "projMMstar": 10.435687496850475,
        "projMMdm": 8.6959884820867,
        "projMMtotal": 10.443524694594982,
        "projMfdm": 0.01788396402139046,
        "Dstar": -1.0,
        "Ddm": -1.0,
        "Dtotal": -1.0,
        "Dfdm": -1.0,
        "projDstar": 0.3316532316695133,
        "projDdm": -0.9676040979443764,
        "projDtotal": -0.2245419292947701,
        "projDfdm": -0.9582235284157123,
        "DthetaE": 0.00035688359202955825
}