{
        "Reff": 0.4750495551698561,
        "R": 1.1876238879246401,
        "MthetaE": 0.533108108108108,
        "Mstar": 10.479687275154259,
        "Mdm": 10.402816360683012,
        "Mbh": 8.356976509094238,
        "Mtotal": 10.743980384486571,
        "fdm": 0.4558647130128417,
        "projMstar": 10.53395856227157,
        "projMdm": 10.601443749087462,
        "projMtotal": 10.870040653306864,
        "projfdm": 0.5387696161822407,
        "MMstar": [
                10.502272111298737,
                10.506533256703769,
                10.515095926197327
        ],
        "MMdm": [
                10.038375376666684,
                10.081430506670873,
                10.124084543738224
        ],
        "MMbh": -Infinity,
        "MMtotal": [
                10.636262156541916,
                10.646081266598316,
                10.657622492130736
        ],
        "Mfdm": [
                0.25147789650549884,
                0.2727000798608485,
                0.2937290553827915
        ],
        "MMthetaE": 0.458917242575832,
        "projMMstar": [
                10.52907553049315,
                10.533292103359292,
                10.542215282381123
        ],
        "projMMdm": [
                10.49106584225196,
                10.542044925569085,
                10.590119983016466
        ],
        "projMMtotal": [
                10.816468692686751,
                10.840073286393356,
                10.863231342260287
        ],
        "projMfdm": [
                0.47236115414106455,
                0.5049197120215393,
                0.5332356782666035
        ],
        "Dstar": 0.06376569682915781,
        "Ddm": -0.5228948043944248,
        "Dtotal": -0.20181992529713053,
        "Dfdm": -0.4017960327340218,
        "projDstar": -0.0015334014932105748,
        "projDdm": -0.12782993513583793,
        "projDtotal": -0.06667557141227227,
        "projDfdm": -0.06282816095043413,
        "DthetaE": 0.13916664257004888
}