{
        "Reff": 0.4750495551698561,
        "R": 1.1876238879246401,
        "MthetaE": 0.533108108108108,
        "Mstar": 10.479687275154259,
        "Mdm": 10.402816360683012,
        "Mbh": 8.356976509094238,
        "Mtotal": 10.743980384486571,
        "fdm": 0.4558647130128417,
        "projMstar": 10.53395856227157,
        "projMdm": 10.601443749087462,
        "projMtotal": 10.870040653306864,
        "projfdm": 0.5387696161822407,
        "MMstar": [
                10.502337813832096,
                10.506759063821065,
                10.515423629635295
        ],
        "MMdm": [
                10.033201990822677,
                10.07849970476285,
                10.12768807176055
        ],
        "MMbh": -Infinity,
        "MMtotal": [
                10.63563677018269,
                10.64549069362548,
                10.65849171521947
        ],
        "Mfdm": [
                0.24929154130900882,
                0.2721375933772511,
                0.2947605101004086
        ],
        "MMthetaE": 0.0,
        "projMMstar": [
                10.52903908296719,
                10.53337671807878,
                10.542262618773355
        ],
        "projMMdm": [
                10.486787952875996,
                10.539644277244205,
                10.590075051027917
        ],
        "projMMtotal": [
                10.813962142853306,
                10.83768028033939,
                10.863897710072777
        ],
        "projMfdm": [
                0.46964199723762384,
                0.5025151842804813,
                0.5340025942824552
        ],
        "Dstar": 0.06431893508717744,
        "Ddm": -0.5261036714420758,
        "Dtotal": -0.2029045884467758,
        "Dfdm": -0.40302992179702896,
        "projDstar": -0.0013388487060655408,
        "projDdm": -0.13263772677750232,
        "projDtotal": -0.07180413997028554,
        "projDfdm": -0.0672911589904808,
        "DthetaE": 1.0,
        "PL_slope1": -2.599199456468372,
        "AV_slope1": 2.6055365343674235,
        "PL_slope2": -1.9241977413105378,
        "AV_slope2": 1.942982379021902
}