{
        "Reff": 0.2351342034821731,
        "R": 0.5878355087054328,
        "MthetaE": 0.0,
        "Mstar": 10.050720464297624,
        "Mdm": 9.733344266485139,
        "Mbh": 7.900820732116699,
        "Mtotal": 10.22143106152323,
        "fdm": 0.32502233421827237,
        "projMstar": 10.118480845242956,
        "projMdm": 9.9181948845171,
        "projMtotal": 10.330812842691731,
        "projfdm": 0.38670700736692454,
        "MMstar": [
                9.984430996366186,
                10.04117274675216,
                10.084770944002468
        ],
        "MMdm": [
                9.152240873829182,
                9.29301385375965,
                9.50747679704086
        ],
        "MMbh": -Infinity,
        "MMtotal": [
                10.091969856097469,
                10.118996392284922,
                10.144586054171677
        ],
        "Mfdm": [
                0.10593646249847016,
                0.15071465623023095,
                0.24392316710628
        ],
        "MMthetaE": 0.0,
        "projMMstar": [
                10.003891763527534,
                10.060812151986832,
                10.104154780312157
        ],
        "projMMdm": [
                9.866422371378203,
                9.952224595417386,
                10.035382183883804
        ],
        "projMMtotal": [
                10.266621461611146,
                10.307080453697706,
                10.34940616067862
        ],
        "projMfdm": [
                0.38099703692879566,
                0.4384171351085557,
                0.5080565016415559
        ],
        "Dstar": -0.021744535676563308,
        "Ddm": -0.6371980712022218,
        "Dtotal": -0.21011233702168988,
        "Dfdm": -0.5362944623706479,
        "projDstar": -0.1243484782595489,
        "projDdm": 0.08150793675414086,
        "projDtotal": -0.05317959034758484,
        "projDfdm": 0.1337191381498973,
        "DthetaE": 0,
        "PL_slope1": -3.07742282569557,
        "AV_slope1": 3.0611077447603585,
        "PL_slope2": -2.6097826513943927,
        "AV_slope2": 2.609982761623218
}