{
        "Reff": 0.2351342034821731,
        "R": 0.5878355087054328,
        "MthetaE": 0.0,
        "Mstar": 10.050720464297624,
        "Mdm": 9.733344266485139,
        "Mbh": 7.900820732116699,
        "Mtotal": 10.22143106152323,
        "fdm": 0.32502233421827237,
        "projMstar": 10.118480845242956,
        "projMdm": 9.9181948845171,
        "projMtotal": 10.330812842691731,
        "projfdm": 0.38670700736692454,
        "MMstar": [
                9.984440453152978,
                10.039763776810613,
                10.083807744804497
        ],
        "MMdm": [
                9.146015531387297,
                9.300329913374583,
                9.503733352251377
        ],
        "MMbh": -Infinity,
        "MMtotal": [
                10.09310762662043,
                10.117689941185386,
                10.143722031767153
        ],
        "Mfdm": [
                0.10593931590256352,
                0.15341209265184805,
                0.24296526508677066
        ],
        "MMthetaE": 0.0,
        "projMMstar": [
                10.00410186429132,
                10.059817997608071,
                10.10285131600828
        ],
        "projMMdm": [
                9.852405318950808,
                9.943233335042079,
                10.03275153261244
        ],
        "projMMtotal": [
                10.267211611245171,
                10.301683247079211,
                10.346397870644454
        ],
        "projMfdm": [
                0.3713114294270056,
                0.43695606143651433,
                0.5107051528054246
        ],
        "Dstar": -0.024913120989077688,
        "Ddm": -0.6310345956643443,
        "Dtotal": -0.21248491839431993,
        "Dfdm": -0.5279952283253788,
        "projDstar": -0.12635066159705122,
        "projDdm": 0.059347510999004024,
        "projDtotal": -0.06487341387027139,
        "projDfdm": 0.12994089352487811,
        "DthetaE": 0,
        "PL_slope1": -3.0878930732735745,
        "AV_slope1": 3.07073588347467,
        "PL_slope2": -2.625664931611496,
        "AV_slope2": 2.622661014219285
}