{
        "Reff": 0.9662426539989696,
        "R": 2.415606634997424,
        "MthetaE": 0.45018018018018013,
        "Mstar": 10.5918964286169,
        "Mdm": 10.646142705336276,
        "Mbh": 8.30414867401123,
        "Mtotal": 10.920895977836436,
        "fdm": 0.5311861312447683,
        "projMstar": 10.67843889325413,
        "projMdm": 10.847396843209468,
        "projMtotal": 11.07211299151808,
        "projfdm": 0.5960515911979375,
        "MMstar": [
                10.610878704402545,
                10.630339793866172,
                10.650032565800467
        ],
        "MMdm": [
                10.598919724242046,
                10.649803381067777,
                10.7003261755079
        ],
        "MMbh": -Infinity,
        "MMtotal": [
                10.924207179500076,
                10.940817349021218,
                10.96115639639111
        ],
        "Mfdm": [
                0.4701903606215167,
                0.510624566557419,
                0.5504971221725096
        ],
        "MMthetaE": 0.4500195182604169,
        "projMMstar": [
                10.63131065108004,
                10.650856643286309,
                10.669700155310537
        ],
        "projMMdm": [
                10.929471774079849,
                10.98343835007738,
                11.033092834682822
        ],
        "projMMtotal": [
                11.11863157278225,
                11.149045420451984,
                11.18197656073462
        ],
        "projMfdm": [
                0.6485181845232905,
                0.6814917037180032,
                0.7137224188973075
        ],
        "Dstar": 0.09255514178922261,
        "Ddm": 0.008464641558501839,
        "Dtotal": 0.046938983072100385,
        "Dfdm": -0.038708775470409816,
        "projDstar": -0.06153571361095742,
        "projDdm": 0.36785954992002023,
        "projDtotal": 0.19380234853952324,
        "projDfdm": 0.14334348533211552,
        "DthetaE": 0.00035688359202955825
}