{
        "Reff": 0.36422601544215016,
        "R": 0.9105650386053754,
        "MthetaE": 0.0,
        "Mstar": 10.27293859069873,
        "Mdm": 10.113967989717644,
        "Mbh": 8.177248001098633,
        "Mtotal": 10.501716802955189,
        "fdm": 0.40949743592464155,
        "projMstar": 10.358796827178473,
        "projMdm": 10.355252888833848,
        "projMtotal": 10.658058468574506,
        "projfdm": 0.4979599564196837,
        "MMstar": 10.175251843811811,
        "MMdm": 9.956090493787237,
        "MMbh": -Infinity,
        "MMtotal": 10.380381551091014,
        "Mfdm": 0.376451422625174,
        "MMthetaE": 0.0,
        "projMMstar": 10.188366209634573,
        "projMMdm": 10.538888630807072,
        "projMMtotal": 10.69910094894181,
        "projMfdm": 0.6914928308599193,
        "Dstar": -0.2014295179560366,
        "Ddm": -0.30477960504782015,
        "Dtotal": -0.24375111362271037,
        "Dfdm": -0.08069895047047107,
        "projDstar": -0.3245870513202893,
        "projDdm": 0.5262853721169899,
        "projDtotal": 0.09911334357324883,
        "projDfdm": 0.38865148079723283,
        "DthetaE": 0
}