{
        "Reff": 0.3939136227063193,
        "R": 0.9847840567657983,
        "MthetaE": 0.45018018018018013,
        "Mstar": 10.342989362034055,
        "Mdm": 10.05084423957988,
        "Mbh": 8.139239311218262,
        "Mtotal": 10.522062487644199,
        "fdm": 0.33789498956208713,
        "projMstar": 10.39835509943564,
        "projMdm": 10.18970749862652,
        "projMtotal": 10.607472654621885,
        "projfdm": 0.38215086240880686,
        "MMstar": 10.472112649641053,
        "MMdm": 8.770499339495576,
        "MMbh": -Infinity,
        "MMtotal": 10.480661146212135,
        "Mfdm": 0.019491182741890947,
        "MMthetaE": 0.4500195182604169,
        "projMMstar": 10.50335097743507,
        "projMMdm": 9.097909623851537,
        "projMMtotal": 10.520098186618366,
        "projMfdm": 0.037827830749408244,
        "Dstar": 0.3462424714057454,
        "Ddm": -0.9475609156331294,
        "Dtotal": -0.09092721055314823,
        "Dfdm": -0.9423158574586987,
        "projDstar": 0.2734909939289079,
        "projDdm": -0.9190527451428829,
        "projDtotal": -0.18224062441760003,
        "projDfdm": -0.9010133576280096,
        "DthetaE": 0.00035688359202955825
}