{
        "Reff": 0.3939136227063193,
        "R": 0.9847840567657983,
        "MthetaE": 0.45018018018018013,
        "Mstar": 10.342989362034055,
        "Mdm": 10.05084423957988,
        "Mbh": 8.139239311218262,
        "Mtotal": 10.522062487644199,
        "fdm": 0.33789498956208713,
        "projMstar": 10.39835509943564,
        "projMdm": 10.18970749862652,
        "projMtotal": 10.607472654621885,
        "projfdm": 0.38215086240880686,
        "MMstar": 10.471509412168789,
        "MMdm": 8.756009235678198,
        "MMbh": -Infinity,
        "MMtotal": 10.479791437252361,
        "Mfdm": 0.018889384130974934,
        "MMthetaE": 0.4500195182604169,
        "projMMstar": 10.502754785124177,
        "projMMdm": 9.085839765893086,
        "projMMtotal": 10.519073442152818,
        "projMfdm": 0.0368779120079597,
        "Dstar": 0.34437383113531395,
        "Ddm": -0.9492816640460814,
        "Dtotal": -0.09274587890594024,
        "Dfdm": -0.9440968800530141,
        "projDstar": 0.27174396588988686,
        "projDdm": -0.9212714473781768,
        "projDtotal": -0.1841679031575028,
        "projDfdm": -0.9034990742255359,
        "DthetaE": 0.00035688359202955825
}