{
        "Reff": 0.1711945002191585,
        "R": 0.5568018018018017,
        "MthetaE": 0.5568018018018017,
        "Mstar": 10.29718412001835,
        "Mdm": 10.054040228274305,
        "Mbh": 8.217829704284668,
        "Mtotal": 10.493440279762195,
        "fdm": 0.3635799691958276,
        "projMstar": 10.317644882056662,
        "projMdm": 10.217508581624593,
        "projMtotal": 10.571486439761745,
        "projfdm": 0.44261093765245546,
        "MMstar": 10.171713521784588,
        "MMdm": 10.082827999241715,
        "MMbh": -Infinity,
        "MMtotal": 10.430570784195949,
        "Mfdm": 0.4490112423859509,
        "MMthetaE": 0.9048301188445188,
        "projMMstar": 10.179625919387211,
        "projMMdm": 10.343719942215316,
        "projMMtotal": 10.570407428792198,
        "projMfdm": 0.5933521405203769,
        "Dstar": -0.250917930298298,
        "Ddm": 0.06853258602103654,
        "Dtotal": -0.13477212141532313,
        "Dfdm": 0.23497244190619657,
        "projDstar": -0.27225197193548867,
        "projDdm": 0.3372461634800152,
        "projDtotal": -0.002481430721809322,
        "projDfdm": 0.34057270176699883,
        "DthetaE": -0.625048834103092
}