{
        "Reff": 0.9842781252851367,
        "R": 2.4606953132128417,
        "MthetaE": 0.0,
        "Mstar": 11.047828541469018,
        "Mdm": 11.001234796916503,
        "Mbh": 8.475809097290039,
        "Mtotal": 11.326186222826236,
        "fdm": 0.4732041819854661,
        "projMstar": 11.149495480110856,
        "projMdm": 11.242149674873277,
        "projMtotal": 11.499318805292063,
        "projfdm": 0.5531346560645148,
        "MMstar": [
                10.947671478521045,
                11.006345965786606,
                11.052905034615552
        ],
        "MMdm": [
                10.870561148922489,
                10.95217430497203,
                11.027146060352457
        ],
        "MMbh": -Infinity,
        "MMtotal": [
                11.259477810981307,
                11.28126741773512,
                11.301015435156447
        ],
        "Mfdm": [
                0.39821447227525497,
                0.4678388280952593,
                0.5446962570443211
        ],
        "MMthetaE": 0.0,
        "projMMstar": [
                10.963061382303488,
                11.021569453474918,
                11.068046195858486
        ],
        "projMMdm": [
                11.298444835761487,
                11.383202048398992,
                11.47443981735502
        ],
        "projMMtotal": [
                11.480091133794323,
                11.536437758171338,
                11.605255993092596
        ],
        "projMfdm": [
                0.645475769388405,
                0.7031718502817694,
                0.7496664920652389
        ],
        "Dstar": -0.09109723560180961,
        "Ddm": -0.10681893420140692,
        "Dtotal": -0.09826029053140829,
        "Dfdm": -0.011338348422228452,
        "projDstar": -0.2551411651188801,
        "projDdm": 0.383733239527919,
        "projDtotal": 0.08922839118480567,
        "projDfdm": 0.2712489491885227,
        "DthetaE": 0,
        "PL_slope1": -2.531232667197888,
        "AV_slope1": 2.33596888428028,
        "PL_slope2": -1.6610344448466576,
        "AV_slope2": 1.660949918424444
}