{
        "Reff": 0.9842781252851367,
        "R": 2.4606953132128417,
        "MthetaE": 0.0,
        "Mstar": 11.047828541469018,
        "Mdm": 11.001234796916503,
        "Mbh": 8.475809097290039,
        "Mtotal": 11.326186222826236,
        "fdm": 0.4732041819854661,
        "projMstar": 11.149495480110856,
        "projMdm": 11.242149674873277,
        "projMtotal": 11.499318805292063,
        "projfdm": 0.5531346560645148,
        "MMstar": [
                10.944531337849527,
                11.009493476928572,
                11.053142262322469
        ],
        "MMdm": [
                10.868145031741893,
                10.944258566160242,
                11.030573180568036
        ],
        "MMbh": -Infinity,
        "MMtotal": [
                11.258924362871722,
                11.279065145293089,
                11.299669403145423
        ],
        "Mfdm": [
                0.39814623909045815,
                0.4612818316062824,
                0.5507185268514458
        ],
        "MMthetaE": 0.0,
        "projMMstar": [
                10.960786547375516,
                11.024757416994042,
                11.067985730173543
        ],
        "projMMdm": [
                11.295558939596292,
                11.384973196172245,
                11.476825233317907
        ],
        "projMMtotal": [
                11.475750690219623,
                11.537833815172382,
                11.607543515746096
        ],
        "projMfdm": [
                0.6418441663793917,
                0.7046015191779742,
                0.7537343883750124
        ],
        "Dstar": -0.08448611476457885,
        "Ddm": -0.12295117866846295,
        "Dtotal": -0.10282136598718888,
        "Dfdm": -0.025194938745384737,
        "projDstar": -0.2496533690801332,
        "projDdm": 0.3893879286608033,
        "projDtotal": 0.09273539313971377,
        "projDfdm": 0.2738336161959684,
        "DthetaE": 0
}