{
        "Reff": 0.3465146838858552,
        "R": 0.8662867097146381,
        "MthetaE": 1.0543693693693692,
        "Mstar": 11.033412259839897,
        "Mdm": 10.707664354405054,
        "Mbh": 8.772610664367676,
        "Mtotal": 11.201419526893796,
        "fdm": 0.32080773240888977,
        "projMstar": 11.066829826989872,
        "projMdm": 10.9365370114967,
        "projMtotal": 11.30758134804791,
        "projfdm": 0.42555496657047037,
        "MMstar": 11.194304388285172,
        "MMdm": 10.08827792229682,
        "MMbh": -Infinity,
        "MMtotal": 11.22705937464439,
        "Mfdm": 0.0726471443744017,
        "MMthetaE": 1.0495892490530028,
        "projMMstar": 11.211736892438916,
        "projMMdm": 10.56221350040704,
        "projMMtotal": 11.299560152641167,
        "projMfdm": 0.18308524593840786,
        "Dstar": 0.44841204730369233,
        "Ddm": -0.7597775633207308,
        "Dtotal": 0.06081547799929161,
        "Dfdm": -0.7735492725536668,
        "projDstar": 0.3960695845616764,
        "projDdm": -0.5776461193389796,
        "projDtotal": -0.01829996926090937,
        "projDfdm": -0.5697729780623073,
        "DthetaE": 0.004533629727147212
}