{
        "Reff": 0.6862264033777628,
        "R": 1.1409009009009008,
        "MthetaE": 1.1409009009009008,
        "Mstar": 10.751162367156113,
        "Mdm": 10.518616195444892,
        "Mbh": 8.453516006469727,
        "Mtotal": 10.951301630945586,
        "fdm": 0.3692449501091701,
        "projMstar": 10.865345998218945,
        "projMdm": 10.802798362704003,
        "projMtotal": 11.13622722790342,
        "projfdm": 0.4640567934441006,
        "MMstar": [
                10.909546609465469,
                10.91544380698819,
                10.92601808293118
        ],
        "MMdm": [
                10.075077047729176,
                10.130345162449302,
                10.169554689211749
        ],
        "MMbh": -Infinity,
        "MMtotal": [
                10.978820586705785,
                10.982355418589533,
                10.986647974719732
        ],
        "Mfdm": [
                0.12363961185751284,
                0.14059397816410263,
                0.153512945653856
        ],
        "MMthetaE": 1.0949539324614128,
        "projMMstar": [
                10.92975012971507,
                10.935720415077821,
                10.946342520054978
        ],
        "projMMdm": [
                10.420364539345867,
                10.46281375158065,
                10.488425548316282
        ],
        "projMMtotal": [
                11.058739362094634,
                11.061633022302873,
                11.06487893321142
        ],
        "projMfdm": [
                0.2297282754406832,
                0.2516550423767869,
                0.26546280849912607
        ],
        "Dstar": 0.45975993543013716,
        "Ddm": -0.5909946705634597,
        "Dtotal": 0.07412243484079488,
        "Dfdm": -0.6192392661767345,
        "projDstar": 0.17591090221944083,
        "projDdm": -0.5428956135447659,
        "projDtotal": -0.15781831140622385,
        "projDfdm": -0.4577063714355455,
        "DthetaE": 0.04027253234983549
}