{
        "Reff": 0.6862264033777628,
        "R": 1.1409009009009008,
        "MthetaE": 1.1409009009009008,
        "Mstar": 10.751162367156113,
        "Mdm": 10.518616195444892,
        "Mbh": 8.453516006469727,
        "Mtotal": 10.951301630945586,
        "fdm": 0.3692449501091701,
        "projMstar": 10.865345998218945,
        "projMdm": 10.802798362704003,
        "projMtotal": 11.13622722790342,
        "projfdm": 0.4640567934441006,
        "MMstar": [
                10.909595508277933,
                10.915876975758461,
                10.92658274604703
        ],
        "MMdm": [
                10.074320946227132,
                10.130944258151892,
                10.168269278758295
        ],
        "MMbh": -Infinity,
        "MMtotal": [
                10.97909846735476,
                10.982554397989107,
                10.986625670416826
        ],
        "Mfdm": [
                0.12371814945258967,
                0.14091384126523016,
                0.15314535647667646
        ],
        "MMthetaE": 1.0949539324614128,
        "projMMstar": [
                10.929731722526805,
                10.935881728716474,
                10.946425451213669
        ],
        "projMMdm": [
                10.418947921845529,
                10.46294308343536,
                10.487889523175461
        ],
        "projMMtotal": [
                11.058806674272303,
                11.0617258353409,
                11.064723335697039
        ],
        "projMfdm": [
                0.2289697794911411,
                0.2517827824323764,
                0.2655218576721748
        ],
        "Dstar": 0.4612166379420393,
        "Ddm": -0.5904300711244063,
        "Dtotal": 0.07461467504911515,
        "Dfdm": -0.6183730035480027,
        "projDstar": 0.17634776178776415,
        "projDdm": -0.5427594686844099,
        "projDtotal": -0.1576383095933835,
        "projDfdm": -0.4574311032843318,
        "DthetaE": 0.04027253234983549
}