{
        "Reff": 0.4081097725007585,
        "R": 0.37909909909909906,
        "MthetaE": 0.37909909909909906,
        "Mstar": 10.136938839434904,
        "Mdm": 9.556086234548895,
        "Mbh": 8.278263092041016,
        "Mtotal": 10.23817398702835,
        "fdm": 0.20792765111354303,
        "projMstar": 10.290529101756526,
        "projMdm": 9.899801459426145,
        "projMtotal": 10.438730064546228,
        "projfdm": 0.28911551283478226,
        "MMstar": [
                10.230483591392142,
                10.250018150892126,
                10.279704246696667
        ],
        "MMdm": [
                9.172642822086946,
                9.37635666890055,
                9.472658705098398
        ],
        "MMbh": -Infinity,
        "MMtotal": [
                10.295045897816085,
                10.306868291366763,
                10.319280324090846
        ],
        "Mfdm": [
                0.07285252999251009,
                0.11826013447110918,
                0.1473295861718604
        ],
        "MMthetaE": 0.4027931353555214,
        "projMMstar": [
                10.257814330771074,
                10.277352134584424,
                10.306764137722118
        ],
        "projMMdm": [
                9.529731846153338,
                9.699216188845107,
                9.781047912168548
        ],
        "projMMtotal": [
                10.367551663401299,
                10.380336967858627,
                10.391052808503385
        ],
        "projMfdm": [
                0.14382946829517715,
                0.21007870513960356,
                0.24845579800815132
        ],
        "Dstar": 0.2974161852835176,
        "Ddm": -0.33889501131367966,
        "Dtotal": 0.1713705589525658,
        "Dfdm": -0.43124383006408856,
        "projDstar": -0.029885417508679693,
        "projDdm": -0.36989238322952017,
        "projDtotal": -0.1258078480198352,
        "projDfdm": -0.27337449630502886,
        "DthetaE": -0.06250090362316735
}