{
        "Reff": 0.4081097725007585,
        "R": 0.37909909909909906,
        "MthetaE": 0.37909909909909906,
        "Mstar": 10.136938839434904,
        "Mdm": 9.556086234548895,
        "Mbh": 8.278263092041016,
        "Mtotal": 10.23817398702835,
        "fdm": 0.20792765111354303,
        "projMstar": 10.290529101756526,
        "projMdm": 9.899801459426145,
        "projMtotal": 10.438730064546228,
        "projfdm": 0.28911551283478226,
        "MMstar": [
                10.231971883029043,
                10.252081399869818,
                10.284209683408486
        ],
        "MMdm": [
                9.151689409487437,
                9.362082476560433,
                9.47744992671184
        ],
        "MMbh": -Infinity,
        "MMtotal": [
                10.296198536928927,
                10.308535102208046,
                10.320114533098925
        ],
        "Mfdm": [
                0.06948401690103796,
                0.11346264833306355,
                0.1486214014525154
        ],
        "MMthetaE": 0.4027931353555214,
        "projMMstar": [
                10.259121738910205,
                10.279610172661853,
                10.310820330451202
        ],
        "projMMdm": [
                9.510133968811335,
                9.682036717266401,
                9.783595050953922
        ],
        "projMMtotal": [
                10.367496344449401,
                10.380217975572284,
                10.391007670724587
        ],
        "projMfdm": [
                0.1364883559629875,
                0.20151209834808212,
                0.2497324840081902
        ],
        "Dstar": 0.3035946229809015,
        "Ddm": -0.36027070017536583,
        "Dtotal": 0.17587488668001985,
        "Dfdm": -0.45431669272739,
        "projDstar": -0.02482834138670562,
        "projDdm": -0.3943311225385459,
        "projDtotal": -0.12604733499929138,
        "projDfdm": -0.30300489111686624,
        "DthetaE": -0.06250090362316735
}