{
        "Reff": 0.42908660556761313,
        "R": 1.0727165139190329,
        "MthetaE": 0.533108108108108,
        "Mstar": 10.461121573211894,
        "Mdm": 10.349580676302088,
        "Mbh": 8.356976509094238,
        "Mtotal": 10.709952236130166,
        "fdm": 0.4361425316510598,
        "projMstar": 10.519498947164227,
        "projMdm": 10.555126770256262,
        "projMtotal": 10.838708097904357,
        "projfdm": 0.5204975293137197,
        "MMstar": -Infinity,
        "MMdm": -Infinity,
        "MMbh": -Infinity,
        "MMtotal": -Infinity,
        "Mfdm": 0.0,
        "MMthetaE": 0.458917242575832,
        "projMMstar": 10.607456793379855,
        "projMMdm": 10.087294871199262,
        "projMMtotal": 10.72202861504884,
        "projMfdm": 0.23188158279561982,
        "Dstar": -1.0,
        "Ddm": -1.0,
        "Dtotal": -1.0,
        "Dfdm": -1.0,
        "projDstar": 0.22449734050874753,
        "projDdm": -0.6594600241123101,
        "projDtotal": -0.23560028379517986,
        "projDfdm": -0.5545001277885842,
        "DthetaE": 0.13916664257004888
}