{
        "Reff": 0.35973259940631447,
        "R": 0.46202702702702697,
        "MthetaE": 0.46202702702702697,
        "Mstar": 10.154514149873487,
        "Mdm": 9.85340370134865,
        "Mbh": 8.119908332824707,
        "Mtotal": 10.330578592964834,
        "fdm": 0.33329216803596157,
        "projMstar": 10.270689529883358,
        "projMdm": 10.129276943838029,
        "projMtotal": 10.506743732429133,
        "projfdm": 0.4193080608244642,
        "MMstar": -Infinity,
        "MMdm": -Infinity,
        "MMbh": -Infinity,
        "MMtotal": -Infinity,
        "Mfdm": 0.0,
        "MMthetaE": 0.48492597519012226,
        "projMMstar": 10.449424295662208,
        "projMMdm": 9.308139099470614,
        "projMMtotal": 10.479712060514007,
        "projMfdm": 0.06736387153259038,
        "Dstar": -1.0,
        "Ddm": -1.0,
        "Dtotal": -1.0,
        "Dfdm": -1.0,
        "projDstar": 0.5091581929834843,
        "projDdm": -0.8490399066782857,
        "projDtotal": -0.06034521840116475,
        "projDfdm": -0.8393451549676002,
        "DthetaE": -0.049561923488419174
}