{
        "Reff": 0.9094395894549947,
        "R": 2.273598973637487,
        "MthetaE": 0.0,
        "Mstar": 10.632487797317197,
        "Mdm": 10.60803396125214,
        "Mbh": 8.274933815002441,
        "Mtotal": 10.921462967602181,
        "fdm": 0.485926958400488,
        "projMstar": 10.714688885275981,
        "projMdm": 10.768139423031133,
        "projMtotal": 11.043265930541269,
        "projfdm": 0.5307298231359308,
        "MMstar": 10.725384597992694,
        "MMdm": 10.49743800263948,
        "MMbh": -Infinity,
        "MMtotal": 10.92722791013044,
        "Mfdm": 0.37171500492897747,
        "MMthetaE": 0.0,
        "projMMstar": 10.739125650567216,
        "projMMdm": 10.745708924544688,
        "projMMtotal": 11.04345975721026,
        "projMfdm": 0.5037895645668359,
        "Dstar": 0.23850225218329218,
        "Ddm": -0.22481735439520842,
        "Dtotal": 0.013362764991290464,
        "Dfdm": -0.23503934387064834,
        "projDstar": 0.05788087383810873,
        "projDdm": -0.05033703540311397,
        "projDtotal": 0.0004464020063744027,
        "projDfdm": -0.05076077769647953,
        "DthetaE": 0
}