{
        "Reff": 0.9365583424776649,
        "R": 2.341395856194162,
        "MthetaE": 0.533108108108108,
        "Mstar": 10.604333704610394,
        "Mdm": 10.634934192831413,
        "Mbh": 8.183881759643555,
        "Mtotal": 10.920933403323664,
        "fdm": 0.5176077729134222,
        "projMstar": 10.682572097391489,
        "projMdm": 10.838119149014558,
        "projMtotal": 11.068302560459982,
        "projfdm": 0.5885950271362097,
        "MMstar": [
                -Infinity,
                -Infinity,
                -Infinity
        ],
        "MMdm": [
                -Infinity,
                -Infinity,
                -Infinity
        ],
        "MMbh": -Infinity,
        "MMtotal": [
                -Infinity,
                -Infinity,
                -Infinity
        ],
        "Mfdm": [
                0.0,
                0.0,
                0.0
        ],
        "MMthetaE": 0.509223606974525,
        "projMMstar": [
                10.557883849035395,
                10.575303383110997,
                10.593273620934434
        ],
        "projMMdm": [
                11.164509971386664,
                11.205339518294807,
                11.262981779701596
        ],
        "projMMtotal": [
                11.26704769261188,
                11.297573881617781,
                11.342188388485757
        ],
        "projMfdm": [
                0.7883795856835802,
                0.8104431143852587,
                0.8346413924652661
        ],
        "Dstar": -1.0,
        "Ddm": -1.0,
        "Dtotal": -1.0,
        "Dfdm": -1.0,
        "projDstar": -0.21885566825588967,
        "projDdm": 1.3292728752108935,
        "projDtotal": 0.6953966518541962,
        "projDfdm": 0.3769112497066851,
        "DthetaE": 0.04480235954081493
}