{
        "Reff": 0.16132178706696065,
        "R": 0.18954954954954953,
        "MthetaE": 0.18954954954954953,
        "Mstar": 9.345171940693744,
        "Mdm": 8.74601141403639,
        "Mbh": 7.548817157745361,
        "Mtotal": 9.44266339731129,
        "fdm": 0.20107034205073515,
        "projMstar": 9.585940106115428,
        "projMdm": 9.095671706651812,
        "projMtotal": 9.707629180051482,
        "projfdm": 0.24436698278553526,
        "MMstar": [
                9.552181996483741,
                9.590761266069245,
                9.635146996903353
        ],
        "MMdm": [
                8.626791216784573,
                8.763954787144929,
                8.925226791800815
        ],
        "MMbh": -Infinity,
        "MMtotal": [
                9.630388349375247,
                9.658042051262644,
                9.685816998061526
        ],
        "Mfdm": [
                0.09321977959060272,
                0.13084092863067137,
                0.18694343063886748
        ],
        "MMthetaE": 0.20156767776074946,
        "projMMstar": [
                9.621158244020847,
                9.659873114389633,
                9.704093178882104
        ],
        "projMMdm": [
                8.934911378817203,
                9.049489071134735,
                9.154487275049076
        ],
        "projMMtotal": [
                9.734623050492724,
                9.759635329813344,
                9.783337259866657
        ],
        "projMfdm": [
                0.14991061429684593,
                0.19644887536322675,
                0.2477895910735601
        ],
        "Dstar": 0.7603106860010099,
        "Ddm": 0.042181532322070475,
        "Dtotal": 0.6420207991934781,
        "Dfdm": -0.3492778333382609,
        "projDstar": 0.18558585252436954,
        "projDdm": -0.10088060809683415,
        "projDtotal": 0.127213417799009,
        "projDfdm": -0.19609076020046073,
        "DthetaE": -0.06340362316745214
}