{
        "Reff": 0.3129603324922881,
        "R": 0.7824008312307202,
        "MthetaE": 0.45018018018018013,
        "Mstar": 10.273399770015239,
        "Mdm": 10.022244869721614,
        "Mbh": 8.01979923248291,
        "Mtotal": 10.466760355017644,
        "fdm": 0.35932258444479737,
        "projMstar": 10.311296349477995,
        "projMdm": 10.185498404817997,
        "projMtotal": 10.553966374268237,
        "projfdm": 0.4280869911502228,
        "MMstar": [
                -Infinity,
                -Infinity,
                -Infinity
        ],
        "MMdm": [
                -Infinity,
                -Infinity,
                -Infinity
        ],
        "MMbh": -Infinity,
        "MMtotal": [
                -Infinity,
                -Infinity,
                -Infinity
        ],
        "Mfdm": [
                0.0,
                0.0,
                0.0
        ],
        "MMthetaE": 0.4500195182604169,
        "projMMstar": [
                10.431576414352161,
                10.435492809957855,
                10.437554455124866
        ],
        "projMMdm": [
                8.490315111151993,
                8.80760561315407,
                9.120136254467637
        ],
        "projMMtotal": [
                10.442283189448972,
                10.445664283234185,
                10.452721919685224
        ],
        "projMfdm": [
                0.011190723514828827,
                0.02305256981870924,
                0.04662280546666222
        ],
        "Dstar": -1.0,
        "Ddm": -1.0,
        "Dtotal": -1.0,
        "Dfdm": -1.0,
        "projDstar": 0.3310564077648041,
        "projDdm": -0.9581103040283948,
        "projDtotal": -0.22071214313136145,
        "projDfdm": -0.946149800635685,
        "DthetaE": 0.00035688359202955825
}