{
        "Reff": 0.9094395894549946,
        "R": 0.45018018018018013,
        "MthetaE": 0.45018018018018013,
        "Mstar": 10.188291312145626,
        "Mdm": 9.669608105376728,
        "Mbh": 8.278263092041016,
        "Mtotal": 10.30320646934083,
        "fdm": 0.23248858595902655,
        "projMstar": 10.326511929628978,
        "projMdm": 10.003439814762785,
        "projMtotal": 10.495379408395333,
        "projfdm": 0.32215168434816444,
        "MMstar": [
                -Infinity,
                -Infinity,
                -Infinity
        ],
        "MMdm": [
                -Infinity,
                -Infinity,
                -Infinity
        ],
        "MMbh": -Infinity,
        "MMtotal": [
                -Infinity,
                -Infinity,
                -Infinity
        ],
        "Mfdm": [
                0.0,
                0.0,
                0.0
        ],
        "MMthetaE": 0.6300273255645836,
        "projMMstar": [
                10.333067331859173,
                10.336191082253324,
                10.340854773002206
        ],
        "projMMdm": [
                9.795891093718753,
                9.816013999488266,
                9.828218252136338
        ],
        "projMMtotal": [
                10.449460485530862,
                10.450662126443374,
                10.451827219703183
        ],
        "projMfdm": [
                0.2218169806966907,
                0.23183922363090229,
                0.23814387610980642
        ],
        "Dstar": -1.0,
        "Ddm": -1.0,
        "Dtotal": -1.0,
        "Dfdm": -1.0,
        "projDstar": 0.022537284721818245,
        "projDdm": -0.3505074337589698,
        "projDtotal": -0.09784176441004222,
        "projDfdm": -0.28034142022258446,
        "DthetaE": -0.3995003629711585
}