{
        "Reff": 0.3939136227063193,
        "R": 0.9847840567657983,
        "MthetaE": 0.45018018018018013,
        "Mstar": 10.342989362034055,
        "Mdm": 10.05084423957988,
        "Mbh": 8.139239311218262,
        "Mtotal": 10.522062487644199,
        "fdm": 0.33789498956208713,
        "projMstar": 10.39835509943564,
        "projMdm": 10.18970749862652,
        "projMtotal": 10.607472654621885,
        "projfdm": 0.38215086240880686,
        "MMstar": [
                10.368663626339831,
                10.400901502094854,
                10.431961486896459
        ],
        "MMdm": [
                9.556984817507862,
                9.763136780111298,
                9.891565323943226
        ],
        "MMbh": -Infinity,
        "MMtotal": [
                10.483716293574536,
                10.489585094389302,
                10.496026312985595
        ],
        "Mfdm": [
                0.1179079520495771,
                0.1880986822407806,
                0.24871620944018638
        ],
        "MMthetaE": 0.458917242575832,
        "projMMstar": [
                10.39875886562629,
                10.429851667534537,
                10.461207513799563
        ],
        "projMMdm": [
                9.902727806919202,
                10.104941874517397,
                10.232529884976652
        ],
        "projMMtotal": [
                10.563611344684642,
                10.597228262530482,
                10.624958314176856
        ],
        "projMfdm": [
                0.21756665658261962,
                0.3200402466806989,
                0.4053930422765508
        ],
        "Dstar": 0.1426471481898265,
        "Ddm": -0.48442418076280075,
        "Dtotal": -0.07205420788200101,
        "Dfdm": -0.44332207327324674,
        "projDstar": 0.07521810372300078,
        "projDdm": -0.1773134902481848,
        "projDtotal": -0.023312548549022104,
        "projDfdm": -0.1625290476557003,
        "DthetaE": -0.019407923272310522
}