{
        "Reff": 0.4081097725007585,
        "R": 1.0202744312518963,
        "MthetaE": 0.37909909909909906,
        "Mstar": 10.364943218193039,
        "Mdm": 10.152496114847926,
        "Mbh": 8.278263092041016,
        "Mtotal": 10.572612711748814,
        "fdm": 0.38008733894439084,
        "projMstar": 10.459069556768531,
        "projMdm": 10.470354006813059,
        "projMtotal": 10.765778427480319,
        "projfdm": 0.5064954861724276,
        "MMstar": [
                10.435351111230046,
                10.473864017457373,
                10.508952202918945
        ],
        "MMdm": [
                9.72827749230885,
                9.899832893826487,
                10.020540722607638
        ],
        "MMbh": -Infinity,
        "MMtotal": [
                10.557898173097605,
                10.57657010777956,
                10.595076022174705
        ],
        "Mfdm": [
                0.14531827296530953,
                0.21020015875686904,
                0.27584000527997393
        ],
        "MMthetaE": 0.38191770523089374,
        "projMMstar": [
                10.447797322697431,
                10.486043532201261,
                10.51974099069607
        ],
        "projMMdm": [
                10.24380755066359,
                10.405894572534145,
                10.526852495137414
        ],
        "projMMtotal": [
                10.694970328240453,
                10.747707639121487,
                10.79561022911265
        ],
        "projMfdm": [
                0.35172097787316,
                0.45360223476233597,
                0.5413900500790282
        ],
        "Dstar": 0.2850522881710972,
        "Ddm": -0.4410965647471125,
        "Dtotal": 0.009153883966955273,
        "Dfdm": -0.4469687958018969,
        "projDstar": 0.06407925266207115,
        "projDdm": -0.13793390288762866,
        "projDtotal": -0.040755734416405544,
        "projDfdm": -0.10442985743032863,
        "DthetaE": -0.007435011421796824
}