{
        "Reff": 0.36422601544215016,
        "R": 0.40279279279279273,
        "MthetaE": 0.40279279279279273,
        "Mstar": 10.09249136930786,
        "Mdm": 9.657160343916678,
        "Mbh": 8.177248001098633,
        "Mtotal": 10.228260665224283,
        "fdm": 0.2684724207169141,
        "projMstar": 10.177779355267997,
        "projMdm": 9.932815037193404,
        "projMtotal": 10.37337452695279,
        "projfdm": 0.3626106123565712,
        "MMstar": [
                -Infinity,
                -Infinity,
                -Infinity
        ],
        "MMdm": [
                -Infinity,
                -Infinity,
                -Infinity
        ],
        "MMbh": -Infinity,
        "MMtotal": [
                -Infinity,
                -Infinity,
                -Infinity
        ],
        "Mfdm": [
                0.0,
                0.0,
                0.0
        ],
        "MMthetaE": 0.4500195182604169,
        "projMMstar": [
                10.061654499327393,
                10.08338645162083,
                10.109507913442025
        ],
        "projMMdm": [
                9.757129419087878,
                9.825862973277145,
                9.877177309699976
        ],
        "projMMtotal": [
                10.267761393774439,
                10.274345525523863,
                10.280732972534514
        ],
        "projMfdm": [
                0.3073904162150581,
                0.35592770632825105,
                0.39523110654242405
        ],
        "Dstar": -1.0,
        "Ddm": -1.0,
        "Dtotal": -1.0,
        "Dfdm": -1.0,
        "projDstar": -0.19534985041937836,
        "projDdm": -0.21828591698690886,
        "projDtotal": -0.20389381394200115,
        "projDfdm": -0.01842997915832802,
        "DthetaE": -0.11724818892655525
}