{
        "Reff": 0.939249303987715,
        "R": 0.5704504504504504,
        "MthetaE": 0.5704504504504504,
        "Mstar": 10.324357056674737,
        "Mdm": 9.86945336076618,
        "Mbh": 8.183881759643555,
        "Mtotal": 10.454957644889042,
        "fdm": 0.25971421216180146,
        "projMstar": 10.404865630863434,
        "projMdm": 10.136748081175366,
        "projMtotal": 10.592207129877783,
        "projfdm": 0.3503813255471689,
        "MMstar": 10.347789278963957,
        "MMdm": 9.682457864734454,
        "MMbh": -Infinity,
        "MMtotal": 10.432761023076312,
        "Mfdm": 0.1777038519019928,
        "MMthetaE": 0.5400006464779323,
        "projMMstar": 10.378523199063562,
        "projMMdm": 10.038915900999942,
        "projMMtotal": 10.542132265834368,
        "projMfdm": 0.31389444870116484,
        "Dstar": 0.05543677473384917,
        "Ddm": -0.3498635672763245,
        "Dtotal": -0.049825484280231806,
        "Dfdm": -0.31577155357488235,
        "projDstar": -0.05885277033085102,
        "projDdm": -0.20169689249677045,
        "projDtotal": -0.10890268320196755,
        "projDfdm": -0.10413476457121322,
        "DthetaE": 0.05337852559932889
}