{
        "Reff": 0.939249303987715,
        "R": 0.5704504504504504,
        "MthetaE": 0.5704504504504504,
        "Mstar": 10.324357056674737,
        "Mdm": 9.86945336076618,
        "Mbh": 8.183881759643555,
        "Mtotal": 10.454957644889042,
        "fdm": 0.25971421216180146,
        "projMstar": 10.404865630863434,
        "projMdm": 10.136748081175366,
        "projMtotal": 10.592207129877783,
        "projfdm": 0.3503813255471689,
        "MMstar": 10.349062628113089,
        "MMdm": 9.66557297004606,
        "MMbh": -Infinity,
        "MMtotal": 10.430862555095924,
        "Mfdm": 0.17167632775949596,
        "MMthetaE": 0.5400006464779323,
        "projMMstar": 10.379761278961043,
        "projMMdm": 10.029595970641449,
        "projMMtotal": 10.54008380029639,
        "projMfdm": 0.30868261473884256,
        "Dstar": 0.05853585085370969,
        "Ddm": -0.3746551043602263,
        "Dtotal": -0.05396999679529597,
        "Dfdm": -0.3389798489250872,
        "projDstar": -0.05616593459464437,
        "projDdm": -0.2186459106186013,
        "projDtotal": -0.11309588396879057,
        "projDfdm": -0.11900951268794939,
        "DthetaE": 0.05337852559932889
}