{
        "Reff": 1.1035545250518053,
        "R": 0.6634234234234233,
        "MthetaE": 0.6634234234234233,
        "Mstar": 10.522028515683154,
        "Mdm": 10.064407877741875,
        "Mbh": 8.336731910705566,
        "Mtotal": 10.6519251077602,
        "fdm": 0.25851322760668544,
        "projMstar": 10.610449633395211,
        "projMdm": 10.389287224511984,
        "projMtotal": 10.814827120951854,
        "projfdm": 0.37537046949957625,
        "MMstar": [
                -Infinity,
                -Infinity,
                -Infinity
        ],
        "MMdm": [
                -Infinity,
                -Infinity,
                -Infinity
        ],
        "MMbh": -Infinity,
        "MMtotal": [
                -Infinity,
                -Infinity,
                -Infinity
        ],
        "Mfdm": [
                0.0,
                0.0,
                0.0
        ],
        "MMthetaE": 0.6491916548593238,
        "projMMstar": [
                10.568711265290899,
                10.573814150426761,
                10.585496026043737
        ],
        "projMMdm": [
                10.267334969028024,
                10.296893492928692,
                10.309453793705003
        ],
        "projMMtotal": [
                10.755883591564768,
                10.758034469759943,
                10.759288121616914
        ],
        "projMfdm": [
                0.32459759152081996,
                0.34581925920172574,
                0.3551550435195273
        ],
        "Dstar": -1.0,
        "Ddm": -1.0,
        "Dtotal": -1.0,
        "Dfdm": -1.0,
        "projDstar": -0.0808962944935651,
        "projDdm": -0.19163729514021421,
        "projDtotal": -0.12258036512663754,
        "projDfdm": -0.07872545311634824,
        "DthetaE": 0.021452013995315607
}