{
        "Reff": 1.1035545250518053,
        "R": 0.6634234234234233,
        "MthetaE": 0.6634234234234233,
        "Mstar": 10.522028515683154,
        "Mdm": 10.064407877741875,
        "Mbh": 8.336731910705566,
        "Mtotal": 10.6519251077602,
        "fdm": 0.25851322760668544,
        "projMstar": 10.610449633395211,
        "projMdm": 10.389287224511984,
        "projMtotal": 10.814827120951854,
        "projfdm": 0.37537046949957625,
        "MMstar": [
                -Infinity,
                -Infinity,
                -Infinity
        ],
        "MMdm": [
                -Infinity,
                -Infinity,
                -Infinity
        ],
        "MMbh": -Infinity,
        "MMtotal": [
                -Infinity,
                -Infinity,
                -Infinity
        ],
        "Mfdm": [
                0.0,
                0.0,
                0.0
        ],
        "MMthetaE": 0.6553516178469189,
        "projMMstar": [
                10.568898532557172,
                10.573678144381276,
                10.584881831929328
        ],
        "projMMdm": [
                10.269054575686354,
                10.297963048451644,
                10.309076715643512
        ],
        "projMMtotal": [
                10.756013231086351,
                10.758128565203076,
                10.759222945587
        ],
        "projMfdm": [
                0.3257585205840492,
                0.34646151888768806,
                0.35470751059746225
        ],
        "Dstar": -1.0,
        "Ddm": -1.0,
        "Dtotal": -1.0,
        "Dfdm": -1.0,
        "projDstar": -0.0811840809937645,
        "projDdm": -0.18964405245364666,
        "projDtotal": -0.12239024036703103,
        "projDfdm": -0.07701445095142422,
        "DthetaE": 0.012166898682672369
}