{
        "Reff": 0.23513420348217307,
        "R": 0.5878355087054327,
        "MthetaE": 0.29617117117117114,
        "Mstar": 10.050722827275926,
        "Mdm": 9.733344266485139,
        "Mbh": 7.900820732116699,
        "Mtotal": 10.22143265648222,
        "fdm": 0.3250211405665837,
        "projMstar": 10.118482880290474,
        "projMdm": 9.9181948845171,
        "projMtotal": 10.330814090773245,
        "projfdm": 0.3867058960445534,
        "MMstar": -Infinity,
        "MMdm": -Infinity,
        "MMbh": -Infinity,
        "MMtotal": -Infinity,
        "Mfdm": 0.0,
        "MMthetaE": 0.3247669375126507,
        "projMMstar": 10.225600027693778,
        "projMMdm": 7.331736201595358,
        "projMMtotal": 10.226154198151825,
        "projMfdm": 0.001275210862408631,
        "Dstar": -1.0,
        "Ddm": -1.0,
        "Dtotal": -1.0,
        "Dfdm": -1.0,
        "projDstar": 0.2797264534044632,
        "projDdm": -0.9974085590508169,
        "projDtotal": -0.21414918595692783,
        "projDfdm": -0.99670237543453,
        "DthetaE": -0.0965514848335887
}