{
        "Reff": 0.34651468388585527,
        "R": 0.8662867097146382,
        "MthetaE": 0.0,
        "Mstar": 11.033409712852947,
        "Mdm": 10.70766049131408,
        "Mbh": 8.772610664367676,
        "Mtotal": 11.201416557690932,
        "fdm": 0.3208070721059512,
        "projMstar": 11.066827165358214,
        "projMdm": 10.936518765841779,
        "projMtotal": 11.307572054626105,
        "projfdm": 0.42554619457782794,
        "MMstar": [
                11.030482453627748,
                11.110366152777015,
                11.151436186480078
        ],
        "MMdm": [
                10.205328746356495,
                10.42973195159106,
                10.703323122838574
        ],
        "MMbh": -Infinity,
        "MMtotal": [
                11.178559062921085,
                11.197352097663222,
                11.215468162903006
        ],
        "Mfdm": [
                0.10177180821920645,
                0.17104435669159967,
                0.31933137374421716
        ],
        "MMthetaE": 0.0,
        "projMMstar": [
                11.04870172580498,
                11.12860524928589,
                11.169796125753024
        ],
        "projMMdm": [
                10.711336131864012,
                10.851599540456453,
                10.98418543700506
        ],
        "projMMtotal": [
                11.278412822206962,
                11.305137971720548,
                11.33924666998047
        ],
        "projMfdm": [
                0.26331432198756555,
                0.34633557692404715,
                0.45092987672542245
        ],
        "Dstar": 0.19386835253001375,
        "Ddm": -0.47268337926215725,
        "Dtotal": -0.009315108126894232,
        "Dfdm": -0.466831090821122,
        "projDstar": 0.1528640160955419,
        "projDdm": -0.17760440657155901,
        "projDtotal": -0.005589006079362811,
        "projDfdm": -0.18613870518185072,
        "DthetaE": 0,
        "PL_slope1": -3.8194292898151767,
        "AV_slope1": 3.7085544829407167,
        "PL_slope2": -3.1839660884570993,
        "AV_slope2": 3.285908254201162
}