{
        "Reff": 0.3939136227063193,
        "R": 0.9847840567657983,
        "MthetaE": 0.45018018018018013,
        "Mstar": 10.342989362034055,
        "Mdm": 10.05084423957988,
        "Mbh": 8.139239311218262,
        "Mtotal": 10.522062487644199,
        "fdm": 0.33789498956208713,
        "projMstar": 10.39835509943564,
        "projMdm": 10.18970749862652,
        "projMtotal": 10.607472654621885,
        "projfdm": 0.38215086240880686,
        "MMstar": [
                10.407016949634228,
                10.436701965604806,
                10.461764388164646
        ],
        "MMdm": [
                9.083322870583054,
                9.472352556328431,
                9.67622105649103
        ],
        "MMbh": -Infinity,
        "MMtotal": [
                10.47533164470434,
                10.480617934141772,
                10.48615360568508
        ],
        "Mfdm": [
                0.04044048724180724,
                0.09753794422626155,
                0.15711616862951291
        ],
        "MMthetaE": 0.4500195182604169,
        "projMMstar": [
                10.438192796280209,
                10.468021737629808,
                10.493322041281594
        ],
        "projMMdm": [
                9.480291604028716,
                9.847462489657413,
                10.08569493160644
        ],
        "projMMtotal": [
                10.533502217105369,
                10.562485935538836,
                10.597734660196702
        ],
        "projMfdm": [
                0.0881036032756772,
                0.1928150232136829,
                0.30545426176273777
        ],
        "Dstar": 0.24083091011197513,
        "Ddm": -0.7360581133190879,
        "Dtotal": -0.09101765831320481,
        "Dfdm": -0.7113365180328036,
        "projDstar": 0.17399605675076227,
        "projDdm": -0.5452685507931462,
        "projDtotal": -0.09840129152914548,
        "projDfdm": -0.4954478919704267,
        "DthetaE": 0.00035688359202955825
}