{
        "Reff": 0.939249303987715,
        "R": 2.3481232599692876,
        "MthetaE": 0.533108108108108,
        "Mstar": 10.604974350344044,
        "Mdm": 10.636557129014498,
        "Mbh": 8.183881759643555,
        "Mtotal": 10.922082767596338,
        "fdm": 0.5181725007822032,
        "projMstar": 10.683114804351895,
        "projMdm": 10.839507247386114,
        "projMtotal": 11.069343059823062,
        "projfdm": 0.5890663132213828,
        "MMstar": 10.569048776477857,
        "MMdm": 10.658501408762326,
        "MMbh": -Infinity,
        "MMtotal": 10.917104124125116,
        "Mfdm": 0.5513117957323681,
        "MMthetaE": 0.5475522655640054,
        "projMMstar": 10.592017051155816,
        "projMMdm": 10.811196821248236,
        "projMMtotal": 11.01631959435839,
        "projMfdm": 0.6235585333515777,
        "Dstar": -0.07939267497994115,
        "Ddm": 0.05182691511828847,
        "Dtotal": -0.01139829182712587,
        "Dfdm": 0.06395417529903596,
        "projDstar": -0.18922145681667457,
        "projDdm": -0.06310790663099844,
        "projDtotal": -0.1149322127615385,
        "projDfdm": 0.05855405300902357,
        "DthetaE": -0.027094237052887268
}