{
        "Reff": 0.939249303987715,
        "R": 2.3481232599692876,
        "MthetaE": 0.533108108108108,
        "Mstar": 10.604974350344044,
        "Mdm": 10.636557129014498,
        "Mbh": 8.183881759643555,
        "Mtotal": 10.922082767596338,
        "fdm": 0.5181725007822032,
        "projMstar": 10.683114804351895,
        "projMdm": 10.839507247386114,
        "projMtotal": 11.069343059823062,
        "projfdm": 0.5890663132213828,
        "MMstar": 10.570345313509854,
        "MMdm": 10.666016822705616,
        "MMbh": -Infinity,
        "MMtotal": 10.921840210032663,
        "Mfdm": 0.5548513060835184,
        "MMthetaE": 0.5475522655640054,
        "projMMstar": 10.593326513900736,
        "projMMdm": 10.819481955451629,
        "projMMtotal": 11.021991929255044,
        "projMfdm": 0.6273212890520571,
        "Dstar": -0.07664019942696235,
        "Ddm": 0.07018705562644421,
        "Dtotal": -0.0005583534929523671,
        "Dfdm": 0.07078493213350183,
        "projDstar": -0.18677314922992475,
        "projDdm": -0.045063028101296705,
        "projDtotal": -0.10329649063052812,
        "projDfdm": 0.06494171364421122,
        "DthetaE": -0.027094237052887268
}