{
        "Reff": 0.36422601544215016,
        "R": 0.9105650386053754,
        "MthetaE": 0.40279279279279273,
        "Mstar": 10.27293859069873,
        "Mdm": 10.113967989717644,
        "Mbh": 8.177248001098633,
        "Mtotal": 10.501716802955189,
        "fdm": 0.40949743592464155,
        "projMstar": 10.358796827178473,
        "projMdm": 10.355252888833848,
        "projMtotal": 10.658058468574506,
        "projfdm": 0.4979599564196837,
        "MMstar": 10.293630776902521,
        "MMdm": 9.76567095818005,
        "MMbh": -Infinity,
        "MMtotal": 10.406406839036643,
        "Mfdm": 0.22869892285906354,
        "MMthetaE": 0.37130888008559115,
        "projMMstar": 10.306958658804987,
        "projMMdm": 10.127528340574848,
        "projMMtotal": 10.527474863835755,
        "projMfdm": 0.3981561943955412,
        "Dstar": 0.04879881068974412,
        "Ddm": -0.5515614202322541,
        "Dtotal": -0.1970471645039399,
        "Dfdm": -0.44151317494171016,
        "projDstar": -0.1125133444493768,
        "projDdm": -0.4080630482132841,
        "projDtotal": -0.2596852620555025,
        "projDfdm": -0.20042527664619544,
        "DthetaE": 0.07816404183626427
}