{
        "Reff": 0.9094395894549946,
        "R": 2.2735989736374864,
        "MthetaE": 0.46202702702702697,
        "Mstar": 10.63249087929843,
        "Mdm": 10.608043679512585,
        "Mbh": 8.274933815002441,
        "Mtotal": 10.921469274343053,
        "fdm": 0.4859307755243753,
        "projMstar": 10.714692474183407,
        "projMdm": 10.768149505668532,
        "projMtotal": 11.043272965876945,
        "projfdm": 0.5307335471058287,
        "MMstar": 10.728717030609019,
        "MMdm": 10.408437864340573,
        "MMbh": -Infinity,
        "MMtotal": 10.898486225085204,
        "Mfdm": 0.3235576252516225,
        "MMthetaE": 0.458917242575832,
        "projMMstar": 10.746504237657675,
        "projMMdm": 10.675390102208677,
        "projMMtotal": 11.013431127312526,
        "projMfdm": 0.459154637299782,
        "Dstar": 0.24803323670023497,
        "Ddm": -0.3684697108275753,
        "Dtotal": -0.05154451870501704,
        "Dfdm": -0.3341487274551266,
        "projDstar": 0.07599874174582427,
        "projDdm": -0.1923176424854807,
        "projDtotal": -0.06640576460386666,
        "projDfdm": -0.13486788275656852,
        "DthetaE": 0.006730741426979472
}