{
        "Reff": 0.5148342648334497,
        "R": 1.2870856620836244,
        "MthetaE": 0.5804954954954954,
        "Mstar": 10.485052405687021,
        "Mdm": 10.343082781744615,
        "Mbh": 8.260486602783203,
        "Mtotal": 10.72087312472932,
        "fdm": 0.41899578782519636,
        "projMstar": 10.567427798541386,
        "projMdm": 10.56775212156492,
        "projMtotal": 10.868619985991932,
        "projfdm": 0.5001866953311498,
        "MMstar": -Infinity,
        "MMdm": -Infinity,
        "MMbh": -Infinity,
        "MMtotal": -Infinity,
        "Mfdm": 0.0,
        "MMthetaE": 0.815168435358413,
        "projMMstar": 10.495628935176441,
        "projMMdm": 10.55572134240398,
        "projMMtotal": 10.827743663760026,
        "projMfdm": 0.53453688519396,
        "Dstar": -1.0,
        "Ddm": -1.0,
        "Dtotal": -1.0,
        "Dfdm": -1.0,
        "projDstar": -0.15238011497755194,
        "projDdm": -0.027321713968429615,
        "projDtotal": -0.08982756665340128,
        "projDfdm": 0.06867473722000667,
        "DthetaE": -0.4042631539502422
}