{
        "Reff": 0.35973259940631447,
        "R": 0.46202702702702697,
        "MthetaE": 0.46202702702702697,
        "Mstar": 10.154514149873487,
        "Mdm": 9.85340370134865,
        "Mbh": 8.119908332824707,
        "Mtotal": 10.330578592964834,
        "fdm": 0.33329216803596157,
        "projMstar": 10.270689529883358,
        "projMdm": 10.129276943838029,
        "projMtotal": 10.506743732429133,
        "projfdm": 0.4193080608244642,
        "MMstar": 10.36396953856718,
        "MMdm": 9.497826181126179,
        "MMbh": -Infinity,
        "MMtotal": 10.419385920793381,
        "Mfdm": 0.11979543264493259,
        "MMthetaE": 0.509223606974525,
        "projMMstar": 10.391021618583903,
        "projMMdm": 9.917384704481686,
        "projMMtotal": 10.516834064614745,
        "projMfdm": 0.2515073259986763,
        "Dstar": 0.6197775996501247,
        "Ddm": -0.5590163581209536,
        "Dtotal": 0.22689480579691038,
        "Dfdm": -0.6405693138519628,
        "projDstar": 0.31926514553481156,
        "projDdm": -0.3860856843691923,
        "projDtotal": 0.023505856846837255,
        "projDfdm": -0.40018485334112064,
        "DthetaE": -0.10215112360675202
}