{
        "Reff": 0.16132178706696065,
        "R": 0.18954954954954953,
        "MthetaE": 0.18954954954954953,
        "Mstar": 9.345171940693744,
        "Mdm": 8.74601141403639,
        "Mbh": 7.548817157745361,
        "Mtotal": 9.44266339731129,
        "fdm": 0.20107034205073515,
        "projMstar": 9.585940106115428,
        "projMdm": 9.095671706651812,
        "projMtotal": 9.707629180051482,
        "projfdm": 0.24436698278553526,
        "MMstar": 9.66421779404527,
        "MMdm": 8.133361458479651,
        "MMbh": -Infinity,
        "MMtotal": 9.676824721786772,
        "Mfdm": 0.028611243710747136,
        "MMthetaE": 0.18000780730416677,
        "projMMstar": 9.733217078402381,
        "projMMdm": 8.722586408550336,
        "projMMtotal": 9.773654020315844,
        "projMfdm": 0.08890626961639468,
        "Dstar": 1.084710977855913,
        "Ddm": -0.7560223496690283,
        "Dtotal": 0.7145940980662852,
        "Dfdm": -0.8577053014435725,
        "projDstar": 0.4037086375135778,
        "projDdm": -0.5764402318582952,
        "projDtotal": 0.16419261562451942,
        "projDfdm": -0.6361772421013937,
        "DthetaE": 0.05033903941242807
}