{
        "Reff": 0.23513420348217307,
        "R": 0.5878355087054327,
        "MthetaE": 0.29617117117117114,
        "Mstar": 10.050722827275926,
        "Mdm": 9.733344266485139,
        "Mbh": 7.900820732116699,
        "Mtotal": 10.22143265648222,
        "fdm": 0.3250211405665837,
        "projMstar": 10.118482880290474,
        "projMdm": 9.9181948845171,
        "projMtotal": 10.330814090773245,
        "projfdm": 0.3867058960445534,
        "MMstar": -Infinity,
        "MMdm": -Infinity,
        "MMbh": -Infinity,
        "MMtotal": -Infinity,
        "Mfdm": 0.0,
        "MMthetaE": 0.3247669375126507,
        "projMMstar": 10.21829857617929,
        "projMMdm": 7.24799731248371,
        "projMMtotal": 10.218763359607733,
        "projMfdm": 0.001069630930386922,
        "Dstar": -1.0,
        "Ddm": -1.0,
        "Dtotal": -1.0,
        "Dfdm": -1.0,
        "projDstar": 0.2583912675377696,
        "projDdm": -0.9978630103047342,
        "projDtotal": -0.2274096686351193,
        "projDfdm": -0.9972339937370294,
        "DthetaE": -0.0965514848335887
}