{
        "Reff": 0.33542414752571365,
        "R": 0.8385603688142841,
        "MthetaE": 0.0,
        "Mstar": 10.277667357888435,
        "Mdm": 9.98913029177223,
        "Mbh": [
                7.912351131439209,
                6.072244644165039
        ],
        "Mtotal": 10.457962983718119,
        "fdm": 0.3397561353859292,
        "projMstar": 10.32902983598197,
        "projMdm": 10.227985957460554,
        "projMtotal": 10.582469923635239,
        "projfdm": 0.44209543840509763,
        "MMstar": 10.326410919233542,
        "MMdm": 9.912594626244182,
        "MMbh": -Infinity,
        "MMtotal": 10.46806178552959,
        "Mfdm": 0.2783125821806526,
        "MMthetaE": 0.0,
        "projMMstar": 10.34805078633084,
        "projMMdm": 10.398789426111309,
        "projMMtotal": 10.67519065549819,
        "projMfdm": 0.52917433244851,
        "Dstar": 0.118777082049729,
        "Ddm": -0.1615747781272455,
        "Dtotal": 0.023525817487743707,
        "Dfdm": -0.1808460445768929,
        "projDstar": 0.04477061769903332,
        "projDdm": 0.48184735278173296,
        "projDtotal": 0.23800024851208793,
        "projDfdm": 0.196968542262182,
        "DthetaE": 0
}