{
        "Reff": 0.35973259940631447,
        "R": 0.8993314985157862,
        "MthetaE": 0.46202702702702697,
        "Mstar": 10.278276772675927,
        "Mdm": 10.21103561277337,
        "Mbh": 8.119908332824707,
        "Mtotal": 10.546986246559046,
        "fdm": 0.4613700154676134,
        "projMstar": 10.370522904662561,
        "projMdm": 10.460775180326277,
        "projMtotal": 10.719019287230033,
        "projfdm": 0.5517672164880664,
        "MMstar": [
                -Infinity,
                -Infinity,
                -Infinity
        ],
        "MMdm": [
                -Infinity,
                -Infinity,
                -Infinity
        ],
        "MMbh": -Infinity,
        "MMtotal": [
                -Infinity,
                -Infinity,
                -Infinity
        ],
        "Mfdm": [
                0.0,
                0.0,
                0.0
        ],
        "MMthetaE": 0.48492597519012226,
        "projMMstar": [
                10.45027002002161,
                10.508035004600787,
                10.52024991906896
        ],
        "projMMdm": [
                9.389620878821903,
                9.651004132878741,
                10.113924464586038
        ],
        "projMMtotal": [
                10.551479267168201,
                10.564705050424905,
                10.617251090357732
        ],
        "projMfdm": [
                0.06888881163327,
                0.12196654159097449,
                0.31660522785848083
        ],
        "Dstar": -1.0,
        "Ddm": -1.0,
        "Dtotal": -1.0,
        "Dfdm": -1.0,
        "projDstar": 0.3724991998636384,
        "projDdm": -0.8450366656444768,
        "projDtotal": -0.2990520608857512,
        "projDfdm": -0.7789529026982117,
        "DthetaE": -0.049561923488419174
}