{
        "Reff": 0.42908660556761313,
        "R": 0.533108108108108,
        "MthetaE": 0.533108108108108,
        "Mstar": 10.316567053263963,
        "Mdm": 9.953675599223988,
        "Mbh": 8.356976509094238,
        "Mtotal": 10.473000874721839,
        "fdm": 0.3024647195873248,
        "projMstar": 10.385313712548719,
        "projMdm": 10.208555729354114,
        "projMtotal": 10.606895895322637,
        "projfdm": 0.3996316112517674,
        "MMstar": [
                10.387493890468932,
                10.392153887951993,
                10.39933580653105
        ],
        "MMdm": [
                8.126976364089817,
                8.547400151010406,
                8.756606954991835
        ],
        "MMbh": -Infinity,
        "MMtotal": [
                10.393155258404963,
                10.39884660478868,
                10.406066845258145
        ],
        "Mfdm": [
                0.005326840430026239,
                0.014066063766354983,
                0.022636483142860347
        ],
        "MMthetaE": 0.4500195182604169,
        "projMMstar": [
                10.424828193968851,
                10.42948512356994,
                10.43659807342652
        ],
        "projMMdm": [
                8.509439803274208,
                8.93697404673238,
                9.147435128217584
        ],
        "projMMtotal": [
                10.434985294876366,
                10.444525186090752,
                10.454373201373475
        ],
        "projMfdm": [
                0.011714204805620248,
                0.03124165863521018,
                0.05000450012107559
        ],
        "Dstar": 0.19010926088606486,
        "Ddm": -0.9607604017925931,
        "Dtotal": -0.15696475811173866,
        "Dfdm": -0.9534951918175899,
        "projDstar": 0.10706064182294436,
        "projDdm": -0.9464920494082099,
        "projDtotal": -0.31193527925040393,
        "projDfdm": -0.9218238553818308,
        "DthetaE": 0.15585692392215827
}