{
        "Reff": 0.5148342648334497,
        "R": 1.2870856620836244,
        "Mstar": 10.485048613230262,
        "Mdm": 10.34306489408524,
        "Mbh": 8.0,
        "Mtotal": 10.720863426497717,
        "fdm": 0.41898788695716166,
        "MMstar": 10.373459756540898,
        "MMdm": 10.282259989507535,
        "MMbh": -Infinity,
        "MMtotal": 10.631279422351916,
        "Mfdm": 0.4476932713445374,
        "Dstar": -0.2265875776640836,
        "Ddm": -0.13064912530584552,
        "Dtotal": -0.1863905282325651,
        "Dfdm": 0.06851125123412136
}