{
        "Reff": 0.9365583424776649,
        "R": 0.533108108108108,
        "MthetaE": 0.533108108108108,
        "Mstar": 10.31006509796883,
        "Mdm": 9.833454064524009,
        "Mbh": 8.183881759643555,
        "Mtotal": 10.435131446102673,
        "fdm": 0.25022034492304296,
        "projMstar": 10.391067736586477,
        "projMdm": 10.102557322907726,
        "projMtotal": 10.571372417928766,
        "projfdm": 0.33976990204554613,
        "MMstar": [
                10.233351663353812,
                10.280023248913084,
                10.310353773270082
        ],
        "MMdm": [
                9.737937238713537,
                9.829304890910032,
                9.944072845338631
        ],
        "MMbh": -Infinity,
        "MMtotal": [
                10.40374498771356,
                10.413323650344244,
                10.42092764331078
        ],
        "Mfdm": [
                0.21128670884690984,
                0.26036505294241447,
                0.33968002328055097
        ],
        "MMthetaE": 0.6854669924529392,
        "projMMstar": [
                10.265344576719935,
                10.310952951085318,
                10.342320703086456
        ],
        "projMMdm": [
                10.04906823024275,
                10.113173849225326,
                10.188671383852725
        ],
        "projMMtotal": [
                10.519120716235099,
                10.524742815142666,
                10.532291252683072
        ],
        "projMfdm": [
                0.3367924605794003,
                0.38773508725523564,
                0.45427846908158953
        ],
        "Dstar": -0.06683562419910674,
        "Ddm": -0.009508332514759703,
        "Dtotal": -0.048974407282912163,
        "Dfdm": 0.04054309821406243,
        "projDstar": -0.16845603782720256,
        "projDdm": 0.024746695018496665,
        "projDtotal": -0.10180548793045018,
        "projDfdm": 0.1411696119077074,
        "DthetaE": -0.2857935980105831
}