{
        "Reff": 0.3939136227063193,
        "R": 0.9847840567657983,
        "MthetaE": 0.45018018018018013,
        "Mstar": 10.342989362034055,
        "Mdm": 10.05084423957988,
        "Mbh": 8.139239311218262,
        "Mtotal": 10.522062487644199,
        "fdm": 0.33789498956208713,
        "projMstar": 10.39835509943564,
        "projMdm": 10.18970749862652,
        "projMtotal": 10.607472654621885,
        "projfdm": 0.38215086240880686,
        "MMstar": [
                -Infinity,
                -Infinity,
                -Infinity
        ],
        "MMdm": [
                -Infinity,
                -Infinity,
                -Infinity
        ],
        "MMbh": -Infinity,
        "MMtotal": [
                -Infinity,
                -Infinity,
                -Infinity
        ],
        "Mfdm": [
                0.0,
                0.0,
                0.0
        ],
        "MMthetaE": 0.5762987595061156,
        "projMMstar": [
                10.439355717173468,
                10.470721519258577,
                10.478501026236183
        ],
        "projMMdm": [
                9.576724733783967,
                9.701041305353304,
                9.967154816811583
        ],
        "projMMtotal": [
                10.52968966533529,
                10.539160150258091,
                10.564106515063347
        ],
        "projMfdm": [
                0.1113355266144731,
                0.1452679518668657,
                0.2529579317794121
        ],
        "Dstar": -1.0,
        "Ddm": -1.0,
        "Dtotal": -1.0,
        "Dfdm": -1.0,
        "projDstar": 0.1813169075307633,
        "projDdm": -0.6754109934248715,
        "projDtotal": -0.1455483443510917,
        "projDfdm": -0.6198675283598734,
        "DthetaE": -0.2801513369057203
}