{
        "Reff": 0.544754228166559,
        "R": 1.3618855704163977,
        "MthetaE": 0.6397297297297296,
        "Mstar": 10.514315208436313,
        "Mdm": 10.434754337870459,
        "Mbh": 8.265588760375977,
        "Mtotal": 10.777384127747368,
        "fdm": 0.45432873975917076,
        "projMstar": 10.612744809851986,
        "projMdm": 10.67090916452487,
        "projMtotal": 10.943829988181458,
        "projfdm": 0.5334321367791579,
        "MMstar": -Infinity,
        "MMdm": -Infinity,
        "MMbh": -Infinity,
        "MMtotal": -Infinity,
        "Mfdm": 0.0,
        "MMthetaE": 0.6365295087181563,
        "projMMstar": 10.516759842525214,
        "projMMdm": 10.854083150879966,
        "projMMtotal": 11.018410443631103,
        "projMfdm": 0.6849718238299677,
        "Dstar": -1.0,
        "Ddm": -1.0,
        "Dtotal": -1.0,
        "Dfdm": -1.0,
        "projDstar": -0.19829418684012667,
        "projDdm": 0.524663439671999,
        "projDtotal": 0.18735464467102492,
        "projDfdm": 0.28408428477106834,
        "DthetaE": 0.005002457855015387
}