{
        "Reff": 0.9365583424776649,
        "R": 0.533108108108108,
        "MthetaE": 0.533108108108108,
        "Mstar": 10.31006509796883,
        "Mdm": 9.833454064524009,
        "Mbh": 8.183881759643555,
        "Mtotal": 10.435131446102673,
        "fdm": 0.25022034492304296,
        "projMstar": 10.391067736586477,
        "projMdm": 10.102557322907726,
        "projMtotal": 10.571372417928766,
        "projfdm": 0.33976990204554613,
        "MMstar": [
                10.236482333670484,
                10.282283859578406,
                10.310717441573033
        ],
        "MMdm": [
                9.74039963467586,
                9.830914927581528,
                9.937564352008263
        ],
        "MMbh": -Infinity,
        "MMtotal": [
                10.403682424248151,
                10.413335752709308,
                10.421795398984067
        ],
        "Mfdm": [
                0.2129876004571825,
                0.26098288313568346,
                0.334608277143474
        ],
        "MMthetaE": 0.7200312292166671,
        "projMMstar": [
                10.267523913727501,
                10.313299223247572,
                10.342402119792037
        ],
        "projMMdm": [
                10.052369585130114,
                10.11205365843934,
                10.189058281823621
        ],
        "projMMtotal": [
                10.519389243536812,
                10.524895647906357,
                10.531374565216115
        ],
        "projMfdm": [
                0.3396056426894674,
                0.3860152169953567,
                0.45427846908158953
        ],
        "Dstar": -0.06196560798109014,
        "Ddm": -0.005829520890374121,
        "Dtotal": -0.04894790494462185,
        "Dfdm": 0.04301224273330212,
        "projDstar": -0.1639514718187578,
        "projDdm": 0.02210693628059917,
        "projDtotal": -0.10148934827829564,
        "projDfdm": 0.13610774430400066,
        "DthetaE": -0.35062892172454674
}