{
        "Reff": 0.3555664498963653,
        "R": 0.8889161247409133,
        "MthetaE": 0.7108108108108108,
        "Mstar": 10.480430779715173,
        "Mdm": 10.35153228832647,
        "Mbh": 8.265618324279785,
        "Mtotal": 10.721776209571578,
        "fdm": 0.4263399979307349,
        "projMstar": 10.52668112853081,
        "projMdm": 10.557453231213469,
        "projMtotal": 10.843369664689648,
        "projfdm": 0.5177064389389725,
        "MMstar": 10.746057516270888,
        "MMdm": 8.303476226079729,
        "MMbh": -Infinity,
        "MMtotal": 10.747622177983134,
        "Mfdm": 0.0035962845570501295,
        "MMthetaE": 0.7032624410837693,
        "projMMstar": 10.757036548396727,
        "projMMdm": 8.87108611268274,
        "projMMtotal": 10.762647356957812,
        "projMfdm": 0.012836267404666745,
        "Dstar": 0.8434303634747556,
        "Ddm": -0.9910475080792135,
        "Dtotal": 0.0613190715124573,
        "Dfdm": -0.9915647497900621,
        "projDstar": 0.6996340375758898,
        "projDdm": -0.9794111124579773,
        "projDtotal": -0.1696184478658962,
        "projDfdm": -0.9752055094563352,
        "DthetaE": 0.010619379463898584
}