{
        "Reff": 0.23513420348217307,
        "R": 0.5878355087054327,
        "MthetaE": 0.29617117117117114,
        "Mstar": 10.050722827275926,
        "Mdm": 9.733344266485139,
        "Mbh": 7.900820732116699,
        "Mtotal": 10.22143265648222,
        "fdm": 0.3250211405665837,
        "projMstar": 10.118482880290474,
        "projMdm": 9.9181948845171,
        "projMtotal": 10.330814090773245,
        "projfdm": 0.3867058960445534,
        "MMstar": 10.127760902808845,
        "MMdm": 9.071443563791718,
        "MMbh": -Infinity,
        "MMtotal": 10.16432514613479,
        "Mfdm": 0.08074551663966997,
        "MMthetaE": 0.3247669375126507,
        "projMMstar": 10.14786098211406,
        "projMMdm": 9.949398942488546,
        "projMMtotal": 10.360899211259515,
        "projMfdm": 0.387703508573004,
        "Dstar": 0.19409278856271894,
        "Ddm": -0.7821792258074369,
        "Dtotal": -0.12321625505110537,
        "Dfdm": -0.7515684164454266,
        "projDstar": 0.06998601609621172,
        "projDdm": 0.07449415648254223,
        "projDtotal": 0.0717293405638023,
        "projDfdm": 0.002579770669789995,
        "DthetaE": -0.0965514848335887
}