{
        "Reff": 0.23513420348217307,
        "R": 0.5878355087054327,
        "MthetaE": 0.29617117117117114,
        "Mstar": 10.050722827275926,
        "Mdm": 9.733344266485139,
        "Mbh": 7.900820732116699,
        "Mtotal": 10.22143265648222,
        "fdm": 0.3250211405665837,
        "projMstar": 10.118482880290474,
        "projMdm": 9.9181948845171,
        "projMtotal": 10.330814090773245,
        "projfdm": 0.3867058960445534,
        "MMstar": 10.127902400522231,
        "MMdm": 9.076359354528051,
        "MMbh": -Infinity,
        "MMtotal": 10.164854100462062,
        "Mfdm": 0.0815652654785102,
        "MMthetaE": 0.3247669375126507,
        "projMMstar": 10.148011818017553,
        "projMMdm": 9.954185676022304,
        "projMMtotal": 10.362853279351931,
        "projMfdm": 0.39024055144779973,
        "Dstar": 0.1944818999465495,
        "Ddm": -0.7796997002641447,
        "Dtotal": -0.12214771487291004,
        "Dfdm": -0.7490462763858255,
        "projDstar": 0.0703577001590214,
        "projDdm": 0.08640258800630936,
        "projDtotal": 0.07656235289094115,
        "projDfdm": 0.009140422836581437,
        "DthetaE": -0.0965514848335887,
        "PL_slope1": -3.1962422447312693,
        "AV_slope1": 3.1755959626507355,
        "PL_slope2": -2.7760883953451754,
        "AV_slope2": 2.7627634734481563
}