{
        "Reff": 0.3465146838858552,
        "R": 1.0543693693693692,
        "MthetaE": 1.0543693693693692,
        "Mstar": 11.051047526846789,
        "Mdm": 10.793390939483194,
        "Mbh": 8.772610664367676,
        "Mtotal": 11.242083096745356,
        "fdm": 0.355883491538148,
        "projMstar": 11.083819296434118,
        "projMdm": 11.030129712404289,
        "projMtotal": 11.35883364304146,
        "projfdm": 0.4691330928669549,
        "MMstar": 11.155398425688315,
        "MMdm": 10.536796550986915,
        "MMbh": -Infinity,
        "MMtotal": 11.249050083541102,
        "Mfdm": 0.19397531573540186,
        "MMthetaE": 1.083811265650753,
        "projMMstar": 11.172862032631194,
        "projMMdm": 10.842859686614787,
        "projMMtotal": 11.3395089774717,
        "projMfdm": 0.3186769919607825,
        "Dstar": 0.27160111145329957,
        "Ddm": -0.446132845270859,
        "Dtotal": 0.016171444938816126,
        "Dfdm": -0.4549471376235243,
        "projDstar": 0.22756002170051337,
        "projDdm": -0.35027440693704964,
        "projDtotal": -0.04352123097123626,
        "projDfdm": -0.32071090953466685,
        "DthetaE": -0.027923702202192553
}