{
        "Reff": 0.5550486535013095,
        "R": 1.3876216337532736,
        "MthetaE": 0.5804954954954954,
        "Mstar": 10.499063145371911,
        "Mdm": 10.384012589930101,
        "Mbh": 8.260486602783203,
        "Mtotal": 10.746366583215803,
        "fdm": 0.4341561993367829,
        "projMstar": 10.579882745439837,
        "projMdm": 10.603682702456029,
        "projMtotal": 10.892975733163656,
        "projfdm": 0.5136969288508852,
        "MMstar": 10.515122750032159,
        "MMdm": 10.379967754102882,
        "MMbh": -Infinity,
        "MMtotal": 10.753811795855752,
        "Mfdm": 0.42282042483721305,
        "MMthetaE": 0.5694543561865656,
        "projMMstar": 10.537185059820066,
        "projMMdm": 10.816640043777701,
        "projMMtotal": 11.000042712447861,
        "projMfdm": 0.6555371842155283,
        "Dstar": 0.03767082097213315,
        "Ddm": -0.009270341640092569,
        "Dtotal": 0.017291024219959275,
        "Dfdm": -0.026109898964673042,
        "projDstar": -0.0936366949927022,
        "projDdm": 0.6328915488577884,
        "projDtotal": 0.27957863259672194,
        "projDfdm": 0.27611661156303335,
        "DthetaE": 0.019020198080099457
}