{
        "Reff": 0.5550486535013095,
        "R": 1.3876216337532736,
        "MthetaE": 0.5804954954954954,
        "Mstar": 10.499063145371911,
        "Mdm": 10.384012589930101,
        "Mbh": 8.260486602783203,
        "Mtotal": 10.746366583215803,
        "fdm": 0.4341561993367829,
        "projMstar": 10.579882745439837,
        "projMdm": 10.603682702456029,
        "projMtotal": 10.892975733163656,
        "projfdm": 0.5136969288508852,
        "MMstar": 10.51639407928941,
        "MMdm": 10.37512973058781,
        "MMbh": -Infinity,
        "MMtotal": 10.752510445108427,
        "Mfdm": 0.41939117292896266,
        "MMthetaE": 0.5694543561865656,
        "projMMstar": 10.538505322794977,
        "projMMdm": 10.811765324788189,
        "projMMtotal": 10.997311926212639,
        "projMfdm": 0.6523090420394285,
        "Dstar": 0.040712890631728595,
        "Ddm": -0.020245784716812994,
        "Dtotal": 0.01424730382580094,
        "Dfdm": -0.03400855828011968,
        "projDstar": -0.090877141951556,
        "projDdm": 0.6146657096062365,
        "projDtotal": 0.27155805406637806,
        "projDfdm": 0.2698324739815201,
        "DthetaE": 0.019020198080099457,
        "PL_slope1": -2.1911669881113567,
        "AV_slope1": 2.1405238221461156,
        "PL_slope2": -1.6055586219579787,
        "AV_slope2": 1.6227366408410133
}