{
        "Reff": 1.0651673088178268,
        "R": 2.662918272044567,
        "MthetaE": 0.4991441441441441,
        "Mstar": 10.612306818530021,
        "Mdm": 10.69865953035891,
        "Mbh": 8.30414867401123,
        "Mtotal": 10.958655880836567,
        "fdm": 0.5495454918534951,
        "projMstar": 10.69460919516021,
        "projMdm": 10.891061977368723,
        "projMtotal": 11.104880306408544,
        "projfdm": 0.6111976432624749,
        "MMstar": [
                10.620844994222942,
                10.638516717057831,
                10.65347479451285
        ],
        "MMdm": [
                10.733355425275112,
                10.780680078851912,
                10.825634369745769
        ],
        "MMbh": -Infinity,
        "MMtotal": [
                10.995273055595897,
                11.016872709415411,
                11.036850714138696
        ],
        "Mfdm": [
                0.5463746463963751,
                0.5810498936471753,
                0.6144744050151086
        ],
        "MMthetaE": 0.4500005387316103,
        "projMMstar": [
                10.641947793748903,
                10.660901301857274,
                10.675165399948183
        ],
        "projMMdm": [
                11.139886929631452,
                11.18633671138267,
                11.232492469085972
        ],
        "projMMtotal": [
                11.267401780026908,
                11.299092345473591,
                11.332736310276456
        ],
        "projMfdm": [
                0.7451564619286185,
                0.7706975675220825,
                0.7949870133193355
        ],
        "Dstar": 0.06220880847115105,
        "Ddm": 0.2078709837520627,
        "Dtotal": 0.14344907783856992,
        "Dfdm": 0.05732810524461374,
        "projDstar": -0.07467966437370602,
        "projDdm": 0.9736708824167896,
        "projDtotal": 0.563911017043584,
        "projDfdm": 0.2609629242158438,
        "DthetaE": 0.09845573866602751,
        "PL_slope1": -2.2448351611303377,
        "AV_slope1": 2.3724534056086704,
        "PL_slope2": -1.5237564608358756,
        "AV_slope2": 1.5235547446895654
}