{
        "Reff": 1.0651673088178268,
        "R": 2.662918272044567,
        "MthetaE": 0.4991441441441441,
        "Mstar": 10.612306818530021,
        "Mdm": 10.69865953035891,
        "Mbh": 8.30414867401123,
        "Mtotal": 10.958655880836567,
        "fdm": 0.5495454918534951,
        "projMstar": 10.69460919516021,
        "projMdm": 10.891061977368723,
        "projMtotal": 11.104880306408544,
        "projfdm": 0.6111976432624749,
        "MMstar": [
                10.620376354024785,
                10.640263906056914,
                10.655336532603013
        ],
        "MMdm": [
                10.730165747671364,
                10.777317074498484,
                10.824929675868747
        ],
        "MMbh": -Infinity,
        "MMtotal": [
                10.994202173632624,
                11.01466252711772,
                11.036353528768409
        ],
        "Mfdm": [
                0.5437138130479191,
                0.5781690876541996,
                0.6151199943440634
        ],
        "MMthetaE": 0.4500005387316103,
        "projMMstar": [
                10.641772722374197,
                10.662005699689965,
                10.67704985054479
        ],
        "projMMdm": [
                11.134364141853451,
                11.185122004421114,
                11.230890855302631
        ],
        "projMMtotal": [
                11.263420653385145,
                11.299092345473591,
                11.332175499047407
        ],
        "projMfdm": [
                0.7429350785119502,
                0.7693443097320827,
                0.7947409683750416
        ],
        "Dstar": 0.06649073647848851,
        "Ddm": 0.1985538302723116,
        "Dtotal": 0.13764469578132668,
        "Dfdm": 0.05208594415753182,
        "projDstar": -0.07232360811198271,
        "projDdm": 0.9681583046236132,
        "projDtotal": 0.563911017043584,
        "projDfdm": 0.25874881589111864,
        "DthetaE": 0.09845573866602751
}