{
        "Reff": 0.42908660556761313,
        "R": 1.0727165139190329,
        "MthetaE": 0.533108108108108,
        "Mstar": 10.461121573211894,
        "Mdm": 10.349580676302088,
        "Mbh": 8.356976509094238,
        "Mtotal": 10.709952236130166,
        "fdm": 0.4361425316510598,
        "projMstar": 10.519498947164227,
        "projMdm": 10.555126770256264,
        "projMtotal": 10.838708097904357,
        "projfdm": 0.5204975293137197,
        "MMstar": [
                10.363356637686833,
                10.3964935363697,
                10.429378318531274
        ],
        "MMdm": [
                10.269043794343666,
                10.3145471539534,
                10.350574997988074
        ],
        "MMbh": -Infinity,
        "MMtotal": [
                10.653823340963408,
                10.657215526765834,
                10.66206744809233
        ],
        "Mfdm": [
                0.40892527390833466,
                0.4524048413335837,
                0.4918776073518064
        ],
        "MMthetaE": 0.48492597519012226,
        "projMMstar": [
                10.389216212126493,
                10.422104163191944,
                10.45501666886628
        ],
        "projMMdm": [
                10.743587234471898,
                10.788606499923546,
                10.820489255389573
        ],
        "projMMtotal": [
                10.92350229091165,
                10.942735363402111,
                10.958849115775132
        ],
        "projMfdm": [
                0.6602345095879159,
                0.6994076552000567,
                0.7302376561489504
        ],
        "Dstar": -0.13826851074024626,
        "Ddm": -0.07749978159598396,
        "Dtotal": -0.11434762694400046,
        "Dfdm": 0.037286686122908835,
        "projDstar": -0.2008924829174347,
        "projDdm": 0.7119052730873594,
        "projDtotal": 0.27065387578895883,
        "projDfdm": 0.34372905885303895,
        "DthetaE": 0.09037966631003672,
        "PL_slope1": -2.1960877097222085,
        "AV_slope1": 2.178711610492094,
        "PL_slope2": -1.546287444125527,
        "AV_slope2": 1.5597108972872744
}