{
        "Reff": 0.17139511835893803,
        "R": 0.5704504504504504,
        "MthetaE": 0.5704504504504504,
        "Mstar": 10.298877812490732,
        "Mdm": 10.065900416678963,
        "Mbh": 8.217829704284668,
        "Mtotal": 10.49885789881609,
        "fdm": 0.36901372361331825,
        "projMstar": 10.319110925487463,
        "projMdm": 10.226701717889046,
        "projMtotal": 10.57638954925958,
        "projfdm": 0.4470047814296247,
        "MMstar": 10.208498640355826,
        "MMdm": 10.027243129694194,
        "MMbh": -Infinity,
        "MMtotal": 10.428289052503615,
        "Mfdm": 0.3971495521882038,
        "MMthetaE": 0.7256294220886346,
        "projMMstar": 10.216951399133697,
        "projMMdm": 10.324197702945074,
        "projMMtotal": 10.574906644635277,
        "projMfdm": 0.5614241088515675,
        "Dstar": -0.18787883703267264,
        "Ddm": -0.08516512342058766,
        "Dtotal": -0.14997606710652514,
        "Dfdm": 0.07624602223295224,
        "projDstar": -0.20961175311401245,
        "projDdm": 0.25168770143818386,
        "projDtotal": -0.003408691258302755,
        "projDfdm": 0.25596891168815533,
        "DthetaE": -0.272028835310146
}