{
        "Reff": 0.9365583424776649,
        "R": 0.533108108108108,
        "MthetaE": 0.533108108108108,
        "Mstar": 10.310065097968831,
        "Mdm": 9.833454064524009,
        "Mbh": 8.183881759643555,
        "Mtotal": 10.435131446102673,
        "fdm": 0.25022034492304296,
        "projMstar": 10.391067736586477,
        "projMdm": 10.102557322907726,
        "projMtotal": 10.571372417928766,
        "projfdm": 0.33976990204554613,
        "MMstar": [
                10.277575743127482,
                10.303578972736954,
                10.326350897454637
        ],
        "MMdm": [
                9.671078464997407,
                9.762608468509342,
                9.839115209584923
        ],
        "MMbh": -Infinity,
        "MMtotal": [
                10.40616864651475,
                10.412618013339852,
                10.418921423301963
        ],
        "Mfdm": [
                0.18215915135611277,
                0.22414504281191597,
                0.26736564145236286
        ],
        "MMthetaE": 0.5694543561865656,
        "projMMstar": [
                10.30891253524471,
                10.335561620444995,
                10.35828349280411
        ],
        "projMMdm": [
                10.002334252307158,
                10.064428341647053,
                10.119076700078544
        ],
        "projMMtotal": [
                10.514732074905758,
                10.520721876585752,
                10.527353628876694
        ],
        "projMfdm": [
                0.30705937508429043,
                0.34967246094449045,
                0.39440043932061924
        ],
        "Dstar": -0.01482388345544746,
        "Ddm": -0.15051756358559745,
        "Dtotal": -0.05051836879424634,
        "Dfdm": -0.10420936043049031,
        "projDstar": -0.11997728170374371,
        "projDdm": -0.0840515780991587,
        "projDtotal": -0.11008309114240068,
        "projDfdm": 0.02914489729468997,
        "DthetaE": -0.06817800653500275
}