{
        "Reff": 0.9365583424776647,
        "R": 2.3413958561941617,
        "thetaE": 0.5054394790279981,
        "Mstar": 10.604331395051114,
        "Mdm": 10.634915923094567,
        "Mbh": 8.183881759643555,
        "Mtotal": 10.920922832725646,
        "fdm": 0.5175985968843835,
        "MMstar": 10.632038168820033,
        "MMdm": 10.578209658580853,
        "MMbh": -Infinity,
        "MMtotal": 10.906987346079022,
        "Mfdm": 0.4690534260793419,
        "Dstar": 0.06587622168018553,
        "Ddm": -0.12240581787856362,
        "Dtotal": -0.03157829781395283,
        "Dfdm": -0.09378922411546865
}