{
        "Reff": 0.3467016162740413,
        "R": 0.8667540406851032,
        "MthetaE": 1.0695945945945944,
        "Mstar": 11.03345786386676,
        "Mdm": 10.707938546070702,
        "Mbh": 8.772610664367676,
        "Mtotal": 11.201538476711304,
        "fdm": 0.32092242805804894,
        "projMstar": 11.066876405753483,
        "projMdm": 10.936810604375674,
        "projMtotal": 11.307724548300431,
        "projfdm": 0.4256827544263702,
        "MMstar": [
                11.176182536847023,
                11.186477187698674,
                11.206189447794182
        ],
        "MMdm": [
                10.09381691424723,
                10.189538672483382,
                10.25673160217252
        ],
        "MMbh": -Infinity,
        "MMtotal": [
                11.22237299481811,
                11.230355757003936,
                11.239925898511725
        ],
        "Mfdm": [
                0.07198298433268223,
                0.09141923144465315,
                0.10690316556989675
        ],
        "MMthetaE": 1.0837536663679035,
        "projMMstar": [
                11.193962018778436,
                11.204267120610167,
                11.222878892479022
        ],
        "projMMdm": [
                10.540612102562793,
                10.610701647958255,
                10.648994523629849
        ],
        "projMMtotal": [
                11.298520272664891,
                11.303710736879916,
                11.308441752650815
        ],
        "projMfdm": [
                0.17216475433773928,
                0.2038028088569417,
                0.22093668870448627
        ],
        "Dstar": 0.4223920747192143,
        "Ddm": -0.6968900964136036,
        "Dtotal": 0.06860519285391903,
        "Dfdm": -0.7151360470570879,
        "projDstar": 0.37211564065677655,
        "projDdm": -0.5280553757287959,
        "projDtotal": -0.009199565014959388,
        "projDfdm": -0.5212331090753802,
        "DthetaE": -0.013237792940301632
}