{
        "Reff": 1.1035545250518053,
        "R": 2.7588863126295133,
        "MthetaE": 0.6634234234234233,
        "Mstar": 10.900020863315055,
        "Mdm": 10.946236990033489,
        "Mbh": 8.336731910705566,
        "Mtotal": 11.22477340265395,
        "fdm": 0.526579062991917,
        "projMstar": 10.958959151544681,
        "projMdm": 11.188491183100519,
        "projMtotal": 11.389745840450614,
        "projfdm": 0.629137167379847,
        "MMstar": 11.061760378989108,
        "MMdm": 10.246397895226437,
        "MMbh": -Infinity,
        "MMtotal": 11.1235825323491,
        "Mfdm": 0.1326830245628078,
        "MMthetaE": 0.6491916548593238,
        "projMMstar": 11.087459167558723,
        "projMMdm": 10.49868412060406,
        "projMMtotal": 11.187058879045141,
        "projMfdm": 0.20493929673540615,
        "Dstar": 0.45124092058635906,
        "Ddm": -0.8003998307575695,
        "Dtotal": -0.20784689345882573,
        "Dfdm": -0.7480282945377104,
        "projDstar": 0.34431181624104573,
        "projDdm": -0.7957354801488862,
        "projDtotal": -0.37293431048876885,
        "projDfdm": -0.6742533943926536,
        "DthetaE": 0.021452013995315607
}