{
        "Reff": 0.9662426539989692,
        "R": 2.415606634997423,
        "Mstar": 10.591894592835773,
        "Mdm": 10.646124901091902,
        "Mbh": 8.0,
        "Mtotal": 10.920885659902202,
        "fdm": 0.5311769748082665,
        "MMstar": 10.571231343030346,
        "MMdm": 10.673190951883164,
        "MMbh": -Infinity,
        "MMtotal": 10.926226437435217,
        "Mfdm": 0.5584245648373539,
        "Dstar": -0.04646475515970847,
        "Ddm": 0.06430487345503447,
        "Dtotal": 0.01237352106850587,
        "Dfdm": 0.051296632424480876
}