{
        "Reff": 0.7670803942604081,
        "R": 1.9177009856510203,
        "Mstar": 10.710500721704644,
        "Mdm": 10.579237456103817,
        "Mbh": 8.361756017743174,
        "Mtotal": 10.95195675658273,
        "fdm": 0.4239168696352418,
        "MMstar": 10.772481665992476,
        "MMdm": 10.126370789090243,
        "MMbh": 8.252976583282635,
        "MMtotal": 10.862001495203112,
        "Mfdm": 0.1838100672252648,
        "Dstar": 0.15340264840284099,
        "Ddm": -0.6475209307755225,
        "Dtotal": -0.18708574620962826,
        "Dfdm": -0.5664006780777002
}