{
        "Reff": 0.40810977250075836,
        "R": 1.0202744312518959,
        "Mstar": 10.364938806152935,
        "Mdm": 10.152496114847926,
        "Mbh": 8.0,
        "Mtotal": 10.572609976674574,
        "fdm": 0.38008973264361234,
        "MMstar": 10.360893365985635,
        "MMdm": 10.256116093938775,
        "MMbh": -Infinity,
        "MMtotal": 10.612686894006162,
        "Mfdm": 0.4399762156674488,
        "Dstar": -0.009271720283500564,
        "Ddm": 0.2694628004225189,
        "Dtotal": 0.09667240917019561,
        "Dfdm": 0.15755880225259464
}