{
        "Reff": 0.544754228166559,
        "R": 0.6397297297297296,
        "MthetaE": 0.6397297297297296,
        "Mstar": 10.387700894003224,
        "Mdm": 9.983169393265646,
        "Mbh": 8.265588760375977,
        "Mtotal": 10.531955832442545,
        "fdm": 0.2826269428551476,
        "projMstar": 10.480275896075595,
        "projMdm": 10.275593071737097,
        "projMtotal": 10.690912870135643,
        "projfdm": 0.3843086871203482,
        "MMstar": -Infinity,
        "MMdm": -Infinity,
        "MMbh": -Infinity,
        "MMtotal": -Infinity,
        "Mfdm": 0.0,
        "MMthetaE": 0.6365295087181563,
        "projMMstar": 10.375647128273199,
        "projMMdm": 10.321034737193234,
        "projMMtotal": 10.650228799712536,
        "projMfdm": 0.468603941809182,
        "Dstar": -1.0,
        "Ddm": -1.0,
        "Dtotal": -1.0,
        "Dfdm": -1.0,
        "projDstar": -0.21409286394068675,
        "projDdm": 0.11030338908716054,
        "projDtotal": -0.08942456583279446,
        "projDfdm": 0.21934256891371368,
        "DthetaE": 0.005002457855015387
}