{
        "Reff": 0.6860226179383073,
        "R": 1.7150565448457682,
        "MthetaE": 1.0899099099099099,
        "Mstar": 10.84301596834364,
        "Mdm": 10.743585617454288,
        "Mbh": 8.453516006469727,
        "Mtotal": 11.097170128597762,
        "fdm": 0.4430119985802378,
        "projMstar": 10.942653613166152,
        "projMdm": 11.01637535019762,
        "projMtotal": 11.282106891190807,
        "projfdm": 0.5423360316663773,
        "MMstar": -Infinity,
        "MMdm": -Infinity,
        "MMbh": -Infinity,
        "MMtotal": -Infinity,
        "Mfdm": 0.0,
        "MMthetaE": 1.0875756874765057,
        "projMMstar": 11.05202638405856,
        "projMMdm": 10.626246230984316,
        "projMMtotal": 11.190380521036557,
        "projMfdm": 0.27281340743785315,
        "Dstar": -1.0,
        "Ddm": -1.0,
        "Dtotal": -1.0,
        "Dfdm": -1.0,
        "projDstar": 0.28639034225157045,
        "projDdm": -0.5927408215988503,
        "projDtotal": -0.19039416446531068,
        "projDfdm": -0.49696610310104444,
        "DthetaE": 0.0021416654827894365
}