{
        "Reff": 0.6860226179383073,
        "R": 1.7150565448457682,
        "MthetaE": 1.0899099099099099,
        "Mstar": 10.84301596834364,
        "Mdm": 10.743585617454288,
        "Mbh": 8.453516006469727,
        "Mtotal": 11.097170128597762,
        "fdm": 0.4430119985802378,
        "projMstar": 10.942653613166152,
        "projMdm": 11.01637535019762,
        "projMtotal": 11.282106891190807,
        "projfdm": 0.5423360316663773,
        "MMstar": -Infinity,
        "MMdm": -Infinity,
        "MMbh": -Infinity,
        "MMtotal": -Infinity,
        "Mfdm": 0.0,
        "MMthetaE": 1.0875756874765057,
        "projMMstar": 11.052110363285392,
        "projMMdm": 10.619857032133218,
        "projMMtotal": 11.188708079306835,
        "projMfdm": 0.269866485251836,
        "Dstar": -1.0,
        "Ddm": -1.0,
        "Dtotal": -1.0,
        "Dfdm": -1.0,
        "projDstar": 0.28663911472363746,
        "projDdm": -0.5986884289756782,
        "projDtotal": -0.19350591205119075,
        "projDfdm": -0.5023998600597375,
        "DthetaE": 0.0021416654827894365
}