{
        "Reff": 0.3129603324922881,
        "R": 0.45018018018018013,
        "MthetaE": 0.45018018018018013,
        "Mstar": 10.157419078496352,
        "Mdm": 9.745693003339381,
        "Mbh": 8.01979923248291,
        "Mtotal": 10.299652689733843,
        "fdm": 0.27928030725671116,
        "projMstar": 10.210306231675538,
        "projMdm": 9.953741366541735,
        "projMtotal": 10.401730642113568,
        "projfdm": 0.3564599357065718,
        "MMstar": [
                10.146567817081806,
                10.164923819169783,
                10.187837178962281
        ],
        "MMdm": [
                8.757101348522825,
                8.86420119699731,
                8.931750992210908
        ],
        "MMbh": -Infinity,
        "MMtotal": [
                10.171930778403027,
                10.186633496076555,
                10.203524646677035
        ],
        "Mfdm": [
                0.03599720510790698,
                0.047566552337968006,
                0.05740466242879788
        ],
        "MMthetaE": 0.4027931353555214,
        "projMMstar": [
                10.1779070077655,
                10.197975848769016,
                10.220783950420277
        ],
        "projMMdm": [
                9.595091252349912,
                9.706536693800237,
                9.779605478914538
        ],
        "projMMtotal": [
                10.31195354451072,
                10.31844062588269,
                10.324753917165328
        ],
        "projMfdm": [
                0.19093006383916944,
                0.24435310185155235,
                0.2856644022695233
        ],
        "Dstar": 0.017430472191578467,
        "Ddm": -0.8686263719543927,
        "Dtotal": -0.22913060028400548,
        "Dfdm": -0.829681681443277,
        "projDstar": -0.0279924974430252,
        "projDdm": -0.43402750330600626,
        "projDtotal": -0.17451348372781195,
        "projDfdm": -0.31450051639829385,
        "DthetaE": 0.10526239694891172
}