{
        "Reff": 0.9365583424776649,
        "R": 0.533108108108108,
        "MthetaE": 0.533108108108108,
        "Mstar": 10.31006509796883,
        "Mdm": 9.833454064524009,
        "Mbh": 8.183881759643555,
        "Mtotal": 10.435131446102673,
        "fdm": 0.25022034492304296,
        "projMstar": 10.391067736586477,
        "projMdm": 10.102557322907726,
        "projMtotal": 10.571372417928766,
        "projfdm": 0.33976990204554613,
        "MMstar": [
                10.243045430776014,
                10.26558816508453,
                10.280964951424009
        ],
        "MMdm": [
                9.783170380938234,
                9.826898646498687,
                9.876323550224981
        ],
        "MMbh": -Infinity,
        "MMtotal": [
                10.392365830777464,
                10.399870516048649,
                10.40744394408905
        ],
        "Mfdm": [
                0.24277597461109066,
                0.26589216419386474,
                0.3000500503594833
        ],
        "MMthetaE": 0.5400234219125003,
        "projMMstar": [
                10.274366672751752,
                10.296718699599523,
                10.312654385581997
        ],
        "projMMdm": [
                10.113143564960298,
                10.144689474439623,
                10.183445008356141
        ],
        "projMMtotal": [
                10.525245853331931,
                10.52837580976961,
                10.532792073900973
        ],
        "projMfdm": [
                0.38720644004523586,
                0.4131087129675254,
                0.4476087913762591
        ],
        "Dstar": -0.09734235004675941,
        "Ddm": -0.014981058281078413,
        "Dtotal": -0.07798269987406212,
        "Dfdm": 0.0626320744447929,
        "projDstar": -0.19526857124391872,
        "projDdm": 0.10187454810255155,
        "projDtotal": -0.09426032530060177,
        "projDfdm": 0.21584846238719574,
        "DthetaE": -0.012971691293410059
}