{
        "Reff": 0.3939136227063193,
        "R": 0.9847840567657983,
        "MthetaE": 0.45018018018018013,
        "Mstar": 10.342989362034055,
        "Mdm": 10.05084423957988,
        "Mbh": 8.139239311218262,
        "Mtotal": 10.522062487644199,
        "fdm": 0.33789498956208713,
        "projMstar": 10.39835509943564,
        "projMdm": 10.18970749862652,
        "projMtotal": 10.607472654621885,
        "projfdm": 0.38215086240880686,
        "MMstar": -Infinity,
        "MMdm": -Infinity,
        "MMbh": -Infinity,
        "MMtotal": -Infinity,
        "Mfdm": 0.0,
        "MMthetaE": 0.5762987595061156,
        "projMMstar": 10.470945168895266,
        "projMMdm": 9.806941325649092,
        "projMMtotal": 10.556153124180895,
        "projMfdm": 0.17815097415103964,
        "Dstar": -1.0,
        "Ddm": -1.0,
        "Dtotal": -1.0,
        "Dfdm": -1.0,
        "projDstar": 0.18192540970613308,
        "projDdm": -0.585777364999879,
        "projDtotal": -0.11145286772140336,
        "projDfdm": -0.5338203006317903,
        "DthetaE": -0.2801513369057203
}