{
        "Reff": 0.4081097725007585,
        "R": 1.0202744312518963,
        "MthetaE": 0.37909909909909906,
        "Mstar": 10.364943218193039,
        "Mdm": 10.152496114847926,
        "Mbh": 8.278263092041016,
        "Mtotal": 10.572612711748814,
        "fdm": 0.38008733894439084,
        "projMstar": 10.459069556768531,
        "projMdm": 10.470354006813059,
        "projMtotal": 10.765778427480319,
        "projfdm": 0.5064954861724276,
        "MMstar": [
                10.365210207134561,
                10.396873224731085,
                10.422797296559748
        ],
        "MMdm": [
                10.05484764489037,
                10.121119810956337,
                10.186672343002842
        ],
        "MMbh": -Infinity,
        "MMtotal": [
                10.568750271601015,
                10.580984905347757,
                10.595025852446287
        ],
        "Mfdm": [
                0.3017031638180821,
                0.3467469448009778,
                0.3978304875402673
        ],
        "MMthetaE": 0.37130888008559115,
        "projMMstar": [
                10.37683216987335,
                10.40874975052642,
                10.434582762469594
        ],
        "projMMdm": [
                10.456064903514632,
                10.523063622215556,
                10.591376109422772
        ],
        "projMMtotal": [
                10.743429651741982,
                10.76934172022252,
                10.80302036131296
        ],
        "projMfdm": [
                0.5152995735457826,
                0.5689705100024331,
                0.6162236728920508
        ],
        "Dstar": 0.07629173812214382,
        "Ddm": -0.06969855376044969,
        "Dtotal": 0.019464702609575092,
        "Dfdm": -0.08771771834339097,
        "projDstar": -0.10940512061546238,
        "projDdm": 0.12904074579848157,
        "projDtotal": 0.008238536241324859,
        "projDfdm": 0.12334764185585861,
        "DthetaE": 0.020549294451030833
}