{
        "Reff": 0.24958845221212395,
        "R": 0.6239711305303098,
        "MthetaE": 0.2852252252252252,
        "Mstar": 10.062504234261093,
        "Mdm": 9.76112941174306,
        "Mbh": 7.900820732116699,
        "Mtotal": 10.238480581450535,
        "fdm": 0.3331569137610791,
        "projMstar": 10.125914805718981,
        "projMdm": 9.944301255632622,
        "projMtotal": 10.34556305800306,
        "projfdm": 0.39695218572581625,
        "MMstar": 10.110671462787145,
        "MMdm": 9.15731985854616,
        "MMbh": -Infinity,
        "MMtotal": 10.156518126154188,
        "Mfdm": 0.10018477620666691,
        "MMthetaE": 0.32452344599874056,
        "projMMstar": 10.132098843393596,
        "projMMdm": 10.053954824725126,
        "projMMtotal": 10.395812052273577,
        "projMfdm": 0.4551376601156764,
        "Dstar": 0.11729338761892052,
        "Ddm": -0.7510051028743175,
        "Dtotal": -0.17198625769721027,
        "Dfdm": -0.6992865161474222,
        "projDstar": 0.014341134314304331,
        "projDdm": 0.28722234198264723,
        "projDtotal": 0.12266192614175342,
        "projDfdm": 0.14658056179605009,
        "DthetaE": -0.13777961168225536
}