{
        "Reff": 0.35973259940631447,
        "R": 0.8993314985157862,
        "MthetaE": 0.46202702702702697,
        "Mstar": 10.278276772675927,
        "Mdm": 10.21103561277337,
        "Mbh": 8.119908332824707,
        "Mtotal": 10.546986246559046,
        "fdm": 0.4613700154676134,
        "projMstar": 10.370522904662561,
        "projMdm": 10.460775180326277,
        "projMtotal": 10.719019287230033,
        "projfdm": 0.5517672164880664,
        "MMstar": 10.4470993775189,
        "MMdm": 9.96599875603291,
        "MMbh": -Infinity,
        "MMtotal": 10.57104668554959,
        "Mfdm": 0.24828590774011028,
        "MMthetaE": 0.509223606974525,
        "projMMstar": 10.461539020743409,
        "projMMdm": 10.340646976157771,
        "projMMtotal": 10.706315985163833,
        "projMfdm": 0.43085485492662584,
        "Dstar": 0.475103878290796,
        "Ddm": -0.4311953432560608,
        "Dtotal": 0.056964592427436574,
        "Dfdm": -0.46185079347112645,
        "projDstar": 0.23315059293055188,
        "projDdm": -0.24164632478569836,
        "projDtotal": -0.02882678075485692,
        "projDfdm": -0.21913654517394768,
        "DthetaE": -0.10215112360675202,
        "PL_slope1": -2.9673975778686152,
        "AV_slope1": 2.911048868940432,
        "PL_slope2": -2.1036680499046745,
        "AV_slope2": 2.0787835173577998
}