{
        "Reff": 0.35973259940631447,
        "R": 0.8993314985157862,
        "MthetaE": 0.46202702702702697,
        "Mstar": 10.278276772675927,
        "Mdm": 10.21103561277337,
        "Mbh": 8.119908332824707,
        "Mtotal": 10.546986246559046,
        "fdm": 0.4613700154676134,
        "projMstar": 10.370522904662561,
        "projMdm": 10.460775180326277,
        "projMtotal": 10.719019287230033,
        "projfdm": 0.5517672164880664,
        "MMstar": 10.446589851416679,
        "MMdm": 9.958869956788075,
        "MMbh": -Infinity,
        "MMtotal": 10.568903077904427,
        "Mfdm": 0.24545217164392788,
        "MMthetaE": 0.509223606974525,
        "projMMstar": 10.461096432111516,
        "projMMdm": 10.338059209038946,
        "projMMtotal": 10.704950434840907,
        "projMfdm": 0.42964402272542845,
        "Dstar": 0.4733742611023167,
        "Ddm": -0.44045587005086134,
        "Dtotal": 0.05176043935740347,
        "Dfdm": -0.467992796638173,
        "projDstar": 0.23189453177811029,
        "projDdm": -0.24615158037045184,
        "projDtotal": -0.03187564087504368,
        "projDfdm": -0.2213310071952765,
        "DthetaE": -0.10215112360675202
}