{
        "Reff": 0.9662426539989696,
        "R": 0.45018018018018013,
        "MthetaE": 0.45018018018018013,
        "Mstar": 10.307116544969112,
        "Mdm": 9.689914983895168,
        "Mbh": 8.30414867401123,
        "Mtotal": 10.401040182296704,
        "fdm": 0.19447993540979114,
        "projMstar": 10.389112670322442,
        "projMdm": 9.993272781079773,
        "projMtotal": 10.53584177711993,
        "projfdm": 0.286702185777595,
        "MMstar": 10.289740457503337,
        "MMdm": 9.73813911174457,
        "MMbh": -Infinity,
        "MMtotal": 10.397222116405683,
        "Mfdm": 0.21923858749073824,
        "MMthetaE": 0.5249657346094901,
        "projMMstar": 10.316261395601117,
        "projMMdm": 10.05630529943781,
        "projMMtotal": 10.506480003062553,
        "projMfdm": 0.3546706871692625,
        "Dstar": -0.039220091805942076,
        "Ddm": 0.1174397799980779,
        "Dtotal": -0.008752890056190033,
        "Dfdm": 0.12730697400108568,
        "projDstar": -0.15443163732313556,
        "projDdm": 0.15619881082445652,
        "projDtotal": -0.06537320887014703,
        "projDfdm": 0.23707004956143954,
        "DthetaE": -0.16612360499606588
}