{
        "Reff": 0.42908660556761313,
        "R": 0.533108108108108,
        "MthetaE": 0.533108108108108,
        "Mstar": 10.316567053263963,
        "Mdm": 9.953675599223988,
        "Mbh": 8.356976509094238,
        "Mtotal": 10.473000874721839,
        "fdm": 0.3024647195873248,
        "projMstar": 10.385313712548719,
        "projMdm": 10.208555729354114,
        "projMtotal": 10.606895895322637,
        "projfdm": 0.3996316112517674,
        "MMstar": [
                10.152747396394973,
                10.168054514571658,
                10.193708876492401
        ],
        "MMdm": [
                9.577481317359405,
                9.608958877979777,
                9.635409675303789
        ],
        "MMbh": -Infinity,
        "MMtotal": [
                10.265828169887289,
                10.275470291293773,
                10.290481777476185
        ],
        "Mfdm": [
                0.19540789731189845,
                0.21716568718873316,
                0.23076498429051476
        ],
        "MMthetaE": 0.48492597519012226,
        "projMMstar": [
                10.18983248877474,
                10.20531391341873,
                10.23074027301838
        ],
        "projMMdm": [
                10.276602214980043,
                10.30410450303762,
                10.322581456683599
        ],
        "projMMtotal": [
                10.552731546407832,
                10.557810468793926,
                10.564756615980505
        ],
        "projMfdm": [
                0.5272977977029589,
                0.5564821747845952,
                0.5756097946226096
        ],
        "Dstar": -0.2896253398083346,
        "Ddm": -0.5478492258493834,
        "Dtotal": -0.36544478657030094,
        "Dfdm": -0.28201316343595867,
        "projDstar": -0.3393062464082075,
        "projDdm": 0.2460881720385714,
        "projDtotal": -0.10687021382877547,
        "projDfdm": 0.3924878791282908,
        "DthetaE": 0.09037966631003672
}