{
        "Reff": 0.9365665652080015,
        "R": 0.46202702702702697,
        "MthetaE": 0.46202702702702697,
        "Mstar": 10.249161196740573,
        "Mdm": 9.727404978743365,
        "Mbh": 8.274933815002441,
        "Mtotal": 10.36336385144635,
        "fdm": 0.23122837510002717,
        "projMstar": 10.357000467888106,
        "projMdm": 9.994571718724659,
        "projMtotal": 10.513574293257767,
        "projfdm": 0.30268954843648216,
        "MMstar": 10.308059372348106,
        "MMdm": 9.535440435461833,
        "MMbh": -Infinity,
        "MMtotal": 10.375800820318377,
        "Mfdm": 0.1444240818067395,
        "MMthetaE": 0.5400234219125003,
        "projMMstar": 10.34621383456439,
        "projMMdm": 9.827682768828149,
        "projMMtotal": 10.461164367568596,
        "projMfdm": 0.23255110167712856,
        "Dstar": 0.1452443967334766,
        "Ddm": -0.3572598101588204,
        "Dtotal": 0.029051165492842833,
        "Dfdm": -0.3754050222241841,
        "projDstar": -0.024531237132362653,
        "projDdm": -0.31905654474921025,
        "projDtotal": -0.11368096949802228,
        "projDfdm": -0.23171743828502817,
        "DthetaE": -0.1688134899539347
}