{
        "Reff": 0.9365665652080015,
        "R": 0.46202702702702697,
        "MthetaE": 0.46202702702702697,
        "Mstar": 10.249161196740573,
        "Mdm": 9.727404978743365,
        "Mbh": 8.274933815002441,
        "Mtotal": 10.36336385144635,
        "fdm": 0.23122837510002717,
        "projMstar": 10.357000467888106,
        "projMdm": 9.994571718724659,
        "projMtotal": 10.513574293257767,
        "projfdm": 0.30268954843648216,
        "MMstar": 10.308334758191132,
        "MMdm": 9.530641314202468,
        "MMbh": -Infinity,
        "MMtotal": 10.37534697828913,
        "Mfdm": 0.1429862696031125,
        "MMthetaE": 0.0,
        "projMMstar": 10.34668973520719,
        "projMMdm": 9.822138170822182,
        "projMMtotal": 10.460247623838105,
        "projMfdm": 0.2300861869887763,
        "Dstar": 0.14597082573585304,
        "Ddm": -0.36432323808140904,
        "Dtotal": 0.027976358536197836,
        "Dfdm": -0.38162316998829393,
        "projDstar": -0.023461730902120972,
        "projDdm": -0.32769482826205015,
        "projDtotal": -0.11554990976143027,
        "projDfdm": -0.23986081390233827,
        "DthetaE": 1.0
}