{
        "Reff": 0.4869602608436856,
        "R": 1.2388446542485791,
        "Mstar": 10.875649933405159,
        "Mdm": 10.646258415136826,
        "Mbh": 8.438713073730469,
        "Mtotal": 11.076956707214928,
        "fdm": 0.37093832617559075,
        "MMstar": 10.884493761592013,
        "MMdm": 10.59903213965186,
        "MMbh": -Infinity,
        "MMtotal": 11.065836733010478,
        "Mfdm": 0.34134646264553603,
        "Dstar": 0.020572421005335198,
        "Ddm": -0.10303866076919045,
        "Dtotal": -0.025279666764861288,
        "Dfdm": -0.07977569704147218
}