{
        "Reff": 0.9887552142199191,
        "R": 1.2083783783783781,
        "MthetaE": 1.2083783783783781,
        "Mstar": 10.895234730204656,
        "Mdm": 10.600000777609383,
        "Mbh": 8.475809097290039,
        "Mtotal": 11.073266611131011,
        "fdm": 0.3363056522233072,
        "projMstar": 10.999048452312893,
        "projMdm": 10.872514045276716,
        "projMtotal": 11.241403360007325,
        "projfdm": 0.42767186967863274,
        "MMstar": [
                10.973142618168792,
                10.978919241333482,
                10.988906599390793
        ],
        "MMdm": [
                10.289055719781553,
                10.323989556184463,
                10.352046684043023
        ],
        "MMbh": -Infinity,
        "MMtotal": [
                11.062849891914905,
                11.06702924403403,
                11.071346796452426
        ],
        "Mfdm": [
                0.1662636432661727,
                0.18177981959348685,
                0.1923465587829259
        ],
        "MMthetaE": 1.2504724864817973,
        "projMMstar": [
                10.998576913714556,
                11.004096011865258,
                11.013962652349859
        ],
        "projMMdm": [
                10.621870954404754,
                10.650611304525302,
                10.665135909894612
        ],
        "projMMtotal": [
                11.160928981466585,
                11.162877115915716,
                11.164937559465578
        ],
        "projMfdm": [
                0.2884703793026367,
                0.3068063215615729,
                0.3168962856156371
        ],
        "Dstar": 0.21250771638695495,
        "Ddm": -0.47035024152694765,
        "Dtotal": -0.014259425965188107,
        "Dfdm": -0.4594803316811788,
        "projDstar": 0.011690238307132988,
        "projDdm": -0.4000745868732565,
        "projDtotal": -0.1654088869649961,
        "projDfdm": -0.282612808291278,
        "DthetaE": -0.034835204648322744
}