{
        "Reff": 0.9887552142199191,
        "R": 1.2083783783783781,
        "MthetaE": 1.2083783783783781,
        "Mstar": 10.895234730204656,
        "Mdm": 10.600000777609383,
        "Mbh": 8.475809097290039,
        "Mtotal": 11.073266611131011,
        "fdm": 0.3363056522233072,
        "projMstar": 10.999048452312893,
        "projMdm": 10.872514045276716,
        "projMtotal": 11.241403360007325,
        "projfdm": 0.42767186967863274,
        "MMstar": [
                10.972924053980092,
                10.978596700323928,
                10.988703614597807
        ],
        "MMdm": [
                10.289358712940937,
                10.326490982185986,
                10.35318682206508
        ],
        "MMbh": -Infinity,
        "MMtotal": [
                11.062829359027079,
                11.067058955166965,
                11.07115840107133
        ],
        "Mfdm": [
                0.16694370634303224,
                0.18282773605248764,
                0.19305026759079918
        ],
        "MMthetaE": 1.224463753867507,
        "projMMstar": [
                10.998363720228753,
                11.003514252425012,
                11.014056746860353
        ],
        "projMMdm": [
                10.621742705185907,
                10.651913818099434,
                10.666335148500208
        ],
        "projMMtotal": [
                11.161022383973828,
                11.163085350725133,
                11.165342265914216
        ],
        "projMfdm": [
                0.2884046847354197,
                0.30799721492366094,
                0.31749899401746284
        ],
        "Dstar": 0.21160754774423926,
        "Ddm": -0.4672907909600201,
        "Dtotal": -0.01419198676830364,
        "Dfdm": -0.4563643672242241,
        "projDstar": 0.010335935307626016,
        "projDdm": -0.398272620735656,
        "projDtotal": -0.16500862262878838,
        "projDfdm": -0.2798282123275946,
        "DthetaE": -0.013311538651258465
}