{
        "Reff": 0.4750495551698561,
        "R": 1.1876238879246401,
        "MthetaE": 0.533108108108108,
        "Mstar": 10.479687275154259,
        "Mdm": 10.402816360683012,
        "Mbh": 8.356976509094238,
        "Mtotal": 10.743980384486571,
        "fdm": 0.4558647130128417,
        "projMstar": 10.53395856227157,
        "projMdm": 10.601443749087462,
        "projMtotal": 10.870040653306864,
        "projfdm": 0.5387696161822407,
        "MMstar": 10.506527059317317,
        "MMdm": 10.075222721748782,
        "MMbh": -Infinity,
        "MMtotal": 10.643381081267881,
        "Mfdm": 0.2702972582558872,
        "MMthetaE": 0.0,
        "projMMstar": 10.533594489895238,
        "projMMdm": 10.542761838761907,
        "projMMtotal": 10.83923234828199,
        "projMfdm": 0.5052769542730794,
        "Dstar": 0.06375051699070043,
        "Ddm": -0.5296660146770709,
        "Dtotal": -0.20676713991510398,
        "Dfdm": -0.40706694214282624,
        "projDstar": -0.000837956344842796,
        "projDdm": -0.12638900825419194,
        "projDtotal": -0.06848104839331941,
        "projDfdm": -0.0621650904267629,
        "DthetaE": 1.0
}