{
        "Reff": 0.4750495551698561,
        "R": 1.1876238879246401,
        "MthetaE": 0.533108108108108,
        "Mstar": 10.479687275154259,
        "Mdm": 10.402816360683012,
        "Mbh": 8.356976509094238,
        "Mtotal": 10.743980384486571,
        "fdm": 0.4558647130128417,
        "projMstar": 10.53395856227157,
        "projMdm": 10.601443749087462,
        "projMtotal": 10.870040653306864,
        "projfdm": 0.5387696161822407,
        "MMstar": 10.506286581145957,
        "MMdm": 10.08119165168339,
        "MMbh": -Infinity,
        "MMtotal": 10.644827763579194,
        "Mfdm": 0.273126530598941,
        "MMthetaE": 0.458917242575832,
        "projMMstar": 10.533400833502942,
        "projMMdm": 10.547046977304925,
        "projMMtotal": 10.841307496493478,
        "projMfdm": 0.5078547055853907,
        "Dstar": 0.06316165855608635,
        "Ddm": -0.5231571324419112,
        "Dtotal": -0.20412038883625216,
        "Dfdm": -0.4008605562079401,
        "projDstar": -0.0012833936935876297,
        "projDdm": -0.11772651365131834,
        "projDtotal": -0.06401940874027691,
        "projDfdm": -0.057380575422785074,
        "DthetaE": 0.13916664257004888
}