{
        "Reff": 0.544754228166559,
        "R": 1.3618855704163977,
        "MthetaE": 0.6397297297297296,
        "Mstar": 10.514315208436313,
        "Mdm": 10.434754337870459,
        "Mbh": 8.265588760375977,
        "Mtotal": 10.777384127747368,
        "fdm": 0.45432873975917076,
        "projMstar": 10.612744809851986,
        "projMdm": 10.67090916452487,
        "projMtotal": 10.943829988181458,
        "projfdm": 0.5334321367791579,
        "MMstar": 10.518830803355186,
        "MMdm": 10.481619306076881,
        "MMbh": -Infinity,
        "MMtotal": 10.801653475936043,
        "Mfdm": 0.47859243566303,
        "MMthetaE": 0.6365295087181563,
        "projMMstar": 10.601115448034959,
        "projMMdm": 10.747908910855282,
        "projMMtotal": 10.98171497947487,
        "projMfdm": 0.5837056960743904,
        "Dstar": 0.01045178381370859,
        "Ddm": 0.11394812854480459,
        "Dtotal": 0.05747314768506819,
        "Dfdm": 0.053405593308318705,
        "projDstar": -0.026422254150461788,
        "projDdm": 0.19398740706102124,
        "projDtotal": 0.0911513423963498,
        "projDfdm": 0.09424546409742433,
        "DthetaE": 0.005002457855015387
}