{
        "Reff": 0.6860226179383073,
        "R": 1.7150565448457682,
        "MthetaE": 1.0899099099099099,
        "Mstar": 10.84301596834364,
        "Mdm": 10.743585617454288,
        "Mbh": 8.453516006469727,
        "Mtotal": 11.097170128597762,
        "fdm": 0.4430119985802378,
        "projMstar": 10.942653613166152,
        "projMdm": 11.01637535019762,
        "projMtotal": 11.282106891190807,
        "projfdm": 0.5423360316663773,
        "MMstar": 10.868648678419543,
        "MMdm": 10.746203551647588,
        "MMbh": -Infinity,
        "MMtotal": 11.112757170698261,
        "Mfdm": 0.42997814420818947,
        "MMthetaE": 1.083811265650753,
        "projMMstar": 10.883676589589683,
        "projMMdm": 10.976806079856107,
        "projMMtotal": 11.233762881470161,
        "projMfdm": 0.5534051525594813,
        "Dstar": 0.06079804353055013,
        "Ddm": 0.006046221299604873,
        "Dtotal": 0.03654232933810918,
        "Dfdm": -0.029420996302175033,
        "projDstar": -0.12698244569123937,
        "projDdm": -0.08708418717334752,
        "projDtotal": -0.10534418249624673,
        "projDfdm": 0.020410078340347543,
        "DthetaE": 0.005595548956574725
}