{
        "Reff": 0.6860226179383073,
        "R": 1.7150565448457682,
        "MthetaE": 1.0899099099099099,
        "Mstar": 10.84301596834364,
        "Mdm": 10.743585617454288,
        "Mbh": 8.453516006469727,
        "Mtotal": 11.097170128597762,
        "fdm": 0.4430119985802378,
        "projMstar": 10.942653613166152,
        "projMdm": 11.01637535019762,
        "projMtotal": 11.282106891190807,
        "projfdm": 0.5423360316663773,
        "MMstar": [
                10.846655172389296,
                10.86965321561307,
                10.905440428111449
        ],
        "MMdm": [
                10.69302734965629,
                10.750833414950131,
                10.784450906831244
        ],
        "MMbh": -Infinity,
        "MMtotal": [
                11.111554937368867,
                11.11553911275327,
                11.11962105858329
        ],
        "Mfdm": [
                0.3810654578049029,
                0.4318711687125665,
                0.46478284274433346
        ],
        "MMthetaE": 1.083811265650753,
        "projMMstar": [
                10.862048684864568,
                10.884389472266665,
                10.920503949110238
        ],
        "projMMdm": [
                10.919159469153001,
                10.977602402443217,
                11.013158699537643
        ],
        "projMMtotal": [
                11.220669807800297,
                11.234721083001235,
                11.246589032998727
        ],
        "projMfdm": [
                0.5005529319790926,
                0.5551624637568915,
                0.5852543038627206
        ],
        "Dstar": 0.06325454362717349,
        "Ddm": 0.016828704239919834,
        "Dtotal": 0.04320337673919167,
        "Dfdm": -0.02514791902561422,
        "projDstar": -0.1255482341376709,
        "projDdm": -0.08540872867442584,
        "projDtotal": -0.10336808791027974,
        "projDfdm": 0.023650341009251695,
        "DthetaE": 0.005595548956574725,
        "PL_slope1": -2.8207590187600435,
        "AV_slope1": 2.6379779420791967,
        "PL_slope2": -2.0304318144018225,
        "AV_slope2": 2.0212903089019436
}