{
        "Reff": 0.6860226179383073,
        "R": 1.7150565448457682,
        "MthetaE": 1.0899099099099099,
        "Mstar": 10.84301596834364,
        "Mdm": 10.743585617454288,
        "Mbh": 8.453516006469727,
        "Mtotal": 11.097170128597762,
        "fdm": 0.4430119985802378,
        "projMstar": 10.942653613166152,
        "projMdm": 11.01637535019762,
        "projMtotal": 11.282106891190807,
        "projfdm": 0.5423360316663773,
        "MMstar": [
                10.845079057581177,
                10.868082807007937,
                10.90729079604942
        ],
        "MMdm": [
                10.688030385281435,
                10.754662733283805,
                10.786705722604301
        ],
        "MMbh": -Infinity,
        "MMtotal": [
                11.112275660183464,
                11.115859883500697,
                11.120319071434137
        ],
        "Mfdm": [
                0.3761644666141955,
                0.4348723442246567,
                0.46599301323884584
        ],
        "MMthetaE": 1.083811265650753,
        "projMMstar": [
                10.859953078677972,
                10.883308872279237,
                10.922405113971633
        ],
        "projMMdm": [
                10.916403022426948,
                10.978687520325721,
                11.014701068642296
        ],
        "projMMtotal": [
                11.219537883633512,
                11.235108387912122,
                11.246312121910163
        ],
        "projMfdm": [
                0.4976199479143686,
                0.5554286587827699,
                0.5874807681796959
        ],
        "Dstar": 0.05941675868433382,
        "Ddm": 0.025834063084806333,
        "Dtotal": 0.04397417339932987,
        "Dfdm": -0.018373439955728134,
        "projDstar": -0.12772131715595028,
        "projDdm": -0.08312069541346095,
        "projDtotal": -0.10256811265977023,
        "projDfdm": 0.024141171436027006,
        "DthetaE": 0.005595548956574725
}