{
        "Reff": 0.6860226179383073,
        "R": 1.7150565448457682,
        "MthetaE": 1.0899099099099099,
        "Mstar": 10.84301596834364,
        "Mdm": 10.743585617454288,
        "Mbh": 8.453516006469727,
        "Mtotal": 11.097170128597762,
        "fdm": 0.4430119985802378,
        "projMstar": 10.942653613166152,
        "projMdm": 11.01637535019762,
        "projMtotal": 11.282106891190807,
        "projfdm": 0.5423360316663773,
        "MMstar": [
                -Infinity,
                -Infinity,
                -Infinity
        ],
        "MMdm": [
                -Infinity,
                -Infinity,
                -Infinity
        ],
        "MMbh": -Infinity,
        "MMtotal": [
                -Infinity,
                -Infinity,
                -Infinity
        ],
        "Mfdm": [
                0.0,
                0.0,
                0.0
        ],
        "MMthetaE": 1.0875756874765057,
        "projMMstar": [
                11.049065929725447,
                11.051798431464734,
                11.056757640380859
        ],
        "projMMdm": [
                10.594387397002189,
                10.625673490543102,
                10.641811792787191
        ],
        "projMMtotal": [
                11.1854730567368,
                11.190026817945837,
                11.192574708048307
        ],
        "projMfdm": [
                0.25637163582192213,
                0.27271681360884564,
                0.281376479959451
        ],
        "Dstar": -1.0,
        "Ddm": -1.0,
        "Dtotal": -1.0,
        "Dfdm": -1.0,
        "projDstar": 0.2857153185430648,
        "projDdm": -0.5932775543301766,
        "projDtotal": -0.19105326449890425,
        "projDfdm": -0.49714421007415244,
        "DthetaE": 0.0021416654827894365
}