{
        "Reff": 0.6860226179383073,
        "R": 1.7150565448457682,
        "MthetaE": 1.0899099099099099,
        "Mstar": 10.84301596834364,
        "Mdm": 10.743585617454288,
        "Mbh": 8.453516006469727,
        "Mtotal": 11.097170128597762,
        "fdm": 0.4430119985802378,
        "projMstar": 10.942653613166152,
        "projMdm": 11.01637535019762,
        "projMtotal": 11.282106891190807,
        "projfdm": 0.5423360316663773,
        "MMstar": [
                -Infinity,
                -Infinity,
                -Infinity
        ],
        "MMdm": [
                -Infinity,
                -Infinity,
                -Infinity
        ],
        "MMbh": -Infinity,
        "MMtotal": [
                -Infinity,
                -Infinity,
                -Infinity
        ],
        "Mfdm": [
                0.0,
                0.0,
                0.0
        ],
        "MMthetaE": 1.0875756874765057,
        "projMMstar": [
                11.049076300262586,
                11.051708748787862,
                11.057035787044049
        ],
        "projMMdm": [
                10.592830634960114,
                10.625915973805068,
                10.64169646045723
        ],
        "projMMtotal": [
                11.185268844400108,
                11.190096676419627,
                11.192532601649846
        ],
        "projMfdm": [
                0.255477685422924,
                0.27272501667847093,
                0.28127214860871863
        ],
        "Dstar": -1.0,
        "Ddm": -1.0,
        "Dtotal": -1.0,
        "Dfdm": -1.0,
        "projDstar": 0.28544984317649524,
        "projDdm": -0.5930504021852945,
        "projDtotal": -0.190923130840703,
        "projDfdm": -0.4971290846368842,
        "DthetaE": 0.0021416654827894365
}