{
        "Reff": 0.36422601544215016,
        "R": 0.40279279279279273,
        "MthetaE": 0.40279279279279273,
        "Mstar": 10.09249136930786,
        "Mdm": 9.657160343916678,
        "Mbh": 8.177248001098633,
        "Mtotal": 10.228260665224283,
        "fdm": 0.2684724207169141,
        "projMstar": 10.177779355267997,
        "projMdm": 9.932815037193404,
        "projMtotal": 10.37337452695279,
        "projfdm": 0.3626106123565712,
        "MMstar": [
                10.02162261222274,
                10.038903375492364,
                10.07234701664822
        ],
        "MMdm": [
                9.08294757432981,
                9.22176728836552,
                9.315999940036416
        ],
        "MMbh": -Infinity,
        "MMtotal": [
                10.089217669833829,
                10.104789412548723,
                10.124419379195182
        ],
        "Mfdm": [
                0.09593834879497415,
                0.13213893481424233,
                0.1624152073621962
        ],
        "MMthetaE": 0.37130888008559115,
        "projMMstar": [
                10.04421769511892,
                10.061367542489998,
                10.09470662005838
        ],
        "projMMdm": [
                9.49592964590545,
                9.630441348676404,
                9.72137178747281
        ],
        "projMMtotal": [
                10.181366878806617,
                10.202833572500538,
                10.224261343553172
        ],
        "projMfdm": [
                0.2033399826644718,
                0.26959899209325444,
                0.3193048622536598
        ],
        "Dstar": -0.11608194245255186,
        "Ddm": -0.6330499557143273,
        "Dtotal": -0.24746145857039747,
        "Dfdm": -0.5078118845079664,
        "projDstar": -0.2351290137104999,
        "projDdm": -0.5015445928745164,
        "projDtotal": -0.32475862501939934,
        "projDfdm": -0.2565055105774298,
        "DthetaE": 0.07816404183626427
}