{
        "Reff": 0.16132178706696065,
        "R": 0.40330446766740163,
        "MthetaE": 0.18954954954954953,
        "Mstar": 9.599760029832073,
        "Mdm": 9.279234321206893,
        "Mbh": 7.548817157745361,
        "Mtotal": 9.769449468963973,
        "fdm": 0.32343338962162704,
        "projMstar": 9.717313111667044,
        "projMdm": 9.527509505220532,
        "projMtotal": 9.93372876526527,
        "projfdm": 0.39244675278136476,
        "MMstar": [
                -Infinity,
                -Infinity,
                -Infinity
        ],
        "MMdm": [
                -Infinity,
                -Infinity,
                -Infinity
        ],
        "MMbh": -Infinity,
        "MMtotal": [
                -Infinity,
                -Infinity,
                -Infinity
        ],
        "Mfdm": [
                0.0,
                0.0,
                0.0
        ],
        "MMthetaE": 0.18000780730416677,
        "projMMstar": [
                9.834916076553403,
                9.864176144108507,
                9.891064800362999
        ],
        "projMMdm": [
                6.793655512233139,
                7.441283126252884,
                8.158926009383533
        ],
        "projMMtotal": [
                9.840516458905935,
                9.867749927074449,
                9.896047237435141
        ],
        "projMfdm": [
                0.0008607793285075961,
                0.003797750168506137,
                0.01889446739357492
        ],
        "Dstar": -1.0,
        "Ddm": -1.0,
        "Dtotal": -1.0,
        "Dfdm": -1.0,
        "projDstar": 0.40237135569295723,
        "projDdm": -0.9918007595809185,
        "projDtotal": -0.14094462043774736,
        "projDfdm": -0.9903228905791918,
        "DthetaE": 0.05033903941242807
}