{
        "Reff": 0.4888927916199904,
        "R": 1.220225225225225,
        "MthetaE": 1.220225225225225,
        "Mstar": 10.87244459182217,
        "Mdm": 10.637575202464305,
        "Mbh": 8.438713073730469,
        "Mtotal": 11.071727465792158,
        "fdm": 0.3679999305160368,
        "projMstar": 10.97001301300598,
        "projMdm": 10.903444554972886,
        "projMtotal": 11.239032980836678,
        "projfdm": 0.4617549652833109,
        "MMstar": [
                10.87493329432383,
                10.889278267976303,
                10.912502870667028
        ],
        "MMdm": [
                10.600186053461197,
                10.63292651086955,
                10.65306452376749
        ],
        "MMbh": -Infinity,
        "MMtotal": [
                11.076766137090763,
                11.081235877636836,
                11.087626243215261
        ],
        "Mfdm": [
                0.32911570042049326,
                0.3575900629328271,
                0.37464184716279647
        ],
        "MMthetaE": 1.224463753867507,
        "projMMstar": [
                10.887514495676488,
                10.901656310657,
                10.925058395151362
        ],
        "projMMdm": [
                10.842318328611405,
                10.876930791649025,
                10.896228206884226
        ],
        "projMMtotal": [
                11.186715076432177,
                11.190483775554382,
                11.19328027245955
        ],
        "projMfdm": [
                0.45281277413791293,
                0.4857470927381758,
                0.5050165292804689
        ],
        "Dstar": 0.03952197885576628,
        "Ddm": -0.010646923932256627,
        "Dtotal": 0.022135358135989602,
        "Dfdm": -0.02828768899116973,
        "projDstar": -0.14563529714830672,
        "projDdm": -0.05922398477960609,
        "projDtotal": -0.105766789848202,
        "projDfdm": 0.05195856949831491,
        "DthetaE": -0.0034735625478481487
}