{
        "Reff": 0.4888927916199904,
        "R": 1.220225225225225,
        "MthetaE": 1.220225225225225,
        "Mstar": 10.87244459182217,
        "Mdm": 10.637575202464305,
        "Mbh": 8.438713073730469,
        "Mtotal": 11.071727465792158,
        "fdm": 0.3679999305160368,
        "projMstar": 10.97001301300598,
        "projMdm": 10.903444554972886,
        "projMtotal": 11.239032980836678,
        "projfdm": 0.4617549652833109,
        "MMstar": [
                10.87471472115261,
                10.889145267819513,
                10.910946445356592
        ],
        "MMdm": [
                10.603734625690059,
                10.635075131426001,
                10.653136730771475
        ],
        "MMbh": -Infinity,
        "MMtotal": [
                11.076851274422614,
                11.081313348620748,
                11.08788728595456
        ],
        "Mfdm": [
                0.3302228969547269,
                0.3583615336216494,
                0.37435047283557304
        ],
        "MMthetaE": 1.224463753867507,
        "projMMstar": [
                10.88787896888375,
                10.901274026678381,
                10.923930603302002
        ],
        "projMMdm": [
                10.844745422082687,
                10.877176447174683,
                10.895489800768836
        ],
        "projMMtotal": [
                11.187064650453895,
                11.190611276326765,
                11.193004259519928
        ],
        "projMfdm": [
                0.45477728531795186,
                0.4860419711977486,
                0.5045530239557839
        ],
        "Dstar": 0.03920368004249976,
        "Ddm": -0.0057400886798763566,
        "Dtotal": 0.022317706515558384,
        "Dfdm": -0.026191300853974933,
        "projDstar": -0.14638701342787225,
        "projDdm": -0.058691691116078616,
        "projDtotal": -0.10550422108949868,
        "projDfdm": 0.05259717326382483,
        "DthetaE": -0.0034735625478481487
}