{
        "Reff": 0.3939136227063193,
        "R": 0.45018018018018013,
        "MthetaE": 0.45018018018018013,
        "Mstar": 10.143283281527738,
        "Mdm": 9.666221446383181,
        "Mbh": 8.139239311218262,
        "Mtotal": 10.268236873791992,
        "fdm": 0.2500256543701848,
        "projMstar": 10.238793465359723,
        "projMdm": 9.866167182171507,
        "projMtotal": 10.392305795077736,
        "projfdm": 0.29775659339548977,
        "MMstar": [
                10.16348760200369,
                10.199897644426272,
                10.231233361003044
        ],
        "MMdm": [
                9.028604995599736,
                9.225505234455932,
                9.38053182850284
        ],
        "MMbh": -Infinity,
        "MMtotal": [
                10.228351460762473,
                10.244523891568551,
                10.259183227602271
        ],
        "Mfdm": [
                0.05880233301763769,
                0.09702867347417114,
                0.1433290159745902
        ],
        "MMthetaE": 0.458917242575832,
        "projMMstar": [
                10.208578446337615,
                10.243443111653429,
                10.273952436651172
        ],
        "projMMdm": [
                9.40185125894682,
                9.60556767810715,
                9.745560884685457
        ],
        "projMMtotal": [
                10.327909529359298,
                10.334295042779555,
                10.339975646879537
        ],
        "projMfdm": [
                0.11921329905584813,
                0.187382236351388,
                0.25666698497602997
        ],
        "Dstar": 0.139237738201651,
        "Ddm": -0.6375202179233584,
        "Dtotal": -0.05313728003099053,
        "Dfdm": -0.6119251293688778,
        "projDstar": 0.010763722747570075,
        "projDdm": -0.45121719403514465,
        "projDtotal": -0.12503788742402389,
        "projDfdm": -0.37068652547854425,
        "DthetaE": -0.019407923272310522
}