{
        "Reff": 0.4869602608436852,
        "R": 1.220225225225225,
        "MthetaE": 1.220225225225225,
        "Mstar": 10.87244459182217,
        "Mdm": 10.637575202464305,
        "Mbh": 8.438713073730469,
        "Mtotal": 11.071727465792158,
        "fdm": 0.3679999305160368,
        "projMstar": 10.97001301300598,
        "projMdm": 10.903444554972886,
        "projMtotal": 11.239032980836678,
        "projfdm": 0.4617549652833109,
        "MMstar": 10.87798213198359,
        "MMdm": 10.599370789903881,
        "MMbh": -Infinity,
        "MMtotal": 11.061675588977561,
        "Mfdm": 0.34490159353572813,
        "MMthetaE": 1.2600546511291673,
        "projMMstar": 10.891142548511205,
        "projMMdm": 10.890596342222748,
        "projMMtotal": 11.191899526900484,
        "projMfdm": 0.4996855784270706,
        "Dstar": 0.01283229366285679,
        "Ddm": -0.08421065260522588,
        "Dtotal": -0.02287950382086919,
        "Dfdm": -0.06276723190658885,
        "projDstar": -0.1660701191048088,
        "projDdm": -0.02915077727036072,
        "projDtotal": -0.10284693316942953,
        "projDfdm": 0.082144461880312,
        "DthetaE": -0.03264104452240827
}