{
        "Reff": 0.3555664498963653,
        "R": 0.7108108108108108,
        "MthetaE": 0.7108108108108108,
        "Mstar": 10.451843296180769,
        "Mdm": 10.23681373681996,
        "Mbh": 8.265618324279785,
        "Mtotal": 10.658533039151479,
        "fdm": 0.3786872626768167,
        "projMstar": 10.498681972681283,
        "projMdm": 10.45430910397408,
        "projMtotal": 10.778091997453737,
        "projfdm": 0.4744791210545737,
        "MMstar": [
                -Infinity,
                -Infinity,
                -Infinity
        ],
        "MMdm": [
                -Infinity,
                -Infinity,
                -Infinity
        ],
        "MMbh": -Infinity,
        "MMtotal": [
                -Infinity,
                -Infinity,
                -Infinity
        ],
        "Mfdm": [
                0.0,
                0.0,
                0.0
        ],
        "MMthetaE": 0.7032624410837693,
        "projMMstar": [
                10.696048729376763,
                10.697018590558505,
                10.698366573014036
        ],
        "projMMdm": [
                9.749927380624143,
                9.762675366290921,
                9.771850768649704
        ],
        "projMMtotal": [
                10.7447030825622,
                10.744814928336297,
                10.744911336904067
        ],
        "projMfdm": [
                0.10121788410947971,
                0.10419185975237397,
                0.10639910476549898
        ],
        "Dstar": -1.0,
        "Ddm": -1.0,
        "Dtotal": -1.0,
        "Dfdm": -1.0,
        "projDstar": 0.5788345364894245,
        "projDdm": -0.7965928277522466,
        "projDtotal": -0.07376128250520035,
        "projDfdm": -0.7804079144287783,
        "DthetaE": 0.010619379463898584
}