{
        "Reff": 0.3555664498963653,
        "R": 0.7108108108108108,
        "MthetaE": 0.7108108108108108,
        "Mstar": 10.451843296180769,
        "Mdm": 10.23681373681996,
        "Mbh": 8.265618324279785,
        "Mtotal": 10.658533039151479,
        "fdm": 0.3786872626768167,
        "projMstar": 10.498681972681283,
        "projMdm": 10.45430910397408,
        "projMtotal": 10.778091997453737,
        "projfdm": 0.4744791210545737,
        "MMstar": [
                -Infinity,
                -Infinity,
                -Infinity
        ],
        "MMdm": [
                -Infinity,
                -Infinity,
                -Infinity
        ],
        "MMbh": -Infinity,
        "MMtotal": [
                -Infinity,
                -Infinity,
                -Infinity
        ],
        "Mfdm": [
                0.0,
                0.0,
                0.0
        ],
        "MMthetaE": 0.7032624410837693,
        "projMMstar": [
                10.695997460815866,
                10.697110055042709,
                10.698548941962514
        ],
        "projMMdm": [
                9.748279827839337,
                9.762001289475661,
                9.772445149776683
        ],
        "projMMtotal": [
                10.744692813989355,
                10.744805602431502,
                10.744907308931225
        ],
        "projMfdm": [
                0.10082425418222313,
                0.10403981304142447,
                0.10654683568801669
        ],
        "Dstar": -1.0,
        "Ddm": -1.0,
        "Dtotal": -1.0,
        "Dfdm": -1.0,
        "projDstar": 0.5791670815712516,
        "projDdm": -0.7969082950503087,
        "projDtotal": -0.0737811720541414,
        "projDfdm": -0.7807283641687197,
        "DthetaE": 0.010619379463898584
}