{
        "Reff": 0.42908660556761313,
        "R": 1.0727165139190329,
        "MthetaE": 0.533108108108108,
        "Mstar": 10.461121573211894,
        "Mdm": 10.349580676302088,
        "Mbh": 8.356976509094238,
        "Mtotal": 10.709952236130166,
        "fdm": 0.4361425316510598,
        "projMstar": 10.519498947164227,
        "projMdm": 10.555126770256262,
        "projMtotal": 10.838708097904357,
        "projfdm": 0.5204975293137197,
        "MMstar": [
                10.568009539698396,
                10.572279745679076,
                10.579253673994987
        ],
        "MMdm": [
                8.66819702269982,
                9.087352383840768,
                9.293314699385002
        ],
        "MMbh": -Infinity,
        "MMtotal": [
                10.578370078247156,
                10.587308620448335,
                10.596906920292424
        ],
        "Mfdm": [
                0.012248592635158064,
                0.03180026348576191,
                0.05007973142952017
        ],
        "MMthetaE": 0.509223606974525,
        "projMMstar": [
                10.594123617222055,
                10.598466533305174,
                10.605393283718687
        ],
        "projMMdm": [
                8.958594619663728,
                9.384299319415826,
                9.592064016661592
        ],
        "projMMtotal": [
                10.61057759138471,
                10.625367417822636,
                10.640613261026429
        ],
        "projMfdm": [
                0.022137761743706328,
                0.057542337468542086,
                0.08991803510878615
        ],
        "Dstar": 0.29168962850642605,
        "Ddm": -0.945327150749586,
        "Dtotal": -0.24602597503782916,
        "Dfdm": -0.927087451514121,
        "projDstar": 0.19940978105764415,
        "projDdm": -0.9325203922917504,
        "projDtotal": -0.3881297750465374,
        "projDfdm": -0.889447433987992,
        "DthetaE": 0.04480235954081493,
        "PL_slope1": -2.869075907212635,
        "AV_slope1": 2.8387669935699438,
        "PL_slope2": -2.850389700815611,
        "AV_slope2": 2.8610059898245113
}