{
        "Reff": 0.42908660556761313,
        "R": 1.0727165139190329,
        "MthetaE": 0.533108108108108,
        "Mstar": 10.461121573211894,
        "Mdm": 10.349580676302088,
        "Mbh": 8.356976509094238,
        "Mtotal": 10.709952236130166,
        "fdm": 0.4361425316510598,
        "projMstar": 10.519498947164227,
        "projMdm": 10.555126770256262,
        "projMtotal": 10.838708097904357,
        "projfdm": 0.5204975293137197,
        "MMstar": [
                10.568257206937837,
                10.572810429958905,
                10.579282952355728
        ],
        "MMdm": [
                8.668929350419639,
                9.091094562155723,
                9.301118576331179
        ],
        "MMbh": -Infinity,
        "MMtotal": [
                10.578524095760251,
                10.588038767262054,
                10.59737161612223
        ],
        "Mfdm": [
                0.012205869715882174,
                0.031995806110572865,
                0.05118018287749294
        ],
        "MMthetaE": 0.4500195182604169,
        "projMMstar": [
                10.594427829608456,
                10.59901451725214,
                10.605464005878492
        ],
        "projMMdm": [
                8.950247982596787,
                9.388173024661766,
                9.607585930391807
        ],
        "projMMtotal": [
                10.610553270134284,
                10.625997688100794,
                10.64271709911727
        ],
        "projMfdm": [
                0.02205582158621666,
                0.058074421057741195,
                0.09298368826978605
        ],
        "Dstar": 0.29326896784593,
        "Ddm": -0.944854016587656,
        "Dtotal": -0.24475730877231,
        "Dfdm": -0.9266391058229299,
        "projDstar": 0.20092412711698296,
        "projDdm": -0.9319158132305606,
        "projDtotal": -0.38724115315238605,
        "projDfdm": -0.8884251744012833,
        "DthetaE": 0.15585692392215827,
        "PL_slope1": -2.8681903777396416,
        "AV_slope1": 2.8385105798167984,
        "PL_slope2": -2.8559223680383146,
        "AV_slope2": 2.8619108436677525
}