{
        "Reff": 0.4869602608436852,
        "R": 1.217400652109213,
        "MthetaE": 1.220225225225225,
        "Mstar": 10.871967128271251,
        "Mdm": 10.636338659573704,
        "Mbh": 8.438713073730469,
        "Mtotal": 11.070970815358658,
        "fdm": 0.36759351767167864,
        "projMstar": 10.969620351737936,
        "projMdm": 10.902219596043672,
        "projMtotal": 11.238256200195426,
        "projfdm": 0.46127869442808966,
        "MMstar": 10.870070157004701,
        "MMdm": 10.590959749671768,
        "MMbh": -Infinity,
        "MMtotal": 11.05359155037898,
        "Mfdm": 0.34464199793925276,
        "MMthetaE": 1.2538946881415722,
        "projMMstar": 10.882119993763846,
        "projMMdm": 10.905656589274114,
        "projMMtotal": 11.19507771343923,
        "projMfdm": 0.5135454382943443,
        "Dstar": -0.004358412194131047,
        "Ddm": -0.0992151151889149,
        "Dtotal": -0.03922712132272142,
        "Dfdm": -0.06243722652619067,
        "projDstar": -0.18247763591235378,
        "projDdm": 0.007945367606343033,
        "projDtotal": -0.09463956146017387,
        "projDfdm": 0.11330838492563994,
        "DthetaE": -0.027592826488349813,
        "PL_slope1": -3.3014518479216144,
        "AV_slope1": 3.0008880112817646,
        "PL_slope2": -1.5690926687177849,
        "AV_slope2": 1.5803808646207336
}