{
        "Reff": 0.544754228166559,
        "R": 1.3618855704163977,
        "MthetaE": 0.6397297297297296,
        "Mstar": 10.514315208436313,
        "Mdm": 10.434754337870459,
        "Mbh": 8.265588760375977,
        "Mtotal": 10.777384127747368,
        "fdm": 0.45432873975917076,
        "projMstar": 10.612744809851986,
        "projMdm": 10.67090916452487,
        "projMtotal": 10.943829988181458,
        "projfdm": 0.5334321367791579,
        "MMstar": 10.533858938385558,
        "MMdm": 10.376804519036826,
        "MMbh": -Infinity,
        "MMtotal": 10.763422844569506,
        "Mfdm": 0.41056476437321476,
        "MMthetaE": 0.6365295087181563,
        "projMMstar": 10.559525835732288,
        "projMMdm": 10.779317673295713,
        "projMMtotal": 10.984210140059227,
        "projMfdm": 0.6238892941106979,
        "Dstar": 0.046029011839827334,
        "Ddm": -0.12491511770118796,
        "Dtotal": -0.03163581910377058,
        "Dfdm": -0.09632667176008781,
        "projDstar": -0.1153305587616173,
        "projDdm": 0.2835373438735866,
        "projDtotal": 0.09743839883370073,
        "projDfdm": 0.16957575499240965,
        "DthetaE": 0.005002457855015387
}