{
        "Reff": 0.3129603324922881,
        "R": 0.45018018018018013,
        "MthetaE": 0.45018018018018013,
        "Mstar": 10.157419078496352,
        "Mdm": 9.745693003339381,
        "Mbh": 8.01979923248291,
        "Mtotal": 10.299652689733843,
        "fdm": 0.27928030725671116,
        "projMstar": 10.210306231675538,
        "projMdm": 9.953741366541735,
        "projMtotal": 10.401730642113568,
        "projfdm": 0.3564599357065718,
        "MMstar": 10.240941264790637,
        "MMdm": 8.27920542688252,
        "MMbh": -Infinity,
        "MMtotal": 10.245658502046464,
        "Mfdm": 0.010803063399779064,
        "MMthetaE": 0.4027931353555214,
        "projMMstar": 10.27594002750077,
        "projMMdm": 8.782078020833824,
        "projMMtotal": 10.289650394708278,
        "projMfdm": 0.0310761798435785,
        "Dstar": 0.2120546060095079,
        "Ddm": -0.9658404277675875,
        "Dtotal": -0.11690828093991337,
        "Dfdm": -0.9613182056912842,
        "projDstar": 0.16314483313619163,
        "projDdm": -0.932650146668528,
        "projDtotal": -0.22746217491258294,
        "projDfdm": -0.9128199925694886,
        "DthetaE": 0.10526239694891172
}