{
        "Reff": 0.3129603324922881,
        "R": 0.45018018018018013,
        "MthetaE": 0.45018018018018013,
        "Mstar": 10.157419078496352,
        "Mdm": 9.745693003339381,
        "Mbh": 8.01979923248291,
        "Mtotal": 10.299652689733843,
        "fdm": 0.27928030725671116,
        "projMstar": 10.210306231675538,
        "projMdm": 9.953741366541735,
        "projMtotal": 10.401730642113568,
        "projfdm": 0.3564599357065718,
        "MMstar": 10.243712357296612,
        "MMdm": 8.238904840624004,
        "MMbh": -Infinity,
        "MMtotal": 10.247986391809558,
        "Mfdm": 0.009793060754729157,
        "MMthetaE": 0.4027931353555214,
        "projMMstar": 10.27860196162554,
        "projMMdm": 8.730091178639196,
        "projMMtotal": 10.290713620355808,
        "projMfdm": 0.02750284101281855,
        "Dstar": 0.21981305987183247,
        "Ddm": -0.9688676548028377,
        "Dtotal": -0.11216205535263639,
        "Dfdm": -0.9649346534636706,
        "projDstar": 0.17029602508214098,
        "projDdm": -0.9402483624411706,
        "projDtotal": -0.2255685558937129,
        "projDfdm": -0.9228445099775305,
        "DthetaE": 0.10526239694891172
}