{
        "Reff": 0.367224520196528,
        "R": 0.7108108108108108,
        "MthetaE": 0.7108108108108108,
        "Mstar": 10.451843296180769,
        "Mdm": 10.23681373681996,
        "Mbh": 8.265618324279785,
        "Mtotal": 10.658533039151479,
        "fdm": 0.3786872626768167,
        "projMstar": 10.498681972681283,
        "projMdm": 10.45430910397408,
        "projMtotal": 10.778091997453737,
        "projfdm": 0.4744791210545737,
        "MMstar": 10.582923724791973,
        "MMdm": 9.84684525819692,
        "MMbh": -Infinity,
        "MMtotal": 10.656136260265857,
        "Mfdm": 0.1551347170549799,
        "MMthetaE": 0.7258489720382846,
        "projMMstar": 10.600287375544687,
        "projMMdm": 10.194985436247878,
        "projMMtotal": 10.744324705808133,
        "projMfdm": 0.28226740488073404,
        "Dstar": 0.3523229817308541,
        "Ddm": -0.5925901531963705,
        "Dtotal": -0.005503586802106086,
        "Dfdm": -0.5903355292217034,
        "projDstar": 0.263587738154763,
        "projDdm": -0.4496026524834287,
        "projDtotal": -0.07480621153981414,
        "projDfdm": -0.40510047259114657,
        "DthetaE": -0.021156348494925137
}