{
        "Reff": 0.367224520196528,
        "R": 0.7108108108108108,
        "MthetaE": 0.7108108108108108,
        "Mstar": 10.451843296180769,
        "Mdm": 10.23681373681996,
        "Mbh": 8.265618324279785,
        "Mtotal": 10.658533039151479,
        "fdm": 0.3786872626768167,
        "projMstar": 10.498681972681283,
        "projMdm": 10.45430910397408,
        "projMtotal": 10.778091997453737,
        "projfdm": 0.4744791210545737,
        "MMstar": 10.584152091913257,
        "MMdm": 9.841470162973264,
        "MMbh": -Infinity,
        "MMtotal": 10.65634675814466,
        "Mfdm": 0.1531522582182924,
        "MMthetaE": 0.7258489720382846,
        "projMMstar": 10.601599666391612,
        "projMMdm": 10.189290070560304,
        "projMMtotal": 10.743670390685347,
        "projMfdm": 0.2790099426746091,
        "Dstar": 0.3561533332258829,
        "Ddm": -0.5976014323618932,
        "Dtotal": -0.005021448219520897,
        "Dfdm": -0.595570611127216,
        "projDstar": 0.26741164674400475,
        "projDdm": -0.45677347650467076,
        "projDtotal": -0.07619907401582486,
        "projDfdm": -0.4119658162102397,
        "DthetaE": -0.021156348494925137
}