{
        "Reff": 0.9662426539989696,
        "R": 2.415606634997424,
        "MthetaE": 0.45018018018018013,
        "Mstar": 10.5918964286169,
        "Mdm": 10.646142705336276,
        "Mbh": 8.30414867401123,
        "Mtotal": 10.920895977836436,
        "fdm": 0.5311861312447683,
        "projMstar": 10.67843889325413,
        "projMdm": 10.847396843209468,
        "projMtotal": 11.07211299151808,
        "projfdm": 0.5960515911979375,
        "MMstar": [
                10.56005201163321,
                10.602633661745354,
                10.634952492736186
        ],
        "MMdm": [
                10.634958634083388,
                10.702307819772017,
                10.781035963492215
        ],
        "MMbh": -Infinity,
        "MMtotal": [
                10.934208248257884,
                10.957061388850423,
                10.987842944243837
        ],
        "Mfdm": [
                0.5017033670032234,
                0.5555239015362768,
                0.6244952705770895
        ],
        "MMthetaE": 0.4500195182604169,
        "projMMstar": [
                10.579733929337042,
                10.622858436399246,
                10.654951846117735
        ],
        "projMMdm": [
                10.884845943303397,
                10.947249777892148,
                11.016174774729443
        ],
        "projMMtotal": [
                11.080683426781194,
                11.116921002458916,
                11.156333885808122
        ],
        "projMfdm": [
                0.6329070997516155,
                0.675162242682716,
                0.7294623313351346
        ],
        "Dstar": 0.02503155034555231,
        "Ddm": 0.13805988261416954,
        "Dtotal": 0.08683949254375284,
        "Dfdm": 0.045817781865795326,
        "projDstar": -0.12012790742072149,
        "projDdm": 0.2584991735418284,
        "projDtotal": 0.10868458944642005,
        "projDfdm": 0.13272450347088716,
        "DthetaE": 0.00035688359202955825
}