{
        "Reff": 0.5447542281665589,
        "R": 0.6428154989273108,
        "Mstar": 10.388576229221698,
        "Mdm": 9.986393962973153,
        "Mbh": 8.265588760375977,
        "Mtotal": 10.53349641387267,
        "fdm": 0.28372496368694733,
        "projMstar": 10.48109775221448,
        "projMdm": 10.278778238363456,
        "projMtotal": 10.692644489157074,
        "projfdm": 0.3855970913048604,
        "MMstar": 10.388643494024171,
        "MMdm": 9.482054780426571,
        "MMbh": -Infinity,
        "MMtotal": 10.439408658075287,
        "Mfdm": 0.11031793461966966,
        "projMMstar": 10.411711294751196,
        "projMMdm": 10.05822915792309,
        "projMMtotal": 10.571012668999861,
        "projMfdm": 0.3070552228630428,
        "Dstar": 0.00015489492643704715,
        "Ddm": -0.6869160406084506,
        "Dtotal": -0.1947842813085559,
        "Dfdm": -0.6111800203051897,
        "projDstar": -0.14765868048033196,
        "projDdm": -0.3982017513012505,
        "projDtotal": -0.24426735983546582,
        "projDfdm": -0.20368895464442416
}