{
        "Reff": 0.9662426539989696,
        "R": 2.415606634997424,
        "MthetaE": 0.45018018018018013,
        "Mstar": 10.5918964286169,
        "Mdm": 10.646142705336276,
        "Mbh": 8.30414867401123,
        "Mtotal": 10.920895977836436,
        "fdm": 0.5311861312447683,
        "projMstar": 10.67843889325413,
        "projMdm": 10.847396843209468,
        "projMtotal": 11.07211299151808,
        "projfdm": 0.5960515911979375,
        "MMstar": [
                10.543901204001992,
                10.579225987680195,
                10.613232423857136
        ],
        "MMdm": [
                10.649203250773242,
                10.711480928717625,
                10.759015891274146
        ],
        "MMbh": -Infinity,
        "MMtotal": [
                10.931098158935766,
                10.95159842381625,
                10.969422319033585
        ],
        "Mfdm": [
                0.5223843868162619,
                0.5759651376491015,
                0.620946281391137
        ],
        "MMthetaE": 0.5249657346094901,
        "projMMstar": [
                10.564261499672403,
                10.599927038955055,
                10.633924147468637
        ],
        "projMMdm": [
                10.935184606037527,
                10.9854082094502,
                11.027170178153039
        ],
        "projMMtotal": [
                11.10424810441771,
                11.133423127470039,
                11.16068595425184
        ],
        "projMfdm": [
                0.6736753761548839,
                0.7097201366565263,
                0.7357619911976238
        ],
        "Dstar": -0.028753293621890615,
        "Ddm": 0.1623534885252343,
        "Dtotal": 0.07325382754800387,
        "Dfdm": 0.08430002925603344,
        "projDstar": -0.16538123339712538,
        "projDdm": 0.37407793654757593,
        "projDtotal": 0.15162248559706798,
        "projDfdm": 0.19070252833339332,
        "DthetaE": -0.16612360499606588,
        "PL_slope1": -2.435679642191167,
        "AV_slope1": 2.4749762291915487,
        "PL_slope2": -1.7030544310920237,
        "AV_slope2": 1.7160194625736787
}