{
        "Reff": 0.1711945002191585,
        "R": 0.5568018018018017,
        "MthetaE": 0.5568018018018017,
        "Mstar": 10.29718412001835,
        "Mdm": 10.054040228274305,
        "Mbh": 8.217829704284668,
        "Mtotal": 10.493440279762195,
        "fdm": 0.3635799691958276,
        "projMstar": 10.317644882056662,
        "projMdm": 10.217508581624593,
        "projMtotal": 10.571486439761745,
        "projfdm": 0.44261093765245546,
        "MMstar": -Infinity,
        "MMdm": -Infinity,
        "MMbh": -Infinity,
        "MMtotal": -Infinity,
        "Mfdm": 0.0,
        "MMthetaE": 0.6040185929502934,
        "projMMstar": 10.133742081294315,
        "projMMdm": 10.365043041419192,
        "projMMtotal": 10.56564250916694,
        "projMfdm": 0.6300870187729565,
        "Dstar": -1.0,
        "Ddm": -1.0,
        "Dtotal": -1.0,
        "Dfdm": -1.0,
        "projDstar": -0.34521729573085175,
        "projDdm": 0.4045411247325941,
        "projDtotal": -0.013366018236701986,
        "projDfdm": 0.42356856817603084,
        "DthetaE": -0.0847999970468825
}