{
        "Reff": 0.42908660556761313,
        "R": 1.0727165139190329,
        "MthetaE": 0.533108108108108,
        "Mstar": 10.461121573211894,
        "Mdm": 10.349580676302088,
        "Mbh": 8.356976509094238,
        "Mtotal": 10.709952236130166,
        "fdm": 0.4361425316510598,
        "projMstar": 10.519498947164227,
        "projMdm": 10.555126770256262,
        "projMtotal": 10.838708097904357,
        "projfdm": 0.5204975293137197,
        "MMstar": [
                -Infinity,
                -Infinity,
                -Infinity
        ],
        "MMdm": [
                -Infinity,
                -Infinity,
                -Infinity
        ],
        "MMbh": -Infinity,
        "MMtotal": [
                -Infinity,
                -Infinity,
                -Infinity
        ],
        "Mfdm": [
                0.0,
                0.0,
                0.0
        ],
        "MMthetaE": 0.509223606974525,
        "projMMstar": [
                10.675324544942766,
                10.681972012752368,
                10.685711365257365
        ],
        "projMMdm": [
                8.812236223335837,
                9.183795064056508,
                9.519868883425724
        ],
        "projMMtotal": [
                10.691555261325489,
                10.695563386856321,
                10.704696766755001
        ],
        "projMfdm": [
                0.013190721120797354,
                0.030807232177938466,
                0.06545620248219806
        ],
        "Dstar": -1.0,
        "Ddm": -1.0,
        "Dtotal": -1.0,
        "Dfdm": -1.0,
        "projDstar": 0.4536942264764218,
        "projDdm": -0.9574726527059889,
        "projDtotal": -0.28079070929671474,
        "projDfdm": -0.940811953096957,
        "DthetaE": 0.04480235954081493
}