{
        "Reff": 1.1035545250518053,
        "R": 0.6634234234234233,
        "MthetaE": 0.6634234234234233,
        "Mstar": 10.522028515683154,
        "Mdm": 10.064407877741875,
        "Mbh": 8.336731910705566,
        "Mtotal": 10.6519251077602,
        "fdm": 0.25851322760668544,
        "projMstar": 10.610449633395211,
        "projMdm": 10.389287224511984,
        "projMtotal": 10.814827120951854,
        "projfdm": 0.37537046949957625,
        "MMstar": [
                -Infinity,
                -Infinity,
                -Infinity
        ],
        "MMdm": [
                -Infinity,
                -Infinity,
                -Infinity
        ],
        "MMbh": -Infinity,
        "MMtotal": [
                -Infinity,
                -Infinity,
                -Infinity
        ],
        "Mfdm": [
                0.0,
                0.0,
                0.0
        ],
        "MMthetaE": 0.6491916548593238,
        "projMMstar": [
                10.635511904014603,
                10.651950219530546,
                10.661627819278827
        ],
        "projMMdm": [
                9.926037744773902,
                9.987147963983851,
                10.073403151512217
        ],
        "projMMtotal": [
                10.73494565376066,
                10.737052439640733,
                10.740714038352092
        ],
        "projMfdm": [
                0.15528272401359847,
                0.17792892459389295,
                0.21513840715794375
        ],
        "Dstar": -1.0,
        "Ddm": -1.0,
        "Dtotal": -1.0,
        "Dfdm": -1.0,
        "projDstar": 0.10027333025276072,
        "projDdm": -0.6038490155774519,
        "projDtotal": -0.1639633455304653,
        "projDfdm": -0.5259911499402224,
        "DthetaE": 0.021452013995315607
}