{
        "Reff": 1.1035545250518053,
        "R": 0.6634234234234233,
        "MthetaE": 0.6634234234234233,
        "Mstar": 10.522028515683154,
        "Mdm": 10.064407877741875,
        "Mbh": 8.336731910705566,
        "Mtotal": 10.6519251077602,
        "fdm": 0.25851322760668544,
        "projMstar": 10.610449633395211,
        "projMdm": 10.389287224511984,
        "projMtotal": 10.814827120951854,
        "projfdm": 0.37537046949957625,
        "MMstar": [
                -Infinity,
                -Infinity,
                -Infinity
        ],
        "MMdm": [
                -Infinity,
                -Infinity,
                -Infinity
        ],
        "MMbh": -Infinity,
        "MMtotal": [
                -Infinity,
                -Infinity,
                -Infinity
        ],
        "Mfdm": [
                0.0,
                0.0,
                0.0
        ],
        "MMthetaE": 0.6491916548593238,
        "projMMstar": [
                10.637255473481382,
                10.653125369739659,
                10.661644031774133
        ],
        "projMMdm": [
                9.925869394068812,
                9.979972170015863,
                10.06542780858768
        ],
        "projMMtotal": [
                10.734926028880245,
                10.736710003417063,
                10.740289909897061
        ],
        "projMfdm": [
                0.15523180732706615,
                0.17509722932640218,
                0.21137123021156942
        ],
        "Dstar": -1.0,
        "Ddm": -1.0,
        "Dtotal": -1.0,
        "Dfdm": -1.0,
        "projDstar": 0.1032545731702085,
        "projDdm": -0.6103407901737316,
        "projDtotal": -0.1646222910351853,
        "projDfdm": -0.5335348847237973,
        "DthetaE": 0.021452013995315607
}