{
        "Reff": 0.16132178706696065,
        "R": 0.18954954954954953,
        "MthetaE": 0.18954954954954953,
        "Mstar": 9.345171940693744,
        "Mdm": 8.74601141403639,
        "Mbh": 7.548817157745361,
        "Mtotal": 9.442663397311287,
        "fdm": 0.20107034205073515,
        "projMstar": 9.585940106115428,
        "projMdm": 9.095671706651812,
        "projMtotal": 9.707629180051482,
        "projfdm": 0.24436698278553526,
        "MMstar": [
                9.60988307640217,
                9.64735095465831,
                9.683260561818646
        ],
        "MMdm": [
                8.15092332935201,
                8.336426167473972,
                8.504601028491946
        ],
        "MMbh": -Infinity,
        "MMtotal": [
                9.639904720348573,
                9.667372555219842,
                9.699057147469874
        ],
        "Mfdm": [
                0.029466887758062325,
                0.04777388045924975,
                0.06942107480791307
        ],
        "MMthetaE": 0.20156767776074946,
        "projMMstar": [
                9.678859979732813,
                9.716494269065654,
                9.752133796485928
        ],
        "projMMdm": [
                8.68080189979648,
                8.806237787321221,
                8.918810867492805
        ],
        "projMMtotal": [
                9.744171947331179,
                9.765379062098228,
                9.792600300005981
        ],
        "projMfdm": [
                0.08038219124229574,
                0.1097136218617149,
                0.1440648877313813
        ],
        "Dstar": 1.0052984307923962,
        "Ddm": -0.6105831374470447,
        "Dtotal": 0.6776801184756732,
        "Dfdm": -0.7624021525402529,
        "projDstar": 0.3506852677967913,
        "projDdm": -0.4864696915365426,
        "projDtotal": 0.14222032023214104,
        "projDfdm": -0.5510292732222205,
        "DthetaE": -0.06340362316745214
}