{
        "Reff": 0.35973259940631414,
        "R": 0.8993314985157853,
        "MthetaE": 0.0,
        "Mstar": 10.278276772675927,
        "Mdm": 10.211023490954043,
        "Mbh": 8.119908332824707,
        "Mtotal": 10.546980653957114,
        "fdm": 0.46136307924665615,
        "projMstar": 10.370518682242082,
        "projMdm": 10.460768359679038,
        "projMtotal": 10.719013631195129,
        "projfdm": 0.5517657368605984,
        "MMstar": 10.453439697030689,
        "MMdm": 9.993277203939012,
        "MMbh": -Infinity,
        "MMtotal": 10.582680610433352,
        "Mfdm": 0.2573929180623799,
        "MMthetaE": 0.0,
        "projMMstar": 10.464771009170303,
        "projMMdm": 10.471616356282878,
        "projMMtotal": 10.76923716529116,
        "projMfdm": 0.503940416974866,
        "Dstar": 0.49679706999707585,
        "Ddm": -0.39430538437067414,
        "Dtotal": 0.0856752977257177,
        "Dfdm": -0.44210334627844966,
        "projDstar": 0.2423739224375567,
        "projDdm": 0.02529301011791417,
        "projDtotal": 0.12259611289313813,
        "projDfdm": -0.08667685702603757,
        "DthetaE": 0
}