{
        "Reff": 0.3129603324922881,
        "R": 0.7824008312307202,
        "MthetaE": 0.0,
        "Mstar": 10.273399770015239,
        "Mdm": 10.022244869721614,
        "Mbh": 8.01979923248291,
        "Mtotal": 10.466760355017644,
        "fdm": 0.35932258444479737,
        "projMstar": 10.311296349477995,
        "projMdm": 10.185498404817997,
        "projMtotal": 10.553966374268237,
        "projfdm": 0.4280869911502228,
        "MMstar": [
                10.121014433827035,
                10.185779923965889,
                10.226677114574501
        ],
        "MMdm": [
                9.52273231332603,
                9.646976513393144,
                9.824995254000816
        ],
        "MMbh": -Infinity,
        "MMtotal": [
                10.28140289100442,
                10.29869881268215,
                10.31744617644293
        ],
        "Mfdm": [
                0.16842906283281014,
                0.22232443628260307,
                0.334190146345635
        ],
        "MMthetaE": 0.0,
        "projMMstar": [
                10.145059122545836,
                10.21062659937231,
                10.251542965935053
        ],
        "projMMdm": [
                9.938627545774322,
                10.040992610715678,
                10.138138806017325
        ],
        "projMMtotal": [
                10.408693016377113,
                10.431220504695421,
                10.451304440164725
        ],
        "projMfdm": [
                0.3281082055302821,
                0.40245642322448805,
                0.4938489320663995
        ],
        "Dstar": -0.18270253109540577,
        "Ddm": -0.5785639879528378,
        "Dtotal": -0.32089260810900067,
        "Dfdm": -0.38126784703465055,
        "projDstar": -0.20689579974390773,
        "projDdm": -0.28304118972742853,
        "projDtotal": -0.2462034760320288,
        "projDfdm": -0.05987233542619044,
        "DthetaE": 0,
        "PL_slope1": -2.707464899442958,
        "AV_slope1": 2.7354812423380186,
        "PL_slope2": -2.6652582686961663,
        "AV_slope2": 2.650396915107344
}