{
        "Reff": 0.3465146838858552,
        "R": 0.8662867097146381,
        "MthetaE": 1.0543693693693692,
        "Mstar": 11.033412259839897,
        "Mdm": 10.707664354405054,
        "Mbh": 8.772610664367676,
        "Mtotal": 11.201419526893796,
        "fdm": 0.32080773240888977,
        "projMstar": 11.066829826989872,
        "projMdm": 10.9365370114967,
        "projMtotal": 11.30758134804791,
        "projfdm": 0.42555496657047037,
        "MMstar": [
                11.184729761328276,
                11.195680104310224,
                11.215029701166229
        ],
        "MMdm": [
                10.006211545277012,
                10.0818669549696,
                10.14310462046119
        ],
        "MMbh": -Infinity,
        "MMtotal": [
                11.220035259893852,
                11.230058132305182,
                11.241784126648707
        ],
        "Mfdm": [
                0.058406315944308534,
                0.07224598847497292,
                0.08200572077958518
        ],
        "MMthetaE": 1.0536958910447327,
        "projMMstar": [
                11.201575036189002,
                11.212634868855766,
                11.23153622383641
        ],
        "projMMdm": [
                10.492169688513462,
                10.566487500626971,
                10.600293323113329
        ],
        "projMMtotal": [
                11.298507454186538,
                11.301175329483133,
                11.30426112371519
        ],
        "projMfdm": [
                0.15422344974465274,
                0.18427655459853817,
                0.20021096018764342
        ],
        "Dstar": 0.4530074614088208,
        "Ddm": -0.7632976331567723,
        "Dtotal": 0.06816564401545629,
        "Dfdm": -0.7747997283840689,
        "projDstar": 0.3989591780559976,
        "projDdm": -0.5734691097673155,
        "projDtotal": -0.01464214857887063,
        "projDfdm": -0.5669735543598159,
        "DthetaE": 0.000638749895626525
}