{
        "Reff": 0.939249303987715,
        "R": 2.3481232599692876,
        "MthetaE": 0.533108108108108,
        "Mstar": 10.604974350344044,
        "Mdm": 10.636557129014498,
        "Mbh": 8.183881759643555,
        "Mtotal": 10.922082767596338,
        "fdm": 0.5181725007822032,
        "projMstar": 10.683114804351895,
        "projMdm": 10.839507247386114,
        "projMtotal": 11.069343059823062,
        "projfdm": 0.5890663132213828,
        "MMstar": [
                10.533459305998162,
                10.56694726587847,
                10.599370028423502
        ],
        "MMdm": [
                10.616840525298072,
                10.668012938033113,
                10.718826574379346
        ],
        "MMbh": -Infinity,
        "MMtotal": [
                10.903482995231801,
                10.922013458214346,
                10.940985201382702
        ],
        "Mfdm": [
                0.5151632789178884,
                0.5594667178991068,
                0.604625643626461
        ],
        "MMthetaE": 0.5475522655640054,
        "projMMstar": [
                10.556386506054219,
                10.589077382632613,
                10.621485807449119
        ],
        "projMMdm": [
                10.764781733718735,
                10.818767124195556,
                10.876826026497941
        ],
        "projMMtotal": [
                10.995429096674629,
                11.019930835375966,
                11.050817749816739
        ],
        "projMfdm": [
                0.5883796517385097,
                0.6307763178713667,
                0.67288575146
        ],
        "Dstar": -0.08383664753361433,
        "Ddm": 0.07511719789437803,
        "Dtotal": -0.00015957801585581371,
        "Dfdm": 0.07969202737422047,
        "projDstar": -0.19469095260804195,
        "projDdm": -0.04663352312268053,
        "projDtotal": -0.10754202335061157,
        "projDfdm": 0.07080697658959224,
        "DthetaE": -0.027094237052887268
}