{
        "Reff": 0.939249303987715,
        "R": 2.3481232599692876,
        "MthetaE": 0.533108108108108,
        "Mstar": 10.604974350344044,
        "Mdm": 10.636557129014498,
        "Mbh": 8.183881759643555,
        "Mtotal": 10.922082767596338,
        "fdm": 0.5181725007822032,
        "projMstar": 10.683114804351895,
        "projMdm": 10.839507247386114,
        "projMtotal": 11.069343059823062,
        "projfdm": 0.5890663132213828,
        "MMstar": [
                10.53267297201344,
                10.569069692894054,
                10.600162020839884
        ],
        "MMdm": [
                10.618568127545357,
                10.668012938033113,
                10.717464990648939
        ],
        "MMbh": -Infinity,
        "MMtotal": [
                10.904045377605145,
                10.922510834385301,
                10.939065067358
        ],
        "Mfdm": [
                0.5121674822753122,
                0.5562573287991512,
                0.6021885131316553
        ],
        "MMthetaE": 0.5400234219125003,
        "projMMstar": [
                10.556004324146727,
                10.592170748051036,
                10.622631240526177
        ],
        "projMMdm": [
                10.769963524876024,
                10.822235485725846,
                10.869824123160589
        ],
        "projMMtotal": [
                10.995936146095763,
                11.02216010884346,
                11.049186681493145
        ],
        "projMfdm": [
                0.5883612514958411,
                0.6317541195210571,
                0.6696759603071715
        ],
        "Dstar": -0.07934833578045403,
        "Ddm": 0.07511719789437803,
        "Dtotal": 0.0009861461297325231,
        "Dfdm": 0.0734983580939887,
        "projDstar": -0.18893447136537816,
        "projDdm": -0.038989266451134895,
        "projDtotal": -0.10294917691350793,
        "projDfdm": 0.07246689437430341,
        "DthetaE": -0.012971691293410059
}