{
        "Reff": 0.3281228274892596,
        "R": 0.820307068723149,
        "MthetaE": 0.48572072072072064,
        "Mstar": 10.274916680793552,
        "Mdm": 9.978328628691802,
        "Mbh": [
                7.912351131439209,
                6.072244644165039
        ],
        "Mtotal": 10.452493641424239,
        "fdm": 0.33561007300127427,
        "projMstar": 10.326488342157434,
        "projMdm": 10.217604109693584,
        "projMtotal": 10.576479688232805,
        "projfdm": 0.43764746926103454,
        "MMstar": [
                10.236355331481453,
                10.25669110075069,
                10.287010041707367
        ],
        "MMdm": [
                9.935806212166073,
                10.000819396617326,
                10.035319924897035
        ],
        "MMbh": -Infinity,
        "MMtotal": [
                10.4418268706917,
                10.447617591957492,
                10.455164202842168
        ],
        "Mfdm": [
                0.3084997640361724,
                0.35719710422291245,
                0.38461838174579505
        ],
        "MMthetaE": 0.509223606974525,
        "projMMstar": [
                10.25764415977818,
                10.277685599263771,
                10.308576273038854
        ],
        "projMMdm": [
                10.269214315749487,
                10.32910878552436,
                10.361942186897549
        ],
        "projMMtotal": [
                10.58824882525948,
                10.605819854483402,
                10.616464607075544
        ],
        "projMfdm": [
                0.4782087479247365,
                0.5320418868359199,
                0.5579746681318901
        ],
        "Dstar": -0.041097568317960416,
        "Ddm": 0.053151299383662906,
        "Dtotal": -0.01116472544973473,
        "Dfdm": 0.06432176194412444,
        "projDstar": -0.10628868362135364,
        "projDdm": 0.29272061880611117,
        "projDtotal": 0.06989255702278147,
        "projDfdm": 0.21568596691366648,
        "DthetaE": -0.04838765416252024
}