{
        "Reff": 0.5148342648334497,
        "R": 0.5804954954954954,
        "MthetaE": 0.5804954954954954,
        "Mstar": 10.332992349204273,
        "Mdm": 9.915833221302163,
        "Mbh": 8.260486602783203,
        "Mtotal": 10.473715443571665,
        "fdm": 0.2767692123056929,
        "projMstar": 10.40732278043186,
        "projMdm": 10.179791668756826,
        "projMtotal": 10.609320580506106,
        "projfdm": 0.3719384597388031,
        "MMstar": 10.206955591618032,
        "MMdm": 9.796505209788,
        "MMbh": -Infinity,
        "MMtotal": 10.349545856167468,
        "Mfdm": 0.27987193703399127,
        "MMthetaE": 0.5475522655640054,
        "projMMstar": 10.235938742750108,
        "projMMdm": 10.20358845928098,
        "projMMtotal": 10.521094745732693,
        "projMfdm": 0.48138628583989895,
        "Dstar": -0.2518938199829213,
        "Ddm": -0.24024776124434033,
        "Dtotal": -0.24867054947937842,
        "Dfdm": 0.011210512551054245,
        "projDstar": -0.3260681799235289,
        "projDdm": 0.05632313245751298,
        "projDtotal": -0.18384214417902472,
        "projDfdm": 0.2942632665037021,
        "DthetaE": 0.056750190461634084
}