{
        "Reff": 0.9662426539989696,
        "R": 2.415606634997424,
        "MthetaE": 0.45018018018018013,
        "Mstar": 10.5918964286169,
        "Mdm": 10.646142705336276,
        "Mbh": 8.30414867401123,
        "Mtotal": 10.920895977836436,
        "fdm": 0.5311861312447683,
        "projMstar": 10.67843889325413,
        "projMdm": 10.847396843209468,
        "projMtotal": 11.07211299151808,
        "projfdm": 0.5960515911979375,
        "MMstar": [
                -Infinity,
                -Infinity,
                -Infinity
        ],
        "MMdm": [
                -Infinity,
                -Infinity,
                -Infinity
        ],
        "MMbh": -Infinity,
        "MMtotal": [
                -Infinity,
                -Infinity,
                -Infinity
        ],
        "Mfdm": [
                0.0,
                0.0,
                0.0
        ],
        "MMthetaE": 0.4500195182604169,
        "projMMstar": [
                10.528522459498683,
                10.57943066709878,
                10.59204991423174
        ],
        "projMMdm": [
                11.21992872341156,
                11.263255989370766,
                11.349080038467354
        ],
        "projMMtotal": [
                11.312524401431034,
                11.3450773244881,
                11.41012094399953
        ],
        "projMfdm": [
                0.8083667059207496,
                0.8285723789838898,
                0.8687963784654963
        ],
        "Dstar": -1.0,
        "Ddm": -1.0,
        "Dtotal": -1.0,
        "Dfdm": -1.0,
        "projDstar": -0.2038557298306382,
        "projDdm": 1.605308438616527,
        "projDtotal": 0.8748405278948107,
        "projDfdm": 0.3901017818250175,
        "DthetaE": 0.00035688359202955825
}