{
        "Reff": 0.9662426539989696,
        "R": 2.415606634997424,
        "MthetaE": 0.0,
        "Mstar": 10.5918964286169,
        "Mdm": 10.646142705336276,
        "Mbh": 8.30414867401123,
        "Mtotal": 10.920895977836436,
        "fdm": 0.5311861312447683,
        "projMstar": 10.67843889325413,
        "projMdm": 10.847396843209468,
        "projMtotal": 11.07211299151808,
        "projfdm": 0.5960515911979375,
        "MMstar": 10.63470220706505,
        "MMdm": 10.70987496622233,
        "MMbh": -Infinity,
        "MMtotal": 10.974943028271225,
        "Mfdm": 0.5431652006998456,
        "MMthetaE": 0.0,
        "projMMstar": 10.655192318336908,
        "projMMdm": 10.972543747891807,
        "projMMtotal": 11.143262395509256,
        "projMfdm": 0.6749651540309274,
        "Dstar": 0.10358497347115321,
        "Ddm": 0.15806319923665504,
        "Dtotal": 0.13252305145260918,
        "Dfdm": 0.022551547848220107,
        "projDstar": -0.052119857675574796,
        "projDdm": 0.3339725861314165,
        "projDtotal": 0.17801115780508253,
        "projDfdm": 0.13239384643599447,
        "DthetaE": 0
}