{
        "Reff": 0.544754228166559,
        "R": 0.6397297297297296,
        "MthetaE": 0.6397297297297296,
        "Mstar": 10.387700894003224,
        "Mdm": 9.983169393265646,
        "Mbh": 8.265588760375977,
        "Mtotal": 10.531955832442545,
        "fdm": 0.2826269428551476,
        "projMstar": 10.480275896075595,
        "projMdm": 10.275593071737097,
        "projMtotal": 10.690912870135643,
        "projfdm": 0.3843086871203482,
        "MMstar": [
                -Infinity,
                -Infinity,
                -Infinity
        ],
        "MMdm": [
                -Infinity,
                -Infinity,
                -Infinity
        ],
        "MMbh": -Infinity,
        "MMtotal": [
                -Infinity,
                -Infinity,
                -Infinity
        ],
        "Mfdm": [
                0.0,
                0.0,
                0.0
        ],
        "MMthetaE": 0.7258489720382846,
        "projMMstar": [
                10.373180625700304,
                10.377737938795743,
                10.381357623557763
        ],
        "projMMdm": [
                10.296949670253152,
                10.30223574824573,
                10.308414006650573
        ],
        "projMMtotal": [
                10.642174690807842,
                10.642622666426446,
                10.64309832538148
        ],
        "projMfdm": [
                0.45156501750416106,
                0.4566687936560886,
                0.4627851018902656
        ],
        "Dstar": -1.0,
        "Ddm": -1.0,
        "Dtotal": -1.0,
        "Dfdm": -1.0,
        "projDstar": -0.21030017327599088,
        "projDdm": 0.06326783575860329,
        "projDtotal": -0.10523333410820826,
        "projDfdm": 0.1882864191229704,
        "DthetaE": -0.13461816499436136
}