{
        "Reff": 0.3939136227063193,
        "R": 0.45018018018018013,
        "MthetaE": 0.45018018018018013,
        "Mstar": 10.143283281527738,
        "Mdm": 9.666221446383181,
        "Mbh": 8.139239311218262,
        "Mtotal": 10.268236873791992,
        "fdm": 0.2500256543701848,
        "projMstar": 10.238793465359723,
        "projMdm": 9.866167182171507,
        "projMtotal": 10.392305795077736,
        "projfdm": 0.29775659339548977,
        "MMstar": -Infinity,
        "MMdm": -Infinity,
        "MMbh": -Infinity,
        "MMtotal": -Infinity,
        "Mfdm": 0.0,
        "MMthetaE": 0.4500195182604169,
        "projMMstar": 10.257581690718064,
        "projMMdm": 9.547734581515344,
        "projMMtotal": 10.334968899030015,
        "projMfdm": 0.16321710951991855,
        "Dstar": -1.0,
        "Ddm": -1.0,
        "Dtotal": -1.0,
        "Dfdm": -1.0,
        "projDstar": 0.04421090739385192,
        "projDdm": -0.5196393770709348,
        "projDtotal": -0.12367923249346088,
        "projDfdm": -0.45184384446819487,
        "DthetaE": 0.00035688359202955825
}