{
        "Reff": 1.1035545250518053,
        "R": 2.7588863126295133,
        "Mstar": 10.900018194349306,
        "Mdm": 10.946230299126873,
        "Mbh": 8.0,
        "Mtotal": 11.22476861582299,
        "fdm": 0.5265767543183801,
        "MMstar": 10.859032105040702,
        "MMdm": 10.992955078831717,
        "MMbh": -Infinity,
        "MMtotal": 11.232165475312458,
        "Mfdm": 0.5764871132055872,
        "Dstar": -0.09005758187781872,
        "Ddm": 0.11358860862491195,
        "Dtotal": 0.017177768146411622,
        "Dfdm": 0.09478268548297927
}