{
        "Reff": 0.5423966499825412,
        "R": 0.6417567567567567,
        "MthetaE": 0.6417567567567567,
        "Mstar": 10.388282076892112,
        "Mdm": 9.98513147812508,
        "Mbh": 8.265588760375977,
        "Mtotal": 10.532927740751498,
        "fdm": 0.2832720577494838,
        "projMstar": 10.480813511629297,
        "projMdm": 10.277604735420702,
        "projMtotal": 10.692017567250938,
        "projfdm": 0.3851121035918841,
        "MMstar": [
                10.380784879226711,
                10.410280826327753,
                10.430599728135197
        ],
        "MMdm": [
                9.664692473301397,
                9.713827220422425,
                9.766981459119027
        ],
        "MMbh": -Infinity,
        "MMtotal": [
                10.474277559617915,
                10.489487885714947,
                10.500230065007369
        ],
        "Mfdm": [
                0.14682499627980797,
                0.16743717738841468,
                0.19515859524935597
        ],
        "MMthetaE": 0.6364252723388055,
        "projMMstar": [
                10.402051860307978,
                10.432208448041665,
                10.45276133215235
        ],
        "projMMdm": [
                10.18573594199732,
                10.230559421010307,
                10.282316773961798
        ],
        "projMMtotal": [
                10.639469060924712,
                10.643432421008667,
                10.647789834443895
        ],
        "projMfdm": [
                0.35137830346182447,
                0.3854158595615675,
                0.43053070135973975
        ],
        "Dstar": 0.05195884467091387,
        "Ddm": -0.4645785790506113,
        "Dtotal": -0.09518426400569772,
        "Dfdm": -0.4089174247588851,
        "projDstar": -0.1058817973871954,
        "projDdm": -0.10266483859128726,
        "projDtotal": -0.10584079094998677,
        "projDfdm": 0.0007887468787667758,
        "DthetaE": 0.008307640491227347
}