{
        "Reff": 0.5423966499825412,
        "R": 0.6417567567567567,
        "MthetaE": 0.6417567567567567,
        "Mstar": 10.388282076892112,
        "Mdm": 9.98513147812508,
        "Mbh": 8.265588760375977,
        "Mtotal": 10.532927740751498,
        "fdm": 0.2832720577494838,
        "projMstar": 10.480813511629297,
        "projMdm": 10.277604735420702,
        "projMtotal": 10.692017567250938,
        "projfdm": 0.3851121035918841,
        "MMstar": [
                10.381881532398957,
                10.410595108498608,
                10.43176293699102
        ],
        "MMdm": [
                9.658615351750246,
                9.71026870295844,
                9.765467424253622
        ],
        "MMbh": -Infinity,
        "MMtotal": [
                10.474686500051625,
                10.48954584914153,
                10.500160331946526
        ],
        "Mfdm": [
                0.14508214304087097,
                0.16687365557851722,
                0.19446341780305623
        ],
        "MMthetaE": 0.6364252723388055,
        "projMMstar": [
                10.403118049429793,
                10.43262466429628,
                10.453936296391788
        ],
        "projMMdm": [
                10.182881003046182,
                10.228298431655626,
                10.281197983258364
        ],
        "projMMtotal": [
                10.639065726398101,
                10.643392955041675,
                10.648010647487904
        ],
        "projMfdm": [
                0.3489417835411773,
                0.3848026524437991,
                0.4298298768643195
        ],
        "Dstar": 0.05272038223941115,
        "Ddm": -0.46894778472194687,
        "Dtotal": -0.09506349406108085,
        "Dfdm": -0.41090675549053046,
        "projDstar": -0.10502448759020644,
        "projDdm": -0.10732433399481237,
        "projDtotal": -0.10592204285608846,
        "projDfdm": -0.0008035352438908032,
        "DthetaE": 0.008307640491227347
}