{
        "Reff": 0.3252354630461267,
        "R": 0.45018018018018013,
        "MthetaE": 0.45018018018018013,
        "Mstar": 10.157419078496352,
        "Mdm": 9.745693003339381,
        "Mbh": 8.01979923248291,
        "Mtotal": 10.299652689733843,
        "fdm": 0.27928030725671116,
        "projMstar": 10.210306231675538,
        "projMdm": 9.953741366541735,
        "projMtotal": 10.401730642113568,
        "projfdm": 0.3564599357065718,
        "MMstar": 10.136155405699723,
        "MMdm": 9.486840404593089,
        "MMbh": -Infinity,
        "MMtotal": 10.224016826684323,
        "Mfdm": 0.18315702381691298,
        "MMthetaE": 0.4500195182604169,
        "projMMstar": 10.162192250350932,
        "projMMdm": 9.880010959018911,
        "projMMtotal": 10.3446577385482,
        "projMfdm": 0.3430466799072948,
        "Dstar": -0.0477821306396481,
        "Ddm": -0.44900532556930783,
        "Dtotal": -0.15983586779812278,
        "Dfdm": -0.34418210286285167,
        "projDstar": -0.10487019362021378,
        "projDdm": -0.15614157155270297,
        "projDtotal": -0.12314638570161615,
        "projDfdm": -0.037629069793465995,
        "DthetaE": 0.00035688359202955825
}