{
        "Reff": 0.9365583424776647,
        "R": 2.3413958561941617,
        "Mstar": 10.604331395051114,
        "Mdm": 10.634915923094567,
        "Mbh": 8.0,
        "Mtotal": 10.920922832725646,
        "fdm": 0.5175985968843835,
        "MMstar": 10.578577424884873,
        "MMdm": 10.681162146719435,
        "MMbh": -Infinity,
        "MMtotal": 10.93392170866423,
        "Mfdm": 0.5587794656806988,
        "Dstar": -0.05757666749431964,
        "Ddm": 0.11236220323485632,
        "Dtotal": 0.03038345355121855,
        "Dfdm": 0.07956139959458573
}