{
        "Reff": 0.4021615124324089,
        "R": 0.4991441441441441,
        "MthetaE": 0.4991441441441441,
        "Mstar": 10.17436317565442,
        "Mdm": 9.72089648319492,
        "Mbh": 8.139239311218262,
        "Mtotal": 10.305337431414026,
        "fdm": 0.26035088109582466,
        "projMstar": 10.26410891081594,
        "projMdm": 9.912543732512981,
        "projMtotal": 10.423999797875984,
        "projfdm": 0.30799519036570894,
        "MMstar": [
                10.185163182076245,
                10.211673230534553,
                10.243556033349382
        ],
        "MMdm": [
                9.158463749623683,
                9.29819169108842,
                9.415870096535278
        ],
        "MMbh": -Infinity,
        "MMtotal": [
                10.246522145633216,
                10.262773113797087,
                10.282805595457294
        ],
        "Mfdm": [
                0.07568131895604696,
                0.10976747280451779,
                0.14335021513062707
        ],
        "MMthetaE": 0.4500005387316103,
        "projMMstar": [
                10.224873665075526,
                10.25108153526081,
                10.281355950600549
        ],
        "projMMdm": [
                9.564191738903709,
                9.698719408142965,
                9.797239301947661
        ],
        "projMMtotal": [
                10.344696918903331,
                10.359585885745055,
                10.374917111373659
        ],
        "projMfdm": [
                0.16356467305881955,
                0.22064414657852446,
                0.27148892880018466
        ],
        "Dstar": 0.08970778831541484,
        "Ddm": -0.6221710704165567,
        "Dtotal": -0.09335831607853963,
        "Dfdm": -0.578386397839319,
        "projDstar": -0.029551206480819256,
        "projDdm": -0.38881079411480335,
        "projDtotal": -0.13784353757363563,
        "projDfdm": -0.2836117138175604,
        "DthetaE": 0.09845573866602751
}