{
        "Reff": 0.4021615124324089,
        "R": 0.4991441441441441,
        "MthetaE": 0.4991441441441441,
        "Mstar": 10.17436317565442,
        "Mdm": 9.72089648319492,
        "Mbh": 8.139239311218262,
        "Mtotal": 10.305337431414026,
        "fdm": 0.26035088109582466,
        "projMstar": 10.26410891081594,
        "projMdm": 9.912543732512981,
        "projMtotal": 10.423999797875984,
        "projfdm": 0.30799519036570894,
        "MMstar": [
                10.184716258289772,
                10.208886435156439,
                10.238925889977377
        ],
        "MMdm": [
                9.172463398098849,
                9.298407974376207,
                9.406442163215923
        ],
        "MMbh": -Infinity,
        "MMtotal": [
                10.24526041655855,
                10.262081595862659,
                10.28031141290866
        ],
        "Mfdm": [
                0.08137031935962417,
                0.10902241065793554,
                0.1403611082818496
        ],
        "MMthetaE": 0.4500005387316103,
        "projMMstar": [
                10.223953606751975,
                10.248820283360017,
                10.275869020638824
        ],
        "projMMdm": [
                9.57515765940887,
                9.699287053688636,
                9.78892206193807
        ],
        "projMMtotal": [
                10.342397047055014,
                10.358012014727745,
                10.373918041548828
        ],
        "projMfdm": [
                0.16845432897920906,
                0.21839107810843722,
                0.2644898793206791
        ],
        "Dstar": 0.0827377017387653,
        "Ddm": -0.6219828607152257,
        "Dtotal": -0.09480079377208893,
        "Dfdm": -0.5812481594106501,
        "projDstar": -0.03459093477093133,
        "projDdm": -0.3880114156351288,
        "projDtotal": -0.14096231381165708,
        "projDfdm": -0.2909269854210292,
        "DthetaE": 0.09845573866602751
}