{
        "Reff": 0.9842781252851374,
        "R": 2.4606953132128435,
        "MthetaE": 1.2083783783783781,
        "Mstar": 11.047832343965455,
        "Mdm": 11.001254446472288,
        "Mbh": 8.475809097290039,
        "Mtotal": 11.326197524289501,
        "fdm": 0.4732132780951882,
        "projMstar": 11.149499647980916,
        "projMdm": 11.24215644498053,
        "projMtotal": 11.499324412551626,
        "projfdm": 0.5531361371153823,
        "MMstar": 11.214489468670147,
        "MMdm": 10.568994562387322,
        "MMbh": -Infinity,
        "MMtotal": 11.303053085125073,
        "Mfdm": 0.18447668134906678,
        "MMthetaE": 1.2504724864817973,
        "projMMstar": 11.231886471342689,
        "projMMdm": 10.818611350083664,
        "projMMtotal": 11.373688020276141,
        "projMfdm": 0.27856293512092317,
        "Dstar": 0.46776701869531007,
        "Ddm": -0.630393061130538,
        "Dtotal": -0.05189691255235301,
        "Dfdm": -0.6101616546102944,
        "projDstar": 0.20889010653119738,
        "projDdm": -0.6229014129919759,
        "projDtotal": -0.25120384146318486,
        "projDfdm": -0.49639353419641813,
        "DthetaE": -0.034835204648322744
}