{
        "Reff": 1.1035545250518053,
        "R": 0.6634234234234233,
        "MthetaE": 0.6634234234234233,
        "Mstar": 10.522028515683154,
        "Mdm": 10.064407877741875,
        "Mbh": 8.336731910705566,
        "Mtotal": 10.6519251077602,
        "fdm": 0.25851322760668544,
        "projMstar": 10.610449633395211,
        "projMdm": 10.389287224511984,
        "projMtotal": 10.814827120951854,
        "projfdm": 0.37537046949957625,
        "MMstar": 10.636746061951202,
        "MMdm": 9.117324240157975,
        "MMbh": -Infinity,
        "MMtotal": 10.649684363778007,
        "Mfdm": 0.029352147176672956,
        "MMthetaE": 0.6491916548593238,
        "projMMstar": 10.692541767719964,
        "projMMdm": 9.585529494947282,
        "projMMtotal": 10.72522521335863,
        "projMfdm": 0.0724943702570746,
        "Dstar": 0.3023195085351875,
        "Ddm": -0.887042164347318,
        "Dtotal": -0.0051462163133557896,
        "Dfdm": -0.8864578518924736,
        "projDstar": 0.20807009651828953,
        "projDdm": -0.842876092706724,
        "projDtotal": -0.18642406794989422,
        "projDfdm": -0.8068724736026246,
        "DthetaE": 0.021452013995315607
}