{
        "Reff": 0.33542414752571365,
        "R": 0.48572072072072064,
        "MthetaE": 0.48572072072072064,
        "Mstar": 10.193931422797494,
        "Mdm": 9.704516155365626,
        "Mbh": [
                7.912351131439209,
                6.072244644165039
        ],
        "Mtotal": 10.315829128814833,
        "fdm": 0.2447298965108559,
        "projMstar": 10.263860798608103,
        "projMdm": 9.965676135596594,
        "projMtotal": 10.440902574668815,
        "projfdm": 0.3347908352976755,
        "MMstar": [
                10.19659090939268,
                10.2413369267709,
                10.277314325126579
        ],
        "MMdm": [
                9.413270630725501,
                9.534851849458299,
                9.658919236255585
        ],
        "MMbh": -Infinity,
        "MMtotal": [
                10.304641503193823,
                10.319276201223248,
                10.33417342279488
        ],
        "Mfdm": [
                0.1215157034714201,
                0.16490949817120218,
                0.22485146925706112
        ],
        "MMthetaE": 0.48492597519012226,
        "projMMstar": [
                10.219433104859842,
                10.265057923826593,
                10.301971996049435
        ],
        "projMMdm": [
                9.789322039527624,
                9.89404062713609,
                10.00768458027471
        ],
        "projMMtotal": [
                10.412737971894224,
                10.421006813320579,
                10.427105126462473
        ],
        "projMfdm": [
                0.2367699035841111,
                0.29786598196135605,
                0.3818812943370071
        ],
        "Dstar": 0.11533544452583176,
        "Ddm": -0.32339423463968214,
        "Dtotal": 0.007968760440149597,
        "Dfdm": -0.32615712047307216,
        "projDstar": 0.0027602852740562906,
        "projDdm": -0.1520612324796885,
        "projDtotal": -0.044778170708647626,
        "projDfdm": -0.11029230624992507,
        "DthetaE": 0.001636219120771968
}