{
        "Reff": 0.23513420348217307,
        "R": 0.5878355087054327,
        "MthetaE": 0.29617117117117114,
        "Mstar": 10.050722827275926,
        "Mdm": 9.733344266485139,
        "Mbh": 7.900820732116699,
        "Mtotal": 10.22143265648222,
        "fdm": 0.3250211405665837,
        "projMstar": 10.118482880290474,
        "projMdm": 9.9181948845171,
        "projMtotal": 10.330814090773245,
        "projfdm": 0.3867058960445534,
        "MMstar": [
                10.180456830651675,
                10.195166650463454,
                10.205650423452884
        ],
        "MMdm": [
                8.358912890668002,
                8.49446351867977,
                8.575897120461011
        ],
        "MMbh": -Infinity,
        "MMtotal": [
                10.189500091777765,
                10.203106397086167,
                10.213902761169711
        ],
        "Mfdm": [
                0.014228840357291793,
                0.01950471035254825,
                0.023513186753331267
        ],
        "MMthetaE": 0.3247669375126507,
        "projMMstar": [
                10.200950822039019,
                10.215331984284877,
                10.226193169103865
        ],
        "projMMdm": [
                8.784151443550622,
                8.925990213606232,
                8.990226767413487
        ],
        "projMMtotal": [
                10.222852947134578,
                10.235556273465999,
                10.246759021409746
        ],
        "projMfdm": [
                0.0357715043365537,
                0.04918206850843285,
                0.05645585854592006
        ],
        "Dstar": 0.39458125425013746,
        "Ddm": -0.9423075141524541,
        "Dtotal": -0.041319837978758975,
        "Dfdm": -0.9399894101702209,
        "projDstar": 0.24982470205931162,
        "projDdm": -0.8981888532642824,
        "projDtotal": -0.19695074655474973,
        "projDfdm": -0.8728178985334982,
        "DthetaE": -0.0965514848335887
}