{
        "Reff": 0.9842781252851374,
        "R": 2.4606953132128435,
        "MthetaE": 1.2083783783783781,
        "Mstar": 11.047832343965455,
        "Mdm": 11.001254446472288,
        "Mbh": 8.475809097290039,
        "Mtotal": 11.326197524289501,
        "fdm": 0.4732132780951882,
        "projMstar": 11.149499647980916,
        "projMdm": 11.24215644498053,
        "projMtotal": 11.499324412551626,
        "projfdm": 0.5531361371153823,
        "MMstar": [
                -Infinity,
                -Infinity,
                -Infinity
        ],
        "MMdm": [
                -Infinity,
                -Infinity,
                -Infinity
        ],
        "MMbh": -Infinity,
        "MMtotal": [
                -Infinity,
                -Infinity,
                -Infinity
        ],
        "Mfdm": [
                0.0,
                0.0,
                0.0
        ],
        "MMthetaE": 1.2111171673943844,
        "projMMstar": [
                11.135834613688928,
                11.136715645714883,
                11.137527560272789
        ],
        "projMMdm": [
                11.16377646416052,
                11.166470205170773,
                11.169301556532545
        ],
        "projMMtotal": [
                11.451904816159583,
                11.452875776761351,
                11.453909720839954
        ],
        "projMfdm": [
                0.5151075632615791,
                0.5171342513425737,
                0.5192775025213693
        ],
        "Dstar": -1.0,
        "Ddm": -1.0,
        "Dtotal": -1.0,
        "Dfdm": -1.0,
        "projDstar": -0.02900722650054738,
        "projDdm": -0.1599333184776486,
        "projDtotal": -0.10143113955788904,
        "projDfdm": -0.06508684455251698,
        "DthetaE": -0.002266499521186088
}