{
        "Reff": 0.35973259940631447,
        "R": 0.8993314985157862,
        "MthetaE": 0.46202702702702697,
        "Mstar": 10.278276772675927,
        "Mdm": 10.21103561277337,
        "Mbh": 8.119908332824707,
        "Mtotal": 10.546986246559046,
        "fdm": 0.4613700154676134,
        "projMstar": 10.370522904662561,
        "projMdm": 10.460775180326277,
        "projMtotal": 10.719019287230033,
        "projfdm": 0.5517672164880664,
        "MMstar": 10.517585801137114,
        "MMdm": 9.036177331937022,
        "MMbh": -Infinity,
        "MMtotal": 10.531688601574317,
        "Mfdm": 0.0319513145231159,
        "MMthetaE": 0.458917242575832,
        "projMMstar": 10.531452760370996,
        "projMMdm": 9.34173941203612,
        "projMMtotal": 10.558642507234799,
        "projMfdm": 0.06068717267118754,
        "Dstar": 0.735038149867993,
        "Ddm": -0.9331437952566218,
        "Dtotal": -0.0346109799569441,
        "Dfdm": -0.9307468767975045,
        "projDstar": 0.4485378766621424,
        "projDdm": -0.9239736340597328,
        "projDtotal": -0.30876897920669744,
        "projDfdm": -0.890013087298926,
        "DthetaE": 0.006730741426979472,
        "PL_slope1": -3.563081198651249,
        "AV_slope1": 3.4604137528132917,
        "PL_slope2": -2.871474902271226,
        "AV_slope2": 2.8150228063519456
}