{
        "Reff": 0.35973259940631447,
        "R": 0.8993314985157862,
        "MthetaE": 0.46202702702702697,
        "Mstar": 10.278276772675927,
        "Mdm": 10.21103561277337,
        "Mbh": 8.119908332824707,
        "Mtotal": 10.546986246559046,
        "fdm": 0.4613700154676134,
        "projMstar": 10.370522904662561,
        "projMdm": 10.460775180326277,
        "projMtotal": 10.719019287230033,
        "projfdm": 0.5517672164880664,
        "MMstar": 10.517027950243072,
        "MMdm": 9.10443879302256,
        "MMbh": -Infinity,
        "MMtotal": 10.533506903595109,
        "Mfdm": 0.03723333084977969,
        "MMthetaE": 0.458917242575832,
        "projMMstar": 10.530737166349581,
        "projMMdm": 9.40833530693184,
        "projMMtotal": 10.562323103710971,
        "projMfdm": 0.07014750088573754,
        "Dstar": 0.7328109255746155,
        "Ddm": -0.9217646228973723,
        "Dtotal": -0.03056062081624069,
        "Dfdm": -0.9192983297537389,
        "projDstar": 0.44615306273088734,
        "projDdm": -0.911374208541603,
        "projDtotal": -0.3028859810457747,
        "projDfdm": -0.8728675811291977,
        "DthetaE": 0.006730741426979472
}