{
        "Reff": 0.3465146838858552,
        "R": 1.0543693693693692,
        "MthetaE": 1.0543693693693692,
        "Mstar": 11.051047526846789,
        "Mdm": 10.793390939483196,
        "Mbh": 8.772610664367676,
        "Mtotal": 11.242083096745356,
        "fdm": 0.355883491538148,
        "projMstar": 11.083819296434118,
        "projMdm": 11.030129712404289,
        "projMtotal": 11.35883364304146,
        "projfdm": 0.4691330928669549,
        "MMstar": [
                11.086687045700842,
                11.124178365219828,
                11.157920204967583
        ],
        "MMdm": [
                10.571274358579728,
                10.643708907625872,
                10.713005663741399
        ],
        "MMbh": -Infinity,
        "MMtotal": [
                11.238811588467644,
                11.248994311406115,
                11.260043243444073
        ],
        "Mfdm": [
                0.2082899091534947,
                0.24862914075223738,
                0.296331750049799
        ],
        "MMthetaE": 1.0536958910447327,
        "projMMstar": [
                11.104081520913553,
                11.141821417661845,
                11.175132891716292
        ],
        "projMMdm": [
                10.863170116156077,
                10.929614409427014,
                10.987551048290428
        ],
        "projMMtotal": [
                11.346491340014623,
                11.349114725657655,
                11.351787140861832
        ],
        "projMfdm": [
                0.32821551003485583,
                0.3800433476564779,
                0.432831918078223
        ],
        "Dstar": 0.1833980201917544,
        "Ddm": -0.29153570423579295,
        "Dtotal": 0.016040956492678782,
        "Dfdm": -0.3013748975046621,
        "projDstar": 0.14288391697244532,
        "projDdm": -0.20661369979827832,
        "projDtotal": -0.02213009013034053,
        "projDfdm": -0.1899029221452571,
        "DthetaE": 0.000638749895626525
}