{
        "Reff": 0.3555664498963653,
        "R": 0.8889161247409133,
        "MthetaE": 0.0,
        "Mstar": 10.480429848580666,
        "Mdm": 10.351523516915575,
        "Mbh": 8.265618324279785,
        "Mtotal": 10.72177193583096,
        "fdm": 0.4263355826620924,
        "projMstar": 10.52667769687376,
        "projMdm": 10.557453231213469,
        "projMtotal": 10.843368009626936,
        "projfdm": 0.5177084118819689,
        "MMstar": 10.497164173189516,
        "MMdm": 10.491692295580014,
        "MMbh": -Infinity,
        "MMtotal": 10.795466847832236,
        "Mfdm": 0.496850175714937,
        "MMthetaE": 0.0,
        "projMMstar": 10.50889556559649,
        "projMMdm": 10.820272010266516,
        "projMMtotal": 10.992941767777875,
        "projMfdm": 0.6719396092689706,
        "Dstar": 0.03928419940672836,
        "Ddm": 0.3809208237792934,
        "Dtotal": 0.1849360487173162,
        "Dfdm": 0.16539692186268545,
        "projDstar": -0.04011795359825777,
        "projDdm": 0.831549999844406,
        "projDtotal": 0.41115187826694954,
        "projDfdm": 0.29791132198594533,
        "DthetaE": 0,
        "PL_slope1": -2.985442246833429,
        "AV_slope1": 2.8814116652621498,
        "PL_slope2": -1.7925014361818976,
        "AV_slope2": 1.8243006579562706
}