{
        "Reff": 0.33542414752571353,
        "R": 0.4659807672750291,
        "thetaE": 0.4659807672750291,
        "Mstar": 10.184985034255313,
        "Mdm": 9.6811755515846,
        "Mbh": [
                7.912351131439209,
                6.072244644165039
        ],
        "Mtotal": 10.303403887457089,
        "fdm": 0.23865561905933838,
        "MMstar": 10.237670520767052,
        "MMdm": 9.424033168866618,
        "MMbh": -Infinity,
        "MMtotal": 10.299721964521018,
        "Mfdm": 0.13314081293320015,
        "Dstar": 0.12897801936472955,
        "Ddm": -0.44683127595507754,
        "Dtotal": -0.008442104469940415,
        "Dfdm": -0.4421216082907457
}