{
        "Reff": 0.5148342648334497,
        "R": 0.5804954954954954,
        "MthetaE": 0.5804954954954954,
        "Mstar": 10.332992349204273,
        "Mdm": 9.915833221302163,
        "Mbh": 8.260486602783203,
        "Mtotal": 10.473715443571665,
        "fdm": 0.2767692123056929,
        "projMstar": 10.40732278043186,
        "projMdm": 10.179791668756826,
        "projMtotal": 10.609320580506106,
        "projfdm": 0.3719384597388031,
        "MMstar": [
                10.133670900026422,
                10.152300291225561,
                10.168128289131019
        ],
        "MMdm": [
                9.85184415157202,
                9.871313738183286,
                9.889604083191658
        ],
        "MMbh": -Infinity,
        "MMtotal": [
                10.327762294553512,
                10.33439371896228,
                10.34079771397953
        ],
        "Mfdm": [
                0.32661618455439273,
                0.34393031527080375,
                0.3615675449461191
        ],
        "MMthetaE": 0.5762987595061156,
        "projMMstar": [
                10.160783587984426,
                10.179400099329222,
                10.195935247389393
        ],
        "projMMdm": [
                10.297428137398779,
                10.313775027388177,
                10.332622643838828
        ],
        "projMMtotal": [
                10.550431383318237,
                10.552843883402469,
                10.556078263688384
        ],
        "projMfdm": [
                0.5580173362369717,
                0.5767661442023079,
                0.597563315037268
        ],
        "Dstar": -0.34035854338308025,
        "Ddm": -0.09743078408143836,
        "Dtotal": -0.27443174142840665,
        "Dfdm": 0.2426610330159523,
        "projDstar": -0.40833303875511234,
        "projDdm": 0.36139251540020695,
        "projDtotal": -0.12194180028485477,
        "projDfdm": 0.5507031582787829,
        "DthetaE": 0.0072295754608699084
}