{
        "Reff": 0.3754074905418294,
        "R": 0.9385187263545736,
        "MthetaE": 0.4991441441441441,
        "Mstar": 10.28487101278799,
        "Mdm": 10.233614943059834,
        "Mbh": 8.119908332824707,
        "Mtotal": 10.561028699670167,
        "fdm": 0.47052883535589357,
        "projMstar": 10.376835217113879,
        "projMdm": 10.481706519401403,
        "projMtotal": 10.733458678860627,
        "projfdm": 0.5600771317331104,
        "MMstar": [
                10.44211508376744,
                10.46905215227948,
                10.498184522322319
        ],
        "MMdm": [
                9.852655912384783,
                9.962092807653043,
                10.039379680845569
        ],
        "MMbh": -Infinity,
        "MMtotal": [
                10.57137551210694,
                10.587253435351064,
                10.602658691119297
        ],
        "Mfdm": [
                0.1851689554485226,
                0.23778732411849235,
                0.27976782678280454
        ],
        "MMthetaE": 0.5248205904019576,
        "projMMstar": [
                10.454896666637765,
                10.482413910716705,
                10.51047294992546
        ],
        "projMMdm": [
                10.122721579053092,
                10.227928331037173,
                10.309968763420889
        ],
        "projMMtotal": [
                10.651988065484641,
                10.675405912658366,
                10.699518899123518
        ],
        "projMfdm": [
                0.29261494235061947,
                0.3604049651556717,
                0.4117164438191899
        ],
        "Dstar": 0.5282033222682816,
        "Ddm": -0.46484712294764563,
        "Dtotal": 0.062245098188318054,
        "Dfdm": -0.4946381470146515,
        "projDstar": 0.2752011438215574,
        "projDdm": -0.4425296012413171,
        "projDtotal": -0.12512252768021181,
        "projDfdm": -0.35650833655637815,
        "DthetaE": -0.05144094458293114
}