{
        "Reff": 0.35973259940631414,
        "R": 0.8993314985157853,
        "thetaE": 0.47555110172829945,
        "Mstar": 10.278276772675927,
        "Mdm": 10.211023490954043,
        "Mbh": 8.0,
        "Mtotal": 10.546980653957114,
        "fdm": 0.46136307924665615,
        "MMstar": 10.41114678061539,
        "MMdm": 9.971415032172326,
        "MMbh": -Infinity,
        "MMtotal": 10.545738975796896,
        "Mfdm": 0.2664870175653209,
        "Dstar": 0.357906940061043,
        "Ddm": -0.4240410368445584,
        "Dtotal": -0.002854986374818369,
        "Dfdm": -0.422391973799771
}