{
        "Reff": 0.544754228166559,
        "R": 1.3618855704163977,
        "MthetaE": 0.6397297297297296,
        "Mstar": 10.514315208436313,
        "Mdm": 10.434754337870459,
        "Mbh": 8.265588760375977,
        "Mtotal": 10.777384127747368,
        "fdm": 0.45432873975917076,
        "projMstar": 10.612744809851986,
        "projMdm": 10.67090916452487,
        "projMtotal": 10.943829988181458,
        "projfdm": 0.5334321367791579,
        "MMstar": 10.503730986587382,
        "MMdm": 10.342235874051866,
        "MMbh": -Infinity,
        "MMtotal": 10.731477191455017,
        "Mfdm": 0.40809256511441055,
        "MMthetaE": 0.6365295087181563,
        "projMMstar": 10.529443575365976,
        "projMMdm": 10.881871372101442,
        "projMMtotal": 11.041496759376384,
        "projMfdm": 0.6924279863193287,
        "Dstar": -0.024076494790269923,
        "Ddm": -0.1918694288958494,
        "Dtotal": -0.10030964708295136,
        "Dfdm": -0.10176810445508894,
        "projDstar": -0.1745348065839131,
        "projDdm": 0.625407306212113,
        "projDtotal": 0.2521800239445054,
        "projDfdm": 0.29806199997656946,
        "DthetaE": 0.005002457855015387
}