{
        "Reff": 1.1035545250518053,
        "R": 2.7588863126295133,
        "MthetaE": 0.6634234234234233,
        "Mstar": 10.900020863315055,
        "Mdm": 10.946236990033489,
        "Mbh": 8.336731910705566,
        "Mtotal": 11.22477340265395,
        "fdm": 0.526579062991917,
        "projMstar": 10.958959151544681,
        "projMdm": 11.188491183100519,
        "projMtotal": 11.389745840450614,
        "projfdm": 0.629137167379847,
        "MMstar": [
                10.935667666909925,
                10.959930465260332,
                10.977963376844357
        ],
        "MMdm": [
                10.805882813462494,
                10.859285026261896,
                10.914199972033973
        ],
        "MMbh": -Infinity,
        "MMtotal": [
                11.200101654820603,
                11.213221379841492,
                11.227043891205819
        ],
        "Mfdm": [
                0.40276764885429756,
                0.44265066128851255,
                0.4877195035557378
        ],
        "MMthetaE": 0.6491916548593238,
        "projMMstar": [
                10.959939774425022,
                10.985103552431639,
                11.003192451295028
        ],
        "projMMdm": [
                11.189710973377982,
                11.248424467371523,
                11.303828434373568
        ],
        "projMMtotal": [
                11.404832614187981,
                11.43594901603116,
                11.467264637753257
        ],
        "projMfdm": [
                0.6081860063526936,
                0.6464172198222743,
                0.686777601567005
        ],
        "Dstar": 0.1479146590946686,
        "Ddm": -0.18144467851158985,
        "Dtotal": -0.026248864338777354,
        "Dfdm": -0.15938423610414754,
        "projDstar": 0.06204862470647847,
        "projDdm": 0.14797725724229438,
        "projDtotal": 0.1122519493719223,
        "projDfdm": 0.027466271805865618,
        "DthetaE": 0.021452013995315607
}