{
        "Reff": 0.35973259940631447,
        "R": 0.8993314985157862,
        "MthetaE": 0.0,
        "Mstar": 10.278276772675927,
        "Mdm": 10.21103561277337,
        "Mbh": 8.119908332824707,
        "Mtotal": 10.546986246559046,
        "fdm": 0.4613700154676134,
        "projMstar": 10.370522904662561,
        "projMdm": 10.460775180326277,
        "projMtotal": 10.719019287230033,
        "projfdm": 0.5517672164880664,
        "MMstar": 10.45311387937554,
        "MMdm": 10.078110058407736,
        "MMbh": -Infinity,
        "MMtotal": 10.605919641323633,
        "Mfdm": 0.29661316094317536,
        "MMthetaE": 0.0,
        "projMMstar": 10.467191023727409,
        "projMMdm": 10.475820376690688,
        "projMMtotal": 10.772557128481175,
        "projMfdm": 0.5049672914470179,
        "Dstar": 0.4956745597138577,
        "Ddm": -0.2636666929759645,
        "Dtotal": 0.14533727421515732,
        "Dfdm": -0.35710351561848175,
        "projDstar": 0.2493039671220248,
        "projDdm": 0.03524989795160305,
        "projDtotal": 0.13119594919791727,
        "projDfdm": -0.08481824153838732,
        "DthetaE": 0
}