{
        "Reff": 0.4869602608436856,
        "R": 1.217400652109214,
        "thetaE": 1.2388446542485791,
        "Mstar": 10.871962745737973,
        "Mdm": 10.636325001583948,
        "Mbh": 8.0,
        "Mtotal": 11.070963023250732,
        "fdm": 0.3675885527327633,
        "MMstar": 10.963908123101326,
        "MMdm": 10.40047218183551,
        "MMbh": -Infinity,
        "MMtotal": 11.068822642373624,
        "Mfdm": 0.21460979487971982,
        "Dstar": 0.23579199407090473,
        "Ddm": -0.4190387309363745,
        "Dtotal": -0.0049162844194671085,
        "Dfdm": -0.4161684489784941
}