{
        "Reff": 0.9887552142199191,
        "R": 1.2122072072072072,
        "MthetaE": 1.2122072072072072,
        "Mstar": 10.8958169791626,
        "Mdm": 10.601774166703061,
        "Mbh": 8.475809097290039,
        "Mtotal": 11.07424981195575,
        "fdm": 0.3369181092012998,
        "projMstar": 10.999760479692874,
        "projMdm": 10.874165367113326,
        "projMtotal": 11.242517345854745,
        "projfdm": 0.4282013392411441,
        "MMstar": 11.000441750326162,
        "MMdm": 10.324976510130218,
        "MMbh": -Infinity,
        "MMtotal": 11.083629864585612,
        "Mfdm": 0.17431977052998412,
        "MMthetaE": 1.2600015084485088,
        "projMMstar": 11.03060944040675,
        "projMMdm": 10.558335810532336,
        "projMMtotal": 11.15676516542445,
        "projMfdm": 0.2520987226134535,
        "Dstar": 0.2724032542260491,
        "Ddm": -0.47130848136887027,
        "Dtotal": 0.021833302478591804,
        "Dfdm": -0.482604924552059,
        "projDstar": 0.07361596437768066,
        "projDdm": -0.5167515792664469,
        "projDtotal": -0.17918020845523935,
        "projDfdm": -0.41126124672981784,
        "DthetaE": -0.03942750130269759
}