{
        "Reff": 0.16132178706696065,
        "R": 0.18954954954954953,
        "MthetaE": 0.18954954954954953,
        "Mstar": 9.345171940693744,
        "Mdm": 8.74601141403639,
        "Mbh": 7.548817157745361,
        "Mtotal": 9.442663397311287,
        "fdm": 0.20107034205073515,
        "projMstar": 9.585940106115428,
        "projMdm": 9.095671706651812,
        "projMtotal": 9.707629180051482,
        "projfdm": 0.24436698278553526,
        "MMstar": 9.65239229643422,
        "MMdm": 8.439634253710047,
        "MMbh": -Infinity,
        "MMtotal": 9.678217842241061,
        "Mfdm": 0.05773197454586501,
        "MMthetaE": 0.20156767776074946,
        "projMMstar": 9.721465664413042,
        "projMMdm": 8.837059326008367,
        "projMMtotal": 9.774734286028014,
        "projMfdm": 0.11543168625303632,
        "Dstar": 1.0287118021329074,
        "Ddm": -0.5061184076881559,
        "Dtotal": 0.7201029668543849,
        "Dfdm": -0.7128767278304139,
        "projDstar": 0.3662354764942688,
        "projDdm": -0.44870047364742577,
        "projDtotal": 0.1670920371946796,
        "projDfdm": -0.5276297765875225,
        "DthetaE": -0.06340362316745214
}