{
        "Reff": 0.6862264033777628,
        "R": 1.7155660084444069,
        "MthetaE": 1.1409009009009008,
        "Mstar": 10.843082740015452,
        "Mdm": 10.743798949609562,
        "Mbh": 8.453516006469727,
        "Mtotal": 11.097301834424467,
        "fdm": 0.4430952712050973,
        "projMstar": 10.94270243951153,
        "projMdm": 11.016527137729538,
        "projMtotal": 11.282211560126827,
        "projfdm": 0.5423948753765157,
        "MMstar": [
                11.003626145086134,
                11.009270938555783,
                11.01921466555411
        ],
        "MMdm": [
                10.375039613116893,
                10.42300022452622,
                10.449122257077438
        ],
        "MMbh": -Infinity,
        "MMtotal": [
                11.106619272234454,
                11.109248647738893,
                11.11205454632285
        ],
        "Mfdm": [
                0.18516656034983023,
                0.20598034395982104,
                0.21775650479974626
        ],
        "MMthetaE": 1.087506039779942,
        "projMMstar": [
                11.017733441143488,
                11.023683607799681,
                11.033597401864174
        ],
        "projMMdm": [
                10.67243775191931,
                10.709144503150608,
                10.73028035644073
        ],
        "projMMtotal": [
                11.18905776434801,
                11.194978838657697,
                11.199806385351723
        ],
        "projMfdm": [
                0.3033939252294772,
                0.32645450751816674,
                0.3399696411034323
        ],
        "Dstar": 0.466183063703676,
        "Ddm": -0.5222493628562404,
        "Dtotal": 0.027890407897651976,
        "Dfdm": -0.5351330575033871,
        "projDstar": 0.2049836891953529,
        "projDdm": -0.5072605148167353,
        "projDtotal": -0.18197367772442427,
        "projDfdm": -0.3981239087269197,
        "DthetaE": 0.046800612637605946
}