{
        "Reff": 0.6862264033777628,
        "R": 1.7155660084444069,
        "MthetaE": 1.1409009009009008,
        "Mstar": 10.843082740015452,
        "Mdm": 10.743798949609562,
        "Mbh": 8.453516006469727,
        "Mtotal": 11.097301834424467,
        "fdm": 0.4430952712050973,
        "projMstar": 10.94270243951153,
        "projMdm": 11.016527137729538,
        "projMtotal": 11.282211560126827,
        "projfdm": 0.5423948753765157,
        "MMstar": [
                11.003615866622887,
                11.00960942891268,
                11.021078649034289
        ],
        "MMdm": [
                10.367770235604306,
                10.418993023024052,
                10.450419020365059
        ],
        "MMbh": -Infinity,
        "MMtotal": [
                11.10644713095288,
                11.109410634642071,
                11.112242658911269
        ],
        "Mfdm": [
                0.1813225690942934,
                0.20418516957471372,
                0.21837174210522622
        ],
        "MMthetaE": 1.0949539324614128,
        "projMMstar": [
                11.017710623916866,
                11.024047449759427,
                11.035297365691086
        ],
        "projMMdm": [
                10.664177395526549,
                10.707327737529928,
                10.7317921879914
        ],
        "projMMtotal": [
                11.18844044381497,
                11.19497045774799,
                11.199946676393408
        ],
        "projMfdm": [
                0.29842428463897247,
                0.32501010891638205,
                0.3405744249153907
        ],
        "Dstar": 0.46732625640797554,
        "Ddm": -0.5266372564250474,
        "Dtotal": 0.028273870840374558,
        "Dfdm": -0.5391844985856288,
        "projDstar": 0.20599361989247764,
        "projDdm": -0.5093174655550701,
        "projDtotal": -0.18198946364591334,
        "projDfdm": -0.4007869106603027,
        "DthetaE": 0.04027253234983549,
        "PL_slope1": -3.177693685142103,
        "AV_slope1": 2.9264815244115345,
        "PL_slope2": -1.8939184191957912,
        "AV_slope2": 1.904362861731818
}