{
        "Reff": 0.6860226179383073,
        "R": 1.7150565448457682,
        "MthetaE": 1.0899099099099099,
        "Mstar": 10.84301596834364,
        "Mdm": 10.743585617454288,
        "Mbh": 8.453516006469727,
        "Mtotal": 11.097170128597762,
        "fdm": 0.4430119985802378,
        "projMstar": 10.942653613166152,
        "projMdm": 11.01637535019762,
        "projMtotal": 11.282106891190807,
        "projfdm": 0.5423360316663773,
        "MMstar": [
                10.86162045101523,
                10.876510149195234,
                10.899705178947453
        ],
        "MMdm": [
                10.69965371396108,
                10.735945393678193,
                10.75682151312935
        ],
        "MMbh": -Infinity,
        "MMtotal": [
                11.109435117396444,
                11.11253343435002,
                11.115646474977783
        ],
        "Mfdm": [
                0.38745546700897243,
                0.41999963211705177,
                0.4398922389134717
        ],
        "MMthetaE": 1.0875756874765057,
        "projMMstar": [
                10.875264431113619,
                10.89020405761765,
                10.913815536966283
        ],
        "projMMdm": [
                10.931050700772238,
                10.971989334985603,
                10.999438317380429
        ],
        "projMMtotal": [
                11.223374807977809,
                11.234038413766312,
                11.24374822601115
        ],
        "projMfdm": [
                0.50940665020409,
                0.5474379950146429,
                0.571081614795096
        ],
        "Dstar": 0.08017514742698958,
        "Ddm": -0.017438424928454987,
        "Dtotal": 0.036008469300394405,
        "Dfdm": -0.05194524423026,
        "projDstar": -0.11376184341521554,
        "projDdm": -0.09715336278889046,
        "projDtotal": -0.1047764000470869,
        "projDfdm": 0.009407384076232705,
        "DthetaE": 0.0021416654827894365,
        "PL_slope1": -2.816651617657757,
        "AV_slope1": 2.6472415078963536,
        "PL_slope2": -2.017703218265578,
        "AV_slope2": 2.0034683211886253
}