{
        "Reff": 0.6860226179383073,
        "R": 1.7150565448457682,
        "MthetaE": 1.0899099099099099,
        "Mstar": 10.84301596834364,
        "Mdm": 10.743585617454288,
        "Mbh": 8.453516006469727,
        "Mtotal": 11.097170128597762,
        "fdm": 0.4430119985802378,
        "projMstar": 10.942653613166152,
        "projMdm": 11.01637535019762,
        "projMtotal": 11.282106891190807,
        "projfdm": 0.5423360316663773,
        "MMstar": [
                10.861895838711936,
                10.876553651888258,
                10.898248151005602
        ],
        "MMdm": [
                10.701210068149194,
                10.736283639044707,
                10.756644406888531
        ],
        "MMbh": -Infinity,
        "MMtotal": [
                11.109368670522336,
                11.112545840707936,
                11.115652584211643
        ],
        "Mfdm": [
                0.3890600055282051,
                0.42008652622311865,
                0.43908801581068674
        ],
        "MMthetaE": 1.0875756874765057,
        "projMMstar": [
                10.875477827402827,
                10.890357875807537,
                10.912024492536606
        ],
        "projMMdm": [
                10.935013292839654,
                10.97176396077616,
                10.99846430101217
        ],
        "projMMtotal": [
                11.22355887461291,
                11.234271499339137,
                11.243360976606198
        ],
        "projMfdm": [
                0.513374733446271,
                0.5466738407271337,
                0.5699399805341417
        ],
        "Dstar": 0.08028335253522252,
        "Ddm": -0.016672869827335467,
        "Dtotal": 0.036038065060868235,
        "Dfdm": -0.051749100319157464,
        "projDstar": -0.11344790046088729,
        "projDdm": -0.09762176744945263,
        "projDtotal": -0.1042958051531701,
        "projDfdm": 0.00799837887854878,
        "DthetaE": 0.0021416654827894365
}