{
        "Reff": 0.5447542281665592,
        "R": 1.361885570416398,
        "MthetaE": 0.6397297297297296,
        "Mstar": 10.514315208436313,
        "Mdm": 10.434754337870459,
        "Mbh": 8.265588760375977,
        "Mtotal": 10.777384127747368,
        "fdm": 0.45432873975917076,
        "projMstar": 10.612744809851986,
        "projMdm": 10.670909164524872,
        "projMtotal": 10.943829988181458,
        "projfdm": 0.5334321367791579,
        "MMstar": [
                10.514165876199657,
                10.53713944673802,
                10.55054701003032
        ],
        "MMdm": [
                10.345712451889826,
                10.374185887760595,
                10.415212315566434
        ],
        "MMbh": -Infinity,
        "MMtotal": [
                10.760014992793211,
                10.7644357789054,
                10.770260886482873
        ],
        "Mfdm": [
                0.3841546136674214,
                0.40695569544118454,
                0.44265045343549897
        ],
        "MMthetaE": 0.6365295087181563,
        "projMMstar": [
                10.54071022916604,
                10.563326053817756,
                10.576286607557822
        ],
        "projMMdm": [
                10.70319635806028,
                10.734773652336601,
                10.778295364273879
        ],
        "projMMtotal": [
                10.944181049539969,
                10.958513520492865,
                10.97761051310948
        ],
        "projMfdm": [
                0.5732921669033716,
                0.5963287867382707,
                0.6324600236927376
        ],
        "Dstar": 0.05396026574294138,
        "Ddm": -0.13017567266731025,
        "Dtotal": -0.029374601988553337,
        "Dfdm": -0.10427041076709694,
        "projDstar": -0.1075554454028081,
        "projDdm": 0.15841584117928262,
        "projDtotal": 0.034388139779545746,
        "projDfdm": 0.11790937519977761,
        "DthetaE": 0.005002457855015387,
        "PL_slope1": -2.5571927266284304,
        "AV_slope1": 2.523998142668297,
        "PL_slope2": -1.512996163350271,
        "AV_slope2": 1.5490058498761294
}