{
        "Reff": 0.1613217870669608,
        "R": 0.40330446766740197,
        "MthetaE": 0.0,
        "Mstar": 9.599749234910771,
        "Mdm": 9.279234321206893,
        "Mbh": 7.548817157745361,
        "Mtotal": 9.769442165510016,
        "fdm": 0.3234388287898183,
        "projMstar": 9.717313111667044,
        "projMdm": 9.527509505220532,
        "projMtotal": 9.93372876526527,
        "projfdm": 0.39244675278136476,
        "MMstar": 9.803941797362155,
        "MMdm": 9.073075409876054,
        "MMbh": -Infinity,
        "MMtotal": 9.877967017822646,
        "Mfdm": 0.15671421516597925,
        "MMthetaE": 0.0,
        "projMMstar": 9.836578361948138,
        "projMMdm": 9.474332627951283,
        "projMMtotal": 9.993207592235615,
        "projMfdm": 0.30277850182085964,
        "Dstar": 0.6002674161929565,
        "Ddm": -0.37792737712095925,
        "Dtotal": 0.2838812379152053,
        "Dfdm": -0.5154749485324857,
        "projDstar": 0.31602836603602785,
        "projDdm": -0.1152448021984424,
        "projDtotal": 0.1467766116006787,
        "projDfdm": -0.22848513925775818,
        "DthetaE": 0
}