{
        "Reff": 0.4869602608436852,
        "R": 1.217400652109213,
        "MthetaE": 1.220225225225225,
        "Mstar": 10.871967128271251,
        "Mdm": 10.636338659573704,
        "Mbh": 8.438713073730469,
        "Mtotal": 11.070970815358658,
        "fdm": 0.36759351767167864,
        "projMstar": 10.969620351737936,
        "projMdm": 10.902219596043672,
        "projMtotal": 11.238256200195426,
        "projfdm": 0.46127869442808966,
        "MMstar": [
                10.869697157182662,
                10.888232016768617,
                10.912184798330141
        ],
        "MMdm": [
                10.555642431293514,
                10.591977221070495,
                10.622253128950065
        ],
        "MMbh": -Infinity,
        "MMtotal": [
                11.058540429238807,
                11.066139830088897,
                11.075732462449828
        ],
        "Mfdm": [
                0.30795645456527015,
                0.3355203616386551,
                0.3618506723749631
        ],
        "MMthetaE": 1.224463753867507,
        "projMMstar": [
                10.8812933781058,
                10.900055014533677,
                10.923744089665753
        ],
        "projMMdm": [
                10.843019216222059,
                10.876748452735544,
                10.901100610499865
        ],
        "projMMtotal": [
                11.186262898010298,
                11.189793749928414,
                11.192366391973826
        ],
        "projMfdm": [
                0.4533927373959314,
                0.4867524632261408,
                0.5112272595939373
        ],
        "Dstar": 0.038161426792446856,
        "Ddm": -0.09710226928511624,
        "Dtotal": -0.01106211447618017,
        "Dfdm": -0.08725169104225095,
        "projDstar": -0.14800967549801064,
        "projDdm": -0.056962730521217586,
        "projDtotal": -0.105588139259242,
        "projDfdm": 0.0552242475227139,
        "DthetaE": -0.0034735625478481487
}