{
        "Reff": 0.1711945002191585,
        "R": 0.5568018018018017,
        "MthetaE": 0.5568018018018017,
        "Mstar": 10.29718412001835,
        "Mdm": 10.054040228274305,
        "Mbh": 8.217829704284668,
        "Mtotal": 10.493440279762195,
        "fdm": 0.3635799691958276,
        "projMstar": 10.317644882056662,
        "projMdm": 10.217508581624593,
        "projMtotal": 10.571486439761745,
        "projfdm": 0.44261093765245546,
        "MMstar": 10.194317515402428,
        "MMdm": 10.071968032025458,
        "MMbh": -Infinity,
        "MMtotal": 10.438467134831926,
        "Mfdm": 0.430032122017701,
        "MMthetaE": 0.7744442356070901,
        "projMMstar": 10.201977655304166,
        "projMMdm": 10.340747156231107,
        "projMMtotal": 10.577911584645884,
        "projMfdm": 0.5792093602107683,
        "Dstar": -0.21089754344927145,
        "Ddm": 0.042144171023303825,
        "Dtotal": -0.11889664469607307,
        "Dfdm": 0.1827717653666495,
        "projDstar": -0.23381653851872133,
        "projDdm": 0.32812384671007316,
        "projDtotal": 0.014904422292177392,
        "projDfdm": 0.3086196271669452,
        "DthetaE": -0.39087954295586136
}