{
        "Reff": 0.9094395894549946,
        "R": 0.46202702702702697,
        "MthetaE": 0.46202702702702697,
        "Mstar": 10.249161196740573,
        "Mdm": 9.727404978743365,
        "Mbh": 8.274933815002441,
        "Mtotal": 10.36336385144635,
        "fdm": 0.23122837510002717,
        "projMstar": 10.357000467888106,
        "projMdm": 9.994571718724659,
        "projMtotal": 10.513574293257767,
        "projfdm": 0.30268954843648216,
        "MMstar": -Infinity,
        "MMdm": -Infinity,
        "MMbh": -Infinity,
        "MMtotal": -Infinity,
        "Mfdm": 0.0,
        "MMthetaE": 0.6300273255645836,
        "projMMstar": 10.341047776618195,
        "projMMdm": 9.823178806472201,
        "projMMtotal": 10.456152370778879,
        "projMfdm": 0.23282329739018953,
        "Dstar": -1.0,
        "Ddm": -1.0,
        "Dtotal": -1.0,
        "Dfdm": -1.0,
        "projDstar": -0.036065978471050704,
        "projDdm": -0.32608195121174377,
        "projDtotal": -0.12385078229929818,
        "projDfdm": -0.23081818122621336,
        "DthetaE": -0.3636157382795904
}