{
        "Reff": 1.1035545250518053,
        "R": 0.6634234234234233,
        "MthetaE": 0.6634234234234233,
        "Mstar": 10.522028515683154,
        "Mdm": 10.064407877741875,
        "Mbh": 8.336731910705566,
        "Mtotal": 10.6519251077602,
        "fdm": 0.25851322760668544,
        "projMstar": 10.610449633395211,
        "projMdm": 10.389287224511984,
        "projMtotal": 10.814827120951854,
        "projfdm": 0.37537046949957625,
        "MMstar": [
                10.631991659432959,
                10.636799387164139,
                10.643616526922376
        ],
        "MMdm": [
                8.97984810724999,
                9.090879373224144,
                9.169622232794095
        ],
        "MMbh": -Infinity,
        "MMtotal": [
                10.646154042763815,
                10.649077288862776,
                10.653225876278468
        ],
        "Mfdm": [
                0.021244879132721724,
                0.02765424176074026,
                0.0332559273754657
        ],
        "MMthetaE": 0.6491916548593238,
        "projMMstar": [
                10.687453817784553,
                10.692416838624041,
                10.698660871585673
        ],
        "projMMdm": [
                9.442836058285517,
                9.562318888084071,
                9.631247501353133
        ],
        "projMMtotal": [
                10.72080050639616,
                10.723149408778923,
                10.725535751396295
        ],
        "projMfdm": [
                0.05254213619261288,
                0.06896289734718232,
                0.08076336139237739
        ],
        "Dstar": 0.3024794247480186,
        "Ddm": -0.8937151178115709,
        "Dtotal": -0.006535892867832268,
        "Dfdm": -0.893025815287043,
        "projDstar": 0.20772263320461914,
        "projDdm": -0.8510530331890236,
        "projDtotal": -0.1903034518401943,
        "projDfdm": -0.8162804403896771,
        "DthetaE": 0.021452013995315607
}