{
        "Reff": 0.4081097725007585,
        "R": 1.0202744312518963,
        "MthetaE": 0.37909909909909906,
        "Mstar": 10.364943218193039,
        "Mdm": 10.152496114847926,
        "Mbh": 8.278263092041016,
        "Mtotal": 10.572612711748814,
        "fdm": 0.38008733894439084,
        "projMstar": 10.459069556768531,
        "projMdm": 10.470354006813059,
        "projMtotal": 10.765778427480319,
        "projfdm": 0.5064954861724276,
        "MMstar": 10.443762203062102,
        "MMdm": 9.977552849906546,
        "MMbh": -Infinity,
        "MMtotal": 10.571454725761342,
        "Mfdm": 0.25474057463704414,
        "MMthetaE": 0.4027931353555214,
        "projMMstar": 10.455692910425968,
        "projMMdm": 10.270758211406973,
        "projMMtotal": 10.674025863629977,
        "projMfdm": 0.39512303384351577,
        "Dstar": 0.19899945272742667,
        "Ddm": -0.33156876608310915,
        "Dtotal": -0.002662809688735065,
        "Dfdm": -0.3297841087142493,
        "projDstar": -0.007744868281808195,
        "projDdm": -0.3684551403945351,
        "projDtotal": -0.19044299292293249,
        "projDfdm": -0.2198883412970772,
        "DthetaE": -0.06250090362316735
}