{
        "Reff": 0.4081097725007585,
        "R": 1.0202744312518963,
        "MthetaE": 0.37909909909909906,
        "Mstar": 10.364943218193039,
        "Mdm": 10.152496114847926,
        "Mbh": 8.278263092041016,
        "Mtotal": 10.572612711748814,
        "fdm": 0.38008733894439084,
        "projMstar": 10.459069556768531,
        "projMdm": 10.470354006813059,
        "projMtotal": 10.765778427480319,
        "projfdm": 0.5064954861724276,
        "MMstar": 10.44133500974043,
        "MMdm": 9.980604392168457,
        "MMbh": -Infinity,
        "MMtotal": 10.57042976293806,
        "Mfdm": 0.2571429543298689,
        "MMthetaE": 0.4027931353555214,
        "projMMstar": 10.453311451268418,
        "projMMdm": 10.273712809468751,
        "projMMtotal": 10.673760645043618,
        "projMfdm": 0.3980633232623016,
        "Dstar": 0.1923171520911607,
        "Ddm": -0.32685553777623405,
        "Dtotal": -0.0050138140531386455,
        "Dfdm": -0.323463509613272,
        "projDstar": -0.013171020772995767,
        "projDdm": -0.3641439575892828,
        "projDtotal": -0.19093722903912583,
        "projDfdm": -0.21408317718593078,
        "DthetaE": -0.06250090362316735
}