{
        "Reff": 0.9094395894549946,
        "R": 0.46202702702702697,
        "MthetaE": 0.46202702702702697,
        "Mstar": 10.249161196740573,
        "Mdm": 9.727404978743365,
        "Mbh": 8.274933815002441,
        "Mtotal": 10.36336385144635,
        "fdm": 0.23122837510002717,
        "projMstar": 10.357000467888106,
        "projMdm": 9.994571718724659,
        "projMtotal": 10.513574293257767,
        "projfdm": 0.30268954843648216,
        "MMstar": [
                -Infinity,
                -Infinity,
                -Infinity
        ],
        "MMdm": [
                -Infinity,
                -Infinity,
                -Infinity
        ],
        "MMbh": -Infinity,
        "MMtotal": [
                -Infinity,
                -Infinity,
                -Infinity
        ],
        "Mfdm": [
                0.0,
                0.0,
                0.0
        ],
        "MMthetaE": 0.48492597519012226,
        "projMMstar": [
                10.3561344942623,
                10.364439452911583,
                10.376890435847542
        ],
        "projMMdm": [
                9.626666048320262,
                9.70043582252954,
                9.745028507564019
        ],
        "projMMtotal": [
                10.447785126588494,
                10.44974021103842,
                10.45116721632555
        ],
        "projMfdm": [
                0.15082805795373516,
                0.17817128646102057,
                0.19677453766509512
        ],
        "Dstar": -1.0,
        "Ddm": -1.0,
        "Dtotal": -1.0,
        "Dfdm": -1.0,
        "projDstar": 0.017276436761028763,
        "projDdm": -0.4919995420325437,
        "projDtotal": -0.136691697088207,
        "projDfdm": -0.4113728492399238,
        "DthetaE": -0.049561923488419174
}