{
        "Reff": 0.35973259940631447,
        "R": 0.46202702702702697,
        "MthetaE": 0.46202702702702697,
        "Mstar": 10.154514149873487,
        "Mdm": 9.85340370134865,
        "Mbh": 8.119908332824707,
        "Mtotal": 10.330578592964834,
        "fdm": 0.33329216803596157,
        "projMstar": 10.270689529883358,
        "projMdm": 10.129276943838029,
        "projMtotal": 10.506743732429133,
        "projfdm": 0.4193080608244642,
        "MMstar": [
                -Infinity,
                -Infinity,
                -Infinity
        ],
        "MMdm": [
                -Infinity,
                -Infinity,
                -Infinity
        ],
        "MMbh": -Infinity,
        "MMtotal": [
                -Infinity,
                -Infinity,
                -Infinity
        ],
        "Mfdm": [
                0.0,
                0.0,
                0.0
        ],
        "MMthetaE": 0.48492597519012226,
        "projMMstar": [
                10.376734505686182,
                10.43430694554562,
                10.449471420200442
        ],
        "projMMdm": [
                8.997100678994098,
                9.310934147252384,
                9.763698648732891
        ],
        "projMMtotal": [
                10.464492519080672,
                10.465732747902607,
                10.474431214999209
        ],
        "projMfdm": [
                0.03408542830055652,
                0.07005676699900475,
                0.19462549905528503
        ],
        "Dstar": -1.0,
        "Ddm": -1.0,
        "Dtotal": -1.0,
        "Dfdm": -1.0,
        "projDstar": 0.45752970854804803,
        "projDdm": -0.8480652192727225,
        "projDtotal": -0.09010974133752457,
        "projDfdm": -0.83292291862633,
        "DthetaE": -0.049561923488419174
}