{
        "Reff": 0.33542414752571365,
        "R": 0.8385603688142841,
        "MthetaE": 0.48572072072072064,
        "Mstar": 10.277667357888435,
        "Mdm": 9.98913029177223,
        "Mbh": [
                7.912351131439209,
                6.072244644165039
        ],
        "Mtotal": 10.457962983718119,
        "fdm": 0.3397561353859292,
        "projMstar": 10.32902983598197,
        "projMdm": 10.227985957460554,
        "projMtotal": 10.582469923635239,
        "projfdm": 0.44209543840509763,
        "MMstar": [
                10.247527498357032,
                10.281408234868715,
                10.317263644964397
        ],
        "MMdm": [
                9.866836753900454,
                9.954668642228544,
                10.02058107562798
        ],
        "MMbh": -Infinity,
        "MMtotal": [
                10.438227613597528,
                10.44951096498976,
                10.459323399887209
        ],
        "Mfdm": [
                0.2621654278243081,
                0.32157074752470444,
                0.370666276678526
        ],
        "MMthetaE": 0.5249657346094901,
        "projMMstar": [
                10.267318214634358,
                10.301881883599394,
                10.338623846815816
        ],
        "projMMdm": [
                10.218944712937578,
                10.30101776805354,
                10.35304819492185
        ],
        "projMMtotal": [
                10.580502217608217,
                10.601034853670397,
                10.619061258408408
        ],
        "projMfdm": [
                0.43382178232311286,
                0.5004634730337613,
                0.5482231844348541
        ],
        "Dstar": 0.008650892122370177,
        "Ddm": -0.07628424628750943,
        "Dtotal": -0.01927334003950533,
        "Dfdm": -0.05352482550629428,
        "projDstar": -0.060596773223269465,
        "projDdm": 0.1831282126671026,
        "projDtotal": 0.04367415758524124,
        "projDfdm": 0.13202586943496183,
        "DthetaE": -0.0807974875573294
}