{
        "Reff": 0.33542414752571365,
        "R": 0.8385603688142841,
        "MthetaE": 0.48572072072072064,
        "Mstar": 10.277667357888435,
        "Mdm": 9.98913029177223,
        "Mbh": [
                7.912351131439209,
                6.072244644165039
        ],
        "Mtotal": 10.457962983718119,
        "fdm": 0.3397561353859292,
        "projMstar": 10.32902983598197,
        "projMdm": 10.227985957460554,
        "projMtotal": 10.582469923635239,
        "projfdm": 0.44209543840509763,
        "MMstar": [
                10.242740004568294,
                10.280714894519116,
                10.320945017490333
        ],
        "MMdm": [
                9.854418163972527,
                9.952759734645925,
                10.0312741520991
        ],
        "MMbh": -Infinity,
        "MMtotal": [
                10.438176311850473,
                10.449930823507463,
                10.458743568565549
        ],
        "Mfdm": [
                0.2563353261984027,
                0.3217072326380449,
                0.377809892404369
        ],
        "MMthetaE": 0.48492597519012226,
        "projMMstar": [
                10.263347295916514,
                10.300835005843252,
                10.340675192481578
        ],
        "projMMdm": [
                10.214265134008105,
                10.298248323439205,
                10.357503519468244
        ],
        "projMMtotal": [
                10.579582154491503,
                10.599134562218822,
                10.618813320236303
        ],
        "projMfdm": [
                0.42812541694646694,
                0.49854811170680574,
                0.5532261967079384
        ],
        "Dstar": 0.0070418907417897315,
        "Ddm": -0.08033545705269726,
        "Dtotal": -0.018324754315529032,
        "Dfdm": -0.05312311057277164,
        "projDstar": -0.06285850122373335,
        "projDdm": 0.17560754847930946,
        "projDtotal": 0.039117451317962036,
        "projDfdm": 0.12769340824996211,
        "DthetaE": 0.001636219120771968,
        "PL_slope1": -2.7625644975258488,
        "AV_slope1": 2.8063463898613654,
        "PL_slope2": -2.097780972895739,
        "AV_slope2": 2.098324856430971
}