{
        "Reff": 0.16132178706696065,
        "R": 0.40330446766740163,
        "MthetaE": 0.18954954954954953,
        "Mstar": 9.599760029832073,
        "Mdm": 9.279234321206893,
        "Mbh": 7.548817157745361,
        "Mtotal": 9.769449468963973,
        "fdm": 0.32343338962162704,
        "projMstar": 9.717313111667044,
        "projMdm": 9.527509505220532,
        "projMtotal": 9.93372876526527,
        "projfdm": 0.39244675278136476,
        "MMstar": 9.831448120775494,
        "MMdm": 8.780569123319435,
        "MMbh": -Infinity,
        "MMtotal": 9.868454022057954,
        "Mfdm": 0.08167988192323838,
        "MMthetaE": 0.18000780730416677,
        "projMMstar": 9.86384694709608,
        "projMMdm": 9.272269160798656,
        "projMMtotal": 9.96287373887204,
        "projMfdm": 0.20388976341189852,
        "Dstar": 0.7048575254032483,
        "Ddm": -0.6827988142499888,
        "Dtotal": 0.2560431318392621,
        "Dfdm": -0.7474599576166434,
        "projDstar": 0.40130875518734443,
        "projDdm": -0.44440330252910626,
        "projDtotal": 0.06941180434847724,
        "projDfdm": -0.48046515363706643,
        "DthetaE": 0.05033903941242807
}