{
        "Reff": 0.4081097725007585,
        "R": 1.0202744312518963,
        "MthetaE": 0.37909909909909906,
        "Mstar": 10.364943218193039,
        "Mdm": 10.152496114847926,
        "Mbh": 8.278263092041016,
        "Mtotal": 10.572612711748814,
        "fdm": 0.38008733894439084,
        "projMstar": 10.459069556768531,
        "projMdm": 10.470354006813059,
        "projMtotal": 10.765778427480319,
        "projfdm": 0.5064954861724276,
        "MMstar": [
                10.364407840198853,
                10.397504207054848,
                10.420376079030966
        ],
        "MMdm": [
                10.056305177721393,
                10.124239512539017,
                10.186732478092466
        ],
        "MMbh": -Infinity,
        "MMtotal": [
                10.567933887797444,
                10.581804834192326,
                10.59442219743459
        ],
        "Mfdm": [
                0.302572706383938,
                0.34876455487284796,
                0.3985512457380133
        ],
        "MMthetaE": 0.37130888008559115,
        "projMMstar": [
                10.375835389542864,
                10.408897650900112,
                10.431813391859517
        ],
        "projMMdm": [
                10.45933272524545,
                10.52683507204336,
                10.590243556729133
        ],
        "projMMtotal": [
                10.742753501936194,
                10.771344733865929,
                10.802761816015254
        ],
        "projMfdm": [
                0.5177913654710519,
                0.570187413053381,
                0.6142052733992013
        ],
        "Dstar": 0.0778566086732685,
        "Ddm": -0.06299178670122382,
        "Dtotal": 0.02139122506772342,
        "Dfdm": -0.0824094382057951,
        "projDstar": -0.10910177403331323,
        "projDdm": 0.13888812650270518,
        "projDtotal": 0.012899382532227461,
        "projDfdm": 0.12575023592465082,
        "DthetaE": 0.020549294451030833
}