{
        "Reff": 0.3939136227063193,
        "R": 0.45018018018018013,
        "MthetaE": 0.45018018018018013,
        "Mstar": 10.143283281527738,
        "Mdm": 9.666221446383181,
        "Mbh": 8.139239311218262,
        "Mtotal": 10.268236873791992,
        "fdm": 0.2500256543701848,
        "projMstar": 10.238793465359723,
        "projMdm": 9.866167182171507,
        "projMtotal": 10.392305795077736,
        "projfdm": 0.29775659339548977,
        "MMstar": 10.258997534195068,
        "MMdm": 8.677259989364227,
        "MMbh": -Infinity,
        "MMtotal": 10.270228553028549,
        "Mfdm": 0.025528860862189594,
        "MMthetaE": 0.48492597519012226,
        "projMMstar": 10.307007798157509,
        "projMMdm": 8.934614789011981,
        "projMMtotal": 10.325052011698647,
        "projMfdm": 0.04069703571658437,
        "Dstar": 0.30531176580027547,
        "Ddm": -0.8974257044645896,
        "Dtotal": 0.004596542761761767,
        "Dfdm": -0.8978950343055921,
        "projDstar": 0.17007670422651294,
        "projDdm": -0.882929463975222,
        "projDtotal": -0.14346282524167378,
        "projDfdm": -0.8633211266541821,
        "DthetaE": -0.07718197410653545
}