{
        "Reff": 0.35973259940631447,
        "R": 0.8993314985157862,
        "MthetaE": 0.0,
        "Mstar": 10.278276772675927,
        "Mdm": 10.21103561277337,
        "Mbh": 8.119908332824707,
        "Mtotal": 10.546986246559046,
        "fdm": 0.4613700154676134,
        "projMstar": 10.370522904662561,
        "projMdm": 10.460775180326277,
        "projMtotal": 10.719019287230033,
        "projfdm": 0.5517672164880664,
        "MMstar": [
                10.382299267390348,
                10.445357081723255,
                10.49293406255632
        ],
        "MMdm": [
                9.807353314841379,
                9.964664923045335,
                10.133784372234686
        ],
        "MMbh": -Infinity,
        "MMtotal": [
                10.552615121549934,
                10.573980657760183,
                10.595986252169629
        ],
        "Mfdm": [
                0.1742882075818218,
                0.24521568242453493,
                0.3579446000023844
        ],
        "MMthetaE": 0.0,
        "projMMstar": [
                10.39336981658875,
                10.456711239584637,
                10.503806517434613
        ],
        "projMMdm": [
                10.191694524669769,
                10.314607734652302,
                10.404785017954325
        ],
        "projMMtotal": [
                10.66182340924439,
                10.68867472481379,
                10.7139679868879
        ],
        "projMfdm": [
                0.33030939583495644,
                0.421489697082389,
                0.5009746473033084
        ],
        "Dstar": 0.46919793427957307,
        "Ddm": -0.4329396125682112,
        "Dtotal": 0.0641293241911886,
        "Dfdm": -0.46850537702151945,
        "projDstar": 0.21951833715901922,
        "projDdm": -0.2857791005367895,
        "projDtotal": -0.0674858348527113,
        "projDfdm": -0.23610956851492287,
        "DthetaE": 0
}