{
        "Reff": 0.1610837669734156,
        "R": 0.40270941743353894,
        "MthetaE": 0.2139189189189189,
        "Mstar": 9.59925175767073,
        "Mdm": 9.2785085095605,
        "Mbh": 7.548817157745361,
        "Mtotal": 9.768870849191126,
        "fdm": 0.3233237895645361,
        "projMstar": 9.717139581904535,
        "projMdm": 9.526572642013694,
        "projMtotal": 9.93325582769927,
        "projfdm": 0.39202775390066114,
        "MMstar": 9.782435501703684,
        "MMdm": 9.04371281870258,
        "MMbh": -Infinity,
        "MMtotal": 9.855238880994937,
        "Mfdm": 0.15433838010866727,
        "MMthetaE": 0.20126366482753005,
        "projMMstar": 9.815095057551506,
        "projMMdm": 9.41820540546352,
        "projMMtotal": 9.961523454417229,
        "projMfdm": 0.2862081200626336,
        "Dstar": 0.5246976960174949,
        "Ddm": -0.4176228736422095,
        "Dtotal": 0.2200230384505068,
        "Dfdm": -0.5226507139591069,
        "projDstar": 0.2530127081006183,
        "projDdm": -0.22082902995433096,
        "projDtotal": 0.06725359582655113,
        "projDfdm": -0.2699289343295883,
        "DthetaE": 0.059159115777812674,
        "PL_slope1": -2.830850629205717,
        "AV_slope1": 2.800433840506475,
        "PL_slope2": -2.736291964922921,
        "AV_slope2": 2.7232680800430953
}