{
        "Reff": 0.1610837669734156,
        "R": 0.40270941743353894,
        "MthetaE": 0.2139189189189189,
        "Mstar": 9.59925175767073,
        "Mdm": 9.2785085095605,
        "Mbh": 7.548817157745361,
        "Mtotal": 9.768870849191126,
        "fdm": 0.3233237895645361,
        "projMstar": 9.717139581904535,
        "projMdm": 9.526572642013694,
        "projMtotal": 9.93325582769927,
        "projfdm": 0.39202775390066114,
        "MMstar": 9.78433297059563,
        "MMdm": 9.052353152383407,
        "MMbh": -Infinity,
        "MMtotal": 9.858183889146353,
        "Mfdm": 0.15637569872388818,
        "MMthetaE": 0.20126366482753005,
        "projMMstar": 9.817025489468419,
        "projMMdm": 9.429170068166357,
        "projMMtotal": 9.9660588097811,
        "projMfdm": 0.2904766707806301,
        "Dstar": 0.531373801304332,
        "Ddm": -0.40592039540962754,
        "Dtotal": 0.2283242896859267,
        "Dfdm": -0.5163495425607237,
        "projDstar": 0.25859472603161465,
        "projDdm": -0.20090681626069404,
        "projDtotal": 0.07845736849287123,
        "projDfdm": -0.25904054524099795,
        "DthetaE": 0.059159115777812674
}