{
        "Reff": 0.42908660556761313,
        "R": 0.533108108108108,
        "MthetaE": 0.533108108108108,
        "Mstar": 10.316567053263963,
        "Mdm": 9.953675599223988,
        "Mbh": 8.356976509094238,
        "Mtotal": 10.473000874721839,
        "fdm": 0.3024647195873248,
        "projMstar": 10.385313712548719,
        "projMdm": 10.208555729354114,
        "projMtotal": 10.606895895322637,
        "projfdm": 0.3996316112517674,
        "MMstar": [
                10.249062234301913,
                10.264338737842573,
                10.293468827533319
        ],
        "MMdm": [
                9.468550483483947,
                9.524638470519623,
                9.575177320040648
        ],
        "MMbh": -Infinity,
        "MMtotal": [
                10.328960177006405,
                10.339333786404964,
                10.35608606199162
        ],
        "Mfdm": [
                0.131170106984664,
                0.1553139455160611,
                0.1729930845953777
        ],
        "MMthetaE": 0.48492597519012226,
        "projMMstar": [
                10.285974865562531,
                10.30135102798076,
                10.330082810012586
        ],
        "projMMdm": [
                10.13179509466471,
                10.185193331254693,
                10.218522666453445
        ],
        "projMMtotal": [
                10.538214830952647,
                10.547609611595586,
                10.560732778363205
        ],
        "projMfdm": [
                0.3862093911840442,
                0.4339689233853199,
                0.45975082350603375
        ],
        "Dstar": -0.11331025722004243,
        "Ddm": -0.6276401288967834,
        "Dtotal": -0.26492286888479616,
        "Dfdm": -0.4865055807898273,
        "projDstar": -0.17579107038464042,
        "projDdm": -0.05237261671505895,
        "projDtotal": -0.12760389828823737,
        "projDfdm": 0.08592241245880834,
        "DthetaE": 0.09037966631003672
}