{
        "Reff": 0.539322810286842,
        "R": 1.348307025717105,
        "MthetaE": 0.6416216216216216,
        "Mstar": 10.512197683946411,
        "Mdm": 10.429296117192132,
        "Mbh": 8.265588760375977,
        "Mtotal": 10.773752013592349,
        "fdm": 0.4524224045315575,
        "projMstar": 10.610952498368999,
        "projMdm": 10.666051418200059,
        "projMtotal": 10.940405168209287,
        "projfdm": 0.5316750125447031,
        "MMstar": 10.48472589917335,
        "MMdm": 10.505760759480697,
        "MMbh": -Infinity,
        "MMtotal": 10.796400664309166,
        "Mfdm": 0.5121062723551484,
        "MMthetaE": 0.6364461740027794,
        "projMMstar": 10.564905186829767,
        "projMMdm": 10.81741584676621,
        "projMMtotal": 11.010289763730912,
        "projMfdm": 0.6413957575973852,
        "Dstar": -0.06129697968771391,
        "Ddm": 0.19251717414425748,
        "Dtotal": 0.05353423009308929,
        "Dfdm": 0.13192067241981112,
        "projDstar": -0.10060040336026774,
        "projDdm": 0.4169823104488264,
        "projDtotal": 0.17458539249710398,
        "projDfdm": 0.20636806783064093,
        "DthetaE": 0.008066198900470237
}