{
        "Reff": 0.9094395894549946,
        "R": 2.2735989736374864,
        "MthetaE": 0.46202702702702697,
        "Mstar": 10.63249087929843,
        "Mdm": 10.608043679512585,
        "Mbh": 8.274933815002441,
        "Mtotal": 10.921469274343053,
        "fdm": 0.4859307755243753,
        "projMstar": 10.714692474183407,
        "projMdm": 10.768149505668532,
        "projMtotal": 11.043272965876945,
        "projfdm": 0.5307335471058287,
        "MMstar": 10.701412674167289,
        "MMdm": 10.474600105852966,
        "MMbh": -Infinity,
        "MMtotal": 10.903677867028067,
        "Mfdm": 0.3723250348470736,
        "MMthetaE": 0.509223606974525,
        "projMMstar": 10.717438676314577,
        "projMMdm": 10.7437250332393,
        "projMMtotal": 11.03181069798038,
        "projMfdm": 0.5151270255708149,
        "Dstar": 0.17198430268006124,
        "Ddm": -0.26454445560372775,
        "Dtotal": -0.04013845537147291,
        "Dfdm": -0.2337899684470654,
        "projDstar": 0.00634339876286825,
        "projDdm": -0.05468722377673046,
        "projDtotal": -0.02604760001964991,
        "projDfdm": -0.029405568236864795,
        "DthetaE": -0.10215112360675202
}