{
        "Reff": 0.9094395894549946,
        "R": 2.2735989736374864,
        "MthetaE": 0.46202702702702697,
        "Mstar": 10.63249087929843,
        "Mdm": 10.608043679512585,
        "Mbh": 8.274933815002441,
        "Mtotal": 10.921469274343053,
        "fdm": 0.4859307755243753,
        "projMstar": 10.714692474183407,
        "projMdm": 10.768149505668532,
        "projMtotal": 11.043272965876945,
        "projfdm": 0.5307335471058287,
        "MMstar": 10.69868236486139,
        "MMdm": 10.479261481254257,
        "MMbh": -Infinity,
        "MMtotal": 10.903714388556704,
        "Mfdm": 0.37631115533430565,
        "MMthetaE": 0.5249657346094901,
        "projMMstar": 10.714779680350555,
        "projMMdm": 10.746158169801006,
        "projMMtotal": 11.031782252543074,
        "projMfdm": 0.5180550567948586,
        "Dstar": 0.1646394194883562,
        "Ddm": -0.2566081393183721,
        "Dtotal": -0.04005773345034723,
        "Dfdm": -0.22558690601923176,
        "projDstar": 0.0002008197820851025,
        "projDdm": -0.04937624168180516,
        "projDtotal": -0.026111389903728997,
        "projDfdm": -0.02388861676467931,
        "DthetaE": -0.13622299973975652,
        "PL_slope1": -2.17313429443316,
        "AV_slope1": 2.28804818821325,
        "PL_slope2": -1.8661721921506054,
        "AV_slope2": 1.8839587948218401
}