{
        "Reff": 0.36422601544215016,
        "R": 0.9105650386053754,
        "MthetaE": 0.40279279279279273,
        "Mstar": 10.27293859069873,
        "Mdm": 10.113967989717644,
        "Mbh": 8.177248001098633,
        "Mtotal": 10.501716802955189,
        "fdm": 0.40949743592464155,
        "projMstar": 10.358796827178473,
        "projMdm": 10.355252888833848,
        "projMtotal": 10.658058468574506,
        "projfdm": 0.4979599564196837,
        "MMstar": [
                10.270457549595202,
                10.301214081019468,
                10.334359563756838
        ],
        "MMdm": [
                9.779358027770517,
                9.891859151913952,
                9.975842714509483
        ],
        "MMbh": -Infinity,
        "MMtotal": [
                10.438114910212354,
                10.444478806336049,
                10.451675368385484
        ],
        "Mfdm": [
                0.21880623119023618,
                0.2801114016912068,
                0.3361654300247891
        ],
        "MMthetaE": 0.4027931353555214,
        "projMMstar": [
                10.282242422996637,
                10.313696192262846,
                10.347206786360413
        ],
        "projMMdm": [
                10.179555296401952,
                10.302728658277067,
                10.389072670707938
        ],
        "projMMtotal": [
                10.572045988402055,
                10.608290077612638,
                10.639728721321388
        ],
        "projMfdm": [
                0.40264293008811564,
                0.4933925779704099,
                0.5602822330502706
        ],
        "Dstar": 0.0672729203509696,
        "Ddm": -0.40035921753584447,
        "Dtotal": -0.12347965019231819,
        "Dfdm": -0.31596298995446026,
        "projDstar": -0.09863775066689193,
        "projDdm": -0.11391421503193425,
        "projDtotal": -0.10827363140783972,
        "projDfdm": -0.00917218019318883,
        "DthetaE": -8.504688634280417e-07,
        "PL_slope1": -2.5399196990576693,
        "AV_slope1": 2.4819765717084956,
        "PL_slope2": -2.152696571895476,
        "AV_slope2": 2.157488799934253
}