{
        "Reff": 0.36422601544215016,
        "R": 0.9105650386053754,
        "MthetaE": 0.40279279279279273,
        "Mstar": 10.27293859069873,
        "Mdm": 10.113967989717644,
        "Mbh": 8.177248001098633,
        "Mtotal": 10.501716802955189,
        "fdm": 0.40949743592464155,
        "projMstar": 10.358796827178473,
        "projMdm": 10.355252888833848,
        "projMtotal": 10.658058468574506,
        "projfdm": 0.4979599564196837,
        "MMstar": [
                10.27077514134059,
                10.2991557059184,
                10.329876536746482
        ],
        "MMdm": [
                9.796011736261153,
                9.893612241157129,
                9.974471136741274
        ],
        "MMbh": -Infinity,
        "MMtotal": [
                10.438289543163028,
                10.44405407622579,
                10.450846816742015
        ],
        "Mfdm": [
                0.22639128373242612,
                0.28106958490407047,
                0.33559929557092993
        ],
        "MMthetaE": 0.4027931353555214,
        "projMMstar": [
                10.283684166997404,
                10.311723796997484,
                10.343022469159536
        ],
        "projMMdm": [
                10.199588113406763,
                10.305926929664283,
                10.386280848436915
        ],
        "projMMtotal": [
                10.57642200451434,
                10.610593750860206,
                10.638575112584705
        ],
        "projMfdm": [
                0.4188957432612988,
                0.49752699526959276,
                0.5599249400384273
        ],
        "Dstar": 0.062226459391595074,
        "Ddm": -0.39793379328646544,
        "Dtotal": -0.12433644809496652,
        "Dfdm": -0.3136230895575259,
        "projDstar": -0.10272210282775789,
        "projDdm": -0.10736473401134619,
        "projDtotal": -0.10353098744879694,
        "projDfdm": -0.000869469812801668,
        "DthetaE": -8.504688634280417e-07,
        "PL_slope1": -2.533093812672799,
        "AV_slope1": 2.4776782380417255,
        "PL_slope2": -2.1384980826313096,
        "AV_slope2": 2.155834026628949
}