{
        "Reff": 0.6860226179383073,
        "R": 1.0899099099099099,
        "MthetaE": 1.0899099099099099,
        "Mstar": 10.742246908926605,
        "Mdm": 10.494685451500338,
        "Mbh": 8.453516006469727,
        "Mtotal": 10.936902124158186,
        "fdm": 0.36122959761691914,
        "projMstar": 10.856106322719304,
        "projMdm": 10.77867479018461,
        "projMtotal": 11.120143955811441,
        "projfdm": 0.45554452811787544,
        "MMstar": [
                10.744328144437779,
                10.770877622895147,
                10.806738755097502
        ],
        "MMdm": [
                10.401324405391856,
                10.458934069319609,
                10.498350105797973
        ],
        "MMbh": -Infinity,
        "MMtotal": [
                10.935701892556406,
                10.944650816906387,
                10.954632550693315
        ],
        "Mfdm": [
                0.28144310188712696,
                0.3279900250109133,
                0.36043975067620326
        ],
        "MMthetaE": 1.083811265650753,
        "projMMstar": [
                10.766698488692915,
                10.793609304192262,
                10.828820975812668
        ],
        "projMMdm": [
                10.67157538437215,
                10.731358822084147,
                10.770898585878694
        ],
        "projMMtotal": [
                11.058657813858996,
                11.065054104360025,
                11.069652607926086
        ],
        "projMfdm": [
                0.4106330739769151,
                0.4653406369040092,
                0.5020311680460288
        ],
        "Dstar": 0.06814623485440288,
        "Ddm": -0.07902335344238105,
        "Dtotal": 0.01800214419923426,
        "Dfdm": -0.09201785464228801,
        "projDstar": -0.13402973169201834,
        "projDdm": -0.10322388647408103,
        "projDtotal": -0.11913338887828168,
        "projDfdm": 0.02150417397528025,
        "DthetaE": 0.005595548956574725
}