{
        "Reff": 0.6860226179383073,
        "R": 1.0899099099099099,
        "MthetaE": 1.0899099099099099,
        "Mstar": 10.742246908926605,
        "Mdm": 10.494685451500338,
        "Mbh": 8.453516006469727,
        "Mtotal": 10.936902124158186,
        "fdm": 0.36122959761691914,
        "projMstar": 10.856106322719304,
        "projMdm": 10.77867479018461,
        "projMtotal": 11.120143955811441,
        "projfdm": 0.45554452811787544,
        "MMstar": [
                10.746557568534556,
                10.767874278697947,
                10.804991050493063
        ],
        "MMdm": [
                10.403552576942966,
                10.462147335331736,
                10.504818056659193
        ],
        "MMbh": -Infinity,
        "MMtotal": [
                10.935824401927178,
                10.94549786874142,
                10.955739284986741
        ],
        "Mfdm": [
                0.28397448069241477,
                0.3318503570993349,
                0.3635348745304738
        ],
        "MMthetaE": 1.083811265650753,
        "projMMstar": [
                10.768558513058624,
                10.790288714757148,
                10.826812703889168
        ],
        "projMMdm": [
                10.67488986901459,
                10.738128753954824,
                10.769460760095253
        ],
        "projMMtotal": [
                11.059109951124247,
                11.066006114551621,
                11.070199655076525
        ],
        "projMfdm": [
                0.4132216411092758,
                0.4698669379728184,
                0.4997871084355048
        ],
        "Dstar": 0.06078499950158572,
        "Ddm": -0.07218394389187323,
        "Dtotal": 0.019989602218240664,
        "Dfdm": -0.08133121070754744,
        "projDstar": -0.140625640082017,
        "projDdm": -0.08913510665861075,
        "projDtotal": -0.11720033692248255,
        "projDfdm": 0.031440197326301676,
        "DthetaE": 0.005595548956574725
}