{
        "Reff": 0.4869602608436852,
        "R": 1.217400652109213,
        "MthetaE": 1.220225225225225,
        "Mstar": 10.871967128271251,
        "Mdm": 10.636338659573704,
        "Mbh": 8.438713073730469,
        "Mtotal": 11.070970815358658,
        "fdm": 0.36759351767167864,
        "projMstar": 10.969620351737936,
        "projMdm": 10.902219596043672,
        "projMtotal": 11.238256200195426,
        "projfdm": 0.46127869442808966,
        "MMstar": [
                10.8402776298873,
                10.866041580003829,
                10.894192824451018
        ],
        "MMdm": [
                10.54364061155806,
                10.589157317995383,
                10.631044383895395
        ],
        "MMbh": -Infinity,
        "MMtotal": [
                11.04018524069467,
                11.050241980231819,
                11.06265461970861
        ],
        "Mfdm": [
                0.3100237584274053,
                0.3436816402885047,
                0.37934005871872
        ],
        "MMthetaE": 1.2730590174363126,
        "projMMstar": [
                10.852399894528682,
                10.878085287093942,
                10.90613478891061
        ],
        "projMMdm": [
                10.867156724562685,
                10.903173692833777,
                10.93368168292137
        ],
        "projMMtotal": [
                11.187711445459556,
                11.192198807819924,
                11.196047941907453
        ],
        "projMfdm": [
                0.47781864464033,
                0.5142417354978073,
                0.5471574338670538
        ],
        "Dstar": -0.013551420553288975,
        "Ddm": -0.10294585263130265,
        "Dtotal": -0.046608743159208293,
        "Dfdm": -0.06504977980740997,
        "projDstar": -0.19003745678999615,
        "projDdm": 0.0021993039750280176,
        "projDtotal": -0.10062127996640655,
        "projDfdm": 0.11481787845281503,
        "DthetaE": -0.043298393705420775
}