{
        "Reff": 0.4869602608436852,
        "R": 1.217400652109213,
        "MthetaE": 1.220225225225225,
        "Mstar": 10.871967128271251,
        "Mdm": 10.636338659573704,
        "Mbh": 8.438713073730469,
        "Mtotal": 11.070970815358658,
        "fdm": 0.36759351767167864,
        "projMstar": 10.969620351737936,
        "projMdm": 10.902219596043672,
        "projMtotal": 11.238256200195426,
        "projfdm": 0.46127869442808966,
        "MMstar": [
                10.839527143892589,
                10.86707640222636,
                10.895415407347608
        ],
        "MMdm": [
                10.542738721376644,
                10.591040539854998,
                10.633867343976606
        ],
        "MMbh": -Infinity,
        "MMtotal": [
                11.040372941776354,
                11.052135789466565,
                11.062089732871046
        ],
        "Mfdm": [
                0.30983801798264865,
                0.34694174118552074,
                0.3821299111383932
        ],
        "MMthetaE": 1.2538946881415722,
        "projMMstar": [
                10.852162276698488,
                10.87932518404989,
                10.907190863230714
        ],
        "projMMdm": [
                10.865130960140263,
                10.902466614471638,
                10.933777044027392
        ],
        "projMMtotal": [
                11.187556045462204,
                11.192181860637533,
                11.196194297990441
        ],
        "projMfdm": [
                0.4759812108821404,
                0.5137194568136234,
                0.5470279483266088
        ],
        "Dstar": -0.011198141653638553,
        "Ddm": -0.09904752994816514,
        "Dtotal": -0.04244225327016352,
        "Dfdm": -0.05618101379198784,
        "projDstar": -0.18772173536472783,
        "projDdm": 0.0005689427364864738,
        "projDtotal": -0.10065637513445158,
        "projDfdm": 0.11368563737926751,
        "DthetaE": -0.027592826488349813,
        "PL_slope1": -3.3812078911083434,
        "AV_slope1": 3.065106480278624,
        "PL_slope2": -1.665319221320423,
        "AV_slope2": 1.6711245046914052
}