{
        "Reff": 0.33542414752571365,
        "R": 0.8385603688142841,
        "MthetaE": 0.48572072072072064,
        "Mstar": 10.277667357888435,
        "Mdm": 9.98913029177223,
        "Mbh": [
                7.912351131439209,
                6.072244644165039
        ],
        "Mtotal": 10.457962983718119,
        "fdm": 0.3397561353859292,
        "projMstar": 10.32902983598197,
        "projMdm": 10.227985957460554,
        "projMtotal": 10.582469923635239,
        "projfdm": 0.44209543840509763,
        "MMstar": 10.27984084367655,
        "MMdm": 9.943301028274174,
        "MMbh": -Infinity,
        "MMtotal": 10.44441511132029,
        "Mfdm": 0.3154175956922548,
        "MMthetaE": 0.5249657346094901,
        "projMMstar": 10.299892870112076,
        "projMMdm": 10.288712790309988,
        "projMMtotal": 10.595368801099863,
        "projMfdm": 0.49356458412267246,
        "Dstar": 0.005017180083672737,
        "Ddm": -0.10014872467641875,
        "Dtotal": -0.030713581291980572,
        "Dfdm": -0.07163532062792104,
        "projDstar": -0.06488928343671008,
        "projDdm": 0.15007677390458954,
        "projDtotal": 0.03014622992580693,
        "projDfdm": 0.11642089297110775,
        "DthetaE": -0.0807974875573294
}