{
        "Reff": 0.6862264033777628,
        "R": 1.1409009009009008,
        "MthetaE": 1.1409009009009008,
        "Mstar": 10.751162367156113,
        "Mdm": 10.518616195444892,
        "Mbh": 8.453516006469727,
        "Mtotal": 10.951301630945586,
        "fdm": 0.3692449501091701,
        "projMstar": 10.865345998218945,
        "projMdm": 10.802798362704003,
        "projMtotal": 11.13622722790342,
        "projfdm": 0.4640567934441006,
        "MMstar": 10.915810820493629,
        "MMdm": 10.148079330345785,
        "MMbh": -Infinity,
        "MMtotal": 10.984261540738295,
        "Mfdm": 0.14582023359321838,
        "MMthetaE": 1.0949539324614128,
        "projMMstar": 10.935954241575068,
        "projMMdm": 10.47891163477681,
        "projMMtotal": 11.066000336099464,
        "projMfdm": 0.25876843464623156,
        "Dstar": 0.46099407050105984,
        "Ddm": -0.5739474834318599,
        "Dtotal": 0.07884712805319206,
        "Dfdm": -0.6050853679918831,
        "projDstar": 0.17654418947457826,
        "projDdm": -0.5256343074837204,
        "projDtotal": -0.149306512249288,
        "projDfdm": -0.4423776608769713,
        "DthetaE": 0.04027253234983549
}