{
        "Reff": 0.6862264033777628,
        "R": 1.1409009009009008,
        "MthetaE": 1.1409009009009008,
        "Mstar": 10.751162367156113,
        "Mdm": 10.518616195444892,
        "Mbh": 8.453516006469727,
        "Mtotal": 10.951301630945586,
        "fdm": 0.3692449501091701,
        "projMstar": 10.865345998218945,
        "projMdm": 10.802798362704003,
        "projMtotal": 11.13622722790342,
        "projfdm": 0.4640567934441006,
        "MMstar": 10.915548935077677,
        "MMdm": 10.144340275137393,
        "MMbh": -Infinity,
        "MMtotal": 10.983494344157737,
        "Mfdm": 0.14482579827005607,
        "MMthetaE": 1.0949539324614128,
        "projMMstar": 10.935649318027426,
        "projMMdm": 10.479444581774244,
        "projMMtotal": 11.065912382075371,
        "projMfdm": 0.25913865462300817,
        "Dstar": 0.46011333699286633,
        "Ddm": -0.5775998344937576,
        "Dtotal": 0.07694298875965927,
        "Dfdm": -0.6077785268905175,
        "projDstar": 0.17571841311983433,
        "projDdm": -0.5250518295448073,
        "projDtotal": -0.14947877863216352,
        "projDfdm": -0.4415798706452435,
        "DthetaE": 0.04027253234983549
}