{
        "Reff": 0.16132178706696065,
        "R": 0.18954954954954953,
        "MthetaE": 0.18954954954954953,
        "Mstar": 9.345171940693744,
        "Mdm": 8.74601141403639,
        "Mbh": 7.548817157745361,
        "Mtotal": 9.442663397311287,
        "fdm": 0.20107034205073515,
        "projMstar": 9.585940106115428,
        "projMdm": 9.095671706651812,
        "projMtotal": 9.707629180051482,
        "projfdm": 0.24436698278553526,
        "MMstar": -Infinity,
        "MMdm": -Infinity,
        "MMbh": -Infinity,
        "MMtotal": -Infinity,
        "Mfdm": 0.0,
        "MMthetaE": 0.18000780730416677,
        "projMMstar": 9.736445851754594,
        "projMMdm": 6.913080600695403,
        "projMMtotal": 9.737097619906786,
        "projMfdm": 0.0014996260667309886,
        "Dstar": -1.0,
        "Ddm": -1.0,
        "Dtotal": -1.0,
        "Dfdm": -1.0,
        "projDstar": 0.41418343434305005,
        "projDdm": -0.9934323667327245,
        "projDtotal": 0.0702086081129188,
        "projDfdm": -0.9938632214154434,
        "DthetaE": 0.05033903941242807
}