{
        "Reff": 0.3555664498963653,
        "R": 0.8889161247409133,
        "MthetaE": 0.0,
        "Mstar": 10.480430779715173,
        "Mdm": 10.35153228832647,
        "Mbh": 8.265618324279785,
        "Mtotal": 10.721776209571578,
        "fdm": 0.4263399979307349,
        "projMstar": 10.52668112853081,
        "projMdm": 10.557453231213469,
        "projMtotal": 10.843369664689648,
        "projfdm": 0.5177064389389725,
        "MMstar": 10.47086740585545,
        "MMdm": 10.482454227769288,
        "MMbh": -Infinity,
        "MMtotal": 10.777729452864977,
        "Mfdm": 0.5066695152429014,
        "MMthetaE": 0.0,
        "projMMstar": 10.48782155516593,
        "projMMdm": 10.892881624891558,
        "projMMtotal": 11.036987240697222,
        "projMfdm": 0.7176197525467538,
        "Dstar": -0.021779801146298742,
        "Ddm": 0.351829562057157,
        "Dtotal": 0.1375048139887657,
        "Dfdm": 0.188416563545645,
        "projDstar": -0.08559113745376243,
        "projDdm": 1.1648529096914775,
        "projDtotal": 0.5617717972862365,
        "projDfdm": 0.3861518779204274,
        "DthetaE": 0,
        "PL_slope1": -2.929999033037127,
        "AV_slope1": 2.8137313918054785,
        "PL_slope2": -1.6881875722289976,
        "AV_slope2": 1.6862335722658424
}