{
        "Reff": 0.9365583424776649,
        "R": 2.341395856194162,
        "MthetaE": 0.533108108108108,
        "Mstar": 10.604333704610394,
        "Mdm": 10.634934192831413,
        "Mbh": 8.183881759643555,
        "Mtotal": 10.920933403323664,
        "fdm": 0.5176077729134222,
        "projMstar": 10.682572097391489,
        "projMdm": 10.838119149014558,
        "projMtotal": 11.068302560459982,
        "projfdm": 0.5885950271362097,
        "MMstar": [
                10.61072380699705,
                10.63915933770346,
                10.6600812575649
        ],
        "MMdm": [
                10.495022981607345,
                10.561893779423077,
                10.629293286839426
        ],
        "MMbh": -Infinity,
        "MMtotal": [
                10.88386203472171,
                10.902341144698525,
                10.920914711213516
        ],
        "Mfdm": [
                0.4073658338194268,
                0.45579966110003606,
                0.5094858689290949
        ],
        "MMthetaE": 0.5400234219125003,
        "projMMstar": [
                10.633754347039481,
                10.661946330965844,
                10.68164719440484
        ],
        "projMMdm": [
                10.820654455154884,
                10.889625961745113,
                10.954875797466388
        ],
        "projMMtotal": [
                11.054035264857868,
                11.089952678906073,
                11.126376945688522
        ],
        "projMfdm": [
                0.58233931060202,
                0.6300687046260981,
                0.6719368224670692
        ],
        "Dstar": 0.08349181052610712,
        "Ddm": -0.1547998088663818,
        "Dtotal": -0.04190683623949719,
        "Dfdm": -0.11941109667942426,
        "projDstar": -0.04638245324784664,
        "projDdm": 0.1259181309123246,
        "projDtotal": 0.05111472091451824,
        "projDfdm": 0.07046216087090855,
        "DthetaE": -0.012971691293410059
}