{
        "Reff": 0.9365583424776649,
        "R": 2.341395856194162,
        "MthetaE": 0.533108108108108,
        "Mstar": 10.604333704610394,
        "Mdm": 10.634934192831413,
        "Mbh": 8.183881759643555,
        "Mtotal": 10.920933403323664,
        "fdm": 0.5176077729134222,
        "projMstar": 10.682572097391489,
        "projMdm": 10.838119149014558,
        "projMtotal": 11.068302560459982,
        "projfdm": 0.5885950271362097,
        "MMstar": [
                10.611262325151564,
                10.637409843778814,
                10.66041158146033
        ],
        "MMdm": [
                10.491123632237297,
                10.561936721704358,
                10.62769019629865
        ],
        "MMbh": -Infinity,
        "MMtotal": [
                10.883913844262004,
                10.902929713896143,
                10.920674248252897
        ],
        "Mfdm": [
                0.4047958489340109,
                0.45809336203071355,
                0.5077833564060149
        ],
        "MMthetaE": 0.5249657346094901,
        "projMMstar": [
                10.633780209767538,
                10.660333264659997,
                10.682822427643098
        ],
        "projMMdm": [
                10.815636450675314,
                10.891035693304778,
                10.952221962456203
        ],
        "projMMtotal": [
                11.052149770966626,
                11.091063683705334,
                11.125138594842369
        ],
        "projMfdm": [
                0.5803027096594907,
                0.6316597614839635,
                0.6701642133931167
        ],
        "Dstar": 0.07913589642198943,
        "Ddm": -0.15471623281303082,
        "Dtotal": -0.040607518769660636,
        "Dfdm": -0.11497974720843951,
        "projDstar": -0.049917831274973,
        "projDdm": 0.12957882957245684,
        "projDtotal": 0.05380710715835054,
        "projDfdm": 0.07316530443229177,
        "DthetaE": 0.015273400225544362,
        "PL_slope1": -2.558884128601386,
        "AV_slope1": 2.508301027204799,
        "PL_slope2": -1.6604832974857073,
        "AV_slope2": 1.6684439940924478
}