{
        "Reff": 0.5550486535013095,
        "R": 0.5804954954954954,
        "MthetaE": 0.5804954954954954,
        "Mstar": 10.332992349204273,
        "Mdm": 9.915833221302163,
        "Mbh": 8.260486602783203,
        "Mtotal": 10.473715443571665,
        "fdm": 0.2767692123056929,
        "projMstar": 10.40732278043186,
        "projMdm": 10.179791668756826,
        "projMtotal": 10.609320580506106,
        "projfdm": 0.3719384597388031,
        "MMstar": [
                10.263240886719394,
                10.276730552007006,
                10.299761118083259
        ],
        "MMdm": [
                9.523580777739738,
                9.56884661428914,
                9.597379751044098
        ],
        "MMbh": -Infinity,
        "MMtotal": [
                10.347051667181631,
                10.355072467903991,
                10.367829582699349
        ],
        "Mfdm": [
                0.14407706701787315,
                0.16432467835841563,
                0.17740320408935104
        ],
        "MMthetaE": 0.5694543561865656,
        "projMMstar": [
                10.298009962945164,
                10.312218908113422,
                10.33481158895429
        ],
        "projMMdm": [
                10.122882138113413,
                10.170462612579547,
                10.195249853451987
        ],
        "projMMtotal": [
                10.541880908207238,
                10.547559828387657,
                10.551484873286354
        ],
        "projMfdm": [
                0.3806552491108169,
                0.4194675378674812,
                0.4410592419683868
        ],
        "Dstar": -0.12150720733948721,
        "Ddm": -0.5502062743603077,
        "Dtotal": -0.23904841787640177,
        "Dfdm": -0.4062754415873459,
        "projDstar": -0.19666603807487562,
        "projDdm": -0.021251873333911556,
        "projDtotal": -0.1325603932467476,
        "projDfdm": 0.1277874790417098,
        "DthetaE": 0.019020198080099457
}