{
        "Reff": 0.5550486535013095,
        "R": 0.5804954954954954,
        "MthetaE": 0.5804954954954954,
        "Mstar": 10.332992349204273,
        "Mdm": 9.915833221302163,
        "Mbh": 8.260486602783203,
        "Mtotal": 10.473715443571665,
        "fdm": 0.2767692123056929,
        "projMstar": 10.40732278043186,
        "projMdm": 10.179791668756826,
        "projMtotal": 10.609320580506106,
        "projfdm": 0.3719384597388031,
        "MMstar": [
                10.263646877299141,
                10.278466022757726,
                10.302928309545187
        ],
        "MMdm": [
                9.520029293078444,
                9.569441027313527,
                9.59862380259164
        ],
        "MMbh": -Infinity,
        "MMtotal": [
                10.347851637327132,
                10.3559183555057,
                10.369805729014816
        ],
        "Mfdm": [
                0.14256261648988172,
                0.1641216404899289,
                0.17718783839082072
        ],
        "MMthetaE": 0.5694543561865656,
        "projMMstar": [
                10.298259558890665,
                10.313057203066725,
                10.33675030714842
        ],
        "projMMdm": [
                10.119643929583791,
                10.169123444576083,
                10.19528151755769
        ],
        "projMMtotal": [
                10.5418707821901,
                10.547361773942106,
                10.551534874699332
        ],
        "projMfdm": [
                0.3776332222511102,
                0.4178727183084508,
                0.44103557378444547
        ],
        "Dstar": -0.11798966596547006,
        "Ddm": -0.549590226236961,
        "Dtotal": -0.23756484670705294,
        "Dfdm": -0.4070090414946307,
        "projDstar": -0.19511390882628768,
        "projDdm": -0.024265242116474295,
        "projDtotal": -0.1329558878012911,
        "projDfdm": 0.1234996203455417,
        "DthetaE": 0.019020198080099457
}