{
        "Reff": 0.9842781252851367,
        "R": 2.4606953132128417,
        "Mstar": 11.047828541469018,
        "Mdm": 11.001234796916503,
        "Mbh": 8.475809097290039,
        "Mtotal": 11.326186222826236,
        "fdm": 0.4732041819854661,
        "MMstar": 11.008748196200681,
        "MMdm": 10.97170414827183,
        "MMbh": -Infinity,
        "MMtotal": 11.291651016829148,
        "Mfdm": 0.4786886513511484,
        "Dstar": -0.08605585549841006,
        "Ddm": -0.06573656607894188,
        "Dtotal": -0.0764406827701447,
        "Dfdm": 0.01159006951855459
}