{
        "Reff": 0.544754228166559,
        "R": 0.6397297297297296,
        "MthetaE": 0.6397297297297296,
        "Mstar": 10.387700894003224,
        "Mdm": 9.983169393265646,
        "Mbh": 8.265588760375977,
        "Mtotal": 10.531955832442545,
        "fdm": 0.2826269428551476,
        "projMstar": 10.480275896075595,
        "projMdm": 10.275593071737097,
        "projMtotal": 10.690912870135643,
        "projfdm": 0.3843086871203482,
        "MMstar": [
                -Infinity,
                -Infinity,
                -Infinity
        ],
        "MMdm": [
                -Infinity,
                -Infinity,
                -Infinity
        ],
        "MMbh": -Infinity,
        "MMtotal": [
                -Infinity,
                -Infinity,
                -Infinity
        ],
        "Mfdm": [
                0.0,
                0.0,
                0.0
        ],
        "MMthetaE": 0.6491916548593238,
        "projMMstar": [
                10.358736703113854,
                10.374276834026983,
                10.394549691593665
        ],
        "projMMdm": [
                10.292241690383026,
                10.323118730991066,
                10.34525194750567
        ],
        "projMMtotal": [
                10.647295309002129,
                10.650396572345548,
                10.653344551265002
        ],
        "projMfdm": [
                0.4414568072828822,
                0.47073640164789077,
                0.4920459245694433
        ],
        "Dstar": -1.0,
        "Ddm": -1.0,
        "Dtotal": -1.0,
        "Dfdm": -1.0,
        "projDstar": -0.21656866524886811,
        "projDdm": 0.11564406457318109,
        "projDtotal": -0.08907273278727008,
        "projDfdm": 0.22489138919848897,
        "DthetaE": -0.014790504004857865
}