{
        "Reff": 0.1711945002191585,
        "R": 0.5568018018018017,
        "MthetaE": 0.5568018018018017,
        "Mstar": 10.29718412001835,
        "Mdm": 10.054040228274305,
        "Mbh": 8.217829704284668,
        "Mtotal": 10.493440279762195,
        "fdm": 0.3635799691958276,
        "projMstar": 10.317644882056662,
        "projMdm": 10.217508581624593,
        "projMtotal": 10.571486439761745,
        "projfdm": 0.44261093765245546,
        "MMstar": [
                10.169508954465782,
                10.199642414212128,
                10.222051957352381
        ],
        "MMdm": [
                9.980859432076027,
                10.038735940677311,
                10.07791152265892
        ],
        "MMbh": -Infinity,
        "MMtotal": [
                10.40903902555388,
                10.425390525295725,
                10.438390672766921
        ],
        "Mfdm": [
                0.36926251610865296,
                0.40858797947992037,
                0.44349915238923404
        ],
        "MMthetaE": 0.8052440505450654,
        "projMMstar": [
                10.177531275254262,
                10.207050670756319,
                10.229992669699524
        ],
        "projMMdm": [
                10.275441818437287,
                10.303759968621318,
                10.327838525823276
        ],
        "projMMtotal": [
                10.549373641807097,
                10.55609345954567,
                10.566221426374392
        ],
        "projMfdm": [
                0.5271059771263478,
                0.5561236950535641,
                0.586940820825153
        ],
        "Dstar": -0.20116277528763554,
        "Ddm": -0.03462574564283479,
        "Dtotal": -0.14503124127543932,
        "Dfdm": 0.12379122640788567,
        "projDstar": -0.22481423556923835,
        "projDdm": 0.21969540305897203,
        "projDtotal": -0.034822876465946714,
        "projDfdm": 0.25646170879365043,
        "DthetaE": -0.44619512354182145
}