{
        "Reff": 0.9094395894549946,
        "R": 2.2735989736374864,
        "MthetaE": 0.46202702702702697,
        "Mstar": 10.63249087929843,
        "Mdm": 10.608043679512585,
        "Mbh": 8.274933815002441,
        "Mtotal": 10.921469274343053,
        "fdm": 0.4859307755243753,
        "projMstar": 10.714692474183407,
        "projMdm": 10.768149505668532,
        "projMtotal": 11.043272965876945,
        "projfdm": 0.5307335471058287,
        "MMstar": 10.728829861360346,
        "MMdm": 10.420312548785391,
        "MMbh": -Infinity,
        "MMtotal": 10.902439663045271,
        "Mfdm": 0.32951325236654366,
        "MMthetaE": 0.458917242575832,
        "projMMstar": 10.746648582888316,
        "projMMdm": 10.686862173870033,
        "projMMtotal": 11.018813361946108,
        "projMfdm": 0.46563842536485134,
        "Dstar": 0.24835752086102222,
        "Ddm": -0.3509638761903229,
        "Dtotal": -0.042871190396490046,
        "Dfdm": -0.32189260494777083,
        "projDstar": 0.0763564278476068,
        "projDdm": -0.1706980850806523,
        "projDtotal": -0.05476369012731104,
        "projDfdm": -0.12265122884345823,
        "DthetaE": 0.006730741426979472
}