{
        "Reff": 0.3129603324922881,
        "R": 0.7824008312307202,
        "MthetaE": 0.45018018018018013,
        "Mstar": 10.273399770015239,
        "Mdm": 10.022244869721614,
        "Mbh": 8.01979923248291,
        "Mtotal": 10.466760355017644,
        "fdm": 0.35932258444479737,
        "projMstar": 10.311296349477995,
        "projMdm": 10.185498404817997,
        "projMtotal": 10.553966374268237,
        "projfdm": 0.4280869911502228,
        "MMstar": [
                10.341154740813957,
                10.361927816707642,
                10.381220939227047
        ],
        "MMdm": [
                7.926400148722777,
                8.707843283593524,
                9.231543683798678
        ],
        "MMbh": -Infinity,
        "MMtotal": [
                10.364504785170539,
                10.374663179090536,
                10.38734046815647
        ],
        "Mfdm": [
                0.0034516353003359386,
                0.021966415470813915,
                0.07248527024330183
        ],
        "MMthetaE": 0.4027931353555214,
        "projMMstar": [
                10.366571259529298,
                10.387581256559086,
                10.405917733376015
        ],
        "projMMdm": [
                8.367994363256656,
                9.161138796379042,
                9.663331694463427
        ],
        "projMMtotal": [
                10.401221367539243,
                10.418406771965003,
                10.44799655746846
        ],
        "projMfdm": [
                0.00918462086183884,
                0.05563054974355542,
                0.16413766585738446
        ],
        "Dstar": 0.22610608192425488,
        "Ddm": -0.9515160032024844,
        "Dtotal": -0.19108512050225407,
        "Dfdm": -0.9388671449506715,
        "projDstar": 0.19202374633338878,
        "projDdm": -0.905454602617813,
        "projDtotal": -0.2681191265664611,
        "projDfdm": -0.8700484927278864,
        "DthetaE": 0.10526239694891172
}