{
        "Reff": 0.3129603324922881,
        "R": 0.7824008312307202,
        "MthetaE": 0.45018018018018013,
        "Mstar": 10.273399770015239,
        "Mdm": 10.022244869721614,
        "Mbh": 8.01979923248291,
        "Mtotal": 10.466760355017644,
        "fdm": 0.35932258444479737,
        "projMstar": 10.311296349477995,
        "projMdm": 10.185498404817997,
        "projMtotal": 10.553966374268237,
        "projfdm": 0.4280869911502228,
        "MMstar": [
                10.34193157081257,
                10.364224675476471,
                10.38307252081129
        ],
        "MMdm": [
                7.9038899324174485,
                8.646574127200696,
                9.179806141045692
        ],
        "MMbh": -Infinity,
        "MMtotal": [
                10.364443034267044,
                10.3747674445515,
                10.389174980376046
        ],
        "Mfdm": [
                0.003384634181288974,
                0.018772315681951552,
                0.06464286138603495
        ],
        "MMthetaE": 0.4027931353555214,
        "projMMstar": [
                10.366843869130234,
                10.389368463709463,
                10.408532146103596
        ],
        "projMMdm": [
                8.342989791271451,
                9.118269554456345,
                9.626299410198001
        ],
        "projMMtotal": [
                10.4018429534996,
                10.418042940152631,
                10.447326017509717
        ],
        "projMfdm": [
                0.008485331485954763,
                0.049823268036283265,
                0.1512742595218534
        ],
        "Dstar": 0.23260778246574967,
        "Ddm": -0.9578954279571098,
        "Dtotal": -0.1908908928260565,
        "Dfdm": -0.947756371309203,
        "projDstar": 0.19693926555983787,
        "projDdm": -0.914341364969318,
        "projDtotal": -0.2687320057249067,
        "projDfdm": -0.8836141507070476,
        "DthetaE": 0.10526239694891172,
        "PL_slope1": -2.935625859703286,
        "AV_slope1": 2.967178972456042,
        "PL_slope2": -3.2409490823394327,
        "AV_slope2": 3.2156173992090418
}