{
        "Reff": 0.5148342648334497,
        "R": 0.5804954954954954,
        "MthetaE": 0.5804954954954954,
        "Mstar": 10.332992349204273,
        "Mdm": 9.915833221302163,
        "Mbh": 8.260486602783203,
        "Mtotal": 10.473715443571665,
        "fdm": 0.2767692123056929,
        "projMstar": 10.40732278043186,
        "projMdm": 10.179791668756826,
        "projMtotal": 10.609320580506106,
        "projfdm": 0.3719384597388031,
        "MMstar": [
                10.198756005825013,
                10.227738422020801,
                10.245606694418768
        ],
        "MMdm": [
                9.842326899357042,
                9.875648523345038,
                9.917430930725338
        ],
        "MMbh": -Infinity,
        "MMtotal": [
                10.377541207264887,
                10.385655511067485,
                10.393635790194237
        ],
        "Mfdm": [
                0.284143430891627,
                0.308107393190459,
                0.3431638940587211
        ],
        "MMthetaE": 0.5762987595061156,
        "projMMstar": [
                10.226394777785107,
                10.255440049458233,
                10.2728821088433
        ],
        "projMMdm": [
                10.183958883303273,
                10.213796095758937,
                10.255523153092039
        ],
        "projMMtotal": [
                10.531256207605711,
                10.536094767688578,
                10.54218607358332
        ],
        "projMfdm": [
                0.44961552381059305,
                0.47529839045435096,
                0.5165848353044494
        ],
        "Dstar": -0.2152233497919385,
        "Ddm": -0.08837694066961298,
        "Dtotal": -0.18353030898099246,
        "Dfdm": 0.11322856550298997,
        "projDstar": -0.29511662277045553,
        "projDdm": 0.0814449750041681,
        "projDtotal": -0.15516054606200322,
        "projDfdm": 0.27789524855303555,
        "DthetaE": 0.0072295754608699084
}