{
        "Reff": 0.9662426539989696,
        "R": 0.45018018018018013,
        "MthetaE": 0.45018018018018013,
        "Mstar": 10.307116544969112,
        "Mdm": 9.689914983895168,
        "Mbh": 8.30414867401123,
        "Mtotal": 10.401040182296704,
        "fdm": 0.19447993540979114,
        "projMstar": 10.389112670322442,
        "projMdm": 9.993272781079773,
        "projMtotal": 10.53584177711993,
        "projfdm": 0.286702185777595,
        "MMstar": [
                -Infinity,
                -Infinity,
                -Infinity
        ],
        "MMdm": [
                -Infinity,
                -Infinity,
                -Infinity
        ],
        "MMbh": -Infinity,
        "MMtotal": [
                -Infinity,
                -Infinity,
                -Infinity
        ],
        "Mfdm": [
                0.0,
                0.0,
                0.0
        ],
        "MMthetaE": 0.4500195182604169,
        "projMMstar": [
                10.245630370001725,
                10.29743621232703,
                10.309651645743116
        ],
        "projMMdm": [
                10.059048717056589,
                10.08505334195719,
                10.170228398905762
        ],
        "projMMtotal": [
                10.503412113859854,
                10.505129906719317,
                10.51049526273768
        ],
        "projMfdm": [
                0.3596513188203358,
                0.3802704714476668,
                0.45669916934212135
        ],
        "Dstar": -1.0,
        "Ddm": -1.0,
        "Dtotal": -1.0,
        "Dfdm": -1.0,
        "projDstar": -0.19030111355426876,
        "projDdm": 0.2353230950664059,
        "projDtotal": -0.06827418264214541,
        "projDfdm": 0.3263605591854679,
        "DthetaE": 0.00035688359202955825
}