{
        "Reff": 0.9662426539989696,
        "R": 0.45018018018018013,
        "MthetaE": 0.45018018018018013,
        "Mstar": 10.307116544969112,
        "Mdm": 9.689914983895168,
        "Mbh": 8.30414867401123,
        "Mtotal": 10.401040182296704,
        "fdm": 0.19447993540979114,
        "projMstar": 10.389112670322442,
        "projMdm": 9.993272781079773,
        "projMtotal": 10.53584177711993,
        "projfdm": 0.286702185777595,
        "MMstar": [
                -Infinity,
                -Infinity,
                -Infinity
        ],
        "MMdm": [
                -Infinity,
                -Infinity,
                -Infinity
        ],
        "MMbh": -Infinity,
        "MMtotal": [
                -Infinity,
                -Infinity,
                -Infinity
        ],
        "Mfdm": [
                0.0,
                0.0,
                0.0
        ],
        "MMthetaE": 0.4500195182604169,
        "projMMstar": [
                10.24659621490529,
                10.298737389740879,
                10.310144923765362
        ],
        "projMMdm": [
                10.05804323983066,
                10.082699734631941,
                10.168633671295705
        ],
        "projMMtotal": [
                10.503306027998827,
                10.504993959558666,
                10.51039939201639
        ],
        "projMfdm": [
                0.35882221672527326,
                0.3780081272880246,
                0.4552815968765066
        ],
        "Dstar": -1.0,
        "Ddm": -1.0,
        "Dtotal": -1.0,
        "Dfdm": -1.0,
        "projDstar": -0.18787155988060475,
        "projDdm": 0.22864651618446175,
        "projDtotal": -0.06856579504266597,
        "projDfdm": 0.31846963866978967,
        "DthetaE": 0.00035688359202955825
}