{
        "Reff": 0.3281228274892596,
        "R": 0.4991441441441441,
        "MthetaE": 0.4991441441441441,
        "Mstar": 10.19956999445017,
        "Mdm": 9.71954541043672,
        "Mbh": [
                7.912351131439209,
                6.072244644165039
        ],
        "Mtotal": 10.323784716321983,
        "fdm": 0.24874862805075892,
        "projMstar": 10.267229922708196,
        "projMdm": 9.97878410275757,
        "projMtotal": 10.447556552132752,
        "projfdm": 0.3398032674668276,
        "MMstar": 10.20412774006444,
        "MMdm": 9.514371891064208,
        "MMbh": -Infinity,
        "MMtotal": 10.284858318521518,
        "Mfdm": 0.16963426154199535,
        "MMthetaE": 0.48468156572166493,
        "projMMstar": 10.231848331582778,
        "projMMdm": 9.996680169852477,
        "projMMtotal": 10.431021281240868,
        "projMfdm": 0.3678399446805058,
        "Dstar": 0.010549858539615452,
        "Ddm": -0.3765143237018738,
        "Dtotal": -0.08573182576054389,
        "Dfdm": -0.3180494587195059,
        "projDstar": -0.07823883055656752,
        "projDdm": 0.04206801771200799,
        "projDtotal": -0.03735817041626965,
        "projDfdm": 0.08250855685610853,
        "DthetaE": 0.02897475326947365
}