{
        "Reff": 0.4081097725007585,
        "R": 0.37909909909909906,
        "MthetaE": 0.37909909909909906,
        "Mstar": 10.136938839434904,
        "Mdm": 9.556086234548895,
        "Mbh": 8.278263092041016,
        "Mtotal": 10.23817398702835,
        "fdm": 0.20792765111354303,
        "projMstar": 10.290529101756526,
        "projMdm": 9.899801459426145,
        "projMtotal": 10.438730064546228,
        "projfdm": 0.28911551283478226,
        "MMstar": 10.252499539985843,
        "MMdm": 9.375527580732276,
        "MMbh": -Infinity,
        "MMtotal": 10.306632850378,
        "Mfdm": 0.11719112688303338,
        "MMthetaE": 0.4027931353555214,
        "projMMstar": 10.279853468322575,
        "projMMdm": 9.700213220120656,
        "projMMtotal": 10.381340977236572,
        "projMfdm": 0.20838777751990598,
        "Dstar": 0.3048503324562743,
        "Ddm": -0.3401558872675575,
        "Dtotal": 0.1707357042354721,
        "Dfdm": -0.43638507790847486,
        "projDstar": -0.024281888434856555,
        "projDdm": -0.3684441523249134,
        "projDtotal": -0.12378453785781,
        "projDfdm": -0.27922311924164683,
        "DthetaE": -0.06250090362316735
}