{
        "Reff": 0.4081097725007585,
        "R": 0.37909909909909906,
        "MthetaE": 0.37909909909909906,
        "Mstar": 10.136938839434904,
        "Mdm": 9.556086234548895,
        "Mbh": 8.278263092041016,
        "Mtotal": 10.23817398702835,
        "fdm": 0.20792765111354303,
        "projMstar": 10.290529101756526,
        "projMdm": 9.899801459426145,
        "projMtotal": 10.438730064546228,
        "projfdm": 0.28911551283478226,
        "MMstar": 10.252312560440851,
        "MMdm": 9.364337440186132,
        "MMbh": -Infinity,
        "MMtotal": 10.305170725605906,
        "Mfdm": 0.11459527590734238,
        "MMthetaE": 0.4027931353555214,
        "projMMstar": 10.279659314153417,
        "projMMdm": 9.689814096014882,
        "projMMtotal": 10.37903992024717,
        "projMfdm": 0.20453808040529453,
        "Dstar": 0.3042886679222959,
        "Ddm": -0.35694043020610383,
        "Dtotal": 0.16680085470053144,
        "Dfdm": -0.4488694731382054,
        "projDstar": -0.024717992065804464,
        "projDdm": -0.3833870569231959,
        "projDtotal": -0.128414782690021,
        "projDfdm": -0.292538548347699,
        "DthetaE": -0.06250090362316735
}