{
        "Reff": 0.9365583424776647,
        "R": 0.5054394790279981,
        "thetaE": 0.5054394790279981,
        "Mstar": 10.298287902445091,
        "Mdm": 9.801760680901712,
        "Mbh": 8.183881759643555,
        "Mtotal": 10.418455834131676,
        "fdm": 0.2417156927667969,
        "MMstar": 10.325502814439462,
        "MMdm": 9.480513039960822,
        "MMbh": -Infinity,
        "MMtotal": 10.383508296085186,
        "Mfdm": 0.1250272687093396,
        "Dstar": 0.06466974306874426,
        "Ddm": -0.5227429427631679,
        "Dtotal": -0.07731712122712127,
        "Dfdm": -0.4827507172653298
}