{
        "Reff": 0.1711945002191585,
        "R": 0.5568018018018017,
        "MthetaE": 0.5568018018018017,
        "Mstar": 10.29718412001835,
        "Mdm": 10.054040228274305,
        "Mbh": 8.217829704284668,
        "Mtotal": 10.493440279762195,
        "fdm": 0.3635799691958276,
        "projMstar": 10.317644882056662,
        "projMdm": 10.217508581624593,
        "projMtotal": 10.571486439761745,
        "projfdm": 0.44261093765245546,
        "MMstar": -Infinity,
        "MMdm": -Infinity,
        "MMbh": -Infinity,
        "MMtotal": -Infinity,
        "Mfdm": 0.0,
        "MMthetaE": 0.5762987595061156,
        "projMMstar": 10.165064641712336,
        "projMMdm": 10.351569524350461,
        "projMMtotal": 10.569282740067584,
        "projMfdm": 0.6057407407140519,
        "Dstar": -1.0,
        "Ddm": -1.0,
        "Dtotal": -1.0,
        "Dfdm": -1.0,
        "projDstar": -0.29624780948608237,
        "projDdm": 0.36163574170162166,
        "projDtotal": -0.005061354028765567,
        "projDfdm": 0.3685625211315685,
        "DthetaE": -0.03501597451951858
}