{
        "Reff": 0.5550486535013095,
        "R": 1.3876216337532736,
        "MthetaE": 0.5704504504504504,
        "Mstar": 10.499063145371911,
        "Mdm": 10.384012589930101,
        "Mbh": 8.260486602783203,
        "Mtotal": 10.746366583215803,
        "fdm": 0.4341561993367829,
        "projMstar": 10.579882745439837,
        "projMdm": 10.603682702456029,
        "projMtotal": 10.892975733163656,
        "projfdm": 0.5136969288508852,
        "MMstar": 10.499139066931551,
        "MMdm": 10.186957102765367,
        "MMbh": -Infinity,
        "MMtotal": 10.671544730040024,
        "Mfdm": 0.32765166010343133,
        "MMthetaE": 0.5692236757777489,
        "projMMstar": 10.521587906285463,
        "projMMdm": 10.89563883945757,
        "projMMtotal": 11.048727458630733,
        "projMfdm": 0.7029288703723766,
        "Dstar": 0.00017483113264292843,
        "Ddm": -0.3647502353323432,
        "Dtotal": -0.15825964876651832,
        "Dfdm": -0.24531387412191263,
        "projDstar": -0.12561004287711278,
        "projDdm": 0.9586468435410859,
        "projDtotal": 0.43136938976133915,
        "projDfdm": 0.3683727328189287,
        "DthetaE": 0.0021505367762139228,
        "PL_slope1": -2.3208934791077467,
        "AV_slope1": 2.261390568933218,
        "PL_slope2": -1.6559227826745107,
        "AV_slope2": 1.6615779721888575
}