{
        "Reff": 0.5550486535013095,
        "R": 1.3876216337532736,
        "MthetaE": 0.5704504504504504,
        "Mstar": 10.499063145371911,
        "Mdm": 10.384012589930101,
        "Mbh": 8.260486602783203,
        "Mtotal": 10.746366583215803,
        "fdm": 0.4341561993367829,
        "projMstar": 10.579882745439837,
        "projMdm": 10.603682702456029,
        "projMtotal": 10.892975733163656,
        "projfdm": 0.5136969288508852,
        "MMstar": 10.499432663407848,
        "MMdm": 10.192550540878887,
        "MMbh": -Infinity,
        "MMtotal": 10.673581962293387,
        "Mfdm": 0.33034563950639,
        "MMthetaE": 0.5692236757777489,
        "projMMstar": 10.521818427001225,
        "projMMdm": 10.900665657029455,
        "projMMtotal": 11.052334957166943,
        "projMfdm": 0.705229872126836,
        "Dstar": 0.0008512087938931574,
        "Ddm": -0.35651570640359354,
        "Dtotal": -0.15430185287695808,
        "Dfdm": -0.23910878156058563,
        "projDstar": -0.1251457991177726,
        "projDdm": 0.9814492552783953,
        "projDtotal": 0.4433086818071172,
        "projDfdm": 0.3728520310689816,
        "DthetaE": 0.0021505367762139228
}