{
        "Reff": 0.9094395894549948,
        "R": 2.273598973637487,
        "MthetaE": 0.46202702702702697,
        "Mstar": 10.63249087929843,
        "Mdm": 10.608043679512585,
        "Mbh": 8.274933815002441,
        "Mtotal": 10.921469274343053,
        "fdm": 0.4859307755243753,
        "projMstar": 10.714692474183407,
        "projMdm": 10.768149505668532,
        "projMtotal": 11.043272965876945,
        "projfdm": 0.5307335471058287,
        "MMstar": [
                10.705532029044841,
                10.725292332850664,
                10.744073516125622
        ],
        "MMdm": [
                10.288751334301184,
                10.400766195281111,
                10.490571840494457
        ],
        "MMbh": -Infinity,
        "MMtotal": [
                10.872979133632738,
                10.893489082806255,
                10.913775609085198
        ],
        "Mfdm": [
                0.26010748900155484,
                0.3225464401982014,
                0.3788166911140581
        ],
        "MMthetaE": 0.458917242575832,
        "projMMstar": [
                10.722702171170054,
                10.743588670921264,
                10.762113315632485
        ],
        "projMMdm": [
                10.598408147205195,
                10.713117890832477,
                10.804928162622348
        ],
        "projMMtotal": [
                10.986357989970125,
                11.029138554242929,
                11.068012731874346
        ],
        "projMfdm": [
                0.40750614106755023,
                0.4816262366153783,
                0.5466859239203031
        ],
        "Dstar": 0.23823037521960713,
        "Ddm": -0.3795275315743562,
        "Dtotal": -0.06239522926562619,
        "Dfdm": -0.33622965153804757,
        "projDstar": 0.0687993887027608,
        "projDdm": -0.11901526135939443,
        "projDtotal": -0.032021773774004565,
        "projDfdm": -0.09252724037935806,
        "DthetaE": 0.006730741426979472,
        "PL_slope1": -2.2036393675341537,
        "AV_slope1": 2.301890362397408,
        "PL_slope2": -1.9000153272895695,
        "AV_slope2": 1.9034208344262813
}