{
        "Reff": 0.4869602608436852,
        "R": 1.220225225225225,
        "MthetaE": 1.220225225225225,
        "Mstar": 10.87244459182217,
        "Mdm": 10.637575202464305,
        "Mbh": 8.438713073730469,
        "Mtotal": 11.071727465792158,
        "fdm": 0.3679999305160368,
        "projMstar": 10.97001301300598,
        "projMdm": 10.903444554972886,
        "projMtotal": 11.239032980836678,
        "projfdm": 0.4617549652833109,
        "MMstar": 10.934903638252404,
        "MMdm": 10.476737183654711,
        "MMbh": -Infinity,
        "MMtotal": 11.064659195236025,
        "Mfdm": 0.25827239415693987,
        "MMthetaE": 1.224463753867507,
        "projMMstar": 10.946769626125512,
        "projMMdm": 10.822863525007842,
        "projMMtotal": 11.190250533565788,
        "projMfdm": 0.429153828701424,
        "Dstar": 0.15467309494575396,
        "Ddm": -0.3095027056256448,
        "Dtotal": -0.016143567411746624,
        "Dfdm": -0.2981727094492351,
        "projDstar": -0.052112899521721975,
        "projDdm": -0.16934827741781253,
        "projDtotal": -0.1062469173721071,
        "projDfdm": -0.07060267681557987,
        "DthetaE": -0.0034735625478481487
}