{
        "Reff": 0.9842781252851374,
        "R": 2.4606953132128435,
        "MthetaE": 0.0,
        "Mstar": 11.047832343965457,
        "Mdm": 11.001254446472288,
        "Mbh": 8.475809097290039,
        "Mtotal": 11.326197524289501,
        "fdm": 0.4732132780951882,
        "projMstar": 11.149499647980916,
        "projMdm": 11.24215644498053,
        "projMtotal": 11.499324412551626,
        "projfdm": 0.5531361371153823,
        "MMstar": [
                10.959554822648592,
                11.003933442995022,
                11.039523411885247
        ],
        "MMdm": [
                10.887432561076348,
                10.949244303464829,
                11.01612188424048
        ],
        "MMbh": -Infinity,
        "MMtotal": [
                11.26297977286201,
                11.279308894004904,
                11.296118251319621
        ],
        "Mfdm": [
                0.41569015366072287,
                0.47032416416170886,
                0.5299476663574221
        ],
        "MMthetaE": 0.0,
        "projMMstar": [
                10.974158826402133,
                11.017962818435938,
                11.05399571503039
        ],
        "projMMdm": [
                11.323719069639186,
                11.397894964346744,
                11.48362079361434
        ],
        "projMMtotal": [
                11.492942727508398,
                11.547063726269538,
                11.612020476666755
        ],
        "projMfdm": [
                0.6682222621508938,
                0.7118797314706183,
                0.7519696133180839
        ],
        "Dstar": -0.09614014202673977,
        "Ddm": -0.11286470737097541,
        "Dtotal": -0.10234104092259518,
        "Dfdm": -0.006105310368949949,
        "projDstar": -0.2613083830469227,
        "projDdm": 0.4313258650979497,
        "projDtotal": 0.11619304915898021,
        "projDfdm": 0.28698829041090584,
        "DthetaE": 0
}