{
        "Reff": 0.5148342648334497,
        "R": 0.5804954954954954,
        "MthetaE": 0.5804954954954954,
        "Mstar": 10.332992349204273,
        "Mdm": 9.915833221302163,
        "Mbh": 8.260486602783203,
        "Mtotal": 10.473715443571665,
        "fdm": 0.2767692123056929,
        "projMstar": 10.40732278043186,
        "projMdm": 10.179791668756826,
        "projMtotal": 10.609320580506106,
        "projfdm": 0.3719384597388031,
        "MMstar": [
                -Infinity,
                -Infinity,
                -Infinity
        ],
        "MMdm": [
                -Infinity,
                -Infinity,
                -Infinity
        ],
        "MMbh": -Infinity,
        "MMtotal": [
                -Infinity,
                -Infinity,
                -Infinity
        ],
        "Mfdm": [
                0.0,
                0.0,
                0.0
        ],
        "MMthetaE": 0.7258489720382846,
        "projMMstar": [
                10.258552555415756,
                10.279445959687017,
                10.300307826388385
        ],
        "projMMdm": [
                10.155010491604223,
                10.192681664854014,
                10.22673299013601
        ],
        "projMMtotal": [
                10.534789025452012,
                10.5392015436004,
                10.54399524474874
        ],
        "projMfdm": [
                0.4170647592948673,
                0.45012224526885514,
                0.48178750342785126
        ],
        "Dstar": -1.0,
        "Ddm": -1.0,
        "Dtotal": -1.0,
        "Dfdm": -1.0,
        "projDstar": -0.2550567672721813,
        "projDdm": 0.030125163543406136,
        "projDtotal": -0.1490952204706848,
        "projDfdm": 0.21020624106729185,
        "DthetaE": -0.2503955287692962
}