{
        "Reff": 0.5148342648334497,
        "R": 0.5804954954954954,
        "MthetaE": 0.5804954954954954,
        "Mstar": 10.332992349204273,
        "Mdm": 9.915833221302163,
        "Mbh": 8.260486602783203,
        "Mtotal": 10.473715443571665,
        "fdm": 0.2767692123056929,
        "projMstar": 10.40732278043186,
        "projMdm": 10.179791668756826,
        "projMtotal": 10.609320580506106,
        "projfdm": 0.3719384597388031,
        "MMstar": [
                -Infinity,
                -Infinity,
                -Infinity
        ],
        "MMdm": [
                -Infinity,
                -Infinity,
                -Infinity
        ],
        "MMbh": -Infinity,
        "MMtotal": [
                -Infinity,
                -Infinity,
                -Infinity
        ],
        "Mfdm": [
                0.0,
                0.0,
                0.0
        ],
        "MMthetaE": 0.6491916548593238,
        "projMMstar": [
                10.258633042472383,
                10.280514992537684,
                10.30183978925909
        ],
        "projMMdm": [
                10.152561201371414,
                10.191345831935562,
                10.226546142095204
        ],
        "projMMtotal": [
                10.534388405658774,
                10.539136201132495,
                10.54399524474874
        ],
        "projMfdm": [
                0.41516772396186624,
                0.44872365478762405,
                0.48173965182991424
        ],
        "Dstar": -1.0,
        "Ddm": -1.0,
        "Dtotal": -1.0,
        "Dfdm": -1.0,
        "projDstar": -0.2532208016496169,
        "projDdm": 0.02696150152223275,
        "projDtotal": -0.14922323507382518,
        "projDfdm": 0.20644596717087021,
        "DthetaE": -0.11834055543392502
}