{
        "Reff": 0.6862264033777628,
        "R": 1.7155660084444069,
        "MthetaE": 1.0899099099099099,
        "Mstar": 10.843082740015452,
        "Mdm": 10.743798949609562,
        "Mbh": 8.453516006469727,
        "Mtotal": 11.097301834424467,
        "fdm": 0.4430952712050973,
        "projMstar": 10.94270243951153,
        "projMdm": 11.016527137729538,
        "projMtotal": 11.282211560126827,
        "projfdm": 0.5423948753765157,
        "MMstar": [
                10.837536981412468,
                10.854779063827191,
                10.87687907984106
        ],
        "MMdm": [
                10.750256392221997,
                10.779447035497558,
                10.800761833420829
        ],
        "MMbh": -Infinity,
        "MMtotal": [
                11.117727630816166,
                11.119826747410661,
                11.122144431905843
        ],
        "Mfdm": [
                0.42782522518668326,
                0.4562137811241739,
                0.4790239486699621
        ],
        "MMthetaE": 1.083811265650753,
        "projMMstar": [
                10.850864194929272,
                10.868807302258874,
                10.890699860462908
        ],
        "projMMdm": [
                10.963789042458794,
                10.992182388203434,
                11.018039660860289
        ],
        "projMMtotal": [
                11.227670553770475,
                11.236182067234806,
                11.244372753593
        ],
        "projMfdm": [
                0.5419685407830349,
                0.5711194497600298,
                0.5938499989155696
        ],
        "Dstar": 0.027297718997591786,
        "Ddm": 0.08554563627293177,
        "Dtotal": 0.05323410340297863,
        "Dfdm": 0.0296065220542703,
        "projDstar": -0.1564615899199423,
        "projDdm": -0.054513677946421986,
        "projDtotal": -0.10056350118086253,
        "projDfdm": 0.05295878646267511,
        "DthetaE": 0.005595548956574725
}