{
        "Reff": 0.9842781252851374,
        "R": 1.2083783783783781,
        "MthetaE": 1.2083783783783781,
        "Mstar": 10.895234730204656,
        "Mdm": 10.600000777609383,
        "Mbh": 8.475809097290039,
        "Mtotal": 11.073266611131011,
        "fdm": 0.3363056522233072,
        "projMstar": 10.999048452312893,
        "projMdm": 10.872514045276716,
        "projMtotal": 11.241403360007325,
        "projfdm": 0.42767186967863274,
        "MMstar": [
                11.083425758468298,
                11.08598531544816,
                11.089364317996115
        ],
        "MMdm": [
                9.524226520841568,
                9.602250845586044,
                9.64603593386955
        ],
        "MMbh": -Infinity,
        "MMtotal": [
                11.098302140495306,
                11.099974401680711,
                11.101517246103402
        ],
        "Mfdm": [
                0.026513375627681104,
                0.031804101431073706,
                0.035234350296841646
        ],
        "MMthetaE": 1.2008505624150592,
        "projMMstar": [
                11.107056143617788,
                11.109719532055305,
                11.11333589433315
        ],
        "projMMdm": [
                9.900159297370097,
                9.979822336513704,
                10.021825063672797
        ],
        "projMMtotal": [
                11.138845672879803,
                11.140626334204581,
                11.141798784765673
        ],
        "projMfdm": [
                0.057677381579543725,
                0.06897868184891578,
                0.07583874771510421
        ],
        "Dstar": 0.551495732070291,
        "Ddm": -0.8994805582569786,
        "Dtotal": 0.06342726411606849,
        "Dfdm": -0.9054309637057312,
        "projDstar": 0.29024171712960173,
        "projDdm": -0.8719710183098314,
        "projDtotal": -0.20709168134583006,
        "projDfdm": -0.8387112018830026,
        "DthetaE": 0.006229684425023531
}