{
        "Reff": 0.9842781252851374,
        "R": 1.2083783783783781,
        "MthetaE": 1.2083783783783781,
        "Mstar": 10.895234730204656,
        "Mdm": 10.600000777609383,
        "Mbh": 8.475809097290039,
        "Mtotal": 11.073266611131011,
        "fdm": 0.3363056522233072,
        "projMstar": 10.999048452312893,
        "projMdm": 10.872514045276716,
        "projMtotal": 11.241403360007325,
        "projfdm": 0.42767186967863274,
        "MMstar": [
                11.08295676078284,
                11.085741065730533,
                11.088985593234897
        ],
        "MMdm": [
                9.531068873215876,
                9.605793062019348,
                9.651849802490593
        ],
        "MMbh": -Infinity,
        "MMtotal": [
                11.098186415443354,
                11.099855251069245,
                11.101395246699319
        ],
        "Mfdm": [
                0.026918269456903954,
                0.03211252954326194,
                0.035739796091462044
        ],
        "MMthetaE": 1.2076949657346092,
        "projMMstar": [
                11.106725889035232,
                11.10957309402193,
                11.113035202314691
        ],
        "projMMdm": [
                9.901875012360367,
                9.982373724436295,
                10.027716417858823
        ],
        "projMMtotal": [
                11.13900700409176,
                11.140668361803446,
                11.141925376290997
        ],
        "projMfdm": [
                0.05798566113472355,
                0.0694820548753652,
                0.07701686212581514
        ],
        "Dstar": 0.5506234072591,
        "Ddm": -0.8986573434711448,
        "Dtotal": 0.06313554816252649,
        "Dfdm": -0.9045138571684214,
        "projDstar": 0.2898067389821842,
        "projDdm": -0.8712166615371539,
        "projDtotal": -0.207014946211924,
        "projDfdm": -0.8375341943168336,
        "DthetaE": 0.0005655617942171796
}