{
        "Reff": 0.36422601544215016,
        "R": 0.9105650386053754,
        "MthetaE": 0.40279279279279273,
        "Mstar": 10.27293859069873,
        "Mdm": 10.113967989717644,
        "Mbh": 8.177248001098633,
        "Mtotal": 10.501716802955189,
        "fdm": 0.40949743592464155,
        "projMstar": 10.358796827178473,
        "projMdm": 10.355252888833848,
        "projMtotal": 10.658058468574506,
        "projfdm": 0.4979599564196837,
        "MMstar": [
                10.222445714417201,
                10.264627813796393,
                10.2921856595397
        ],
        "MMdm": [
                9.920122520215697,
                9.989769823254372,
                10.067088600840155
        ],
        "MMbh": -Infinity,
        "MMtotal": [
                10.441243268988824,
                10.448889908720533,
                10.458508280870866
        ],
        "Mfdm": [
                0.3001392481522261,
                0.34794996684426355,
                0.41103450364195926
        ],
        "MMthetaE": 0.4027931353555214,
        "projMMstar": [
                10.2350262382038,
                10.277935038727943,
                10.305013464970486
        ],
        "projMMdm": [
                10.331297093256616,
                10.39486957037653,
                10.481455667364473
        ],
        "projMMtotal": [
                10.61680860860883,
                10.641743908473128,
                10.678603301449654
        ],
        "projMfdm": [
                0.5165634693825764,
                0.5674102088146943,
                0.6346591415836632
        ],
        "Dstar": -0.018954334946730808,
        "Ddm": -0.2487199896246293,
        "Dtotal": -0.11453152094963066,
        "Dfdm": -0.1503000108936076,
        "projDstar": -0.16988509555175565,
        "projDdm": 0.09551084583309175,
        "projDtotal": -0.03686882633011835,
        "projDfdm": 0.13946955272137881,
        "DthetaE": -8.504688634280417e-07
}