{
        "Reff": 0.36422601544215016,
        "R": 0.9105650386053754,
        "MthetaE": 0.40279279279279273,
        "Mstar": 10.27293859069873,
        "Mdm": 10.113967989717644,
        "Mbh": 8.177248001098633,
        "Mtotal": 10.501716802955189,
        "fdm": 0.40949743592464155,
        "projMstar": 10.358796827178473,
        "projMdm": 10.355252888833848,
        "projMtotal": 10.658058468574506,
        "projfdm": 0.4979599564196837,
        "MMstar": [
                10.221654192611261,
                10.260987940156253,
                10.29270809956794
        ],
        "MMdm": [
                9.925045520700086,
                9.996818705972096,
                10.069399970812889
        ],
        "MMbh": -Infinity,
        "MMtotal": [
                10.441153612862962,
                10.44853492252584,
                10.458299189600018
        ],
        "Mfdm": [
                0.3012540410159352,
                0.3514418001174077,
                0.41228422697656636
        ],
        "MMthetaE": 0.4027931353555214,
        "projMMstar": [
                10.233835925968169,
                10.2739179954046,
                10.305229038402677
        ],
        "projMMdm": [
                10.33295722484605,
                10.405811992019476,
                10.483741933541689
        ],
        "projMMtotal": [
                10.618329905329905,
                10.646625911073945,
                10.679718364747748
        ],
        "projMfdm": [
                0.5159701098767514,
                0.5746217818513475,
                0.6397896769862829
        ],
        "Dstar": -0.027142235386542386,
        "Ddm": -0.23642673108873302,
        "Dtotal": -0.11525499469820712,
        "Dfdm": -0.1417728921211551,
        "projDstar": -0.1775279122241453,
        "projDdm": 0.12346385159506791,
        "projDtotal": -0.025980968960528802,
        "projDfdm": 0.15395178757516945,
        "DthetaE": -8.504688634280417e-07,
        "PL_slope1": -2.411069693443613,
        "AV_slope1": 2.3629788299565555,
        "PL_slope2": -1.9797147319172805,
        "AV_slope2": 2.0018012059324524
}