{
        "Reff": 0.41926087573428844,
        "R": 0.37909909909909906,
        "MthetaE": 0.37909909909909906,
        "Mstar": 10.136938839434904,
        "Mdm": 9.556086234548895,
        "Mbh": 8.278263092041016,
        "Mtotal": 10.23817398702835,
        "fdm": 0.20792765111354303,
        "projMstar": 10.290529101756526,
        "projMdm": 9.899801459426145,
        "projMtotal": 10.438730064546228,
        "projfdm": 0.28911551283478226,
        "MMstar": 10.235884647772542,
        "MMdm": 9.054961879668662,
        "MMbh": -Infinity,
        "MMtotal": 10.26361297167542,
        "Mfdm": 0.061851310804521345,
        "MMthetaE": 0.38191770523089374,
        "projMMstar": 10.264282212259042,
        "projMMdm": 9.774412349041008,
        "projMMtotal": 10.386068709065865,
        "projMfdm": 0.24453647073562873,
        "Dstar": 0.2558732449060543,
        "Ddm": -0.684589864404617,
        "Dtotal": 0.060324959628147115,
        "Dfdm": -0.7025344610335341,
        "projDstar": -0.05864570054627878,
        "projDdm": -0.2507773648159863,
        "projDtotal": -0.11419394519341547,
        "projDfdm": -0.1541911108887078,
        "DthetaE": -0.007435011421796824
}