{
        "Reff": 0.41926087573428844,
        "R": 0.37909909909909906,
        "MthetaE": 0.37909909909909906,
        "Mstar": 10.136938839434904,
        "Mdm": 9.556086234548895,
        "Mbh": 8.278263092041016,
        "Mtotal": 10.23817398702835,
        "fdm": 0.20792765111354303,
        "projMstar": 10.290529101756526,
        "projMdm": 9.899801459426145,
        "projMtotal": 10.438730064546228,
        "projfdm": 0.28911551283478226,
        "MMstar": 10.236892937975961,
        "MMdm": 9.06652037536908,
        "MMbh": -Infinity,
        "MMtotal": 10.265281294727695,
        "Mfdm": 0.06327600921721452,
        "MMthetaE": 0.38191770523089374,
        "projMMstar": 10.265290502462463,
        "projMMdm": 9.77479262738664,
        "projMMtotal": 10.386923511329226,
        "projMfdm": 0.24426942835213974,
        "Dstar": 0.2587923604618799,
        "Ddm": -0.6760827021708408,
        "Dtotal": 0.06440598460403184,
        "Dfdm": -0.6956825661313252,
        "projDstar": -0.056457643757725766,
        "projDdm": -0.25012104075294245,
        "projDtotal": -0.11244873609732388,
        "projDfdm": -0.15511476379432546,
        "DthetaE": -0.007435011421796824
}