{
        "Reff": 0.6860226179383071,
        "R": 1.1226076748689862,
        "thetaE": 1.1226076748689862,
        "Mstar": 10.747945949350964,
        "Mdm": 10.510146152233052,
        "Mbh": 8.453516006469727,
        "Mtotal": 10.946152731458497,
        "fdm": 0.3664320234440899,
        "MMstar": 10.886482785989026,
        "MMdm": 10.00682300044987,
        "MMbh": -Infinity,
        "MMtotal": 10.940301966129121,
        "Mfdm": 0.1165523499635115,
        "Dstar": 0.37574149502370313,
        "Ddm": -0.6861827240724088,
        "Dtotal": -0.013381545323970265,
        "Dfdm": -0.6819264078831391
}