{
        "Reff": 0.5447542281665589,
        "R": 1.3618855704163972,
        "thetaE": 0.6428154989273108,
        "Mstar": 10.514312794352605,
        "Mdm": 10.43474709606854,
        "Mbh": 8.265588760375977,
        "Mtotal": 10.777379520299181,
        "fdm": 0.4543259838895221,
        "MMstar": 10.446677300223772,
        "MMdm": 10.444372026677952,
        "MMbh": -Infinity,
        "MMtotal": 10.746556188687547,
        "Mfdm": 0.4986729809903474,
        "Dstar": -0.14421532342301777,
        "Ddm": 0.02240962808960058,
        "Dtotal": -0.06851327838650347,
        "Dfdm": 0.09761052344214831
}