{
        "Reff": 0.5148342648334497,
        "R": 0.5616352290396287,
        "Mstar": 10.324965625048483,
        "Mdm": 9.899006503053805,
        "Mbh": 8.260486602783203,
        "Mtotal": 10.463270944220655,
        "fdm": 0.27273166186973274,
        "MMstar": 10.137191460537709,
        "MMdm": 9.52893890814141,
        "MMbh": -Infinity,
        "MMtotal": 10.232870005120434,
        "Mfdm": 0.1977283321249336,
        "Dstar": -0.3510281853111982,
        "Ddm": -0.5734868701638861,
        "Dtotal": -0.41169971212842693,
        "Dfdm": -0.2750077832203569
}