{
        "Reff": 0.544754228166559,
        "R": 0.6397297297297296,
        "MthetaE": 0.6397297297297296,
        "Mstar": 10.387700894003224,
        "Mdm": 9.983169393265646,
        "Mbh": 8.265588760375977,
        "Mtotal": 10.531955832442545,
        "fdm": 0.2826269428551476,
        "projMstar": 10.480275896075595,
        "projMdm": 10.275593071737097,
        "projMtotal": 10.690912870135643,
        "projfdm": 0.3843086871203482,
        "MMstar": [
                10.338349316474066,
                10.364690056494986,
                10.381960773909126
        ],
        "MMdm": [
                9.626490036122862,
                9.667416601132357,
                9.71559788845409
        ],
        "MMbh": -Infinity,
        "MMtotal": [
                10.4274098679502,
                10.44389249177639,
                10.45463320545127
        ],
        "Mfdm": [
                0.1507506737850064,
                0.16736697245383741,
                0.19199523397781856
        ],
        "MMthetaE": 0.6491916548593238,
        "projMMstar": [
                10.361267266009138,
                10.388430011273444,
                10.40553289185527
        ],
        "projMMdm": [
                10.27057584086848,
                10.297521382288693,
                10.334842727888176
        ],
        "projMMtotal": [
                10.642897891901637,
                10.64636543362636,
                10.65120529052833
        ],
        "projMfdm": [
                0.4232612397516513,
                0.4486356624981535,
                0.4850611920398542
        ],
        "Dstar": -0.05160520350835527,
        "Ddm": -0.5166661543338995,
        "Dtotal": -0.18353671626948115,
        "Dfdm": -0.4078166406816473,
        "projDstar": -0.19061693138461905,
        "projDdm": 0.05178823969803888,
        "projDtotal": -0.09748887613364789,
        "projDfdm": 0.16738360993037082,
        "DthetaE": -0.014790504004857865
}