{
        "Reff": 0.3555664498963653,
        "R": 0.8889161247409133,
        "MthetaE": 0.7108108108108108,
        "Mstar": 10.480430779715173,
        "Mdm": 10.35153228832647,
        "Mbh": 8.265618324279785,
        "Mtotal": 10.721776209571578,
        "fdm": 0.4263399979307349,
        "projMstar": 10.52668112853081,
        "projMdm": 10.557453231213469,
        "projMtotal": 10.843369664689648,
        "projfdm": 0.5177064389389725,
        "MMstar": -Infinity,
        "MMdm": -Infinity,
        "MMbh": -Infinity,
        "MMtotal": -Infinity,
        "Mfdm": 0.0,
        "MMthetaE": 0.7032624410837693,
        "projMMstar": 10.722469618026953,
        "projMMdm": 9.93606548641043,
        "projMMtotal": 10.788246983044592,
        "projMfdm": 0.14054600435443965,
        "Dstar": -1.0,
        "Ddm": -1.0,
        "Dtotal": -1.0,
        "Dfdm": -1.0,
        "projDstar": 0.5695981909816025,
        "projDdm": -0.760882007917172,
        "projDtotal": -0.11919997486909775,
        "projDfdm": -0.7285218150995273,
        "DthetaE": 0.010619379463898584
}