{
        "Reff": 0.3555664498963653,
        "R": 0.8889161247409133,
        "MthetaE": 0.7108108108108108,
        "Mstar": 10.480430779715173,
        "Mdm": 10.35153228832647,
        "Mbh": 8.265618324279785,
        "Mtotal": 10.721776209571578,
        "fdm": 0.4263399979307349,
        "projMstar": 10.52668112853081,
        "projMdm": 10.557453231213469,
        "projMtotal": 10.843369664689648,
        "projfdm": 0.5177064389389725,
        "MMstar": -Infinity,
        "MMdm": -Infinity,
        "MMbh": -Infinity,
        "MMtotal": -Infinity,
        "Mfdm": 0.0,
        "MMthetaE": 0.7032624410837693,
        "projMMstar": 10.722383296468019,
        "projMMdm": 9.936169229164852,
        "projMMtotal": 10.788187379289747,
        "projMfdm": 0.1405988763528583,
        "Dstar": -1.0,
        "Ddm": -1.0,
        "Dtotal": -1.0,
        "Dfdm": -1.0,
        "projDstar": 0.5692862443553222,
        "projDdm": -0.7608248814205745,
        "projDtotal": -0.1193208499632249,
        "projDfdm": -0.728419687726866,
        "DthetaE": 0.010619379463898584
}