{
        "Reff": 0.9094395894549948,
        "R": 2.273598973637487,
        "MthetaE": 0.0,
        "Mstar": 10.63249087929843,
        "Mdm": 10.608043679512585,
        "Mbh": 8.274933815002441,
        "Mtotal": 10.921469274343053,
        "fdm": 0.4859307755243753,
        "projMstar": 10.714692474183407,
        "projMdm": 10.768149505668532,
        "projMtotal": 11.043272965876945,
        "projfdm": 0.5307335471058287,
        "MMstar": [
                10.691532230201972,
                10.786918346244128,
                10.846805255806307
        ],
        "MMdm": [
                9.876679624775376,
                10.261071283806649,
                10.499351856009389
        ],
        "MMbh": -Infinity,
        "MMtotal": [
                10.880917781944191,
                10.899107451621008,
                10.915267304339126
        ],
        "Mfdm": [
                0.0952630703493703,
                0.2290746322268982,
                0.38966081823513365
        ],
        "MMthetaE": 0.0,
        "projMMstar": [
                10.70621533889964,
                10.800958424818596,
                10.861698152757544
        ],
        "projMMdm": [
                10.183291796622647,
                10.533349336683893,
                10.694654924023997
        ],
        "projMMtotal": [
                10.932312747497743,
                10.977632999832279,
                11.013636189493026
        ],
        "projMfdm": [
                0.17739079334305302,
                0.3563794414763642,
                0.48631007310997315
        ],
        "Dstar": 0.42701148003756173,
        "Ddm": -0.5501915556346189,
        "Dtotal": -0.05018685162323252,
        "Dfdm": -0.5285858732044697,
        "projDstar": 0.21973630503093736,
        "projDdm": -0.4176288786577746,
        "projDtotal": -0.14027405344752317,
        "projDfdm": -0.32851532860555754,
        "DthetaE": 0
}