{
        "Reff": 0.3555664498963653,
        "R": 0.7108108108108108,
        "MthetaE": 0.7108108108108108,
        "Mstar": 10.451843296180769,
        "Mdm": 10.23681373681996,
        "Mbh": 8.265618324279785,
        "Mtotal": 10.658533039151479,
        "fdm": 0.3786872626768167,
        "projMstar": 10.498681972681283,
        "projMdm": 10.45430910397408,
        "projMtotal": 10.778091997453737,
        "projfdm": 0.4744791210545737,
        "MMstar": 10.719554804651766,
        "MMdm": 7.1950688129166736,
        "MMbh": -Infinity,
        "MMtotal": 10.719684592318252,
        "Mfdm": 0.00029880249574457866,
        "MMthetaE": 0.7032624410837693,
        "projMMstar": 10.73505376303208,
        "projMMdm": 7.467530081305257,
        "projMMtotal": 10.735288263316695,
        "projMfdm": 0.0005398111091829338,
        "Dstar": 0.8523007751538644,
        "Ddm": -0.999091646118967,
        "Dtotal": 0.15120204700145223,
        "Dfdm": -0.9992109518191015,
        "projDstar": 0.7233432615091069,
        "projDdm": -0.9989690894660065,
        "projDtotal": -0.0938579889630012,
        "projDfdm": -0.9988623079810485,
        "DthetaE": 0.010619379463898584
}