{
        "Reff": 0.1711945002191585,
        "R": 0.42798625054789624,
        "MthetaE": 0.5568018018018017,
        "Mstar": 10.272768103513672,
        "Mdm": 9.918860506492777,
        "Mbh": 8.217829704284668,
        "Mtotal": 10.43193888232478,
        "fdm": 0.30684681811046544,
        "projMstar": 10.299456228808682,
        "projMdm": 10.106476541384401,
        "projMtotal": 10.514628207353143,
        "projfdm": 0.3907044286802383,
        "MMstar": 10.140802136047649,
        "MMdm": 9.92991742573442,
        "MMbh": -Infinity,
        "MMtotal": 10.349066137789741,
        "Mfdm": 0.3809353603487595,
        "MMthetaE": 0.8298839024954456,
        "projMMstar": 10.155235290377822,
        "projMMdm": 10.206736173392926,
        "projMMtotal": 10.482778685754457,
        "projMfdm": 0.5296115985592789,
        "Dstar": -0.26203794335960756,
        "Ddm": 0.025786358435259966,
        "Dtotal": -0.17371997217898622,
        "Dfdm": 0.24145123190302098,
        "projDstar": -0.28257077901746613,
        "projDdm": 0.25967825362857583,
        "projDtotal": -0.07071168051508238,
        "projDfdm": 0.35553006232423706,
        "DthetaE": -0.4904475880105894
}