{
        "Reff": 0.5550486535013095,
        "R": 1.3876216337532736,
        "MthetaE": 0.5704504504504504,
        "Mstar": 10.499063145371911,
        "Mdm": 10.384012589930101,
        "Mbh": 8.260486602783203,
        "Mtotal": 10.746366583215803,
        "fdm": 0.4341561993367829,
        "projMstar": 10.579882745439837,
        "projMdm": 10.603682702456029,
        "projMtotal": 10.892975733163656,
        "projfdm": 0.5136969288508852,
        "MMstar": [
                10.493152202024117,
                10.50061450568559,
                10.513361694139748
        ],
        "MMdm": [
                10.164416828949443,
                10.195736758360146,
                10.226249978798636
        ],
        "MMbh": -Infinity,
        "MMtotal": [
                10.668450425065638,
                10.677001510651898,
                10.685288993960665
        ],
        "Mfdm": [
                0.31124663425576776,
                0.3314927231117902,
                0.34909007377862716
        ],
        "MMthetaE": 0.5692236757777489,
        "projMMstar": [
                10.515101407967848,
                10.522617600022379,
                10.535736556828123
        ],
        "projMMdm": [
                10.873663911141282,
                10.89765624653636,
                10.920758022360737
        ],
        "projMMtotal": [
                11.03725324055545,
                11.050594569957065,
                11.065971886343148
        ],
        "projMfdm": [
                0.6860782820921294,
                0.7041148846472883,
                0.7171352676954051
        ],
        "Dstar": 0.003578526824770173,
        "Ddm": -0.35177740002833674,
        "Dtotal": -0.14761670969120036,
        "Dfdm": -0.23646668268660329,
        "projDstar": -0.1235344418864743,
        "projDdm": 0.967766415616666,
        "projDtotal": 0.4375363552461211,
        "projDfdm": 0.3706815149204,
        "DthetaE": 0.0021505367762139228,
        "PL_slope1": -2.344710225760878,
        "AV_slope1": 2.2860908256134533,
        "PL_slope2": -1.6916799110600744,
        "AV_slope2": 1.6994894262225364
}