{
        "Reff": 0.5550486535013095,
        "R": 1.3876216337532736,
        "MthetaE": 0.5704504504504504,
        "Mstar": 10.499063145371911,
        "Mdm": 10.384012589930101,
        "Mbh": 8.260486602783203,
        "Mtotal": 10.746366583215803,
        "fdm": 0.4341561993367829,
        "projMstar": 10.579882745439837,
        "projMdm": 10.603682702456029,
        "projMtotal": 10.892975733163656,
        "projfdm": 0.5136969288508852,
        "MMstar": [
                10.49190618539715,
                10.498287708956246,
                10.510684473735749
        ],
        "MMdm": [
                10.168196088234389,
                10.197852720452914,
                10.227505941367847
        ],
        "MMbh": -Infinity,
        "MMtotal": [
                10.668043665354405,
                10.676087225517755,
                10.684905923661077
        ],
        "Mfdm": [
                0.31496717894314225,
                0.33324138435985134,
                0.3496079011290209
        ],
        "MMthetaE": 0.5692236757777489,
        "projMMstar": [
                10.514111930326264,
                10.520432114956437,
                10.5328932899544
        ],
        "projMMdm": [
                10.879796310143991,
                10.902636213001772,
                10.925312664458833
        ],
        "projMMtotal": [
                11.039558445174025,
                11.053382218065812,
                11.068585219961706
        ],
        "projMfdm": [
                0.6904238706246486,
                0.7068204544599487,
                0.7190484117838863
        ],
        "Dstar": -0.0017839152595639579,
        "Ddm": -0.34861143472628614,
        "Dtotal": -0.1494092759279549,
        "Dfdm": -0.2324389589071607,
        "projDstar": -0.12793397004995158,
        "projDdm": 0.9904602569245229,
        "projDtotal": 0.44679328666026036,
        "projDfdm": 0.37594837493202704,
        "DthetaE": 0.0021505367762139228
}