{
        "Reff": 0.16132178706696065,
        "R": 0.40330446766740163,
        "MthetaE": 0.18954954954954953,
        "Mstar": 9.599760029832073,
        "Mdm": 9.279234321206893,
        "Mbh": 7.548817157745361,
        "Mtotal": 9.769449468963973,
        "fdm": 0.32343338962162704,
        "projMstar": 9.717313111667044,
        "projMdm": 9.527509505220532,
        "projMtotal": 9.93372876526527,
        "projfdm": 0.39244675278136476,
        "MMstar": -Infinity,
        "MMdm": -Infinity,
        "MMbh": -Infinity,
        "MMtotal": -Infinity,
        "Mfdm": 0.0,
        "MMthetaE": 0.20156767776074946,
        "projMMstar": 9.865956270613667,
        "projMMdm": 9.65767386211398,
        "projMMtotal": 10.075213420611492,
        "projMfdm": 0.3823494250837606,
        "Dstar": -1.0,
        "Ddm": -1.0,
        "Dtotal": -1.0,
        "Dfdm": -1.0,
        "projDstar": 0.4081313221598365,
        "projDdm": 0.3494734884504595,
        "projDtotal": 0.3851112457954021,
        "projDfdm": -0.025729166125192757,
        "DthetaE": -0.06340362316745214
}