{
        "Reff": 0.17139511835893803,
        "R": 0.4284877958973451,
        "MthetaE": 0.5704504504504504,
        "Mstar": 10.27291174804152,
        "Mdm": 9.91931159824612,
        "Mbh": 8.217829704284668,
        "Mtotal": 10.43217688920371,
        "fdm": 0.30699740823157523,
        "projMstar": 10.299543750996003,
        "projMdm": 10.107108354633704,
        "projMtotal": 10.514928467670378,
        "projfdm": 0.39100281759344385,
        "MMstar": [
                10.1476874725471,
                10.179281795526647,
                10.199875333132299
        ],
        "MMdm": [
                9.791310523405576,
                9.856936825156682,
                9.911453456401588
        ],
        "MMbh": -Infinity,
        "MMtotal": [
                10.327559638338203,
                10.346964763483529,
                10.362108390224277
        ],
        "Mfdm": [
                0.2855171828001472,
                0.32328981728632444,
                0.36345975857637514
        ],
        "MMthetaE": 0.7256294220886346,
        "projMMstar": [
                10.16149972732195,
                10.193019951640013,
                10.214064216331472
        ],
        "projMMdm": [
                10.132986695221188,
                10.159489042473679,
                10.189013500487349
        ],
        "projMMtotal": [
                10.470983929161434,
                10.476565187127347,
                10.483624384261956
        ],
        "projMfdm": [
                0.4540381414953865,
                0.4805766936574269,
                0.5155590454195286
        ],
        "Dstar": -0.19393503091470604,
        "Ddm": -0.13378594361939988,
        "Dtotal": -0.17815886614889068,
        "Dfdm": 0.053070184366049995,
        "projDstar": -0.21751467633718727,
        "projDdm": 0.12818595248269182,
        "projDtotal": -0.08454559353783803,
        "projDfdm": 0.22908754626192998,
        "DthetaE": -0.272028835310146
}