{
        "Reff": 0.35973259940631447,
        "R": 0.8993314985157862,
        "MthetaE": 0.0,
        "Mstar": 10.278276772675927,
        "Mdm": 10.21103561277337,
        "Mbh": 8.119908332824707,
        "Mtotal": 10.546986246559046,
        "fdm": 0.4613700154676134,
        "projMstar": 10.370522904662561,
        "projMdm": 10.460775180326277,
        "projMtotal": 10.719019287230033,
        "projfdm": 0.5517672164880664,
        "MMstar": [
                10.386227410240119,
                10.442838200861358,
                10.48357851089248
        ],
        "MMdm": [
                9.758522133653326,
                9.918916643183259,
                10.110813399674463
        ],
        "MMbh": -Infinity,
        "MMtotal": [
                10.541649872011266,
                10.56190464676695,
                10.578194796520961
        ],
        "Mfdm": [
                0.16076676897314005,
                0.22954672504386703,
                0.33925651463254963
        ],
        "MMthetaE": 0.0,
        "projMMstar": [
                10.39647551436558,
                10.454332864860094,
                10.493418823396434
        ],
        "projMMdm": [
                10.266325129770912,
                10.371663593997583,
                10.46687340296306
        ],
        "projMMtotal": [
                10.668756060624633,
                10.704303099209037,
                10.758972878942906
        ],
        "projMfdm": [
                0.38420519168259737,
                0.4551616210104551,
                0.5288714223208447
        ],
        "Dstar": 0.46070134172215665,
        "Ddm": -0.48963482738861813,
        "Dtotal": 0.034947691607019236,
        "Dfdm": -0.5024671795994068,
        "projDstar": 0.21285800850673167,
        "projDdm": -0.18550501677794645,
        "projDtotal": -0.03331759924287205,
        "projDfdm": -0.17508397126689504,
        "DthetaE": 0,
        "PL_slope1": -3.1444354471082563,
        "AV_slope1": 3.057800647773626,
        "PL_slope2": -2.1893802148931036,
        "AV_slope2": 2.1426097949978793
}