{
        "Reff": 0.33542414752571365,
        "R": 0.48572072072072064,
        "MthetaE": 0.48572072072072064,
        "Mstar": 10.193931422797494,
        "Mdm": 9.704516155365626,
        "Mbh": [
                7.912351131439209,
                6.072244644165039
        ],
        "Mtotal": 10.315829128814833,
        "fdm": 0.2447298965108559,
        "projMstar": 10.263860798608103,
        "projMdm": 9.965676135596594,
        "projMtotal": 10.440902574668815,
        "projfdm": 0.3347908352976755,
        "MMstar": 10.213159943698258,
        "MMdm": 9.585002553526378,
        "MMbh": -Infinity,
        "MMtotal": 10.304974429406103,
        "Mfdm": 0.19055841161270676,
        "MMthetaE": 0.5249657346094901,
        "projMMstar": 10.237504327887676,
        "projMMdm": 9.950149784045038,
        "projMMtotal": 10.418202084160374,
        "projMfdm": 0.3403671983543996,
        "Dstar": 0.045270083973352034,
        "Ddm": -0.24057236251669342,
        "Dtotal": -0.024684108374566725,
        "Dfdm": -0.22135213421195624,
        "projDstar": -0.058883193184892935,
        "projDdm": -0.03511923574145014,
        "projDtotal": -0.05092723802242424,
        "projDfdm": 0.016656259577016014,
        "DthetaE": -0.0807974875573294
}