{
        "Reff": 0.9662426539989696,
        "R": 0.45018018018018013,
        "MthetaE": 0.45018018018018013,
        "Mstar": 10.307116544969112,
        "Mdm": 9.689914983895168,
        "Mbh": 8.30414867401123,
        "Mtotal": 10.401040182296704,
        "fdm": 0.19447993540979114,
        "projMstar": 10.389112670322442,
        "projMdm": 9.993272781079773,
        "projMtotal": 10.53584177711993,
        "projfdm": 0.286702185777595,
        "MMstar": [
                10.255154909548267,
                10.290419563494678,
                10.326105551512713
        ],
        "MMdm": [
                9.549576494603828,
                9.710026713385716,
                9.805055156809273
        ],
        "MMbh": -Infinity,
        "MMtotal": [
                10.382932291243804,
                10.391403512791783,
                10.399100325209252
        ],
        "Mfdm": [
                0.14417592907942312,
                0.20664650144377783,
                0.26243357011384655
        ],
        "MMthetaE": 0.5249657346094901,
        "projMMstar": [
                10.281329528707186,
                10.317104227190178,
                10.35257349809597
        ],
        "projMMdm": [
                9.932112453309887,
                10.024997805494877,
                10.096735488618839
        ],
        "projMMtotal": [
                10.49057121716524,
                10.496522813171762,
                10.501874940675908
        ],
        "projMfdm": [
                0.27479348002649673,
                0.3377995103367216,
                0.39473308717057093
        ],
        "Dstar": -0.03771654566439984,
        "Ddm": 0.047397973970070464,
        "Dtotal": -0.02194488091043332,
        "Dfdm": 0.06255949236280013,
        "projDstar": -0.15278905667328765,
        "projDdm": 0.07578386036280885,
        "projDtotal": -0.08655787487282397,
        "projDfdm": 0.17822439832657794,
        "DthetaE": -0.16612360499606588
}