{
        "Reff": 0.544754228166559,
        "R": 1.3618855704163977,
        "MthetaE": 0.6397297297297296,
        "Mstar": 10.514315208436313,
        "Mdm": 10.434754337870459,
        "Mbh": 8.265588760375977,
        "Mtotal": 10.777384127747368,
        "fdm": 0.45432873975917076,
        "projMstar": 10.612744809851986,
        "projMdm": 10.67090916452487,
        "projMtotal": 10.943829988181458,
        "projfdm": 0.5334321367791579,
        "MMstar": [
                10.485538263899498,
                10.519367668737049,
                10.547409348836775
        ],
        "MMdm": [
                10.396201343331713,
                10.449310956520737,
                10.50102493259734
        ],
        "MMbh": -Infinity,
        "MMtotal": [
                10.777475294573899,
                10.786469454819336,
                10.795874459250149
        ],
        "Mfdm": [
                0.41304758365312955,
                0.45985220415299966,
                0.5091812432460716
        ],
        "MMthetaE": 0.6365295087181563,
        "projMMstar": [
                10.510969238324266,
                10.545102717339615,
                10.573165510445229
        ],
        "projMMdm": [
                10.705561437711548,
                10.75624559699812,
                10.813173228985365
        ],
        "projMMtotal": [
                10.944042717925727,
                10.96575382696448,
                10.989940629883687
        ],
        "projMfdm": [
                0.5752350927165414,
                0.6203021040820653,
                0.6657511332949329
        ],
        "Dstar": 0.01170165467890339,
        "Ddm": 0.03408590520937816,
        "Dtotal": 0.021140090297764428,
        "Dfdm": 0.012157417989354479,
        "projDstar": -0.14422832555143522,
        "projDdm": 0.21712850165590591,
        "projDtotal": 0.0517774098819157,
        "projDfdm": 0.1628510194894234,
        "DthetaE": 0.005002457855015387
}