{
        "Reff": 0.4081097725007585,
        "R": 1.0202744312518963,
        "MthetaE": 0.37909909909909906,
        "Mstar": 10.364943218193039,
        "Mdm": 10.152496114847926,
        "Mbh": 8.278263092041016,
        "Mtotal": 10.572612711748814,
        "fdm": 0.38008733894439084,
        "projMstar": 10.459069556768531,
        "projMdm": 10.470354006813059,
        "projMtotal": 10.765778427480319,
        "projfdm": 0.5064954861724276,
        "MMstar": [
                10.421614624926011,
                10.441521685277763,
                10.473459682377161
        ],
        "MMdm": [
                9.786623889971294,
                9.964108359123095,
                10.054337874531292
        ],
        "MMbh": -Infinity,
        "MMtotal": [
                10.549813135438416,
                10.566698932431505,
                10.58328680366329
        ],
        "Mfdm": [
                0.16999851726932744,
                0.25083786938912117,
                0.2992924760737829
        ],
        "MMthetaE": 0.4027931353555214,
        "projMMstar": [
                10.433620170100772,
                10.453149821353472,
                10.484954154542894
        ],
        "projMMdm": [
                10.09973205942689,
                10.254870723077168,
                10.33617584147679
        ],
        "projMMtotal": [
                10.630083151164799,
                10.66626860534103,
                10.691864809098767
        ],
        "projMfdm": [
                0.29166602014127496,
                0.3877118713316226,
                0.44143055764454825
        ],
        "Dstar": 0.19282976345715738,
        "Ddm": -0.3519444351201099,
        "Dtotal": -0.013524688412062488,
        "Dfdm": -0.34005202571133175,
        "projDstar": -0.013538217257899571,
        "projDdm": -0.3911410193296275,
        "projDtotal": -0.2047747197326404,
        "projDfdm": -0.2345205793213469,
        "DthetaE": -0.06250090362316735
}