{
        "Reff": 0.4081097725007585,
        "R": 1.0202744312518963,
        "MthetaE": 0.37909909909909906,
        "Mstar": 10.364943218193039,
        "Mdm": 10.152496114847926,
        "Mbh": 8.278263092041016,
        "Mtotal": 10.572612711748814,
        "fdm": 0.38008733894439084,
        "projMstar": 10.459069556768531,
        "projMdm": 10.470354006813059,
        "projMtotal": 10.765778427480319,
        "projfdm": 0.5064954861724276,
        "MMstar": -Infinity,
        "MMdm": -Infinity,
        "MMbh": -Infinity,
        "MMtotal": -Infinity,
        "Mfdm": 0.0,
        "MMthetaE": 0.37130888008559115,
        "projMMstar": 10.517419921087969,
        "projMMdm": 8.768223873722157,
        "projMMtotal": 10.52508908533485,
        "projMfdm": 0.017503898583576732,
        "Dstar": -1.0,
        "Ddm": -1.0,
        "Dtotal": -1.0,
        "Dfdm": -1.0,
        "projDstar": 0.1438007166522692,
        "projDdm": -0.9801450011196664,
        "projDtotal": -0.42547271610204535,
        "projDfdm": -0.9654411558218353,
        "DthetaE": 0.020549294451030833
}