{
        "Reff": 0.36422601544215016,
        "R": 0.40279279279279273,
        "MthetaE": 0.40279279279279273,
        "Mstar": 10.09249136930786,
        "Mdm": 9.657160343916678,
        "Mbh": 8.177248001098633,
        "Mtotal": 10.228260665224283,
        "fdm": 0.2684724207169141,
        "projMstar": 10.177779355267997,
        "projMdm": 9.932815037193404,
        "projMtotal": 10.37337452695279,
        "projfdm": 0.3626106123565712,
        "MMstar": [
                9.971555568811645,
                10.0104375246116,
                10.039916183305797
        ],
        "MMdm": [
                9.336987909363778,
                9.41281821533587,
                9.48826835465762
        ],
        "MMbh": -Infinity,
        "MMtotal": [
                10.09104782845603,
                10.108656010009822,
                10.12259245682672
        ],
        "Mfdm": [
                0.1670944995304066,
                0.2026718300285372,
                0.24517747598055403
        ],
        "MMthetaE": 0.4027931353555214,
        "projMMstar": [
                9.993206280667538,
                10.032519394454436,
                10.0622697144697
        ],
        "projMMdm": [
                9.789853859449712,
                9.862299433013314,
                9.934181209248292
        ],
        "projMMtotal": [
                10.246296506153573,
                10.255434255597876,
                10.267502716503792
        ],
        "projMfdm": [
                0.3501107781424248,
                0.40182063374909444,
                0.465536240453857
        ],
        "Dstar": -0.17216047984571403,
        "Ddm": -0.4302847149517897,
        "Dtotal": -0.24073156601625972,
        "Dfdm": -0.2450925518258694,
        "projDstar": -0.284285131994408,
        "projDdm": -0.14987185242524156,
        "projDtotal": -0.23781617382148093,
        "projDfdm": 0.10813258094599354,
        "DthetaE": -8.504688634280417e-07
}