{
        "Reff": 0.3129603324922881,
        "R": 0.7824008312307202,
        "MthetaE": 0.45018018018018013,
        "Mstar": 10.273399770015239,
        "Mdm": 10.022244869721614,
        "Mbh": 8.01979923248291,
        "Mtotal": 10.466760355017644,
        "fdm": 0.35932258444479737,
        "projMstar": 10.311296349477995,
        "projMdm": 10.185498404817997,
        "projMtotal": 10.553966374268237,
        "projfdm": 0.4280869911502228,
        "MMstar": [
                -Infinity,
                -Infinity,
                -Infinity
        ],
        "MMdm": [
                -Infinity,
                -Infinity,
                -Infinity
        ],
        "MMbh": -Infinity,
        "MMtotal": [
                -Infinity,
                -Infinity,
                -Infinity
        ],
        "Mfdm": [
                0.0,
                0.0,
                0.0
        ],
        "MMthetaE": 0.4500195182604169,
        "projMMstar": [
                10.43410748314103,
                10.436799642054623,
                10.437533819291
        ],
        "projMMdm": [
                7.662581844998378,
                8.083104318593405,
                8.730069142932045
        ],
        "projMMtotal": [
                10.438047360924356,
                10.438895300035087,
                10.442575874043676
        ],
        "projMfdm": [
                0.0016782969968581261,
                0.004413703328204493,
                0.019381111854894252
        ],
        "Dstar": -1.0,
        "Ddm": -1.0,
        "Dtotal": -1.0,
        "Dfdm": -1.0,
        "projDstar": 0.33506771125689677,
        "projDdm": -0.992100385218548,
        "projDtotal": -0.2327640825003479,
        "projDfdm": -0.9896897046174065,
        "DthetaE": 0.00035688359202955825
}