{
        "Reff": 0.9662426539989696,
        "R": 0.45018018018018013,
        "MthetaE": 0.45018018018018013,
        "Mstar": 10.307116544969112,
        "Mdm": 9.689914983895168,
        "Mbh": 8.30414867401123,
        "Mtotal": 10.401040182296704,
        "fdm": 0.19447993540979114,
        "projMstar": 10.389112670322442,
        "projMdm": 9.993272781079773,
        "projMtotal": 10.53584177711993,
        "projfdm": 0.286702185777595,
        "MMstar": 10.340421239478756,
        "MMdm": 9.453173515978952,
        "MMbh": -Infinity,
        "MMtotal": 10.393362822709136,
        "Mfdm": 0.11476532563018337,
        "MMthetaE": 0.4500195182604169,
        "projMMstar": 10.366712077829929,
        "projMMdm": 9.897902352166335,
        "projMMtotal": 10.493743656653795,
        "projMfdm": 0.25360551609231735,
        "Dstar": 0.07970396070712582,
        "Ddm": -0.42022627154753595,
        "Dtotal": -0.017522438571162726,
        "Dfdm": -0.4098860358609237,
        "projDstar": -0.050271638319079284,
        "projDdm": -0.1971589484697331,
        "projDtotal": -0.09238455120226322,
        "projDfdm": -0.11543919553843894,
        "DthetaE": 0.00035688359202955825
}