{
        "Reff": 1.1035545250518053,
        "R": 2.7588863126295133,
        "MthetaE": 0.0,
        "Mstar": 10.900020863315055,
        "Mdm": 10.946236990033489,
        "Mbh": 8.336731910705566,
        "Mtotal": 11.22477340265395,
        "fdm": 0.526579062991917,
        "projMstar": 10.958959151544681,
        "projMdm": 11.188491183100519,
        "projMtotal": 11.389745840450614,
        "projfdm": 0.629137167379847,
        "MMstar": 10.80855638573362,
        "MMdm": 11.004590471825432,
        "MMbh": -Infinity,
        "MMtotal": 11.218571638867258,
        "Mfdm": 0.610968518668575,
        "MMthetaE": 0.0,
        "projMMstar": 10.832757481329178,
        "projMMdm": 11.368352381660692,
        "projMMtotal": 11.479394109815159,
        "projMfdm": 0.7743873890536669,
        "Dstar": -0.18990580067744445,
        "Ddm": 0.14380892716433044,
        "Dtotal": -0.014178611983919948,
        "Dfdm": 0.1602598006786939,
        "projDstar": -0.25217784094438644,
        "projDdm": 0.5130775883365408,
        "projDtotal": 0.229272792155465,
        "projDfdm": 0.23087210421654164,
        "DthetaE": 0
}