{
        "Reff": 0.34651468388585527,
        "R": 0.8662867097146382,
        "MthetaE": 0.0,
        "Mstar": 11.033409712852947,
        "Mdm": 10.70766049131408,
        "Mbh": 8.772610664367676,
        "Mtotal": 11.201416557690932,
        "fdm": 0.3208070721059512,
        "projMstar": 11.066827165358214,
        "projMdm": 10.936518765841779,
        "projMtotal": 11.307572054626105,
        "projfdm": 0.42554619457782794,
        "MMstar": 11.110967715596242,
        "MMdm": 10.427748247704146,
        "MMbh": -Infinity,
        "MMtotal": 11.192814039789589,
        "Mfdm": 0.17176481577064562,
        "MMthetaE": 0.0,
        "projMMstar": 11.129253819022866,
        "projMMdm": 10.858588848345326,
        "projMMtotal": 11.315704448836454,
        "projMfdm": 0.34904739368822735,
        "Dstar": 0.19552318460755214,
        "Ddm": -0.475086482999492,
        "Dtotal": -0.019613139383408904,
        "Dfdm": -0.46458532025778476,
        "projDstar": 0.1545869744409092,
        "projDdm": -0.16426212885392708,
        "projDtotal": 0.018901951889238926,
        "projDfdm": -0.1797661496315173,
        "DthetaE": 0
}