{
        "Reff": 0.34651468388585527,
        "R": 0.8662867097146382,
        "MthetaE": 0.0,
        "Mstar": 11.033409712852947,
        "Mdm": 10.70766049131408,
        "Mbh": 8.772610664367676,
        "Mtotal": 11.201416557690932,
        "fdm": 0.3208070721059512,
        "projMstar": 11.066827165358214,
        "projMdm": 10.936518765841779,
        "projMtotal": 11.307572054626105,
        "projfdm": 0.42554619457782794,
        "MMstar": 11.111692004033076,
        "MMdm": 10.540320565871642,
        "MMbh": -Infinity,
        "MMtotal": 11.214915665396008,
        "Mfdm": 0.2115460402112472,
        "MMthetaE": 0.0,
        "projMMstar": 11.130009797382144,
        "projMMdm": 10.96047200294393,
        "projMMtotal": 11.354491811627128,
        "projMfdm": 0.40362698264534014,
        "Dstar": 0.19751866487604425,
        "Ddm": -0.3197632759476105,
        "Dtotal": 0.03157095998712364,
        "Dfdm": -0.3405817433432981,
        "projDstar": 0.1565985194285489,
        "projDdm": 0.05670372193169402,
        "projDtotal": 0.11408866849563966,
        "projDfdm": -0.051508419560027364,
        "DthetaE": 0,
        "PL_slope1": -3.462206667081946,
        "AV_slope1": 3.4066961178849238,
        "PL_slope2": -2.5876993160086608,
        "AV_slope2": 2.6864585947363193
}