{
        "Reff": 0.6860226179383073,
        "R": 1.0899099099099099,
        "MthetaE": 1.0899099099099099,
        "Mstar": 10.742246908926605,
        "Mdm": 10.494685451500338,
        "Mbh": 8.453516006469727,
        "Mtotal": 10.936902124158186,
        "fdm": 0.36122959761691914,
        "projMstar": 10.856106322719304,
        "projMdm": 10.77867479018461,
        "projMtotal": 11.120143955811441,
        "projfdm": 0.45554452811787544,
        "MMstar": [
                10.714016779541039,
                10.735208480322392,
                10.76744938824879
        ],
        "MMdm": [
                10.355837312420402,
                10.402717434876347,
                10.460546575581654
        ],
        "MMbh": -Infinity,
        "MMtotal": [
                10.893703654259177,
                10.905797588417398,
                10.919648618827562
        ],
        "Mfdm": [
                0.2814805366646941,
                0.31903835372826955,
                0.3553981347069007
        ],
        "MMthetaE": 1.083811265650753,
        "projMMstar": [
                10.734742028382554,
                10.755426941038621,
                10.78762094679238
        ],
        "projMMdm": [
                10.741056396861243,
                10.783681448989899,
                10.809331124204187
        ],
        "projMMtotal": [
                11.065985290431593,
                11.070793102843549,
                11.074694501373362
        ],
        "projMfdm": [
                0.47241708780883046,
                0.5160301459249353,
                0.543010217093653
        ],
        "Dstar": -0.01607596073856457,
        "Ddm": -0.19084451320919116,
        "Dtotal": -0.06911621749728922,
        "Dfdm": -0.11679896710289238,
        "projDstar": -0.20691338863393316,
        "projDdm": 0.011594964386184252,
        "projDtotal": -0.10741589847779373,
        "projDfdm": 0.13277652144558044,
        "DthetaE": 0.005595548956574725
}