{
        "Reff": 0.42908660556761336,
        "R": 1.0727165139190333,
        "Mstar": 10.461117961783712,
        "Mdm": 10.349554243016174,
        "Mbh": 8.356976509094238,
        "Mtotal": 10.709938671266638,
        "fdm": 0.43612960866123895,
        "MMstar": 10.329194924654349,
        "MMdm": 10.176945327427632,
        "MMbh": -Infinity,
        "MMtotal": 10.560737957892458,
        "Mfdm": 0.41324477348331423,
        "Dstar": -0.26196499164884657,
        "Ddm": -0.3279662496278273,
        "Dtotal": -0.2907500944623688,
        "Dfdm": -0.05247255568860123
}