{
        "Reff": 0.9842781252851374,
        "R": 2.4606953132128435,
        "MthetaE": 1.2083783783783781,
        "Mstar": 11.047832343965455,
        "Mdm": 11.001254446472288,
        "Mbh": 8.475809097290039,
        "Mtotal": 11.326197524289501,
        "fdm": 0.4732132780951882,
        "projMstar": 11.149499647980916,
        "projMdm": 11.24215644498053,
        "projMtotal": 11.499324412551626,
        "projfdm": 0.5531361371153823,
        "MMstar": [
                11.21073315369524,
                11.231978201175833,
                11.259926661782671
        ],
        "MMdm": [
                10.159218199671129,
                10.449294651221374,
                10.580654668378864
        ],
        "MMbh": -Infinity,
        "MMtotal": [
                11.291832555720793,
                11.298047368908408,
                11.302988349179483
        ],
        "Mfdm": [
                0.07351817905394573,
                0.14213303862019822,
                0.19017557180606037
        ],
        "MMthetaE": 1.2111171673943844,
        "projMMstar": [
                11.228522732581622,
                11.249450084294876,
                11.277374342431173
        ],
        "projMMdm": [
                10.48164284943727,
                10.75472878616066,
                10.86978868522812
        ],
        "projMMtotal": [
                11.34207739201355,
                11.369812080805826,
                11.387093598543554
        ],
        "projMfdm": [
                0.13792235561680943,
                0.24266783936689784,
                0.3047590405349018
        ],
        "Dstar": 0.5280791753787019,
        "Ddm": -0.7194306637411683,
        "Dtotal": -0.06276209492687859,
        "Dfdm": -0.6996427505324402,
        "projDstar": 0.2587817456273695,
        "projDdm": -0.6744839992565098,
        "projDtotal": -0.25785687563568827,
        "projDfdm": -0.56128731593561,
        "DthetaE": -0.002266499521186088,
        "PL_slope1": -2.9129976276047813,
        "AV_slope1": 2.6602296902190252,
        "PL_slope2": -2.1460553626255465,
        "AV_slope2": 2.167771634883748
}