{
        "Reff": 0.42908660556761336,
        "R": 0.4961863158197497,
        "thetaE": 0.4961863158197497,
        "Mstar": 10.299082284267248,
        "Mdm": 9.907598873918385,
        "Mbh": 8.356976509094238,
        "Mtotal": 10.447064877920948,
        "fdm": 0.288757980626896,
        "MMstar": 10.273659849272729,
        "MMdm": 9.503475355556123,
        "MMbh": -Infinity,
        "MMtotal": 10.34175373369124,
        "Mfdm": 0.14511811277632616,
        "Dstar": -0.05685695821020015,
        "Ddm": -0.6056548701810353,
        "Dtotal": -0.21532673504315553,
        "Dfdm": -0.49744033927210074
}