{
        "Reff": 0.9365583424776649,
        "R": 0.533108108108108,
        "MthetaE": 0.533108108108108,
        "Mstar": 10.31006509796883,
        "Mdm": 9.833454064524009,
        "Mbh": 8.183881759643555,
        "Mtotal": 10.435131446102673,
        "fdm": 0.25022034492304296,
        "projMstar": 10.391067736586477,
        "projMdm": 10.102557322907726,
        "projMtotal": 10.571372417928766,
        "projfdm": 0.33976990204554613,
        "MMstar": 10.342430007737851,
        "MMdm": 9.573213715325139,
        "MMbh": -Infinity,
        "MMtotal": 10.410664529661961,
        "Mfdm": 0.14539490420824633,
        "MMthetaE": 0.5400234219125003,
        "projMMstar": 10.37475195156414,
        "projMMdm": 9.974871323250614,
        "projMMtotal": 10.52032640877413,
        "projMfdm": 0.2848032326749449,
        "Dstar": 0.07737007833041341,
        "Ddm": -0.4507631713752661,
        "Dtotal": -0.054779605576269236,
        "Dfdm": -0.41893252423993116,
        "projDstar": -0.03687154282306515,
        "projDdm": -0.25472938086107033,
        "projDtotal": -0.11089307911309268,
        "projDfdm": -0.16177615804013434,
        "DthetaE": -0.012971691293410059
}