{
        "Reff": 0.23513420348217307,
        "R": 0.5878355087054327,
        "MthetaE": 0.0,
        "Mstar": 10.050722827275926,
        "Mdm": 9.733344266485139,
        "Mbh": 7.900820732116699,
        "Mtotal": 10.22143265648222,
        "fdm": 0.3250211405665837,
        "projMstar": 10.118482880290474,
        "projMdm": 9.9181948845171,
        "projMtotal": 10.330814090773245,
        "projfdm": 0.3867058960445534,
        "MMstar": [
                9.993450015248968,
                10.081550686941894,
                10.134311753182178
        ],
        "MMdm": [
                9.102302452338725,
                9.332583629165208,
                9.588162075760467
        ],
        "MMbh": -Infinity,
        "MMtotal": [
                10.123605301255589,
                10.157254302425509,
                10.190778677946263
        ],
        "Mfdm": [
                0.08660974726477674,
                0.15235701555155962,
                0.27374393232907135
        ],
        "MMthetaE": 0.0,
        "projMMstar": [
                10.01070989949506,
                10.099931356050032,
                10.152251532437857
        ],
        "projMMdm": [
                9.730704794366702,
                9.872893322172848,
                10.008346413163556
        ],
        "projMMtotal": [
                10.260688721733745,
                10.29427210113224,
                10.343114984391049
        ],
        "projMfdm": [
                0.27914525474897633,
                0.3820010706573427,
                0.4839884607444732
        ],
        "Dstar": 0.07356380191074507,
        "Ddm": -0.6025894769023089,
        "Dtotal": -0.13737578352409144,
        "Dfdm": -0.5312396747917146,
        "projDstar": -0.041816968264048335,
        "projDdm": -0.09905467171446201,
        "projDtotal": -0.08069841191090504,
        "projDfdm": -0.01216641751608741,
        "DthetaE": 0,
        "PL_slope1": -3.1521900521003987,
        "AV_slope1": 3.1393451077058896,
        "PL_slope2": -2.796600088297452,
        "AV_slope2": 2.8018407650944135
}