{
        "Reff": 0.23513420348217307,
        "R": 0.5878355087054327,
        "MthetaE": 0.0,
        "Mstar": 10.050722827275926,
        "Mdm": 9.733344266485139,
        "Mbh": 7.900820732116699,
        "Mtotal": 10.22143265648222,
        "fdm": 0.3250211405665837,
        "projMstar": 10.118482880290474,
        "projMdm": 9.9181948845171,
        "projMtotal": 10.330814090773245,
        "projfdm": 0.3867058960445534,
        "MMstar": [
                9.998090464001567,
                10.072686401374852,
                10.132537907412827
        ],
        "MMdm": [
                9.111089439243262,
                9.34437425938513,
                9.608111431696488
        ],
        "MMbh": -Infinity,
        "MMtotal": [
                10.120935143445523,
                10.15409704847603,
                10.191029918069042
        ],
        "Mfdm": [
                0.09042651479295759,
                0.15755695143025966,
                0.28249610943982306
        ],
        "MMthetaE": 0.0,
        "projMMstar": [
                10.01694460024874,
                10.092991516974571,
                10.151373845856432
        ],
        "projMMdm": [
                9.731855482703297,
                9.88821117218319,
                10.010956357729237
        ],
        "projMMtotal": [
                10.260395177748189,
                10.29448513259146,
                10.340665151374907
        ],
        "projMfdm": [
                0.2802027697596059,
                0.3896038465357552,
                0.49243789489606243
        ],
        "Dstar": 0.05187364554995282,
        "Ddm": -0.5916524136649497,
        "Dtotal": -0.14362418863882787,
        "Dfdm": -0.515240912773849,
        "projDstar": -0.05700663570037513,
        "projDdm": -0.06671069802269201,
        "projDtotal": -0.08024736266471891,
        "projDfdm": 0.007493939246449719,
        "DthetaE": 0,
        "PL_slope1": -3.166262315830995,
        "AV_slope1": 3.148001259030828,
        "PL_slope2": -2.7948405330361625,
        "AV_slope2": 2.793912053606193
}