{
        "Reff": 0.9662426539989696,
        "R": 0.45018018018018013,
        "MthetaE": 0.45018018018018013,
        "Mstar": 10.307116544969112,
        "Mdm": 9.689914983895168,
        "Mbh": 8.30414867401123,
        "Mtotal": 10.401040182296704,
        "fdm": 0.19447993540979114,
        "projMstar": 10.389112670322442,
        "projMdm": 9.993272781079773,
        "projMtotal": 10.53584177711993,
        "projfdm": 0.286702185777595,
        "MMstar": [
                10.32153412615289,
                10.342383797218206,
                10.360837417749538
        ],
        "MMdm": [
                9.342901341414793,
                9.444489817434373,
                9.531858087154083
        ],
        "MMbh": -Infinity,
        "MMtotal": [
                10.382959887155186,
                10.393743288973143,
                10.403745957166212
        ],
        "Mfdm": [
                0.08782426030299274,
                0.11192708247322862,
                0.13849095512530443
        ],
        "MMthetaE": 0.4500195182604169,
        "projMMstar": [
                10.347691706822182,
                10.368255218559021,
                10.387155311838292
        ],
        "projMMdm": [
                9.827665808698498,
                9.889922634985851,
                9.948383757290888
        ],
        "projMMtotal": [
                10.487597524944656,
                10.493076047074883,
                10.498193577139144
        ],
        "projMfdm": [
                0.21635790238142116,
                0.24907956543594995,
                0.2839020118396172
        ],
        "Dstar": 0.08459413653245908,
        "Ddm": -0.4317036934033099,
        "Dtotal": -0.01666135613668266,
        "Dfdm": -0.4244800511817034,
        "projDstar": -0.04689104889047431,
        "projDdm": -0.21177563757011486,
        "projDtotal": -0.09377869113035042,
        "projDfdm": -0.13122543952570434,
        "DthetaE": 0.00035688359202955825
}