{
        "Reff": 0.9662426539989696,
        "R": 2.415606634997424,
        "MthetaE": 0.45018018018018013,
        "Mstar": 10.5918964286169,
        "Mdm": 10.646142705336276,
        "Mbh": 8.30414867401123,
        "Mtotal": 10.920895977836436,
        "fdm": 0.5311861312447683,
        "projMstar": 10.67843889325413,
        "projMdm": 10.847396843209468,
        "projMtotal": 11.07211299151808,
        "projfdm": 0.5960515911979375,
        "MMstar": 10.634085955876152,
        "MMdm": 10.685428445107068,
        "MMbh": -Infinity,
        "MMtotal": 10.961545471263342,
        "Mfdm": 0.5295207385867583,
        "MMthetaE": 0.4500195182604169,
        "projMMstar": 10.655058908920411,
        "projMMdm": 10.906330616487097,
        "projMMtotal": 11.099649233614347,
        "projMfdm": 0.640739330154863,
        "Dstar": 0.1020201291140595,
        "Ddm": 0.09467636090397231,
        "Dtotal": 0.09811922128978497,
        "Dfdm": -0.0031352336969103158,
        "projDstar": -0.05241098897275267,
        "projDdm": 0.14533827244401265,
        "projDtotal": 0.0654577729529272,
        "projDfdm": 0.07497293794168483,
        "DthetaE": 0.00035688359202955825
}