{
        "Reff": 0.33542414752571365,
        "R": 0.48572072072072064,
        "MthetaE": 0.48572072072072064,
        "Mstar": 10.193931422797494,
        "Mdm": 9.704516155365626,
        "Mbh": [
                7.912351131439209,
                6.072244644165039
        ],
        "Mtotal": 10.315829128814833,
        "fdm": 0.2447298965108559,
        "projMstar": 10.263860798608103,
        "projMdm": 9.965676135596594,
        "projMtotal": 10.440902574668815,
        "projfdm": 0.3347908352976755,
        "MMstar": [
                10.155059805902267,
                10.202458126853168,
                10.235636284788264
        ],
        "MMdm": [
                9.576178829712163,
                9.670392448824469,
                9.76714974949265
        ],
        "MMbh": -Infinity,
        "MMtotal": [
                10.299030445565373,
                10.314426535663667,
                10.328095156112614
        ],
        "Mfdm": [
                0.17852294545102976,
                0.22749578826276304,
                0.2866837130421572
        ],
        "MMthetaE": 0.5762987595061156,
        "projMMstar": [
                10.178637356441193,
                10.226459279164004,
                10.259288884732607
        ],
        "projMMdm": [
                9.914429534549082,
                9.985794745099037,
                10.073125116683924
        ],
        "projMMtotal": [
                10.414939640546802,
                10.424759743862207,
                10.433427690706095
        ],
        "projMfdm": [
                0.31182697776437707,
                0.36414296244501826,
                0.4384687943879714
        ],
        "Dstar": 0.0198274656357351,
        "Ddm": -0.07556518405307587,
        "Dtotal": -0.003224380565072951,
        "Dfdm": -0.07042093546314382,
        "projDstar": -0.08251603966259667,
        "projDdm": 0.04741456678416097,
        "projDtotal": -0.03648790842914208,
        "projDfdm": 0.08767303059907432,
        "DthetaE": -0.18648172688822862
}