{
        "Reff": 0.33542414752571365,
        "R": 0.48572072072072064,
        "MthetaE": 0.48572072072072064,
        "Mstar": 10.193931422797494,
        "Mdm": 9.704516155365626,
        "Mbh": [
                7.912351131439209,
                6.072244644165039
        ],
        "Mtotal": 10.315829128814833,
        "fdm": 0.2447298965108559,
        "projMstar": 10.263860798608103,
        "projMdm": 9.965676135596594,
        "projMtotal": 10.440902574668815,
        "projfdm": 0.3347908352976755,
        "MMstar": [
                10.159359645786388,
                10.202251712874213,
                10.232082887067866
        ],
        "MMdm": [
                9.581500371268566,
                9.666792582063387,
                9.773724861500094
        ],
        "MMbh": -Infinity,
        "MMtotal": [
                10.300891612886618,
                10.313759833076938,
                10.326843694744877
        ],
        "Mfdm": [
                0.18424420204609027,
                0.2247776706670258,
                0.29314356930640517
        ],
        "MMthetaE": 0.5694543561865656,
        "projMMstar": [
                10.182475173110063,
                10.22580743222551,
                10.255120023271138
        ],
        "projMMdm": [
                9.917562673191256,
                9.988500456716077,
                10.071146780250215
        ],
        "projMMtotal": [
                10.41452907514722,
                10.424400133210339,
                10.432820973473998
        ],
        "projMfdm": [
                0.3155558353098663,
                0.36705593042417023,
                0.4354845669428492
        ],
        "Dstar": 0.01934287134241735,
        "Ddm": -0.08319615357453035,
        "Dtotal": -0.004753396202585161,
        "Dfdm": -0.0815275376171502,
        "projDstar": -0.08389208871845974,
        "projDdm": 0.05396046672788746,
        "projDtotal": -0.037285399101728206,
        "projDfdm": 0.09637388997762313,
        "DthetaE": -0.1723904949774421
}