{
        "Reff": 0.9094395894549946,
        "R": 0.46202702702702697,
        "MthetaE": 0.46202702702702697,
        "Mstar": 10.249161196740573,
        "Mdm": 9.727404978743365,
        "Mbh": 8.274933815002441,
        "Mtotal": 10.36336385144635,
        "fdm": 0.23122837510002717,
        "projMstar": 10.357000467888106,
        "projMdm": 9.994571718724659,
        "projMtotal": 10.513574293257767,
        "projfdm": 0.30268954843648216,
        "MMstar": [
                10.322725971253973,
                10.33725846933974,
                10.352545011380629
        ],
        "MMdm": [
                9.098196630002322,
                9.208788765521176,
                9.304104008542094
        ],
        "MMbh": -Infinity,
        "MMtotal": [
                10.360936703036225,
                10.368480849933905,
                10.376699722418172
        ],
        "Mfdm": [
                0.052891110744139554,
                0.06920402087069076,
                0.08689850787579458
        ],
        "MMthetaE": 0.458917242575832,
        "projMMstar": [
                10.360169934611406,
                10.374086460493787,
                10.388838578911235
        ],
        "projMMdm": [
                9.561836988034417,
                9.658400601218686,
                9.740686672860697
        ],
        "projMMtotal": [
                10.447017777527568,
                10.450830035494475,
                10.454819249999726
        ],
        "projMfdm": [
                0.12986322399865136,
                0.16128655290461794,
                0.19356868951626344
        ],
        "Dstar": 0.22489051760658668,
        "Ddm": -0.6970410501065707,
        "Dtotal": 0.011852009437727596,
        "Dfdm": -0.7007113818070392,
        "projDstar": 0.04012609591204887,
        "projDdm": -0.5388641545809492,
        "projDtotal": -0.13452257906928364,
        "projDfdm": -0.4671551966768252,
        "DthetaE": 0.006730741426979472
}