{
        "Reff": 0.9662426539989696,
        "R": 2.415606634997424,
        "MthetaE": 0.45018018018018013,
        "Mstar": 10.5918964286169,
        "Mdm": 10.646142705336276,
        "Mbh": 8.30414867401123,
        "Mtotal": 10.920895977836436,
        "fdm": 0.5311861312447683,
        "projMstar": 10.67843889325413,
        "projMdm": 10.847396843209468,
        "projMtotal": 11.07211299151808,
        "projfdm": 0.5960515911979375,
        "MMstar": [
                -Infinity,
                -Infinity,
                -Infinity
        ],
        "MMdm": [
                -Infinity,
                -Infinity,
                -Infinity
        ],
        "MMbh": -Infinity,
        "MMtotal": [
                -Infinity,
                -Infinity,
                -Infinity
        ],
        "Mfdm": [
                0.0,
                0.0,
                0.0
        ],
        "MMthetaE": 0.4500195182604169,
        "projMMstar": [
                10.698068315331,
                10.70716851988232,
                10.71667709499647
        ],
        "projMMdm": [
                10.446626778150499,
                10.552823249768409,
                10.655896126561402
        ],
        "projMMtotal": [
                10.901745686788392,
                10.938484979244476,
                10.978587117983153
        ],
        "projMfdm": [
                0.34869598005767855,
                0.41192192606105676,
                0.47659786870648335
        ],
        "Dstar": -1.0,
        "Ddm": -1.0,
        "Dtotal": -1.0,
        "Dfdm": -1.0,
        "projDstar": 0.0683895380088507,
        "projDdm": -0.49251126484277163,
        "projDtotal": -0.2648567266719712,
        "projDfdm": -0.3089156506852353,
        "DthetaE": 0.00035688359202955825
}