{
        "Reff": 0.3939136227063193,
        "R": 0.45018018018018013,
        "MthetaE": 0.45018018018018013,
        "Mstar": 10.143283281527738,
        "Mdm": 9.666221446383181,
        "Mbh": 8.139239311218262,
        "Mtotal": 10.268236873791992,
        "fdm": 0.2500256543701848,
        "projMstar": 10.238793465359723,
        "projMdm": 9.866167182171507,
        "projMtotal": 10.392305795077736,
        "projfdm": 0.29775659339548977,
        "MMstar": [
                -Infinity,
                -Infinity,
                -Infinity
        ],
        "MMdm": [
                -Infinity,
                -Infinity,
                -Infinity
        ],
        "MMbh": -Infinity,
        "MMtotal": [
                -Infinity,
                -Infinity,
                -Infinity
        ],
        "Mfdm": [
                0.0,
                0.0,
                0.0
        ],
        "MMthetaE": 0.458917242575832,
        "projMMstar": [
                10.25161143041761,
                10.282681996025618,
                10.289350947642651
        ],
        "projMMdm": [
                9.239947935201613,
                9.318136515250616,
                9.597944966149045
        ],
        "projMMtotal": [
                10.326406366552261,
                10.32743097439204,
                10.338635673339438
        ],
        "projMfdm": [
                0.08197927566221375,
                0.09788818251808816,
                0.1818196365540394
        ],
        "Dstar": -1.0,
        "Ddm": -1.0,
        "Dtotal": -1.0,
        "Dfdm": -1.0,
        "projDstar": 0.10633978592512283,
        "projDdm": -0.7168807930776617,
        "projDtotal": -0.1387580426312604,
        "projDfdm": -0.6712476408941515,
        "DthetaE": -0.019407923272310522
}