{
        "Reff": 0.3467016162740413,
        "R": 1.0543693693693692,
        "MthetaE": 1.0543693693693692,
        "Mstar": 11.051047526846789,
        "Mdm": 10.793390939483194,
        "Mbh": 8.772610664367676,
        "Mtotal": 11.242083096745356,
        "fdm": 0.355883491538148,
        "projMstar": 11.083819296434118,
        "projMdm": 11.030129712404289,
        "projMtotal": 11.35883364304146,
        "projfdm": 0.4691330928669549,
        "MMstar": 11.139149333574066,
        "MMdm": 10.63122411924374,
        "MMbh": -Infinity,
        "MMtotal": 11.256589481936933,
        "Mfdm": 0.2369379558429362,
        "MMthetaE": 1.127957667061851,
        "projMMstar": 11.15717654833541,
        "projMMdm": 10.920697377948722,
        "projMMtotal": 11.355867716651673,
        "projMfdm": 0.36713827351684636,
        "Dstar": 0.22490330579467638,
        "Ddm": -0.31161217646079603,
        "Dtotal": 0.03396630270532565,
        "Dfdm": -0.3342260557833764,
        "projDstar": 0.18401512951993254,
        "projDdm": -0.2227375887462137,
        "projDtotal": -0.006806031232305869,
        "projDfdm": -0.21741126537631414,
        "DthetaE": -0.06979366039104094
}