{
        "Reff": 0.3467016162740413,
        "R": 1.0543693693693692,
        "MthetaE": 1.0543693693693692,
        "Mstar": 11.051047526846789,
        "Mdm": 10.793390939483194,
        "Mbh": 8.772610664367676,
        "Mtotal": 11.242083096745356,
        "fdm": 0.355883491538148,
        "projMstar": 11.083819296434118,
        "projMdm": 11.030129712404289,
        "projMtotal": 11.35883364304146,
        "projfdm": 0.4691330928669549,
        "MMstar": 11.140928494157475,
        "MMdm": 10.629718090764905,
        "MMbh": -Infinity,
        "MMtotal": 11.257592500029816,
        "Mfdm": 0.2355730423430153,
        "MMthetaE": 1.127957667061851,
        "projMMstar": 11.158939154934675,
        "projMMdm": 10.919444100212036,
        "projMMtotal": 11.3565255082464,
        "projMfdm": 0.36552626768451757,
        "Dstar": 0.22993162139038337,
        "Ddm": -0.3139952050698629,
        "Dtotal": 0.03635704324844656,
        "Dfdm": -0.3380613376449252,
        "projDstar": 0.18883028077389352,
        "projDdm": -0.22497736270525634,
        "projDtotal": -0.0053005788634662016,
        "projDfdm": -0.2208474029177473,
        "DthetaE": -0.06979366039104094
}