{
        "Reff": 0.42908660556761336,
        "R": 1.0727165139190333,
        "thetaE": 0.4961863158197497,
        "Mstar": 10.461117961783712,
        "Mdm": 10.349554243016174,
        "Mbh": 8.356976509094238,
        "Mtotal": 10.709938671266638,
        "fdm": 0.43612960866123895,
        "MMstar": 10.477192987894982,
        "MMdm": 10.173208523803556,
        "MMbh": -Infinity,
        "MMtotal": 10.652301655672543,
        "Mfdm": 0.3318232923906391,
        "Dstar": 0.0377076684904183,
        "Ddm": -0.33372382969917674,
        "Dtotal": -0.12428460545946743,
        "Dfdm": -0.2391635747703136
}