{
        "Reff": 0.9094395894549946,
        "R": 0.46202702702702697,
        "MthetaE": 0.46202702702702697,
        "Mstar": 10.249161196740573,
        "Mdm": 9.727404978743365,
        "Mbh": 8.274933815002441,
        "Mtotal": 10.36336385144635,
        "fdm": 0.23122837510002717,
        "projMstar": 10.357000467888106,
        "projMdm": 9.994571718724659,
        "projMtotal": 10.513574293257767,
        "projfdm": 0.30268954843648216,
        "MMstar": [
                10.278194955337293,
                10.310316010148902,
                10.338188242014581
        ],
        "MMdm": [
                9.309115604764472,
                9.475678744559685,
                9.620008026457285
        ],
        "MMbh": -Infinity,
        "MMtotal": [
                10.357624876452643,
                10.370707542478911,
                10.380680129292779
        ],
        "Mfdm": [
                0.08734746798878218,
                0.12809457039162617,
                0.1790347040520351
        ],
        "MMthetaE": 0.5249657346094901,
        "projMMstar": [
                10.313963915733432,
                10.345759569211342,
                10.372437565188708
        ],
        "projMMdm": [
                9.694691989463509,
                9.819828544722922,
                9.9208882980619
        ],
        "projMMtotal": [
                10.450548762467054,
                10.458380669255412,
                10.46525021367909
        ],
        "projMfdm": [
                0.17387631466656928,
                0.23082684423068953,
                0.2880284427253276
        ],
        "Dstar": 0.15121068908878355,
        "Ddm": -0.4398894333788777,
        "Dtotal": 0.017053247885986354,
        "Dfdm": -0.446025729600817,
        "projDstar": -0.02555102902924827,
        "projDdm": -0.3312607312026656,
        "projDtotal": -0.11934384251973747,
        "projDfdm": -0.23741389346607272,
        "DthetaE": -0.13622299973975652
}