{
        "Reff": 0.9094395894549946,
        "R": 0.46202702702702697,
        "MthetaE": 0.46202702702702697,
        "Mstar": 10.249161196740573,
        "Mdm": 9.727404978743365,
        "Mbh": 8.274933815002441,
        "Mtotal": 10.36336385144635,
        "fdm": 0.23122837510002717,
        "projMstar": 10.357000467888106,
        "projMdm": 9.994571718724659,
        "projMtotal": 10.513574293257767,
        "projfdm": 0.30268954843648216,
        "MMstar": [
                10.279601544424434,
                10.311534024151323,
                10.338836619410277
        ],
        "MMdm": [
                9.296489857411945,
                9.465656941339423,
                9.602365876559446
        ],
        "MMbh": -Infinity,
        "MMtotal": [
                10.357627804548184,
                10.370959641179459,
                10.382072568163538
        ],
        "Mfdm": [
                0.08349137808296012,
                0.12418221184815435,
                0.1739948586720174
        ],
        "MMthetaE": 0.509223606974525,
        "projMMstar": [
                10.3148746430691,
                10.34700558265796,
                10.374713989426583
        ],
        "projMMdm": [
                9.684736156068867,
                9.804812529318228,
                9.913968577024798
        ],
        "projMMtotal": [
                10.45072853454677,
                10.457813510770048,
                10.464868867290546
        ],
        "projMfdm": [
                0.16931066176682397,
                0.2234490434074919,
                0.28504181682637036
        ],
        "Dstar": 0.15444388434157144,
        "Ddm": -0.45266658533779436,
        "Dtotal": 0.017643797027180108,
        "Dfdm": -0.4629456190468219,
        "projDstar": -0.022751269865234836,
        "projDdm": -0.35398766489101285,
        "projDtotal": -0.1204931677759341,
        "projDfdm": -0.2617880446758091,
        "DthetaE": -0.10215112360675202
}