{
        "Reff": 0.5148342648334497,
        "R": 1.2870856620836244,
        "MthetaE": 0.5804954954954954,
        "Mstar": 10.485052405687021,
        "Mdm": 10.343082781744615,
        "Mbh": 8.260486602783203,
        "Mtotal": 10.72087312472932,
        "fdm": 0.41899578782519636,
        "projMstar": 10.567427798541386,
        "projMdm": 10.56775212156492,
        "projMtotal": 10.868619985991932,
        "projfdm": 0.5001866953311498,
        "MMstar": -Infinity,
        "MMdm": -Infinity,
        "MMbh": -Infinity,
        "MMtotal": -Infinity,
        "Mfdm": 0.0,
        "MMthetaE": 0.7258489720382846,
        "projMMstar": 10.488924033247507,
        "projMMdm": 10.627449012027613,
        "projMMtotal": 10.864716349850863,
        "projMfdm": 0.5790721283701127,
        "Dstar": -1.0,
        "Ddm": -1.0,
        "Dtotal": -1.0,
        "Dfdm": -1.0,
        "projDstar": -0.16536568795804477,
        "projDdm": 0.14735256389830323,
        "projDtotal": -0.008948178992283824,
        "projDfdm": 0.15771197789804586,
        "DthetaE": -0.2503955287692962
}