{
        "Reff": 0.5148342648334497,
        "R": 1.2870856620836244,
        "MthetaE": 0.5804954954954954,
        "Mstar": 10.485052405687021,
        "Mdm": 10.343082781744615,
        "Mbh": 8.260486602783203,
        "Mtotal": 10.72087312472932,
        "fdm": 0.41899578782519636,
        "projMstar": 10.567427798541386,
        "projMdm": 10.56775212156492,
        "projMtotal": 10.868619985991932,
        "projfdm": 0.5001866953311498,
        "MMstar": -Infinity,
        "MMdm": -Infinity,
        "MMbh": -Infinity,
        "MMtotal": -Infinity,
        "Mfdm": 0.0,
        "MMthetaE": 0.7200312292166671,
        "projMMstar": 10.489491528021174,
        "projMMdm": 10.625646944559413,
        "projMMtotal": 10.863913273284373,
        "projMfdm": 0.5777416418339055,
        "Dstar": -1.0,
        "Ddm": -1.0,
        "Dtotal": -1.0,
        "Dfdm": -1.0,
        "projDstar": -0.16427435425383244,
        "projDdm": 0.14260158716439214,
        "projDtotal": -0.010779091239214986,
        "projDfdm": 0.15505199803727346,
        "DthetaE": -0.24037349954295117
}