{
        "Reff": 0.3465146838858552,
        "R": 0.8662867097146381,
        "MthetaE": 0.0,
        "Mstar": 11.033412259839897,
        "Mdm": 10.707664354405054,
        "Mbh": 8.772610664367676,
        "Mtotal": 11.201419526893796,
        "fdm": 0.32080773240888977,
        "projMstar": 11.066829826989872,
        "projMdm": 10.9365370114967,
        "projMtotal": 11.30758134804791,
        "projfdm": 0.42555496657047037,
        "MMstar": 11.136766637008003,
        "MMdm": 10.25821034027871,
        "MMbh": -Infinity,
        "MMtotal": 11.190714575808041,
        "Mfdm": 0.11681423373028972,
        "MMthetaE": 0.0,
        "projMMstar": 11.154995544778318,
        "projMMdm": 10.668394466028051,
        "projMMtotal": 11.277583654074668,
        "projMfdm": 0.2459296048347943,
        "Dstar": 0.26868667110597777,
        "Ddm": -0.64474026633948,
        "Dtotal": -0.02434775341709651,
        "Dfdm": -0.635874631658184,
        "projDstar": 0.22508357663364373,
        "projDdm": -0.46066642826066756,
        "projDtotal": -0.06674074377485481,
        "projDfdm": -0.42209673449065654,
        "DthetaE": 0
}