{
        "Reff": 0.35973259940631447,
        "R": 0.8993314985157862,
        "MthetaE": 0.46202702702702697,
        "Mstar": 10.278276772675927,
        "Mdm": 10.21103561277337,
        "Mbh": 8.119908332824707,
        "Mtotal": 10.546986246559046,
        "fdm": 0.4613700154676134,
        "projMstar": 10.370522904662561,
        "projMdm": 10.460775180326277,
        "projMtotal": 10.719019287230033,
        "projfdm": 0.5517672164880664,
        "MMstar": -Infinity,
        "MMdm": -Infinity,
        "MMbh": -Infinity,
        "MMtotal": -Infinity,
        "Mfdm": 0.0,
        "MMthetaE": 0.48492597519012226,
        "projMMstar": 10.520195077197977,
        "projMMdm": 9.699348689189131,
        "projMMtotal": 10.581293581613032,
        "projMfdm": 0.13123664144755134,
        "Dstar": -1.0,
        "Ddm": -1.0,
        "Dtotal": -1.0,
        "Dfdm": -1.0,
        "projDstar": 0.41147169209336376,
        "projDdm": -0.8267897817731388,
        "projDtotal": -0.2717603946263667,
        "projDfdm": -0.7621521585083341,
        "DthetaE": -0.049561923488419174
}