{
        "Reff": 0.4869602608436852,
        "R": 1.217400652109213,
        "MthetaE": 1.220225225225225,
        "Mstar": 10.871967128271251,
        "Mdm": 10.636338659573704,
        "Mbh": 8.438713073730469,
        "Mtotal": 11.070970815358658,
        "fdm": 0.36759351767167864,
        "projMstar": 10.969620351737936,
        "projMdm": 10.902219596043672,
        "projMtotal": 11.238256200195426,
        "projfdm": 0.46127869442808966,
        "MMstar": [
                -Infinity,
                -Infinity,
                -Infinity
        ],
        "MMdm": [
                -Infinity,
                -Infinity,
                -Infinity
        ],
        "MMbh": -Infinity,
        "MMtotal": [
                -Infinity,
                -Infinity,
                -Infinity
        ],
        "Mfdm": [
                0.0,
                0.0,
                0.0
        ],
        "MMthetaE": 1.2111171673943844,
        "projMMstar": [
                10.932009180656456,
                10.934467334922642,
                10.93892532125452
        ],
        "projMMdm": [
                10.81959420654459,
                10.826823632017229,
                10.830677591563285
        ],
        "projMMtotal": [
                11.184373422982922,
                11.184996607267154,
                11.18531785539614
        ],
        "projMfdm": [
                0.43174926186438145,
                0.4383526488883173,
                0.4419250345837371
        ],
        "Dstar": -1.0,
        "Ddm": -1.0,
        "Dtotal": -1.0,
        "Dfdm": -1.0,
        "projDstar": -0.07775356908889018,
        "projDdm": -0.1593716430811596,
        "projDtotal": -0.11541329648867217,
        "projDfdm": -0.0497010718611162,
        "DthetaE": 0.007464243192611874
}