{
        "Reff": 0.5447542281665589,
        "R": 1.3618855704163972,
        "MthetaE": 0.0,
        "Mstar": 10.514312794352605,
        "Mdm": 10.43474709606854,
        "Mbh": 8.265588760375977,
        "Mtotal": 10.777379520299181,
        "fdm": 0.4543259838895221,
        "projMstar": 10.612743061209496,
        "projMdm": 10.67090916452487,
        "projMtotal": 10.943829172321944,
        "projfdm": 0.5334331388782186,
        "MMstar": 10.5240518745853,
        "MMdm": 10.120525057613708,
        "MMbh": -Infinity,
        "MMtotal": 10.668590999419985,
        "Mfdm": 0.28309621194447615,
        "MMthetaE": 0.0,
        "projMMstar": 10.549399124095997,
        "projMMdm": 10.609294201426477,
        "projMMtotal": 10.881408383725267,
        "projMfdm": 0.5344238331715769,
        "Dstar": 0.022678392759134077,
        "Ddm": -0.5149595462049172,
        "Dtotal": -0.22158449283704332,
        "Dfdm": -0.37688747290906366,
        "projDstar": -0.13571681661272514,
        "projDdm": -0.1322691521553101,
        "projDtotal": -0.13387771813940735,
        "projDfdm": 0.0018572042513925427,
        "DthetaE": 0
}