{
        "Reff": 0.5447542281665589,
        "R": 1.3618855704163972,
        "Mstar": 10.514312794352605,
        "Mdm": 10.43474709606854,
        "Mbh": 8.265588760375977,
        "Mtotal": 10.777379520299181,
        "fdm": 0.4543259838895221,
        "projMstar": 10.612743061209496,
        "projMdm": 10.67090916452487,
        "projMtotal": 10.943829172321944,
        "projfdm": 0.5334331388782186,
        "MMstar": 10.525522002141779,
        "MMdm": 10.124495633956434,
        "MMbh": -Infinity,
        "MMtotal": 10.670770456658152,
        "Mfdm": 0.28426616943004335,
        "projMMstar": 10.550807439006174,
        "projMMdm": 10.62100309907665,
        "projMMtotal": 10.88835195216104,
        "projMfdm": 0.5403201289223727,
        "Dstar": 0.026146121023490183,
        "Ddm": -0.5105046868066108,
        "Dtotal": -0.2176682852490273,
        "Dfdm": -0.374312323067201,
        "projDstar": -0.13290960031474247,
        "projDdm": -0.10855627030326051,
        "projDtotal": -0.11991872704458054,
        "projDfdm": 0.012910690285641088
}