{
        "Reff": 0.5447542281665589,
        "R": 1.3618855704163972,
        "Mstar": 10.514312794352605,
        "Mdm": 10.43474709606854,
        "Mbh": 8.265588760375977,
        "Mtotal": 10.777379520299181,
        "fdm": 0.4543259838895221,
        "MMstar": 10.525891567551342,
        "MMdm": 10.141288076681604,
        "MMbh": -Infinity,
        "MMtotal": 10.675872009673972,
        "Mfdm": 0.29202233349627865,
        "Dstar": 0.02701969765468177,
        "Ddm": -0.4912071722429415,
        "Dtotal": -0.20842423488954323,
        "Dfdm": -0.3572405192495233
}