{
        "Reff": 0.5423966499825412,
        "R": 0.6417567567567567,
        "MthetaE": 0.6417567567567567,
        "Mstar": 10.388282076892112,
        "Mdm": 9.98513147812508,
        "Mbh": 8.265588760375977,
        "Mtotal": 10.532927740751498,
        "fdm": 0.2832720577494838,
        "projMstar": 10.480813511629297,
        "projMdm": 10.277604735420702,
        "projMtotal": 10.692017567250938,
        "projfdm": 0.3851121035918841,
        "MMstar": 10.408831786227838,
        "MMdm": 9.708559717690779,
        "MMbh": -Infinity,
        "MMtotal": 10.487796292487515,
        "Mfdm": 0.16625067803595947,
        "MMthetaE": 0.6364252723388055,
        "projMMstar": 10.430684066475047,
        "projMMdm": 10.234680310687722,
        "projMMtotal": 10.644677033211893,
        "projMfdm": 0.3890480809995095,
        "Dstar": 0.04845479282313486,
        "Ddm": -0.47103341354461264,
        "Dtotal": -0.09870170037124547,
        "Dfdm": -0.41310597537655497,
        "projDstar": -0.10901466718350722,
        "projDdm": -0.09410977117368571,
        "projDtotal": -0.10327461132734651,
        "projDfdm": 0.010220342001498081,
        "DthetaE": 0.008307640491227347
}