{
        "Reff": 0.4869602608436852,
        "R": 1.220225225225225,
        "MthetaE": 1.220225225225225,
        "Mstar": 10.87244459182217,
        "Mdm": 10.637575202464305,
        "Mbh": 8.438713073730469,
        "Mtotal": 11.071727465792158,
        "fdm": 0.3679999305160368,
        "projMstar": 10.97001301300598,
        "projMdm": 10.903444554972886,
        "projMtotal": 11.239032980836678,
        "projfdm": 0.4617549652833109,
        "MMstar": [
                10.869184220992507,
                10.888816078148574,
                10.91133057625134
        ],
        "MMdm": [
                10.556455783391192,
                10.592152330004728,
                10.624781824835445
        ],
        "MMbh": -Infinity,
        "MMtotal": [
                11.059540245385916,
                11.066999432152878,
                11.076473941715635
        ],
        "Mfdm": [
                0.30772892624220016,
                0.3356290262329132,
                0.36283469004126223
        ],
        "MMthetaE": 1.224463753867507,
        "projMMstar": [
                10.88104844937248,
                10.9007858017183,
                10.923108125851938
        ],
        "projMMdm": [
                10.846720825648951,
                10.877946521370186,
                10.903975856482889
        ],
        "projMMtotal": [
                11.187215740941337,
                11.190695979885147,
                11.19344231473362
        ],
        "projMfdm": [
                0.45630271164339437,
                0.4868484380497604,
                0.5131536571108541
        ],
        "Dstar": 0.03841627538366125,
        "Ddm": -0.09930629480273022,
        "Dtotal": -0.01082765412597339,
        "Dfdm": -0.08796443042185016,
        "projDstar": -0.1473460884739461,
        "projDdm": -0.05702111893271358,
        "projDtotal": -0.10532974416713806,
        "projDfdm": 0.054343698829645196,
        "DthetaE": -0.0034735625478481487
}