{
        "Reff": 0.4750495551698561,
        "R": 1.1876238879246401,
        "MthetaE": 0.5704504504504504,
        "Mstar": 10.479687275154259,
        "Mdm": 10.402816360683012,
        "Mbh": 8.356976509094238,
        "Mtotal": 10.743980384486571,
        "fdm": 0.4558647130128417,
        "projMstar": 10.53395856227157,
        "projMdm": 10.601443749087462,
        "projMtotal": 10.870040653306864,
        "projfdm": 0.5387696161822407,
        "MMstar": 10.493742549788381,
        "MMdm": 10.02521222298071,
        "MMbh": -Infinity,
        "MMtotal": 10.620845002717358,
        "Mfdm": 0.25372731299987644,
        "MMthetaE": 0.0,
        "projMMstar": 10.521050705665713,
        "projMMdm": 10.744503671986003,
        "projMMtotal": 10.948022767585195,
        "projMfdm": 0.6258653444916219,
        "Dstar": 0.03289285836818547,
        "Ddm": -0.580824527743735,
        "Dtotal": -0.2468792417227165,
        "Dfdm": -0.44341532529908945,
        "projDstar": -0.029284099744751914,
        "projDdm": 0.390144426735301,
        "projDtotal": 0.19669124648278902,
        "projDfdm": 0.16165671874102258,
        "DthetaE": 1.0
}