{
        "Reff": 1.1035545250518053,
        "R": 2.7588863126295133,
        "MthetaE": 0.6634234234234233,
        "Mstar": 10.900020863315055,
        "Mdm": 10.946236990033489,
        "Mbh": 8.336731910705566,
        "Mtotal": 11.22477340265395,
        "fdm": 0.526579062991917,
        "projMstar": 10.958959151544681,
        "projMdm": 11.188491183100519,
        "projMtotal": 11.389745840450614,
        "projfdm": 0.629137167379847,
        "MMstar": 10.958211442829375,
        "MMdm": 10.862347918705726,
        "MMbh": -Infinity,
        "MMtotal": 11.213949365446142,
        "Mfdm": 0.4450394941124062,
        "MMthetaE": 0.6553516178469189,
        "projMMstar": 10.983422321753983,
        "projMMdm": 11.250876711916844,
        "projMMtotal": 11.438450684906984,
        "projMfdm": 0.6492710324039,
        "Dstar": 0.14337996905905606,
        "Ddm": -0.17565135451266864,
        "Dtotal": -0.024615246372413625,
        "Dfdm": -0.15484772299190802,
        "projDstar": 0.057945194496427065,
        "projDdm": 0.15447764777864276,
        "projDtotal": 0.11867734871462765,
        "projDfdm": 0.03200234554239428,
        "DthetaE": 0.012166898682672369
}