{
        "Reff": 1.1035545250518053,
        "R": 2.7588863126295133,
        "MthetaE": 0.6634234234234233,
        "Mstar": 10.900020863315055,
        "Mdm": 10.946236990033489,
        "Mbh": 8.336731910705566,
        "Mtotal": 11.224773402653952,
        "fdm": 0.526579062991917,
        "projMstar": 10.958959151544681,
        "projMdm": 11.188491183100519,
        "projMtotal": 11.389745840450614,
        "projfdm": 0.629137167379847,
        "MMstar": [
                10.921596472533267,
                10.94643808264635,
                10.969789587347073
        ],
        "MMdm": [
                10.845035946854873,
                10.908633333071684,
                10.966907457899845
        ],
        "MMbh": -Infinity,
        "MMtotal": [
                11.21167031978785,
                11.228739031353683,
                11.246119470645727
        ],
        "Mfdm": [
                0.4286251964259849,
                0.47848710102788244,
                0.5264647062799508
        ],
        "MMthetaE": 0.6491916548593238,
        "projMMstar": [
                10.941469546378958,
                10.966508888112626,
                10.990971255613378
        ],
        "projMMdm": [
                11.17572247255686,
                11.239009313023375,
                11.303601777715897
        ],
        "projMMtotal": [
                11.39284308551298,
                11.4256782651244,
                11.461479800234667
        ],
        "projMfdm": [
                0.6054023015605029,
                0.652914448827945,
                0.697072919188696
        ],
        "Dstar": 0.1128002622462403,
        "Ddm": -0.08294297296485868,
        "Dtotal": 0.009173014094035354,
        "Dfdm": -0.0913290431465043,
        "projDstar": 0.017535890445238095,
        "projDdm": 0.12335786404476655,
        "projDtotal": 0.08625659118026933,
        "projDfdm": 0.03779347760858364,
        "DthetaE": 0.021452013995315607,
        "PL_slope1": -2.1437185972809187,
        "AV_slope1": 2.1214695172270113,
        "PL_slope2": -1.9572209427233218,
        "AV_slope2": 1.9386380189519556
}