{
        "Reff": 0.3754074905418294,
        "R": 0.4991441441441441,
        "MthetaE": 0.4991441441441441,
        "Mstar": 10.173693665592959,
        "Mdm": 9.89623766523878,
        "Mbh": 8.119908332824707,
        "Mtotal": 10.357785949107477,
        "fdm": 0.3455029152173913,
        "projMstar": 10.282354000366729,
        "projMdm": 10.168549391350195,
        "projMtotal": 10.530198812693506,
        "projfdm": 0.4348611185919032,
        "MMstar": [
                10.362719864124355,
                10.389796799447574,
                10.420583255952968
        ],
        "MMdm": [
                9.41086021035489,
                9.524899772686593,
                9.623833427747572
        ],
        "MMbh": -Infinity,
        "MMtotal": [
                10.429886978112883,
                10.446807553088473,
                10.466074394834425
        ],
        "Mfdm": [
                0.09126654256795909,
                0.12052233721640933,
                0.1522569599782505
        ],
        "MMthetaE": 0.5248205904019576,
        "projMMstar": [
                10.38881809537481,
                10.416172679530876,
                10.445872819447418
        ],
        "projMMdm": [
                9.7487076194368,
                9.855237921490598,
                9.939367279934732
        ],
        "projMMtotal": [
                10.508161557871386,
                10.523052082791933,
                10.537853426388917
        ],
        "projMfdm": [
                0.16852901276189466,
                0.21750851327055132,
                0.25948686373941193
        ],
        "Dstar": 0.6447622658987353,
        "Ddm": -0.5747325848684871,
        "Dtotal": 0.22750029164730642,
        "Dfdm": -0.6511683927744102,
        "projDstar": 0.36087638889382534,
        "projDdm": -0.5139415136133118,
        "projDtotal": -0.01632129419057932,
        "projDfdm": -0.49982073822821377,
        "DthetaE": -0.05144094458293114
}