{
        "Reff": 0.3754074905418294,
        "R": 0.4991441441441441,
        "MthetaE": 0.4991441441441441,
        "Mstar": 10.173693665592959,
        "Mdm": 9.89623766523878,
        "Mbh": 8.119908332824707,
        "Mtotal": 10.357785949107477,
        "fdm": 0.3455029152173913,
        "projMstar": 10.282354000366729,
        "projMdm": 10.168549391350195,
        "projMtotal": 10.530198812693506,
        "projfdm": 0.4348611185919032,
        "MMstar": [
                10.360995519716852,
                10.389343277277561,
                10.417963438092158
        ],
        "MMdm": [
                9.41649472356146,
                9.530407074015411,
                9.62532607238083
        ],
        "MMbh": -Infinity,
        "MMtotal": [
                10.429679558501904,
                10.445706462541649,
                10.465415134436784
        ],
        "Mfdm": [
                0.09210742705236084,
                0.123171798728348,
                0.1525271882728726
        ],
        "MMthetaE": 0.5248205904019576,
        "projMMstar": [
                10.387776161356108,
                10.415688492783174,
                10.444010952019271
        ],
        "projMMdm": [
                9.759829742477823,
                9.860111106096513,
                9.940327862601846
        ],
        "projMMtotal": [
                10.50772559968211,
                10.52180864149144,
                10.537914682041677
        ],
        "projMfdm": [
                0.1715910734001535,
                0.21866473666745562,
                0.2596506515637386
        ],
        "Dstar": 0.6430455809350678,
        "Ddm": -0.569305417736942,
        "Dtotal": 0.22439208490744064,
        "Dfdm": -0.6434999726388764,
        "projDstar": 0.3593600188526402,
        "projDdm": -0.5084567747729296,
        "projDtotal": -0.01913366560298269,
        "projDfdm": -0.49716190452827713,
        "DthetaE": -0.05144094458293114
}