{
        "Reff": 0.3129603324922881,
        "R": 0.45018018018018013,
        "MthetaE": 0.45018018018018013,
        "Mstar": 10.157419078496352,
        "Mdm": 9.745693003339381,
        "Mbh": 8.01979923248291,
        "Mtotal": 10.299652689733843,
        "fdm": 0.27928030725671116,
        "projMstar": 10.210306231675538,
        "projMdm": 9.953741366541735,
        "projMtotal": 10.401730642113568,
        "projfdm": 0.3564599357065718,
        "MMstar": 10.16481508986745,
        "MMdm": 8.852775956934117,
        "MMbh": -Infinity,
        "MMtotal": 10.185486424422145,
        "Mfdm": 0.04648250583796989,
        "MMthetaE": 0.4027931353555214,
        "projMMstar": 10.198535356513167,
        "projMMdm": 9.701281690691088,
        "projMMtotal": 10.31852780654508,
        "projMfdm": 0.24140923740683634,
        "Dstar": 0.017175781737779876,
        "Ddm": -0.8720374300808594,
        "Dtotal": -0.2311639572756567,
        "Dfdm": -0.8335632530107333,
        "projDstar": -0.02673943939070262,
        "projDdm": -0.44083455644835107,
        "projDtotal": -0.17434775819347734,
        "projDfdm": -0.32275912879713387,
        "DthetaE": 0.10526239694891172
}