{
        "Reff": 0.3129603324922881,
        "R": 0.45018018018018013,
        "MthetaE": 0.45018018018018013,
        "Mstar": 10.157419078496352,
        "Mdm": 9.745693003339381,
        "Mbh": 8.01979923248291,
        "Mtotal": 10.299652689733843,
        "fdm": 0.27928030725671116,
        "projMstar": 10.210306231675538,
        "projMdm": 9.953741366541735,
        "projMtotal": 10.401730642113568,
        "projfdm": 0.3564599357065718,
        "MMstar": 10.165559590432991,
        "MMdm": 8.850220388619691,
        "MMbh": -Infinity,
        "MMtotal": 10.186078083954122,
        "Mfdm": 0.046146875861271267,
        "MMthetaE": 0.4027931353555214,
        "projMMstar": 10.19893745252461,
        "projMMdm": 9.698621303803836,
        "projMMtotal": 10.31819256589047,
        "projMfdm": 0.24012022294439286,
        "Dstar": 0.01892099713344037,
        "Ddm": -0.8727882036579523,
        "Dtotal": -0.23011582244721618,
        "Dfdm": -0.8347650204392908,
        "projDstar": -0.025837918817047188,
        "projDdm": -0.4442494038167329,
        "projDtotal": -0.17498484985892643,
        "projDfdm": -0.3263752840317703,
        "DthetaE": 0.10526239694891172
}