{
        "Reff": 0.4869602608436852,
        "R": 1.217400652109213,
        "MthetaE": 1.220225225225225,
        "Mstar": 10.871967128271251,
        "Mdm": 10.636338659573704,
        "Mbh": 8.438713073730469,
        "Mtotal": 11.070970815358658,
        "fdm": 0.36759351767167864,
        "projMstar": 10.969620351737936,
        "projMdm": 10.902219596043672,
        "projMtotal": 11.238256200195426,
        "projfdm": 0.46127869442808966,
        "MMstar": [
                10.90793910632831,
                10.93679749246686,
                10.963538601185371
        ],
        "MMdm": [
                10.300186338855777,
                10.358035040760683,
                10.403844007220671
        ],
        "MMbh": -Infinity,
        "MMtotal": [
                11.023151128944901,
                11.038218662108413,
                11.051676434307563
        ],
        "Mfdm": [
                0.17985807756360184,
                0.20962707075971426,
                0.23781682705803717
        ],
        "MMthetaE": 1.224463753867507,
        "projMMstar": [
                10.920942076102236,
                10.949443103641954,
                10.97596363744749
        ],
        "projMMdm": [
                10.7510756882803,
                10.802829740721556,
                10.851694115107856
        ],
        "projMMtotal": [
                11.17920618772505,
                11.18365938139917,
                11.18859336123903
        ],
        "projMfdm": [
                0.3731512551040114,
                0.4163343827957691,
                0.4601993013321972
        ],
        "Dstar": 0.16099503958518827,
        "Ddm": -0.4731386004593471,
        "Dtotal": -0.07264109479197164,
        "Dfdm": -0.4297313182030983,
        "projDstar": -0.04539709445388395,
        "projDdm": -0.20455502128506547,
        "projDtotal": -0.11813281753156599,
        "projDfdm": -0.09743418062705922,
        "DthetaE": -0.0034735625478481487
}