{
        "Reff": 0.35973259940631447,
        "R": 0.8993314985157862,
        "MthetaE": 0.0,
        "Mstar": 10.278276772675927,
        "Mdm": 10.21103561277337,
        "Mbh": 8.119908332824707,
        "Mtotal": 10.546986246559046,
        "fdm": 0.4613700154676134,
        "projMstar": 10.370522904662561,
        "projMdm": 10.460775180326277,
        "projMtotal": 10.719019287230033,
        "projfdm": 0.5517672164880664,
        "MMstar": [
                10.381473339267218,
                10.453474190924553,
                10.514791002883351
        ],
        "MMdm": [
                9.625971280185237,
                9.937906553454747,
                10.124391966540433
        ],
        "MMbh": -Infinity,
        "MMtotal": [
                10.541110244165626,
                10.569689901436009,
                10.598948007342608
        ],
        "Mfdm": [
                0.11550915918912032,
                0.23556235126624064,
                0.35359083999897684
        ],
        "MMthetaE": 0.0,
        "projMMstar": [
                10.395017140645422,
                10.46849134701644,
                10.528653840534425
        ],
        "projMMdm": [
                10.09269140674669,
                10.352770795517106,
                10.519769135215475
        ],
        "projMMtotal": [
                10.641136954231149,
                10.70346651180086,
                10.77695472275935
        ],
        "projMfdm": [
                0.2782312663792332,
                0.4421937796444281,
                0.5575002494306333
        ],
        "Dstar": 0.4969159580139575,
        "Ddm": -0.4668235721298824,
        "Dtotal": 0.053667670506765505,
        "Dfdm": -0.4894285641265816,
        "projDstar": 0.25305011979191466,
        "projDdm": -0.2201777629107846,
        "projDtotal": -0.03517794041461925,
        "projDfdm": -0.19858634867990232,
        "DthetaE": 0,
        "PL_slope1": -3.249876961358477,
        "AV_slope1": 3.1585143161682154,
        "PL_slope2": -2.2984335921155012,
        "AV_slope2": 2.2805326255941276
}