{
        "Reff": 0.1711945002191585,
        "R": 0.42798625054789624,
        "MthetaE": 0.5568018018018017,
        "Mstar": 10.272768103513672,
        "Mdm": 9.918860506492777,
        "Mbh": 8.217829704284668,
        "Mtotal": 10.43193888232478,
        "fdm": 0.30684681811046544,
        "projMstar": 10.299456228808682,
        "projMdm": 10.106476541384401,
        "projMtotal": 10.514628207353143,
        "projfdm": 0.3907044286802383,
        "MMstar": -Infinity,
        "MMdm": -Infinity,
        "MMbh": -Infinity,
        "MMtotal": -Infinity,
        "Mfdm": 0.0,
        "MMthetaE": 0.5762987595061156,
        "projMMstar": 10.143807666450346,
        "projMMdm": 10.191281511955914,
        "projMMtotal": 10.46922294815457,
        "projMfdm": 0.5273009621806548,
        "Dstar": -1.0,
        "Ddm": -1.0,
        "Dtotal": -1.0,
        "Dfdm": -1.0,
        "projDstar": -0.301202347062621,
        "projDdm": 0.21563996835640942,
        "projDtotal": -0.09926976549905718,
        "projDfdm": 0.3496160357378757,
        "DthetaE": -0.03501597451951858
}