{
        "Reff": 0.9365583424776649,
        "R": 0.533108108108108,
        "MthetaE": 0.533108108108108,
        "Mstar": 10.31006509796883,
        "Mdm": 9.833454064524009,
        "Mbh": 8.183881759643555,
        "Mtotal": 10.435131446102673,
        "fdm": 0.25022034492304296,
        "projMstar": 10.391067736586477,
        "projMdm": 10.102557322907726,
        "projMtotal": 10.571372417928766,
        "projfdm": 0.33976990204554613,
        "MMstar": 10.28082061395176,
        "MMdm": 9.833462248353936,
        "MMbh": -Infinity,
        "MMtotal": 10.413393468644315,
        "Mfdm": 0.2630684583407332,
        "MMthetaE": 0.6854669924529392,
        "projMMstar": 10.312631048251228,
        "projMMdm": 10.111188508054147,
        "projMMtotal": 10.52451615348738,
        "projMfdm": 0.386075599565745,
        "Dstar": -0.0651207598458449,
        "Ddm": 1.884414234153042e-05,
        "Dtotal": -0.048821505667770465,
        "Dfdm": 0.05134719729381635,
        "projDstar": -0.16523676839491683,
        "projDdm": 0.020072841776796756,
        "projDtotal": -0.10227414029877549,
        "projDfdm": 0.13628546037015246,
        "DthetaE": -0.2857935980105831
}