{
        "Reff": 0.36422601544214994,
        "R": 0.41400930611243,
        "thetaE": 0.41400930611243,
        "Mstar": 10.10003947979649,
        "Mdm": 9.67480578499775,
        "Mbh": 8.177248001098633,
        "Mtotal": 10.23854276613587,
        "fdm": 0.27306310159349895,
        "MMstar": 10.005495569480166,
        "MMdm": 9.576656853069604,
        "MMbh": -Infinity,
        "MMtotal": 10.143017423736048,
        "Mfdm": 0.2714184895662226,
        "Dstar": -0.19562958323202528,
        "Ddm": -0.20227892088666538,
        "Dtotal": -0.19744527199554382,
        "Dfdm": -0.006022827755485702
}