{
        "Reff": 0.9842781252851374,
        "R": 1.2083783783783781,
        "MthetaE": 1.2083783783783781,
        "Mstar": 10.895234730204656,
        "Mdm": 10.600000777609383,
        "Mbh": 8.475809097290039,
        "Mtotal": 11.073266611131011,
        "fdm": 0.3363056522233072,
        "projMstar": 10.999048452312893,
        "projMdm": 10.872514045276716,
        "projMtotal": 11.241403360007325,
        "projfdm": 0.42767186967863274,
        "MMstar": 11.044733567424242,
        "MMdm": 10.021846620515808,
        "MMbh": -Infinity,
        "MMtotal": 11.084094750308994,
        "Mfdm": 0.08664666872662265,
        "MMthetaE": 1.2111171673943844,
        "projMMstar": 11.074909087835284,
        "projMMdm": 10.360194525862406,
        "projMMtotal": 11.151505560562995,
        "projMfdm": 0.1616921609701079,
        "Dstar": 0.4109084588855334,
        "Ddm": -0.7358529025182438,
        "Dtotal": 0.02524613129414839,
        "Dfdm": -0.7423573818822136,
        "projDstar": 0.19085980150014295,
        "projDdm": -0.69261655008593,
        "projDtotal": -0.18697818159953006,
        "projDfdm": -0.6219247221202345,
        "DthetaE": -0.002266499521186088
}