{
        "Reff": 0.42908660556761336,
        "R": 1.0727165139190333,
        "MthetaE": 0.0,
        "Mstar": 10.461117961783712,
        "Mdm": 10.349554243016174,
        "Mbh": 8.356976509094238,
        "Mtotal": 10.709938671266638,
        "fdm": 0.43612960866123895,
        "projMstar": 10.519494782578215,
        "projMdm": 10.555121281507747,
        "projMtotal": 10.838703244095537,
        "projfdm": 0.5204967683454941,
        "MMstar": 10.324871196097243,
        "MMdm": 10.186792288073091,
        "MMbh": -Infinity,
        "MMtotal": 10.562326353375889,
        "Mfdm": 0.4211782489700411,
        "MMthetaE": 0.0,
        "projMMstar": 10.350945522129285,
        "projMMdm": 10.792933020070334,
        "projMMtotal": 10.926925231490149,
        "projMfdm": 0.734527040950453,
        "Dstar": -0.2692762310043804,
        "Ddm": -0.3125548614914557,
        "Dtotal": -0.28815132318210285,
        "Dfdm": -0.0342819184808231,
        "projDstar": -0.3216548260998768,
        "projDdm": 0.729066667119854,
        "projDtotal": 0.22524231555214497,
        "projDfdm": 0.4112038452905252,
        "DthetaE": 0,
        "PL_slope1": -2.2773109150372233,
        "AV_slope1": 2.2452389935369284,
        "PL_slope2": -1.66026747669847,
        "AV_slope2": 1.6593601884599363
}