{
        "Reff": 0.42908660556761336,
        "R": 1.0727165139190333,
        "MthetaE": 0.0,
        "Mstar": 10.461117961783712,
        "Mdm": 10.349554243016174,
        "Mbh": 8.356976509094238,
        "Mtotal": 10.709938671266638,
        "fdm": 0.43612960866123895,
        "projMstar": 10.519494782578215,
        "projMdm": 10.555121281507747,
        "projMtotal": 10.838703244095537,
        "projfdm": 0.5204967683454941,
        "MMstar": 10.328407558702157,
        "MMdm": 10.191115675149073,
        "MMbh": -Infinity,
        "MMtotal": 10.566194367435255,
        "Mfdm": 0.4216201007638658,
        "MMthetaE": 0.0,
        "projMMstar": 10.35447349740547,
        "projMMdm": 10.800753448839984,
        "projMMtotal": 10.933610259954698,
        "projMfdm": 0.7364498683751278,
        "Dstar": -0.2633018200353239,
        "Ddm": -0.3056771913865758,
        "Dtotal": -0.2817829741596201,
        "Dfdm": -0.033268798103188,
        "projDstar": -0.3161218710372139,
        "projDdm": 0.7604843443762965,
        "projDtotal": 0.2442481848661913,
        "projDfdm": 0.41489806116584554,
        "DthetaE": 0,
        "PL_slope1": -2.2721636534177185,
        "AV_slope1": 2.2433808978728225,
        "PL_slope2": -1.6541365225017648,
        "AV_slope2": 1.649241434520608
}