{
        "Reff": 0.9365665652080015,
        "R": 0.46202702702702697,
        "MthetaE": 0.46202702702702697,
        "Mstar": 10.249161196740573,
        "Mdm": 9.727404978743365,
        "Mbh": 8.274933815002441,
        "Mtotal": 10.36336385144635,
        "fdm": 0.23122837510002717,
        "projMstar": 10.357000467888106,
        "projMdm": 9.994571718724659,
        "projMtotal": 10.513574293257767,
        "projfdm": 0.30268954843648216,
        "MMstar": [
                10.282057246873144,
                10.3077567320339,
                10.334020853018329
        ],
        "MMdm": [
                9.357246700642118,
                9.509085325853109,
                9.624820295277805
        ],
        "MMbh": -Infinity,
        "MMtotal": [
                10.363130573432839,
                10.373526312253615,
                10.38244918994644
        ],
        "Mfdm": [
                0.09560406714480178,
                0.13745827886556852,
                0.1797562652724736
        ],
        "MMthetaE": 0.0,
        "projMMstar": [
                10.319902707240995,
                10.345544492684663,
                10.371601030101239
        ],
        "projMMdm": [
                9.671773518395044,
                9.798036801390147,
                9.89136929601965
        ],
        "projMMtotal": [
                10.445661577703584,
                10.45491629116644,
                10.46213511111744
        ],
        "projMfdm": [
                0.16647363273976382,
                0.22057890880320544,
                0.27154340609208066
        ],
        "Dstar": 0.14444660536708265,
        "Ddm": -0.3951045091397567,
        "Dtotal": 0.023675857158972843,
        "Dfdm": -0.4055302304221729,
        "projDstar": -0.02603348787172778,
        "projDdm": -0.36398833264167996,
        "projDtotal": -0.12634091399556313,
        "projDfdm": -0.27127015140566446,
        "DthetaE": 1.0
}