{
        "Reff": 0.3465146838858552,
        "R": 1.0543693693693692,
        "MthetaE": 1.0543693693693692,
        "Mstar": 11.051047526846789,
        "Mdm": 10.793390939483194,
        "Mbh": 8.772610664367676,
        "Mtotal": 11.242083096745356,
        "fdm": 0.355883491538148,
        "projMstar": 11.083819296434118,
        "projMdm": 11.030129712404289,
        "projMtotal": 11.35883364304146,
        "projfdm": 0.4691330928669549,
        "MMstar": [
                -Infinity,
                -Infinity,
                -Infinity
        ],
        "MMdm": [
                -Infinity,
                -Infinity,
                -Infinity
        ],
        "MMbh": -Infinity,
        "MMtotal": [
                -Infinity,
                -Infinity,
                -Infinity
        ],
        "Mfdm": [
                0.0,
                0.0,
                0.0
        ],
        "MMthetaE": 1.0800468438250006,
        "projMMstar": [
                11.188295813397824,
                11.211603388707637,
                11.229543370777717
        ],
        "projMMdm": [
                10.703301131581231,
                10.76201603262014,
                10.830072830139866
        ],
        "projMMtotal": [
                11.342752551757822,
                11.345202182050443,
                11.346210323003026
        ],
        "projMfdm": [
                0.22949031696405398,
                0.2620909360811747,
                0.3047520676930805
        ],
        "Dstar": -1.0,
        "Ddm": -1.0,
        "Dtotal": -1.0,
        "Dfdm": -1.0,
        "projDstar": 0.3420975769334499,
        "projDdm": -0.46063057988874767,
        "projDtotal": -0.03090012174997605,
        "projDfdm": -0.4413292516213452,
        "DthetaE": -0.024353395689965272
}