{
        "Reff": 0.6860226179383073,
        "R": 1.7150565448457682,
        "MthetaE": 1.0899099099099099,
        "Mstar": 10.84301596834364,
        "Mdm": 10.743585617454288,
        "Mbh": 8.453516006469727,
        "Mtotal": 11.097170128597762,
        "fdm": 0.4430119985802378,
        "projMstar": 10.942653613166152,
        "projMdm": 11.01637535019762,
        "projMtotal": 11.282106891190807,
        "projfdm": 0.5423360316663773,
        "MMstar": 10.876040546935679,
        "MMdm": 10.738872109936684,
        "MMbh": -Infinity,
        "MMtotal": 11.113879407495784,
        "Mfdm": 0.4216894176160088,
        "MMthetaE": 1.0875756874765057,
        "projMMstar": 10.88979595333651,
        "projMMdm": 10.981454906581044,
        "projMMtotal": 11.23906905783672,
        "projMfdm": 0.5525681501962164,
        "Dstar": 0.0790077861918405,
        "Ddm": -0.01079456810079991,
        "Dtotal": 0.03922426573944734,
        "Dfdm": -0.048130933321362604,
        "projDstar": -0.11459424566947533,
        "projDdm": -0.07725955580210063,
        "projDtotal": -0.0943462981233085,
        "projDfdm": 0.018866750376883405,
        "DthetaE": 0.0021416654827894365
}