{
        "Reff": 0.5148342648334497,
        "R": 0.5804954954954954,
        "MthetaE": 0.5804954954954954,
        "Mstar": 10.332992349204273,
        "Mdm": 9.915833221302163,
        "Mbh": 8.260486602783203,
        "Mtotal": 10.473715443571665,
        "fdm": 0.2767692123056929,
        "projMstar": 10.40732278043186,
        "projMdm": 10.179791668756826,
        "projMtotal": 10.609320580506106,
        "projfdm": 0.3719384597388031,
        "MMstar": [
                -Infinity,
                -Infinity,
                -Infinity
        ],
        "MMdm": [
                -Infinity,
                -Infinity,
                -Infinity
        ],
        "MMbh": -Infinity,
        "MMtotal": [
                -Infinity,
                -Infinity,
                -Infinity
        ],
        "Mfdm": [
                0.0,
                0.0,
                0.0
        ],
        "MMthetaE": 0.9000390365208338,
        "projMMstar": [
                10.26140924732611,
                10.284556484598351,
                10.30425020602681
        ],
        "projMMdm": [
                10.136013305305799,
                10.175875480021837,
                10.217012679241625
        ],
        "projMMtotal": [
                10.52944699684442,
                10.534944041738864,
                10.541154729793565
        ],
        "projMfdm": [
                0.40431889606738686,
                0.43788862660869154,
                0.47419186638516037
        ],
        "Dstar": -1.0,
        "Ddm": -1.0,
        "Dtotal": -1.0,
        "Dfdm": -1.0,
        "projDstar": -0.2462389286635132,
        "projDdm": -0.00897682336102058,
        "projDtotal": -0.15739610717624783,
        "projDfdm": 0.17731472813056906,
        "DthetaE": -0.5504668744286889
}