{
        "Reff": 0.23513420348217307,
        "R": 0.29617117117117114,
        "MthetaE": 0.29617117117117114,
        "Mstar": 9.876642141429853,
        "Mdm": 9.343449316493516,
        "Mbh": 7.900820732116699,
        "Mtotal": 9.988226969854768,
        "fdm": 0.22658040390447187,
        "projMstar": 10.002798214419613,
        "projMdm": 9.58959111729185,
        "projMtotal": 10.14461871342537,
        "projfdm": 0.2785944137301345,
        "MMstar": [
                9.973599941641128,
                9.987720549950565,
                10.00328280907343
        ],
        "MMdm": [
                8.292823173332556,
                8.370120050605001,
                8.463302152107918
        ],
        "MMbh": -Infinity,
        "MMtotal": [
                9.986248887738183,
                9.998414391439221,
                10.012322834731341
        ],
        "Mfdm": [
                0.019457274804231258,
                0.023573650271905423,
                0.02952122014708953
        ],
        "MMthetaE": 0.3247669375126507,
        "projMMstar": [
                10.002306503514605,
                10.016621657444635,
                10.031650290705315
        ],
        "projMMdm": [
                9.300867076188714,
                9.371968904707225,
                9.427769173653727
        ],
        "projMMtotal": [
                10.10310713705593,
                10.1060292242848,
                10.110013476274101
        ],
        "projMfdm": [
                0.15733574070644188,
                0.18615638011364066,
                0.20936214181071805
        ],
        "Dstar": 0.2914524143445633,
        "Ddm": -0.8936663469584663,
        "Dtotal": 0.023734693916853185,
        "Dfdm": -0.8959590067557464,
        "projDstar": 0.03234163489617717,
        "projDdm": -0.3941323175838804,
        "projDtotal": -0.08502229712058818,
        "projDfdm": -0.3318014614106211,
        "DthetaE": -0.0965514848335887
}