{
        "Reff": 0.33542414752571365,
        "R": 0.48572072072072064,
        "MthetaE": 0.48572072072072064,
        "Mstar": 10.193931422797494,
        "Mdm": 9.704516155365626,
        "Mbh": [
                7.912351131439209,
                6.072244644165039
        ],
        "Mtotal": 10.315829128814833,
        "fdm": 0.2447298965108559,
        "projMstar": 10.263860798608103,
        "projMdm": 9.965676135596594,
        "projMtotal": 10.440902574668815,
        "projfdm": 0.3347908352976755,
        "MMstar": [
                -Infinity,
                -Infinity,
                -Infinity
        ],
        "MMdm": [
                -Infinity,
                -Infinity,
                -Infinity
        ],
        "MMbh": -Infinity,
        "MMtotal": [
                -Infinity,
                -Infinity,
                -Infinity
        ],
        "Mfdm": [
                0.0,
                0.0,
                0.0
        ],
        "MMthetaE": 0.5249657346094901,
        "projMMstar": [
                10.23218921440393,
                10.248810238137,
                10.255256135586425
        ],
        "projMMdm": [
                9.934773011969634,
                9.949337452835888,
                9.98423099662329
        ],
        "projMMtotal": [
                10.424841179401247,
                10.425453122585674,
                10.426685574886244
        ],
        "projMfdm": [
                0.32344858368211676,
                0.33406665164499116,
                0.36106042838344654
        ],
        "Dstar": -1.0,
        "Ddm": -1.0,
        "Dtotal": -1.0,
        "Dfdm": -1.0,
        "projDstar": -0.034061581901338775,
        "projDdm": -0.03692232146056448,
        "projDtotal": -0.034948371522729414,
        "projDfdm": -0.0021630928219419166,
        "DthetaE": -0.0807974875573294
}