{
        "Reff": 0.9842781252851374,
        "R": 1.2083783783783781,
        "MthetaE": 1.2083783783783781,
        "Mstar": 10.895234730204656,
        "Mdm": 10.600000777609383,
        "Mbh": 8.475809097290039,
        "Mtotal": 11.073266611131011,
        "fdm": 0.3363056522233072,
        "projMstar": 10.999048452312893,
        "projMdm": 10.872514045276716,
        "projMtotal": 11.241403360007325,
        "projfdm": 0.42767186967863274,
        "MMstar": [
                10.991207138965919,
                11.028829363128935,
                11.056310260320558
        ],
        "MMdm": [
                9.925924678576731,
                10.139552265812991,
                10.328558364750766
        ],
        "MMbh": -Infinity,
        "MMtotal": [
                11.073203795439559,
                11.08245317130396,
                11.088157709007437
        ],
        "Mfdm": [
                0.06878116906755624,
                0.1139166161222311,
                0.17808404548846665
        ],
        "MMthetaE": 1.224463753867507,
        "projMMstar": [
                11.020079535133002,
                11.057709213073137,
                11.085485203814565
        ],
        "projMMdm": [
                10.201680553469616,
                10.419522879177913,
                10.594324970844678
        ],
        "projMMtotal": [
                11.138837784952559,
                11.147935291966556,
                11.158176501582899
        ],
        "projMfdm": [
                0.11566686337374768,
                0.18665913676470589,
                0.2729019448548157
        ],
        "Dstar": 0.3601745135131177,
        "Ddm": -0.6536210525337554,
        "Dtotal": 0.02137814357993591,
        "Dfdm": -0.6612705871306904,
        "projDstar": 0.1446184994921642,
        "projDdm": -0.6476219613759572,
        "projDtotal": -0.19363451195298914,
        "projDfdm": -0.5635459098467993,
        "DthetaE": -0.013311538651258465
}