{
        "Reff": 0.3129603324922881,
        "R": 0.7824008312307202,
        "MthetaE": 0.45018018018018013,
        "Mstar": 10.273399770015239,
        "Mdm": 10.022244869721614,
        "Mbh": 8.01979923248291,
        "Mtotal": 10.466760355017644,
        "fdm": 0.35932258444479737,
        "projMstar": 10.311296349477995,
        "projMdm": 10.185498404817997,
        "projMtotal": 10.553966374268237,
        "projfdm": 0.4280869911502228,
        "MMstar": 10.270524967941107,
        "MMdm": 9.39649761781729,
        "MMbh": -Infinity,
        "MMtotal": 10.325004394951122,
        "Mfdm": 0.11789441257628287,
        "MMthetaE": 0.4027931353555214,
        "projMMstar": 10.296213248859237,
        "projMMdm": 10.213690661141486,
        "projMMtotal": 10.55793907807761,
        "projMfdm": 0.4526385960509368,
        "Dstar": -0.00659761592884956,
        "Ddm": -0.7632702998031579,
        "Dtotal": -0.27848720027734714,
        "Dfdm": -0.6718981280888706,
        "projDstar": -0.03413395353522909,
        "projDdm": 0.06706839350812345,
        "projDtotal": 0.009189454707900403,
        "projDfdm": 0.057351906057099604,
        "DthetaE": 0.10526239694891172,
        "PL_slope1": -2.7557360128161643,
        "AV_slope1": 2.779150585113978,
        "PL_slope2": -2.5610010730828288,
        "AV_slope2": 2.5443652326501156
}