{
        "Reff": 0.3129603324922881,
        "R": 0.7824008312307202,
        "MthetaE": 0.45018018018018013,
        "Mstar": 10.273399770015239,
        "Mdm": 10.022244869721614,
        "Mbh": 8.01979923248291,
        "Mtotal": 10.466760355017644,
        "fdm": 0.35932258444479737,
        "projMstar": 10.311296349477995,
        "projMdm": 10.185498404817997,
        "projMtotal": 10.553966374268237,
        "projfdm": 0.4280869911502228,
        "MMstar": 10.270862573640699,
        "MMdm": 9.39912342317976,
        "MMbh": -Infinity,
        "MMtotal": 10.325612394331943,
        "Mfdm": 0.11844344451628423,
        "MMthetaE": 0.4027931353555214,
        "projMMstar": 10.29668647594344,
        "projMMdm": 10.214131131282436,
        "projMMtotal": 10.558397478411074,
        "projMfdm": 0.45261990889286335,
        "Dstar": -0.005825078605818481,
        "Ddm": -0.7618346631693668,
        "Dtotal": -0.27747639639623023,
        "Dfdm": -0.6703701641818712,
        "projDstar": -0.0330809282108062,
        "projDdm": 0.06815118459469664,
        "projDtotal": 0.010255222367881503,
        "projDfdm": 0.05730825334524482,
        "DthetaE": 0.10526239694891172,
        "PL_slope1": -2.7445903037474286,
        "AV_slope1": 2.7748369396912325,
        "PL_slope2": -2.553913034375412,
        "AV_slope2": 2.542901007206185
}