{
        "Reff": 1.1035545250518053,
        "R": 0.6634234234234233,
        "MthetaE": 0.6634234234234233,
        "Mstar": 10.522028515683154,
        "Mdm": 10.064407877741875,
        "Mbh": 8.336731910705566,
        "Mtotal": 10.6519251077602,
        "fdm": 0.25851322760668544,
        "projMstar": 10.610449633395211,
        "projMdm": 10.389287224511984,
        "projMtotal": 10.814827120951854,
        "projfdm": 0.37537046949957625,
        "MMstar": [
                10.473048898486685,
                10.51211203799407,
                10.5432613247418
        ],
        "MMdm": [
                9.683621337275063,
                9.77418410589274,
                9.868406588954482
        ],
        "MMbh": -Infinity,
        "MMtotal": [
                10.567995360620285,
                10.58516557139744,
                10.60127330580649
        ],
        "Mfdm": [
                0.12299207749434105,
                0.15510874628670399,
                0.19925728531440304
        ],
        "MMthetaE": 0.6553516178469189,
        "projMMstar": [
                10.526236016218732,
                10.563839292344234,
                10.595585380099502
        ],
        "projMMdm": [
                10.224825531964562,
                10.311131468379255,
                10.387758877929222
        ],
        "projMMtotal": [
                10.749615298326908,
                10.756038185687679,
                10.762775917898514
        ],
        "projMfdm": [
                0.2989540642822579,
                0.358449692523625,
                0.42076261485973887
        ],
        "Dstar": -0.02257482141754362,
        "Ddm": -0.48740280167948796,
        "Dtotal": -0.14248749181527404,
        "Dfdm": -0.39999686777075116,
        "projDstar": -0.10176565051789778,
        "projDdm": -0.16469661016414713,
        "projDtotal": -0.12660426920510445,
        "projDfdm": -0.04507753899370162,
        "DthetaE": 0.012166898682672369
}