{
        "Reff": 0.41926087573428844,
        "R": 0.37909909909909906,
        "MthetaE": 0.37909909909909906,
        "Mstar": 10.136938839434904,
        "Mdm": 9.556086234548895,
        "Mbh": 8.278263092041016,
        "Mtotal": 10.23817398702835,
        "fdm": 0.20792765111354303,
        "projMstar": 10.290529101756526,
        "projMdm": 9.899801459426145,
        "projMtotal": 10.438730064546228,
        "projfdm": 0.28911551283478226,
        "MMstar": [
                10.210434171193128,
                10.23396570352095,
                10.25769360769756
        ],
        "MMdm": [
                8.954279945728187,
                9.04046010993043,
                9.121907251775808
        ],
        "MMbh": -Infinity,
        "MMtotal": [
                10.24136943417692,
                10.261278991210775,
                10.279989521678758
        ],
        "Mfdm": [
                0.04802699523893344,
                0.06061079120983366,
                0.07352319587827809
        ],
        "MMthetaE": 0.38191770523089374,
        "projMMstar": [
                10.238968157559654,
                10.261637850712662,
                10.285885880439121
        ],
        "projMMdm": [
                9.6838011272844,
                9.761892127798776,
                9.825795974088646
        ],
        "projMMtotal": [
                10.37012852130312,
                10.382667903705508,
                10.392300905431545
        ],
        "projMfdm": [
                0.2023428209038489,
                0.2400121196173735,
                0.27658394475500186
        ],
        "Dstar": 0.25033636968755457,
        "Ddm": -0.6949480009155348,
        "Dtotal": 0.05464185799935648,
        "Dfdm": -0.7085005727461618,
        "projDstar": -0.06436006745863554,
        "projDdm": -0.2720682398160147,
        "projDtotal": -0.12110328920796065,
        "projDfdm": -0.16984005021366438,
        "DthetaE": -0.007435011421796824
}