{
        "Reff": 0.41926087573428844,
        "R": 0.37909909909909906,
        "MthetaE": 0.37909909909909906,
        "Mstar": 10.136938839434904,
        "Mdm": 9.556086234548895,
        "Mbh": 8.278263092041016,
        "Mtotal": 10.23817398702835,
        "fdm": 0.20792765111354303,
        "projMstar": 10.290529101756526,
        "projMdm": 9.899801459426145,
        "projMtotal": 10.438730064546228,
        "projfdm": 0.28911551283478226,
        "MMstar": [
                10.211706242763965,
                10.235413565947683,
                10.25867952842824
        ],
        "MMdm": [
                8.949987257539476,
                9.03308049036508,
                9.123350583616562
        ],
        "MMbh": -Infinity,
        "MMtotal": [
                10.242768660706005,
                10.262729074841463,
                10.28112275564955
        ],
        "Mfdm": [
                0.04762991312117058,
                0.05898475523655694,
                0.07345427227312482
        ],
        "MMthetaE": 0.38191770523089374,
        "projMMstar": [
                10.240141817428459,
                10.263892972201493,
                10.286751330834802
        ],
        "projMMdm": [
                9.682452859682552,
                9.761532875708516,
                9.826263720330365
        ],
        "projMMtotal": [
                10.37109547254396,
                10.38370353541645,
                10.392422754483592
        ],
        "projMfdm": [
                0.20109040231825365,
                0.23842193855551408,
                0.27675230615083357
        ],
        "Dstar": 0.2545117302328166,
        "Ddm": -0.7000877149089159,
        "Dtotal": 0.0581691302882767,
        "Dfdm": -0.7163207734966085,
        "projDstar": -0.05948901922918407,
        "projDdm": -0.27267014217733315,
        "projDtotal": -0.11900494472854765,
        "projDfdm": -0.17534020842471187,
        "DthetaE": -0.007435011421796824
}