{
        "Reff": 1.1965155934630276,
        "R": 0.713063063063063,
        "MthetaE": 0.713063063063063,
        "Mstar": 10.53950053365949,
        "Mdm": 10.109947843787914,
        "Mbh": 8.336731910705566,
        "Mtotal": 10.676828718343861,
        "fdm": 0.27109351298577966,
        "projMstar": 10.629730447342801,
        "projMdm": 10.433150956850938,
        "projMtotal": 10.843499516295786,
        "projfdm": 0.388733027382011,
        "MMstar": [
                10.665039589491052,
                10.6696971874318,
                10.675129570445474
        ],
        "MMdm": [
                8.063647483672035,
                8.515085302616136,
                8.666945298985766
        ],
        "MMbh": -Infinity,
        "MMtotal": [
                10.668984922367711,
                10.672560735464971,
                10.677208231392093
        ],
        "Mfdm": [
                0.002458889183240412,
                0.006965140421404633,
                0.009961655000298273
        ],
        "MMthetaE": 0.6490468919974811,
        "projMMstar": [
                10.728139024795109,
                10.731834624031922,
                10.736478564135904
        ],
        "projMMdm": [
                8.643914244857532,
                9.07625829412256,
                9.24443607731771
        ],
        "projMMtotal": [
                10.739368660820043,
                10.741374970993315,
                10.743414789918962
        ],
        "projMfdm": [
                0.008026964786487506,
                0.021702348398977327,
                0.03187782379994399
        ],
        "Dstar": 0.34957384754831367,
        "Ddm": -0.974582229222417,
        "Dtotal": -0.009779262716678783,
        "Dfdm": -0.9743072405359623,
        "projDstar": 0.2650397633665409,
        "projDdm": -0.9560349737018959,
        "projDtotal": -0.20954808726861388,
        "projDfdm": -0.9441715859721632,
        "DthetaE": 0.0897763106541957
}