{
        "Reff": 1.1965155934630276,
        "R": 0.713063063063063,
        "MthetaE": 0.713063063063063,
        "Mstar": 10.53950053365949,
        "Mdm": 10.109947843787914,
        "Mbh": 8.336731910705566,
        "Mtotal": 10.676828718343861,
        "fdm": 0.27109351298577966,
        "projMstar": 10.629730447342801,
        "projMdm": 10.433150956850938,
        "projMtotal": 10.843499516295786,
        "projfdm": 0.388733027382011,
        "MMstar": [
                10.665420251063459,
                10.669797009707022,
                10.675580934244921
        ],
        "MMdm": [
                8.131528209136992,
                8.500003171126913,
                8.656795831752673
        ],
        "MMbh": -Infinity,
        "MMtotal": [
                10.669235952490235,
                10.672419897532897,
                10.677550190335634
        ],
        "Mfdm": [
                0.0028312819561651,
                0.006710601541159608,
                0.009633524259177729
        ],
        "MMthetaE": 0.6490468919974811,
        "projMMstar": [
                10.728282483606845,
                10.73210430095381,
                10.73613929620838
        ],
        "projMMdm": [
                8.710992815833867,
                9.069646638690905,
                9.229367840236733
        ],
        "projMMtotal": [
                10.739565284516678,
                10.74154741785289,
                10.743315064565683
        ],
        "projMfdm": [
                0.009328711962497004,
                0.021338619297297412,
                0.03082475579288126
        ],
        "Dstar": 0.3498840817815557,
        "Ddm": -0.975449783445282,
        "Dtotal": -0.010100330646968024,
        "Dfdm": -0.9752461744021459,
        "projDstar": 0.26582553888400384,
        "projDdm": -0.9566992237649667,
        "projDtotal": -0.2092341573846367,
        "projDfdm": -0.9451072643839759,
        "DthetaE": 0.0897763106541957
}