{
        "Reff": 0.9094395894549946,
        "R": 0.45018018018018013,
        "MthetaE": 0.45018018018018013,
        "Mstar": 10.188291312145626,
        "Mdm": 9.669608105376728,
        "Mbh": 8.278263092041016,
        "Mtotal": 10.30320646934083,
        "fdm": 0.23248858595902655,
        "projMstar": 10.326511929628978,
        "projMdm": 10.003439814762785,
        "projMtotal": 10.495379408395333,
        "projfdm": 0.32215168434816444,
        "MMstar": -Infinity,
        "MMdm": -Infinity,
        "MMbh": -Infinity,
        "MMtotal": -Infinity,
        "Mfdm": 0.0,
        "MMthetaE": 0.6040185929502934,
        "projMMstar": 10.336335313709345,
        "projMMdm": 9.806632934718218,
        "projMMtotal": 10.448713470404533,
        "projMfdm": 0.2279919243955046,
        "Dstar": -1.0,
        "Ddm": -1.0,
        "Dtotal": -1.0,
        "Dfdm": -1.0,
        "projDstar": 0.022876931067895002,
        "projDdm": -0.36438648945999824,
        "projDtotal": -0.10188063214159729,
        "projDfdm": -0.2922839287436317,
        "DthetaE": -0.34172631213693355
}