{
        "Reff": 0.23513420348217307,
        "R": 0.29617117117117114,
        "MthetaE": 0.29617117117117114,
        "Mstar": 9.876642141429853,
        "Mdm": 9.343449316493516,
        "Mbh": 7.900820732116699,
        "Mtotal": 9.988226969854768,
        "fdm": 0.22658040390447187,
        "projMstar": 10.002798214419613,
        "projMdm": 9.58959111729185,
        "projMtotal": 10.14461871342537,
        "projfdm": 0.2785944137301345,
        "MMstar": [
                -Infinity,
                -Infinity,
                -Infinity
        ],
        "MMdm": [
                -Infinity,
                -Infinity,
                -Infinity
        ],
        "MMbh": -Infinity,
        "MMtotal": [
                -Infinity,
                -Infinity,
                -Infinity
        ],
        "Mfdm": [
                0.0,
                0.0,
                0.0
        ],
        "MMthetaE": 0.3247669375126507,
        "projMMstar": [
                10.086074151550013,
                10.0879989097667,
                10.08833696239748
        ],
        "projMMdm": [
                5.999844010290331,
                6.730968138274834,
                7.381196916597539
        ],
        "projMMtotal": [
                10.086584306335357,
                10.088272036900129,
                10.088567100244623
        ],
        "projMfdm": [
                8.15451988189193e-05,
                0.0004394425627684364,
                0.001962546429669573
        ],
        "Dstar": -1.0,
        "Ddm": -1.0,
        "Dtotal": -1.0,
        "Dfdm": -1.0,
        "projDstar": 0.21674815210797216,
        "projDdm": -0.9986152319938731,
        "projDtotal": -0.12167888484128588,
        "projDfdm": -0.998422644026186,
        "DthetaE": -0.0965514848335887
}