{
        "Reff": 0.9662426539989696,
        "R": 2.415606634997424,
        "MthetaE": 0.45018018018018013,
        "Mstar": 10.5918964286169,
        "Mdm": 10.646142705336276,
        "Mbh": 8.30414867401123,
        "Mtotal": 10.920895977836436,
        "fdm": 0.5311861312447683,
        "projMstar": 10.67843889325413,
        "projMdm": 10.847396843209468,
        "projMtotal": 11.07211299151808,
        "projfdm": 0.5960515911979375,
        "MMstar": [
                10.543200840297422,
                10.571062246280716,
                10.597703501341014
        ],
        "MMdm": [
                10.681650892067895,
                10.722779676974133,
                10.767294751789047
        ],
        "MMbh": -Infinity,
        "MMtotal": [
                10.940007328758128,
                10.954470715323763,
                10.970708583889666
        ],
        "Mfdm": [
                0.5492293862926225,
                0.5871302941640693,
                0.6257798821121737
        ],
        "MMthetaE": 0.5475522655640054,
        "projMMstar": [
                10.562604756996185,
                10.591150588860387,
                10.618079221510449
        ],
        "projMMdm": [
                10.939009720224188,
                10.978929013883338,
                11.016529859497538
        ],
        "projMMtotal": [
                11.102599361760252,
                11.127401950752072,
                11.15277781029897
        ],
        "projMfdm": [
                0.6830633977821996,
                0.7093016295137116,
                0.7356169798837556
        ],
        "Dstar": -0.04683998010080239,
        "Ddm": 0.1929904624203853,
        "Dtotal": 0.08037552608748569,
        "Dfdm": 0.10531932147438183,
        "projDstar": -0.1820783656442671,
        "projDdm": 0.3537303655009474,
        "projDtotal": 0.13576625006604434,
        "projDfdm": 0.19000039591902687,
        "DthetaE": -0.21629580703631385,
        "PL_slope1": -2.411580660190762,
        "AV_slope1": 2.455097498940728,
        "PL_slope2": -1.7254945061820604,
        "AV_slope2": 1.7367186378493336
}