{
        "Reff": 0.9365583424776649,
        "R": 2.341395856194162,
        "MthetaE": 0.533108108108108,
        "Mstar": 10.604333704610394,
        "Mdm": 10.634934192831413,
        "Mbh": 8.183881759643555,
        "Mtotal": 10.920933403323664,
        "fdm": 0.5176077729134222,
        "projMstar": 10.682572097391489,
        "projMdm": 10.838119149014558,
        "projMtotal": 11.068302560459982,
        "projfdm": 0.5885950271362097,
        "MMstar": [
                10.536960454626469,
                10.558801913818678,
                10.57646924767913
        ],
        "MMdm": [
                10.699536246769712,
                10.744443071639548,
                10.785927554972464
        ],
        "MMbh": -Infinity,
        "MMtotal": [
                10.942845694870165,
                10.962843759708909,
                10.980949383328339
        ],
        "Mfdm": [
                0.5706305009785217,
                0.605128846954386,
                0.6392210758631068
        ],
        "MMthetaE": 0.5400234219125003,
        "projMMstar": [
                10.558946774704346,
                10.581463752911047,
                10.599276918612842
        ],
        "projMMdm": [
                10.882483148346616,
                10.92935693741106,
                10.974930628628526
        ],
        "projMMtotal": [
                11.06160641152763,
                11.089962461344285,
                11.116944480509623
        ],
        "projMfdm": [
                0.6588016452836105,
                0.6901644646200085,
                0.7215243297927707
        ],
        "Dstar": -0.09953215481146284,
        "Ddm": 0.2867935602401449,
        "Dtotal": 0.10131196201769836,
        "Dfdm": 0.16908763473226088,
        "projDstar": -0.20769635205782244,
        "projDdm": 0.23378017754117875,
        "projDtotal": 0.0511383974313671,
        "projDfdm": 0.1725625137847012,
        "DthetaE": -0.012971691293410059,
        "PL_slope1": -2.3161091100685423,
        "AV_slope1": 2.304232909998503,
        "PL_slope2": -2.0771115431777654,
        "AV_slope2": 2.0635073803801056
}