{
        "Reff": 0.9365583424776649,
        "R": 2.341395856194162,
        "MthetaE": 0.533108108108108,
        "Mstar": 10.604333704610394,
        "Mdm": 10.634934192831413,
        "Mbh": 8.183881759643555,
        "Mtotal": 10.920933403323664,
        "fdm": 0.5176077729134222,
        "projMstar": 10.682572097391489,
        "projMdm": 10.838119149014558,
        "projMtotal": 11.068302560459982,
        "projfdm": 0.5885950271362097,
        "MMstar": [
                10.537659960088659,
                10.558480405597178,
                10.575393768516903
        ],
        "MMdm": [
                10.704818522037646,
                10.745586049620357,
                10.783483406834977
        ],
        "MMbh": -Infinity,
        "MMtotal": [
                10.944246635459992,
                10.963276168169314,
                10.980455676496206
        ],
        "Mfdm": [
                0.5748021764687595,
                0.6060470055236234,
                0.63597529856052
        ],
        "MMthetaE": 0.5400234219125003,
        "projMMstar": [
                10.559922280400984,
                10.580944344667111,
                10.597939619937124
        ],
        "projMMdm": [
                10.885507613566975,
                10.929528509930366,
                10.973868925723078
        ],
        "projMMtotal": [
                11.063794390514802,
                11.090291135587897,
                11.116586033032812
        ],
        "projMfdm": [
                0.6601075489237548,
                0.6907002679655787,
                0.720058206261402
        ],
        "Dstar": -0.10019852450437705,
        "Ddm": 0.29018460908741794,
        "Dtotal": 0.10240903734962706,
        "Dfdm": 0.17086148477332483,
        "projDstar": -0.20864336628677538,
        "projDdm": 0.2342676914318566,
        "projDtotal": 0.05193420049955729,
        "projDfdm": 0.17347282277622833,
        "DthetaE": -0.012971691293410059,
        "PL_slope1": -2.321374153105115,
        "AV_slope1": 2.3074799607393572,
        "PL_slope2": -2.082079135021516,
        "AV_slope2": 2.0663648930664826
}