{
        "Reff": 0.4888927916199904,
        "R": 1.222231979049976,
        "MthetaE": 1.2122072072072072,
        "Mstar": 10.872799948028954,
        "Mdm": 10.63840063344136,
        "Mbh": 8.438713073730469,
        "Mtotal": 11.07225586865504,
        "fdm": 0.36825170371954624,
        "projMstar": 10.970296737631696,
        "projMdm": 10.904246176794656,
        "projMtotal": 11.23955592381404,
        "projfdm": 0.46205136010423437,
        "MMstar": [
                10.883222065072195,
                10.913981872772169,
                10.940411885490679
        ],
        "MMdm": [
                10.338499266487606,
                10.389213026871582,
                10.434260588421477
        ],
        "MMbh": -Infinity,
        "MMtotal": [
                11.014780035481696,
                11.02748151976081,
                11.03847866899857
        ],
        "Mfdm": [
                0.2007084735328619,
                0.2299905933143117,
                0.2609423522408443
        ],
        "MMthetaE": 1.2241833986063213,
        "projMMstar": [
                10.89571792687793,
                10.926591330036707,
                10.95265472032805
        ],
        "projMMdm": [
                10.804964245358589,
                10.850282370603777,
                10.893648748646102
        ],
        "projMMtotal": [
                11.185616224665429,
                11.19099142583518,
                11.195818402930128
        ],
        "projMfdm": [
                0.4156835138794089,
                0.4565408112091288,
                0.49843805159772386
        ],
        "Dstar": 0.0994663063408089,
        "Ddm": -0.4366057718381176,
        "Dtotal": -0.09796030155878094,
        "Dfdm": -0.3754527379200713,
        "projDstar": -0.0957373511373123,
        "projDdm": -0.1168465012315403,
        "projDtotal": -0.10579827769099161,
        "projDfdm": -0.011926269178955392,
        "DthetaE": -0.009879656982658877,
        "PL_slope1": -3.5370628381017997,
        "AV_slope1": 3.168981173381039,
        "PL_slope2": -1.3232758637933024,
        "AV_slope2": 1.3419167483982721
}