{
        "Reff": 0.9842781252851367,
        "R": 2.4606953132128417,
        "Mstar": 11.047828541469018,
        "Mdm": 11.001234796916503,
        "Mbh": 8.0,
        "Mtotal": 11.326186222826236,
        "fdm": 0.4732041819854661,
        "MMstar": 11.005032113730842,
        "MMdm": 10.975850248849,
        "MMbh": -Infinity,
        "MMtotal": 11.291716235640477,
        "Mfdm": 0.4832078857876588,
        "Dstar": -0.0938427442593975,
        "Ddm": -0.05677467682797912,
        "Dtotal": -0.07630197973273108,
        "Dfdm": 0.02114035374797243
}