{
        "Reff": 0.34651468388585527,
        "R": 0.8662867097146382,
        "thetaE": 1.0469619515765238,
        "Mstar": 11.033409712852947,
        "Mdm": 10.70766049131408,
        "Mbh": 8.0,
        "Mtotal": 11.201416557690932,
        "fdm": 0.3208070721059512,
        "MMstar": 11.1833458708637,
        "MMdm": 10.078860084730056,
        "MMbh": -Infinity,
        "MMtotal": 11.216212967509547,
        "Mfdm": 0.07288650356704685,
        "Dstar": 0.4123299145869771,
        "Ddm": -0.7649287084786797,
        "Dtotal": 0.034657022609800116,
        "Dfdm": -0.7728026907618326
}