{
        "Reff": 1.1965155934630276,
        "R": 2.991288983657569,
        "MthetaE": 0.6634234234234233,
        "Mstar": 10.916883257875766,
        "Mdm": 10.992383268225685,
        "Mbh": 8.336731910705566,
        "Mtotal": 11.257301861135218,
        "fdm": 0.5433521715476182,
        "projMstar": 10.971390705363207,
        "projMdm": 11.228855912790163,
        "projMtotal": 11.41995960131529,
        "projfdm": 0.6440154873968124,
        "MMstar": 11.128163904643797,
        "MMdm": 9.562849645521325,
        "MMbh": -Infinity,
        "MMtotal": 11.139822009584242,
        "Mfdm": 0.026486686788831853,
        "MMthetaE": 0.6491916548593238,
        "projMMstar": 11.152633513397591,
        "projMMdm": 9.821418897196162,
        "projMMtotal": 11.172432037943734,
        "projMfdm": 0.04456427640731324,
        "Dstar": 0.6265995460740319,
        "Ddm": -0.9628065574795244,
        "Dtotal": -0.2370077117628312,
        "Dfdm": -0.9512531868357306,
        "projDstar": 0.517898766466428,
        "projDdm": -0.9608652120997541,
        "projDtotal": -0.43444813793472103,
        "projDfdm": -0.9308024771462449,
        "DthetaE": 0.021452013995315607,
        "PL_slope1": -2.3865193350421943,
        "AV_slope1": 2.424484315856595,
        "PL_slope2": -2.973766969696383,
        "AV_slope2": 2.9619110791847527
}