{
        "Reff": 1.1965155934630276,
        "R": 2.991288983657569,
        "MthetaE": 0.6634234234234233,
        "Mstar": 10.916883257875766,
        "Mdm": 10.992383268225685,
        "Mbh": 8.336731910705566,
        "Mtotal": 11.257301861135218,
        "fdm": 0.5433521715476182,
        "projMstar": 10.971390705363207,
        "projMdm": 11.228855912790163,
        "projMtotal": 11.41995960131529,
        "projfdm": 0.6440154873968124,
        "MMstar": 11.127548923722351,
        "MMdm": 9.60670551642819,
        "MMbh": -Infinity,
        "MMtotal": 11.140445565182022,
        "Mfdm": 0.029259031820221954,
        "MMthetaE": 0.6491916548593238,
        "projMMstar": 11.152046828549254,
        "projMMdm": 9.863374505901255,
        "projMMtotal": 11.173832630584576,
        "projMfdm": 0.0489262438268512,
        "Dstar": 0.6242978365001114,
        "Ddm": -0.9588545090984611,
        "Dtotal": -0.235911428371578,
        "Dfdm": -0.9461508882224873,
        "projDstar": 0.5158496338805435,
        "projDdm": -0.9568958988567225,
        "projDtotal": -0.43262129819672485,
        "projDfdm": -0.9240293986956479,
        "DthetaE": 0.021452013995315607
}