{
        "Reff": 0.3555664498963653,
        "R": 0.7108108108108108,
        "MthetaE": 0.7108108108108108,
        "Mstar": 10.451843296180769,
        "Mdm": 10.23681373681996,
        "Mbh": 8.265618324279785,
        "Mtotal": 10.658533039151479,
        "fdm": 0.3786872626768167,
        "projMstar": 10.498681972681283,
        "projMdm": 10.45430910397408,
        "projMtotal": 10.778091997453737,
        "projfdm": 0.4744791210545737,
        "MMstar": -Infinity,
        "MMdm": -Infinity,
        "MMbh": -Infinity,
        "MMtotal": -Infinity,
        "Mfdm": 0.0,
        "MMthetaE": 0.7032624410837693,
        "projMMstar": 10.697135564962409,
        "projMMdm": 9.76560846406929,
        "projMMtotal": 10.745218812660434,
        "projMfdm": 0.10480684591537816,
        "Dstar": -1.0,
        "Ddm": -1.0,
        "Dtotal": -1.0,
        "Dfdm": -1.0,
        "projDstar": 0.5792598426130642,
        "projDdm": -0.7952144258421804,
        "projDtotal": -0.07289950019570823,
        "projDfdm": -0.7791117853986173,
        "DthetaE": 0.010619379463898584
}