{
        "Reff": 0.4869602608436852,
        "R": 1.220225225225225,
        "MthetaE": 1.220225225225225,
        "Mstar": 10.87244459182217,
        "Mdm": 10.637575202464305,
        "Mbh": 8.438713073730469,
        "Mtotal": 11.071727465792158,
        "fdm": 0.3679999305160368,
        "projMstar": 10.97001301300598,
        "projMdm": 10.903444554972886,
        "projMtotal": 11.239032980836678,
        "projfdm": 0.4617549652833109,
        "MMstar": [
                -Infinity,
                -Infinity,
                -Infinity
        ],
        "MMdm": [
                -Infinity,
                -Infinity,
                -Infinity
        ],
        "MMbh": -Infinity,
        "MMtotal": [
                -Infinity,
                -Infinity,
                -Infinity
        ],
        "Mfdm": [
                0.0,
                0.0,
                0.0
        ],
        "MMthetaE": 1.2792189804239076,
        "projMMstar": [
                10.882196288959422,
                10.88501274420808,
                10.887671029096193
        ],
        "projMMdm": [
                10.892107381794139,
                10.895346681670524,
                10.898861806572326
        ],
        "projMMtotal": [
                11.19090782177244,
                11.191246914485152,
                11.191622386065408
        ],
        "projMfdm": [
                0.5025519709453061,
                0.5059169828406892,
                0.5095889301979485
        ],
        "Dstar": -1.0,
        "Ddm": -1.0,
        "Dtotal": -1.0,
        "Dfdm": -1.0,
        "projDstar": -0.1777578589634454,
        "projDdm": -0.01847328034558064,
        "projDtotal": -0.10419406873172093,
        "projDfdm": 0.09563950769924606,
        "DthetaE": -0.04834661173947923
}