{
        "Reff": 0.6860226179383071,
        "R": 1.1226076748689862,
        "Mstar": 10.747945949350964,
        "Mdm": 10.510146152233052,
        "Mbh": 8.453516006469727,
        "Mtotal": 10.946152731458497,
        "fdm": 0.3664320234440899,
        "MMstar": 10.72299750161018,
        "MMdm": 10.421698093470258,
        "MMbh": -Infinity,
        "MMtotal": 10.898998975075793,
        "Mfdm": 0.33319549311117963,
        "Dstar": -0.05582705376681464,
        "Ddm": -0.18425965687516854,
        "Dtotal": -0.10288887240000053,
        "Dfdm": -0.09070312692793761
}