{
        "Reff": 0.4869602608436852,
        "R": 1.217400652109213,
        "MthetaE": 1.220225225225225,
        "Mstar": 10.871967128271251,
        "Mdm": 10.636338659573704,
        "Mbh": 8.438713073730469,
        "Mtotal": 11.070970815358658,
        "fdm": 0.36759351767167864,
        "projMstar": 10.969620351737936,
        "projMdm": 10.902219596043672,
        "projMtotal": 11.238256200195426,
        "projfdm": 0.46127869442808966,
        "MMstar": 10.938828884751697,
        "MMdm": 10.342426112861316,
        "MMbh": -Infinity,
        "MMtotal": 11.036876252388332,
        "Mfdm": 0.2020923436815197,
        "MMthetaE": 1.2111171673943844,
        "projMMstar": 10.951812556339627,
        "projMMdm": 10.79656953894855,
        "projMMtotal": 11.182121074751219,
        "projMfdm": 0.41157450468125417,
        "Dstar": 0.16643826028661476,
        "Ddm": -0.49173821976197,
        "Dtotal": -0.07550314726320793,
        "Dfdm": -0.45022876093799524,
        "projDstar": -0.040174675021594476,
        "projDdm": -0.21593883613529508,
        "projDtotal": -0.1212509377873706,
        "projDfdm": -0.10775305763571105,
        "DthetaE": 0.007464243192611874
}