{
        "Reff": 0.33542414752571365,
        "R": 0.48572072072072064,
        "MthetaE": 0.48572072072072064,
        "Mstar": 10.193931422797496,
        "Mdm": 9.704516155365626,
        "Mbh": [
                7.912351131439209,
                6.072244644165039
        ],
        "Mtotal": 10.315829128814833,
        "fdm": 0.2447298965108559,
        "projMstar": 10.263860798608103,
        "projMdm": 9.965676135596594,
        "projMtotal": 10.440902574668815,
        "projfdm": 0.3347908352976755,
        "MMstar": [
                10.207203616531023,
                10.223173482650676,
                10.247122676353099
        ],
        "MMdm": [
                9.506980339322856,
                9.578903629337589,
                9.643871960909724
        ],
        "MMbh": -Infinity,
        "MMtotal": [
                10.303175659777057,
                10.316232492049735,
                10.326239566328468
        ],
        "Mfdm": [
                0.15683608268559746,
                0.18544525352374533,
                0.21275140027320616
        ],
        "MMthetaE": 0.5249657346094901,
        "projMMstar": [
                10.229559430130548,
                10.246357760393199,
                10.269858268943771
        ],
        "projMMdm": [
                9.900056380073613,
                9.953569910101011,
                9.99191126364294
        ],
        "projMMtotal": [
                10.420272088105209,
                10.426881407189079,
                10.431388939718847
        ],
        "projMfdm": [
                0.2994307549192714,
                0.33856717737316183,
                0.3644967963007572
        ],
        "Dstar": 0.06965089737905861,
        "Ddm": -0.25116269093928834,
        "Dtotal": 0.0009292096197591579,
        "Dfdm": -0.2422452010659056,
        "projDstar": -0.039500901046756146,
        "projDdm": -0.02749067452540715,
        "projDtotal": -0.031769336377103996,
        "projDfdm": 0.011279705647045671,
        "DthetaE": -0.0807974875573294
}