{
        "Reff": 0.35973259940631447,
        "R": 0.46202702702702697,
        "MthetaE": 0.46202702702702697,
        "Mstar": 10.154514149873487,
        "Mdm": 9.85340370134865,
        "Mbh": 8.119908332824707,
        "Mtotal": 10.330578592964834,
        "fdm": 0.33329216803596157,
        "projMstar": 10.270689529883358,
        "projMdm": 10.129276943838029,
        "projMtotal": 10.506743732429133,
        "projfdm": 0.4193080608244642,
        "MMstar": 10.362001019137539,
        "MMdm": 9.476894578990636,
        "MMbh": -Infinity,
        "MMtotal": 10.415188884422879,
        "Mfdm": 0.11526718696677118,
        "MMthetaE": 0.509223606974525,
        "projMMstar": 10.388997289615157,
        "projMMdm": 9.897912858481877,
        "projMMtotal": 10.510487093873015,
        "projMfdm": 0.24402019206116268,
        "Dstar": 0.6124522746917691,
        "Ddm": -0.579766299426619,
        "Dtotal": 0.2150951613511088,
        "Dfdm": -0.6541557287528759,
        "projDstar": 0.3131301098084898,
        "projDdm": -0.4130029554443657,
        "projDtotal": 0.008656662316790905,
        "projDfdm": -0.418040779894958,
        "DthetaE": -0.10215112360675202
}