{
        "Reff": 0.42908660556761336,
        "R": 1.0727165139190333,
        "MthetaE": 0.0,
        "Mstar": 10.461117961783712,
        "Mdm": 10.349554243016174,
        "Mbh": 8.356976509094238,
        "Mtotal": 10.709938671266638,
        "fdm": 0.43612960866123895,
        "projMstar": 10.519494782578215,
        "projMdm": 10.555121281507747,
        "projMtotal": 10.838703244095537,
        "projfdm": 0.5204967683454941,
        "MMstar": [
                10.263372074834619,
                10.327301451241999,
                10.3797882760959
        ],
        "MMdm": [
                10.087428291037757,
                10.179231878046846,
                10.278357003857378
        ],
        "MMbh": -Infinity,
        "MMtotal": [
                10.545908756150114,
                10.564662108144908,
                10.584352037234888
        ],
        "Mfdm": [
                0.3426127104014528,
                0.4148625351121408,
                0.5087580162762647
        ],
        "MMthetaE": 0.0,
        "projMMstar": [
                10.289359890175104,
                10.353433112995885,
                10.405757268020023
        ],
        "projMMdm": [
                10.666466946191493,
                10.753676828509219,
                10.865157662856815
        ],
        "projMMtotal": [
                10.832220345487631,
                10.897618435815044,
                10.982903804670755
        ],
        "projMfdm": [
                0.6684058047105859,
                0.7235019542051035,
                0.7696161100482958
        ],
        "Dstar": -0.26517573409955403,
        "Ddm": -0.3244186763885956,
        "Dtotal": -0.2843124919820993,
        "Dfdm": -0.0487631959095381,
        "projDstar": -0.3177581907061317,
        "projDdm": 0.5796306322580064,
        "projDtotal": 0.1452892694856843,
        "projDfdm": 0.3900219909239843,
        "DthetaE": 0,
        "PL_slope1": -2.3759898127211465,
        "AV_slope1": 2.349082018679784,
        "PL_slope2": -1.8121561719232522,
        "AV_slope2": 1.8170614312486189
}