{
        "Reff": 0.5550486535013095,
        "R": 1.3876216337532736,
        "MthetaE": 0.5804954954954954,
        "Mstar": 10.499063145371911,
        "Mdm": 10.384012589930101,
        "Mbh": 8.260486602783203,
        "Mtotal": 10.746366583215803,
        "fdm": 0.4341561993367829,
        "projMstar": 10.579882745439837,
        "projMdm": 10.603682702456029,
        "projMtotal": 10.892975733163656,
        "projfdm": 0.5136969288508852,
        "MMstar": [
                10.50214283714955,
                10.515598318340526,
                10.540244248749405
        ],
        "MMdm": [
                10.331973555821543,
                10.383975466180704,
                10.40903586852744
        ],
        "MMbh": -Infinity,
        "MMtotal": [
                10.748194474873335,
                10.754730797482122,
                10.759979519207608
        ],
        "Mfdm": [
                0.3827081165015128,
                0.4248716689702332,
                0.4464011321674277
        ],
        "MMthetaE": 0.5694543561865656,
        "projMMstar": [
                10.524123730590421,
                10.537644186773113,
                10.56159326611509
        ],
        "projMMdm": [
                10.763096583809416,
                10.813923298467554,
                10.841078134268846
        ],
        "projMMtotal": [
                10.97429284315093,
                10.998398074167145,
                11.011883551249674
        ],
        "projMfdm": [
                0.6138212965975007,
                0.6535436786128621,
                0.6751346900298363
        ],
        "Dstar": 0.0388077307587863,
        "Ddm": -8.54769385979801e-05,
        "Dtotal": 0.019445972062515235,
        "Dfdm": -0.021385230432578742,
        "projDstar": -0.09267800018430368,
        "projDdm": 0.6227088173781457,
        "projDtotal": 0.2747421347020877,
        "projDfdm": 0.2722359078042517,
        "DthetaE": 0.019020198080099457
}