{
        "Reff": 0.5550486535013095,
        "R": 1.3876216337532736,
        "MthetaE": 0.5804954954954954,
        "Mstar": 10.499063145371911,
        "Mdm": 10.384012589930101,
        "Mbh": 8.260486602783203,
        "Mtotal": 10.746366583215803,
        "fdm": 0.4341561993367829,
        "projMstar": 10.579882745439837,
        "projMdm": 10.603682702456029,
        "projMtotal": 10.892975733163656,
        "projfdm": 0.5136969288508852,
        "MMstar": [
                10.501274521072299,
                10.51462161624266,
                10.537452519182304
        ],
        "MMdm": [
                10.338851155864347,
                10.384231015878935,
                10.410740129031566
        ],
        "MMbh": -Infinity,
        "MMtotal": [
                10.748957769352602,
                10.75507446694759,
                10.760554654454163
        ],
        "Mfdm": [
                0.3875603430647107,
                0.42598475501493405,
                0.44846763485884733
        ],
        "MMthetaE": 0.5694543561865656,
        "projMMstar": [
                10.522896000608014,
                10.53657039075678,
                10.559020384936396
        ],
        "projMMdm": [
                10.769032256460875,
                10.814923276170855,
                10.84226347187196
        ],
        "projMMtotal": [
                10.977960245119665,
                10.998759458360476,
                11.012138338604275
        ],
        "projMfdm": [
                0.6198661605000994,
                0.6554376011389875,
                0.6762184469535667
        ],
        "Dstar": 0.036474139858087444,
        "Ddm": 0.0005030708314151869,
        "Dtotal": 0.02025300766935942,
        "Dfdm": -0.018821438768654122,
        "projDstar": -0.09491858883135362,
        "projDdm": 0.6264494640313131,
        "projDtotal": 0.27580331184568196,
        "projDfdm": 0.2759227558653488,
        "DthetaE": 0.019020198080099457
}