{
        "Reff": 0.5148342648334497,
        "R": 1.2870856620836244,
        "MthetaE": 0.0,
        "Mstar": 10.485048613230262,
        "Mdm": 10.34306489408524,
        "Mbh": 8.260486602783203,
        "Mtotal": 10.720863426497717,
        "fdm": 0.41898788695716166,
        "projMstar": 10.567425662836804,
        "projMdm": 10.567746790083469,
        "projMtotal": 10.868616251805218,
        "projfdm": 0.5001848556943586,
        "MMstar": 10.37696985506913,
        "MMdm": 10.264720720333123,
        "MMbh": -Infinity,
        "MMtotal": 10.625491767356445,
        "Mfdm": 0.435741528981311,
        "MMthetaE": 0.0,
        "projMMstar": 10.395809035102026,
        "projMMdm": 10.808977393511306,
        "projMMtotal": 10.95080868525487,
        "projMfdm": 0.721387658700149,
        "Dstar": -0.22031129679228598,
        "Ddm": -0.16505892593588536,
        "Dtotal": -0.1971612226777893,
        "Dfdm": 0.03998598180443889,
        "projDstar": -0.32642901313105155,
        "projDdm": 0.7427319905886631,
        "projDtotal": 0.2083491292285295,
        "projDfdm": 0.4422421040691363,
        "DthetaE": 0,
        "PL_slope1": -2.2566302241988696,
        "AV_slope1": 2.178627285480918,
        "PL_slope2": -1.6489658794238158,
        "AV_slope2": 1.640412944325232
}