{
        "Reff": 0.5148342648334497,
        "R": 1.2870856620836244,
        "MthetaE": 0.0,
        "Mstar": 10.485048613230262,
        "Mdm": 10.34306489408524,
        "Mbh": 8.260486602783203,
        "Mtotal": 10.720863426497717,
        "fdm": 0.41898788695716166,
        "projMstar": 10.567425662836804,
        "projMdm": 10.567746790083469,
        "projMtotal": 10.868616251805218,
        "projfdm": 0.5001848556943586,
        "MMstar": 10.37827238178316,
        "MMdm": 10.236834379396068,
        "MMbh": -Infinity,
        "MMtotal": 10.614315927233044,
        "Mfdm": 0.4192938111255481,
        "MMthetaE": 0.0,
        "projMMstar": 10.39718353257875,
        "projMMdm": 10.792833745335754,
        "projMMtotal": 10.939617241267408,
        "projMfdm": 0.7132084895292843,
        "Dstar": -0.21796936093644337,
        "Ddm": -0.2169860754372124,
        "Dtotal": -0.21755737622284496,
        "Dfdm": 0.0007301503883755649,
        "projDstar": -0.324293853066799,
        "projDdm": 0.6791401850513813,
        "projDtotal": 0.17760865648815047,
        "projDfdm": 0.4258898113562545,
        "DthetaE": 0,
        "PL_slope1": -2.2844691294336714,
        "AV_slope1": 2.199667496996996,
        "PL_slope2": -1.6604934106208622,
        "AV_slope2": 1.6565742777920043
}