{
        "Reff": 0.3465146838858552,
        "R": 0.8662867097146381,
        "MthetaE": 1.0543693693693692,
        "Mstar": 11.033412259839897,
        "Mdm": 10.707664354405054,
        "Mbh": 8.772610664367676,
        "Mtotal": 11.201419526893796,
        "fdm": 0.32080773240888977,
        "projMstar": 11.066829826989872,
        "projMdm": 10.9365370114967,
        "projMtotal": 11.30758134804791,
        "projfdm": 0.42555496657047037,
        "MMstar": [
                11.181153741074707,
                11.187684537992755,
                11.199165511059661
        ],
        "MMdm": [
                10.238513566983693,
                10.290887583467573,
                10.343167424885287
        ],
        "MMbh": -Infinity,
        "MMtotal": [
                11.23535687677338,
                11.241474269077974,
                11.248304293805703
        ],
        "Mfdm": [
                0.09936747406266874,
                0.11257775377503298,
                0.12629173713859537
        ],
        "MMthetaE": 1.083811265650753,
        "projMMstar": [
                11.199431333709693,
                11.20578133091806,
                11.217373766980975
        ],
        "projMMdm": [
                10.574101003718372,
                10.61784598887778,
                10.641021164758422
        ],
        "projMMtotal": [
                11.303560129334578,
                11.305951181242602,
                11.308496230955173
        ],
        "projMfdm": [
                0.1854344557615812,
                0.20532205743223927,
                0.21619500340837353
        ],
        "Dstar": 0.42650164941380764,
        "Ddm": -0.6169784326878063,
        "Dtotal": 0.09661641432684948,
        "Dfdm": -0.649080298253081,
        "projDstar": 0.37705568955027086,
        "projDdm": -0.5199251251398813,
        "projDtotal": -0.003746561842951057,
        "projDfdm": -0.5175193017087284,
        "DthetaE": -0.027923702202192553
}