{
        "Reff": 0.3555664498963653,
        "R": 0.7108108108108108,
        "MthetaE": 0.7108108108108108,
        "Mstar": 10.451843296180769,
        "Mdm": 10.23681373681996,
        "Mbh": 8.265618324279785,
        "Mtotal": 10.658533039151479,
        "fdm": 0.3786872626768167,
        "projMstar": 10.498681972681283,
        "projMdm": 10.45430910397408,
        "projMtotal": 10.778091997453737,
        "projfdm": 0.4744791210545737,
        "MMstar": [
                10.614023641273485,
                10.62699209679181,
                10.647017751995714
        ],
        "MMdm": [
                9.677516383339706,
                9.798940468213909,
                9.869338038396572
        ],
        "MMbh": -Infinity,
        "MMtotal": [
                10.683814195649987,
                10.688329174519815,
                10.694065292521092
        ],
        "Mfdm": [
                0.09667383303318562,
                0.12900465947275064,
                0.15198437756247793
        ],
        "MMthetaE": 0.8052440505450654,
        "projMMstar": [
                10.631816786965265,
                10.644983832772484,
                10.66436004872773
        ],
        "projMMdm": [
                9.945159511229601,
                10.042395695042718,
                10.097063612336727
        ],
        "projMMtotal": [
                10.738712197436058,
                10.741467079067679,
                10.744510781300875
        ],
        "projMfdm": [
                0.1600379730843304,
                0.19996015688381483,
                0.22621274630686308
        ],
        "Dstar": 0.49674839326883996,
        "Ddm": -0.6351395987598832,
        "Dtotal": 0.07101643533048604,
        "Dfdm": -0.6593372099160167,
        "projDstar": 0.40056045585540684,
        "projDdm": -0.6126651346717296,
        "projDtotal": -0.0808739362428146,
        "projDfdm": -0.5785691129266448,
        "DthetaE": -0.1328528467744267
}