{
        "Reff": 0.3555664498963653,
        "R": 0.7108108108108108,
        "MthetaE": 0.7108108108108108,
        "Mstar": 10.451843296180769,
        "Mdm": 10.23681373681996,
        "Mbh": 8.265618324279785,
        "Mtotal": 10.658533039151479,
        "fdm": 0.3786872626768167,
        "projMstar": 10.498681972681283,
        "projMdm": 10.45430910397408,
        "projMtotal": 10.778091997453737,
        "projfdm": 0.4744791210545737,
        "MMstar": [
                10.6141855019543,
                10.629197208180525,
                10.651264666535708
        ],
        "MMdm": [
                9.652195224949205,
                9.790556204385192,
                9.868085526202053
        ],
        "MMbh": -Infinity,
        "MMtotal": [
                10.684113724404854,
                10.68890731068506,
                10.694659307051985
        ],
        "Mfdm": [
                0.09144876173213548,
                0.12606414209763095,
                0.15133164514892414
        ],
        "MMthetaE": 0.8052440505450654,
        "projMMstar": [
                10.632573286701808,
                10.646509736052423,
                10.667752390058824
        ],
        "projMMdm": [
                9.922281669436606,
                10.035024014917399,
                10.094562591854807
        ],
        "projMMtotal": [
                10.738424870870737,
                10.741171873877656,
                10.744231099089271
        ],
        "projMfdm": [
                0.15276631011780148,
                0.19637648341578298,
                0.2246896510301484
        ],
        "Dstar": 0.504367394500395,
        "Ddm": -0.6421158476796027,
        "Dtotal": 0.07244313007579795,
        "Dfdm": -0.6671022383839249,
        "projDstar": 0.405490011012897,
        "projDdm": -0.61918424206017,
        "projDtotal": -0.08149848617373683,
        "projDfdm": -0.5861219710167266,
        "DthetaE": -0.1328528467744267
}