{
        "Reff": 0.9094395894549947,
        "R": 2.273598973637487,
        "MthetaE": 0.0,
        "Mstar": 10.632487797317197,
        "Mdm": 10.60803396125214,
        "Mbh": 8.274933815002441,
        "Mtotal": 10.921462967602181,
        "fdm": 0.485926958400488,
        "projMstar": 10.714688885275981,
        "projMdm": 10.768139423031133,
        "projMtotal": 11.043265930541269,
        "projfdm": 0.5307298231359308,
        "MMstar": [
                10.637517385029083,
                10.726961726685598,
                10.789117546708363
        ],
        "MMdm": [
                10.237154992256949,
                10.435429157245789,
                10.588787119916406
        ],
        "MMbh": -Infinity,
        "MMtotal": [
                10.883991666712742,
                10.905658417712344,
                10.925853022045054
        ],
        "Mfdm": [
                0.21833640036992275,
                0.340509205757776,
                0.47285496058618454
        ],
        "MMthetaE": 0.0,
        "projMMstar": [
                10.652016781005853,
                10.74256974271569,
                10.80267795070611
        ],
        "projMMdm": [
                10.519531686808547,
                10.684461951445874,
                10.815723911382491
        ],
        "projMMtotal": [
                10.963985243131727,
                11.009376496480215,
                11.055415887689147
        ],
        "projMfdm": [
                0.34879391615629385,
                0.4718214931849711,
                0.585006646978318
        ],
        "Dstar": 0.24300801602306782,
        "Ddm": -0.32795988727418124,
        "Dtotal": -0.03573711665069983,
        "Dfdm": -0.2992584587638017,
        "projDstar": 0.06630355577368696,
        "projDdm": -0.17524961221747407,
        "projDtotal": -0.07506637951171731,
        "projDfdm": -0.11099494956376713,
        "DthetaE": 0
}