{
        "Reff": 0.9094395894549947,
        "R": 2.273598973637487,
        "MthetaE": 0.0,
        "Mstar": 10.632487797317197,
        "Mdm": 10.60803396125214,
        "Mbh": 8.274933815002441,
        "Mtotal": 10.921462967602181,
        "fdm": 0.485926958400488,
        "projMstar": 10.714688885275981,
        "projMdm": 10.768139423031133,
        "projMtotal": 11.043265930541269,
        "projfdm": 0.5307298231359308,
        "MMstar": [
                10.639779339712744,
                10.723846920587816,
                10.788482582620766
        ],
        "MMdm": [
                10.228120396249569,
                10.44302700059468,
                10.588610865536195
        ],
        "MMbh": -Infinity,
        "MMtotal": [
                10.883433472335048,
                10.90574257647733,
                10.92638696455245
        ],
        "Mfdm": [
                0.2170429838398007,
                0.34453757733437446,
                0.47041675712964326
        ],
        "MMthetaE": 0.0,
        "projMMstar": [
                10.653016080287752,
                10.738589471650618,
                10.802010961818201
        ],
        "projMMdm": [
                10.516457245120133,
                10.684845663932101,
                10.811071251238197
        ],
        "projMMtotal": [
                10.96284962814724,
                11.006991038212652,
                11.052305389913117
        ],
        "projMfdm": [
                0.35202370149118334,
                0.47128115140300836,
                0.5784472586846757
        ],
        "Dstar": 0.2341249239809343,
        "Ddm": -0.31609931402882807,
        "Dtotal": -0.03555024106254007,
        "Dfdm": -0.29096838243245643,
        "projDstar": 0.05657562256659637,
        "projDdm": -0.174520597964828,
        "projDtotal": -0.08013285440236921,
        "projDfdm": -0.11201306039607346,
        "DthetaE": 0,
        "PL_slope1": -2.284661313316639,
        "AV_slope1": 2.3851083818013534,
        "PL_slope2": -1.995003045056142,
        "AV_slope2": 2.0269203132164963
}