{
        "Reff": 0.5148342648334497,
        "R": 1.2870856620836244,
        "MthetaE": 0.5804954954954954,
        "Mstar": 10.485052405687021,
        "Mdm": 10.343082781744615,
        "Mbh": 8.260486602783203,
        "Mtotal": 10.72087312472932,
        "fdm": 0.41899578782519636,
        "projMstar": 10.567427798541386,
        "projMdm": 10.56775212156492,
        "projMtotal": 10.868619985991932,
        "projfdm": 0.5001866953311498,
        "MMstar": [
                10.367870651550728,
                10.38976449741397,
                10.420737774404376
        ],
        "MMdm": [
                10.39930294580213,
                10.438174952308717,
                10.46305511554035
        ],
        "MMbh": -Infinity,
        "MMtotal": [
                10.70931646241463,
                10.714952856702979,
                10.721810806289573
        ],
        "Mfdm": [
                0.4880060759139236,
                0.528197719930505,
                0.5538092411279533
        ],
        "MMthetaE": 0.5762987595061156,
        "projMMstar": [
                10.387047891032767,
                10.408756802738747,
                10.439622309069241
        ],
        "projMMdm": [
                10.756130475593592,
                10.804153888799833,
                10.832065710177718
        ],
        "projMMtotal": [
                10.927276338572034,
                10.95073377388979,
                10.966055065935471
        ],
        "projMfdm": [
                0.6752569439854864,
                0.7136439015547676,
                0.7354639241688872
        ],
        "Dstar": -0.19700638550829103,
        "Ddm": 0.2447787638425587,
        "Dtotal": -0.0135394270369174,
        "Dfdm": 0.26062775636032726,
        "projDstar": -0.30604868319072936,
        "projDdm": 0.7234622182224529,
        "projDtotal": 0.20813033142198553,
        "projDfdm": 0.4267550660904685,
        "DthetaE": 0.0072295754608699084
}