{
        "Reff": 0.5148342648334497,
        "R": 1.2870856620836244,
        "MthetaE": 0.5804954954954954,
        "Mstar": 10.485052405687021,
        "Mdm": 10.343082781744615,
        "Mbh": 8.260486602783203,
        "Mtotal": 10.72087312472932,
        "fdm": 0.41899578782519636,
        "projMstar": 10.567427798541386,
        "projMdm": 10.56775212156492,
        "projMtotal": 10.868619985991932,
        "projfdm": 0.5001866953311498,
        "MMstar": [
                10.368507078707083,
                10.390364513021314,
                10.421449730909384
        ],
        "MMdm": [
                10.39746749336161,
                10.438485545903118,
                10.461714345899923
        ],
        "MMbh": -Infinity,
        "MMtotal": [
                10.708970257235451,
                10.71485307653337,
                10.721667295950935
        ],
        "Mfdm": [
                0.48569852891634513,
                0.5282846357117323,
                0.5527166641313045
        ],
        "MMthetaE": 0.5762987595061156,
        "projMMstar": [
                10.387379215798763,
                10.409355413317986,
                10.440379532395202
        ],
        "projMMdm": [
                10.75443914666044,
                10.803667001208106,
                10.830714830765386
        ],
        "projMMtotal": [
                10.925901223356485,
                10.950771177291951,
                10.965890712047358
        ],
        "projMfdm": [
                0.6727601010546239,
                0.7124357797853123,
                0.7342593498588231
        ],
        "Dstar": -0.19589621325183285,
        "Ddm": 0.24566930841276738,
        "Dtotal": -0.01376604261938834,
        "Dfdm": 0.26083519467773486,
        "projDstar": -0.30509151464073,
        "projDdm": 0.7215311272142986,
        "projDtotal": 0.2082343855430824,
        "projDfdm": 0.4243397244175846,
        "DthetaE": 0.0072295754608699084,
        "PL_slope1": -2.2406529414475633,
        "AV_slope1": 2.159933151349327,
        "PL_slope2": -1.862798520148072,
        "AV_slope2": 1.8597042084242053
}