{
        "Reff": 0.36422601544214994,
        "R": 0.9105650386053749,
        "thetaE": 0.41400930611243,
        "Mstar": 10.272935922181803,
        "Mdm": 10.113922514649254,
        "Mbh": 8.0,
        "Mtotal": 10.501696605775322,
        "fdm": 0.4094736020291421,
        "MMstar": 10.245340935002245,
        "MMdm": 10.123731833067428,
        "MMbh": -Infinity,
        "MMtotal": 10.489809096931634,
        "Mfdm": 0.43045002376962505,
        "Dstar": -0.061563236970186945,
        "Ddm": 0.022843803296316537,
        "Dtotal": -0.027000782155642986,
        "Dfdm": 0.05122777545740307
}