{
        "Reff": 0.2351342034821731,
        "R": 0.5878355087054328,
        "MthetaE": 0.0,
        "Mstar": 10.050720464297624,
        "Mdm": 9.733344266485139,
        "Mbh": 7.900820732116699,
        "Mtotal": 10.22143106152323,
        "fdm": 0.32502233421827237,
        "projMstar": 10.118480845242956,
        "projMdm": 9.9181948845171,
        "projMtotal": 10.330812842691731,
        "projfdm": 0.38670700736692454,
        "MMstar": 10.039133335385225,
        "MMdm": 9.305720781265196,
        "MMbh": -Infinity,
        "MMtotal": 10.112760520393158,
        "Mfdm": 0.1559409806053931,
        "MMthetaE": 0.0,
        "projMMstar": 10.05925931432863,
        "projMMdm": 9.97790197062913,
        "projMMtotal": 10.321512965294138,
        "projMfdm": 0.4533034301027226,
        "Dstar": -0.02632757411864994,
        "Ddm": -0.6264261099370912,
        "Dtotal": -0.22137300099132734,
        "Dfdm": -0.5202145693142761,
        "projDstar": -0.12747381532548882,
        "projDdm": 0.1473794998650557,
        "projDtotal": -0.021186112343275307,
        "projDfdm": 0.17221416076540985,
        "DthetaE": 0,
        "PL_slope1": -3.017662899992976,
        "AV_slope1": 3.0013017700613656,
        "PL_slope2": -2.438213444778342,
        "AV_slope2": 2.443644804385224
}