{
        "Reff": 0.9842781252851374,
        "R": 1.2083783783783781,
        "MthetaE": 1.2083783783783781,
        "Mstar": 10.895234730204656,
        "Mdm": 10.600000777609383,
        "Mbh": 8.475809097290039,
        "Mtotal": 11.073266611131011,
        "fdm": 0.3363056522233072,
        "projMstar": 10.999048452312893,
        "projMdm": 10.872514045276716,
        "projMtotal": 11.241403360007325,
        "projfdm": 0.42767186967863274,
        "MMstar": [
                10.94606364389422,
                10.95170307418106,
                10.961676391114144
        ],
        "MMdm": [
                10.27722004989191,
                10.300468692322378,
                10.325543310066431
        ],
        "MMbh": -Infinity,
        "MMtotal": [
                11.036164835751963,
                11.040372144861832,
                11.046482573866149
        ],
        "Mfdm": [
                0.17204513528262852,
                0.18285591240521873,
                0.19233858668302217
        ],
        "MMthetaE": 1.2076949657346092,
        "projMMstar": [
                10.973172953750614,
                10.978663020182946,
                10.98823633758567
        ],
        "projMMdm": [
                10.682009991236239,
                10.707297789889271,
                10.720151552595935
        ],
        "projMMtotal": [
                11.161727312192195,
                11.163774315773706,
                11.169081397903819
        ],
        "projMfdm": [
                0.3308944886495588,
                0.34909659606715976,
                0.35799040656500175
        ],
        "Dstar": 0.13885476694270202,
        "Ddm": -0.4982724895112786,
        "Dtotal": -0.07294492924061029,
        "Dfdm": -0.4562805852462977,
        "projDstar": -0.04585458462958892,
        "projDdm": -0.3164288193086387,
        "projDtotal": -0.1636829405111541,
        "projDfdm": -0.18372794467524162,
        "DthetaE": 0.0005655617942171796
}