{
        "Reff": 0.36422601544215016,
        "R": 0.40279279279279273,
        "MthetaE": 0.40279279279279273,
        "Mstar": 10.09249136930786,
        "Mdm": 9.657160343916678,
        "Mbh": 8.177248001098633,
        "Mtotal": 10.228260665224283,
        "fdm": 0.2684724207169141,
        "projMstar": 10.177779355267997,
        "projMdm": 9.932815037193404,
        "projMtotal": 10.37337452695279,
        "projfdm": 0.3626106123565712,
        "MMstar": 10.048333521379247,
        "MMdm": 9.286492174907744,
        "MMbh": -Infinity,
        "MMtotal": 10.11764813483341,
        "Mfdm": 0.14751766859697987,
        "MMthetaE": 0.4027931353555214,
        "projMMstar": 10.070473203938478,
        "projMMdm": 9.743215471600932,
        "projMMtotal": 10.237996678453726,
        "projMfdm": 0.32005070865590307,
        "Dstar": -0.09667890548812562,
        "Ddm": -0.5740762760084112,
        "Dtotal": -0.22484693319559634,
        "Dfdm": -0.45052952477183034,
        "projDstar": -0.21892300155038377,
        "projDdm": -0.3537501810868988,
        "projDtotal": -0.26781276768442885,
        "projDfdm": -0.11737081665667604,
        "DthetaE": -8.504688634280417e-07
}