{
        "Reff": 0.33542414752571365,
        "R": 0.48572072072072064,
        "MthetaE": 0.48572072072072064,
        "Mstar": 10.193931422797494,
        "Mdm": 9.704516155365626,
        "Mbh": [
                7.912351131439209,
                6.072244644165039
        ],
        "Mtotal": 10.315829128814833,
        "fdm": 0.2447298965108559,
        "projMstar": 10.263860798608103,
        "projMdm": 9.965676135596594,
        "projMtotal": 10.440902574668815,
        "projfdm": 0.3347908352976755,
        "MMstar": 10.209689379026731,
        "MMdm": 9.5962878331264,
        "MMbh": -Infinity,
        "MMtotal": 10.304354652101305,
        "Mfdm": 0.19585433159477544,
        "MMthetaE": 0.5249657346094901,
        "projMMstar": 10.234136746042191,
        "projMMdm": 9.958861128748929,
        "projMMtotal": 10.418983596586331,
        "projMfdm": 0.34663908700567386,
        "Dstar": 0.03695033496833837,
        "Ddm": -0.2205797628892778,
        "Dtotal": -0.02607497922878656,
        "Dfdm": -0.19971227713861428,
        "projDstar": -0.06615252803976682,
        "projDdm": -0.015569653148805838,
        "projDtotal": -0.04921784510326417,
        "projDfdm": 0.03539001208758782,
        "DthetaE": -0.0807974875573294
}