{
        "Reff": 0.3555664498963653,
        "R": 0.7108108108108108,
        "MthetaE": 0.7108108108108108,
        "Mstar": 10.451843296180769,
        "Mdm": 10.23681373681996,
        "Mbh": 8.265618324279785,
        "Mtotal": 10.658533039151479,
        "fdm": 0.3786872626768167,
        "projMstar": 10.498681972681283,
        "projMdm": 10.45430910397408,
        "projMtotal": 10.778091997453737,
        "projfdm": 0.4744791210545737,
        "MMstar": [
                10.712246349437455,
                10.717546567332842,
                10.7218780536454
        ],
        "MMdm": [
                7.317328416430951,
                8.064228754230259,
                8.539791969124806
        ],
        "MMbh": -Infinity,
        "MMtotal": [
                10.714639544575192,
                10.718480516253605,
                10.72235639480018
        ],
        "Mfdm": [
                0.00039414415849968763,
                0.0022111008248416886,
                0.006672680711168019
        ],
        "MMthetaE": 0.7032624410837693,
        "projMMstar": [
                10.726136748477556,
                10.73145171053406,
                10.73558295237477
        ],
        "projMMdm": [
                7.932466674592755,
                8.675797083249408,
                9.114438617877779
        ],
        "projMMtotal": [
                10.733302120984638,
                10.7360436903383,
                10.739090160304174
        ],
        "projMfdm": [
                0.001578506544448005,
                0.00876732128133743,
                0.023883729307695382
        ],
        "Dstar": 0.8437552550794599,
        "Ddm": -0.9932792921432847,
        "Dtotal": 0.1480147739832576,
        "Dfdm": -0.9941611428670397,
        "projDstar": 0.7091089083781613,
        "projDdm": -0.9833471726578309,
        "projDtotal": -0.09228044221286698,
        "projDfdm": -0.9815222190138709,
        "DthetaE": 0.010619379463898584
}