{
        "Reff": 0.1711945002191585,
        "R": 0.5568018018018017,
        "MthetaE": 0.5568018018018017,
        "Mstar": 10.29718412001835,
        "Mdm": 10.054040228274305,
        "Mbh": 8.217829704284668,
        "Mtotal": 10.493440279762195,
        "fdm": 0.3635799691958276,
        "projMstar": 10.317644882056662,
        "projMdm": 10.217508581624593,
        "projMtotal": 10.571486439761745,
        "projfdm": 0.44261093765245546,
        "MMstar": [
                -Infinity,
                -Infinity,
                -Infinity
        ],
        "MMdm": [
                -Infinity,
                -Infinity,
                -Infinity
        ],
        "MMbh": -Infinity,
        "MMtotal": [
                -Infinity,
                -Infinity,
                -Infinity
        ],
        "Mfdm": [
                0.0,
                0.0,
                0.0
        ],
        "MMthetaE": 0.6040185929502934,
        "projMMstar": [
                10.124941238751086,
                10.134315919606225,
                10.16103961346006
        ],
        "projMMdm": [
                10.355722202673455,
                10.37312743923138,
                10.379033121821534
        ],
        "projMMtotal": [
                10.5700390236951,
                10.571111140623675,
                10.571580052291258
        ],
        "projMfdm": [
                0.610302152013685,
                0.6342609185573583,
                0.6421382777398683
        ],
        "Dstar": -1.0,
        "Ddm": -1.0,
        "Dtotal": -1.0,
        "Dfdm": -1.0,
        "projDstar": -0.3443515519530122,
        "projDdm": 0.43093154422854485,
        "projDtotal": -0.0008637849235679766,
        "projDfdm": 0.4329987458542862,
        "DthetaE": -0.0847999970468825
}