{
        "Reff": 0.3465146838858552,
        "R": 0.8662867097146381,
        "MthetaE": 0.0,
        "Mstar": 11.033412259839897,
        "Mdm": 10.707664354405054,
        "Mbh": 8.772610664367676,
        "Mtotal": 11.201419526893796,
        "fdm": 0.32080773240888977,
        "projMstar": 11.066829826989872,
        "projMdm": 10.9365370114967,
        "projMtotal": 11.30758134804791,
        "projfdm": 0.42555496657047037,
        "MMstar": [
                11.050068268796199,
                11.139152514829085,
                11.202676355300861
        ],
        "MMdm": [
                9.25187585566383,
                10.279628133473985,
                10.657250821244954
        ],
        "MMbh": -Infinity,
        "MMtotal": [
                11.1753632715566,
                11.199816408498972,
                11.229361679776357
        ],
        "Mfdm": [
                0.011101648019278208,
                0.12512279939449114,
                0.28081214732401905
        ],
        "MMthetaE": 0.0,
        "projMMstar": [
                11.068052236797461,
                11.157375044983933,
                11.220108619185304
        ],
        "projMMdm": [
                9.677573578939377,
                10.755664190005986,
                11.035054256472463
        ],
        "projMMtotal": [
                11.234670085253226,
                11.283255331819996,
                11.345083021463731
        ],
        "projMfdm": [
                0.02766803479871184,
                0.2906952453236508,
                0.4665686503062057
        ],
        "Dstar": 0.2756756181684825,
        "Ddm": -0.6267809706322065,
        "Dtotal": -0.003684511984542662,
        "Dfdm": -0.6099757370093118,
        "projDstar": 0.23181423343788088,
        "projDdm": -0.3406330444410458,
        "projDtotal": -0.054472893501867826,
        "projDfdm": -0.3169031778283506,
        "DthetaE": 0,
        "PL_slope1": -3.912864661317461,
        "AV_slope1": 3.812834892825703,
        "PL_slope2": -3.6496829068099035,
        "AV_slope2": 3.72492145267709
}