{
        "Reff": 0.3465146838858552,
        "R": 0.8662867097146381,
        "MthetaE": 0.0,
        "Mstar": 11.033412259839897,
        "Mdm": 10.707664354405054,
        "Mbh": 8.772610664367676,
        "Mtotal": 11.201419526893796,
        "fdm": 0.32080773240888977,
        "projMstar": 11.066829826989872,
        "projMdm": 10.9365370114967,
        "projMtotal": 11.30758134804791,
        "projfdm": 0.42555496657047037,
        "MMstar": [
                11.051188706657925,
                11.140647833502001,
                11.204263050587558
        ],
        "MMdm": [
                8.896206069745478,
                10.280326711934652,
                10.657713296231556
        ],
        "MMbh": -Infinity,
        "MMtotal": [
                11.1765459798119,
                11.201869476073545,
                11.228105772583534
        ],
        "Mfdm": [
                0.005079924533206574,
                0.12174757486537015,
                0.2873127530561488
        ],
        "MMthetaE": 0.0,
        "projMMstar": [
                11.069262971950584,
                11.158151319511916,
                11.221520347185185
        ],
        "projMMdm": [
                9.392414818881887,
                10.745304209686163,
                11.003112539055788
        ],
        "projMMtotal": [
                11.23231646532042,
                11.28553702964254,
                11.343472558616291
        ],
        "projMfdm": [
                0.014202088274771775,
                0.2835309618693595,
                0.4521880876316774
        ],
        "Dstar": 0.28007546516403603,
        "Ddm": -0.6261801511665948,
        "Dtotal": 0.001036583155233251,
        "Dfdm": -0.6204967568855381,
        "projDstar": 0.2340179941563418,
        "projDdm": -0.3561759462961484,
        "projDtotal": -0.04949220766618122,
        "projDfdm": -0.333738331961383,
        "DthetaE": 0
}