{
        "Reff": 0.3555664498963653,
        "R": 0.8889161247409133,
        "MthetaE": 0.0,
        "Mstar": 10.480429848580666,
        "Mdm": 10.351523516915575,
        "Mbh": 8.265618324279785,
        "Mtotal": 10.72177193583096,
        "fdm": 0.4263355826620924,
        "projMstar": 10.52667769687376,
        "projMdm": 10.557453231213469,
        "projMtotal": 10.843368009626936,
        "projfdm": 0.5177084118819689,
        "MMstar": [
                10.343866258871381,
                10.49593627538974,
                10.58130230602463
        ],
        "MMdm": [
                10.156296897127062,
                10.341555117260395,
                10.499254230820057
        ],
        "MMbh": -Infinity,
        "MMtotal": [
                10.702928400131253,
                10.728563325415594,
                10.749902145689509
        ],
        "Mfdm": [
                0.27652004013791737,
                0.4104741333120068,
                0.5905165957112481
        ],
        "MMthetaE": 0.0,
        "projMMstar": [
                10.35572743705064,
                10.508313592506251,
                10.592662647586572
        ],
        "projMMdm": [
                10.588447095353686,
                10.687328882371435,
                10.763260874241698
        ],
        "projMMtotal": [
                10.861818742286165,
                10.894198945155685,
                10.937410080207336
        ],
        "projMfdm": [
                0.5102294209072208,
                0.6048029330412331,
                0.7057105507598744
        ],
        "Dstar": 0.03634994050874717,
        "Ddm": -0.02269167025060434,
        "Dtotal": 0.015760661908937244,
        "Dfdm": -0.03720414151463688,
        "projDstar": -0.041403374943026365,
        "projDdm": 0.34857669771614075,
        "projDtotal": 0.12416726694909146,
        "projDfdm": 0.16823084029610216,
        "DthetaE": 0,
        "PL_slope1": -3.4854907549647622,
        "AV_slope1": 3.3074881801506284,
        "PL_slope2": -1.921721726290822,
        "AV_slope2": 1.9520218216936753
}