{
        "Reff": 0.36422601544215016,
        "R": 0.40279279279279273,
        "MthetaE": 0.40279279279279273,
        "Mstar": 10.09249136930786,
        "Mdm": 9.657160343916678,
        "Mbh": 8.177248001098633,
        "Mtotal": 10.228260665224283,
        "fdm": 0.2684724207169141,
        "projMstar": 10.177779355267997,
        "projMdm": 9.932815037193404,
        "projMtotal": 10.37337452695279,
        "projfdm": 0.3626106123565712,
        "MMstar": [
                -Infinity,
                -Infinity,
                -Infinity
        ],
        "MMdm": [
                -Infinity,
                -Infinity,
                -Infinity
        ],
        "MMbh": -Infinity,
        "MMtotal": [
                -Infinity,
                -Infinity,
                -Infinity
        ],
        "Mfdm": [
                0.0,
                0.0,
                0.0
        ],
        "MMthetaE": 0.4500195182604169,
        "projMMstar": [
                9.98489177303735,
                10.00485907052157,
                10.018990671316145
        ],
        "projMMdm": [
                9.956673693706152,
                9.979545411239291,
                10.007369538488707
        ],
        "projMMtotal": [
                10.289924442628102,
                10.293358049510061,
                10.297256428127232
        ],
        "projMfdm": [
                0.46431367988205097,
                0.48555376613646206,
                0.5129243936986878
        ],
        "Dstar": -1.0,
        "Ddm": -1.0,
        "Dtotal": -1.0,
        "Dfdm": -1.0,
        "projDstar": -0.32844789422162973,
        "projDdm": 0.11360295334915392,
        "projDtotal": -0.16826778601003034,
        "projDfdm": 0.3390500707657043,
        "DthetaE": -0.11724818892655525
}