{
        "Reff": 0.3129603324922881,
        "R": 0.7824008312307202,
        "MthetaE": 0.45018018018018013,
        "Mstar": 10.273399770015239,
        "Mdm": 10.022244869721614,
        "Mbh": 8.01979923248291,
        "Mtotal": 10.466760355017644,
        "fdm": 0.35932258444479737,
        "projMstar": 10.311296349477995,
        "projMdm": 10.185498404817997,
        "projMtotal": 10.553966374268237,
        "projfdm": 0.4280869911502228,
        "MMstar": 10.285472857510193,
        "MMdm": 9.412232052577394,
        "MMbh": -Infinity,
        "MMtotal": 10.340045087908416,
        "Mfdm": 0.11808288755077902,
        "MMthetaE": 0.4027931353555214,
        "projMMstar": 10.310733785464608,
        "projMMdm": 10.147115539215186,
        "projMMtotal": 10.537614808454576,
        "projMfdm": 0.40691221849478126,
        "Dstar": 0.02818931772893549,
        "Ddm": -0.7545363528002927,
        "Dtotal": -0.25306169311691373,
        "Dfdm": -0.6713735994823892,
        "projDstar": -0.0012945129054475531,
        "projDdm": -0.08458687618304447,
        "projDtotal": -0.03695089008674539,
        "projDfdm": -0.04946371436923895,
        "DthetaE": 0.10526239694891172
}