{
        "Reff": 0.9365583424776649,
        "R": 2.341395856194162,
        "MthetaE": 0.533108108108108,
        "Mstar": 10.604333704610394,
        "Mdm": 10.634934192831413,
        "Mbh": 8.183881759643555,
        "Mtotal": 10.920933403323664,
        "fdm": 0.5176077729134222,
        "projMstar": 10.682572097391489,
        "projMdm": 10.838119149014558,
        "projMtotal": 11.068302560459982,
        "projfdm": 0.5885950271362097,
        "MMstar": -Infinity,
        "MMdm": -Infinity,
        "MMbh": -Infinity,
        "MMtotal": -Infinity,
        "Mfdm": 0.0,
        "MMthetaE": 0.5475522655640054,
        "projMMstar": 10.526821968779798,
        "projMMdm": 11.011945613379318,
        "projMMtotal": 11.134897533782597,
        "projMfdm": 0.7534389703581235,
        "Dstar": -1.0,
        "Ddm": -1.0,
        "Dtotal": -1.0,
        "Dfdm": -1.0,
        "projDstar": -0.3013657522263316,
        "projDdm": 0.49219803710005283,
        "projDtotal": 0.16572194788654493,
        "projDfdm": 0.28006343176896464,
        "DthetaE": -0.027094237052887268
}