{
        "Reff": 0.9365583424776647,
        "R": 0.5054394790279981,
        "Mstar": 10.298287902445091,
        "Mdm": 9.801760680901712,
        "Mbh": 8.183881759643555,
        "Mtotal": 10.418455834131676,
        "fdm": 0.2417156927667969,
        "MMstar": 10.275032520012676,
        "MMdm": 9.802016995431423,
        "MMbh": -Infinity,
        "MMtotal": 10.401001333765967,
        "Mfdm": 0.25177677226604867,
        "Dstar": -0.05213908054035984,
        "Ddm": 0.0005903602092635305,
        "Dtotal": -0.03939354724035893,
        "Dfdm": 0.04162360905941885
}