{
        "Reff": 0.4081097725007585,
        "R": 1.0202744312518963,
        "MthetaE": 0.37909909909909906,
        "Mstar": 10.364943218193039,
        "Mdm": 10.152496114847926,
        "Mbh": 8.278263092041016,
        "Mtotal": 10.572612711748814,
        "fdm": 0.38008733894439084,
        "projMstar": 10.459069556768531,
        "projMdm": 10.470354006813059,
        "projMtotal": 10.765778427480319,
        "projfdm": 0.5064954861724276,
        "MMstar": [
                10.419510117655852,
                10.441285940932884,
                10.459808767986521
        ],
        "MMdm": [
                9.960653162059375,
                10.03976177158803,
                10.106309810595924
        ],
        "MMbh": -Infinity,
        "MMtotal": [
                10.574294507658227,
                10.58537405258199,
                10.596741979855445
        ],
        "Mfdm": [
                0.2408344178569592,
                0.28491906827429975,
                0.3255426846972418
        ],
        "MMthetaE": 0.37130888008559115,
        "projMMstar": [
                10.427829301638589,
                10.449403078800787,
                10.468115915656508
        ],
        "projMMdm": [
                10.314892397967883,
                10.391542031087516,
                10.446602958137895
        ],
        "projMMtotal": [
                10.69643923272027,
                10.719627118558341,
                10.742377263719643
        ],
        "projMfdm": [
                0.41480565555098226,
                0.46765333627155986,
                0.5107231204959481
        ],
        "Dstar": 0.192182445622849,
        "Ddm": -0.22862482714857865,
        "Dtotal": 0.029820044777529957,
        "Dfdm": -0.2503852691710281,
        "projDstar": -0.022012008908530497,
        "projDdm": -0.16595780172807498,
        "projDtotal": -0.10081575034205399,
        "projDfdm": -0.07668804749751426,
        "DthetaE": 0.020549294451030833,
        "PL_slope1": -2.7554871360594895,
        "AV_slope1": 2.7481121105475554,
        "PL_slope2": -2.1663983223035923,
        "AV_slope2": 2.1372352374749246
}