{
        "Reff": 0.9662426539989692,
        "R": 0.4253510156483346,
        "thetaE": 0.4253510156483346,
        "Mstar": 10.293747477822626,
        "Mdm": 9.654767051300716,
        "Mbh": 8.30414867401123,
        "Mtotal": 10.383520237694952,
        "fdm": 0.186744067327969,
        "MMstar": 10.335586810579539,
        "MMdm": 9.275026779448961,
        "MMbh": -Infinity,
        "MMtotal": 10.371810009581207,
        "Mfdm": 0.08002335767800967,
        "Dstar": 0.10113187044579612,
        "Ddm": -0.5828812348312145,
        "Dtotal": -0.026603518939267105,
        "Dfdm": -0.571481124819517
}