{
        "Reff": 0.35973259940631447,
        "R": 0.46202702702702697,
        "MthetaE": 0.46202702702702697,
        "Mstar": 10.154514149873487,
        "Mdm": 9.85340370134865,
        "Mbh": 8.119908332824707,
        "Mtotal": 10.330578592964834,
        "fdm": 0.33329216803596157,
        "projMstar": 10.270689529883358,
        "projMdm": 10.129276943838029,
        "projMtotal": 10.506743732429133,
        "projfdm": 0.4193080608244642,
        "MMstar": [
                10.422037535896216,
                10.44006874953694,
                10.451641868992628
        ],
        "MMdm": [
                8.605641357222293,
                8.81964915958796,
                8.967006955258602
        ],
        "MMbh": -Infinity,
        "MMtotal": [
                10.43638424195644,
                10.447737482262484,
                10.462224850007983
        ],
        "Mfdm": [
                0.014370296273748296,
                0.023184955272992587,
                0.03296600526019901
        ],
        "MMthetaE": 0.48492597519012226,
        "projMMstar": [
                10.44782077787887,
                10.465838016786174,
                10.477692894966339
        ],
        "projMMdm": [
                9.020037846457125,
                9.196336765536882,
                9.320882117655056
        ],
        "projMMtotal": [
                10.47593339459589,
                10.484098040947213,
                10.501559761646346
        ],
        "projMfdm": [
                0.03417437045445101,
                0.050223510873615755,
                0.06693904558491433
        ],
        "Dstar": 0.9299879597405711,
        "Ddm": -0.9074779049584109,
        "Dtotal": 0.3096609828570218,
        "Dfdm": -0.9304365433798883,
        "projDstar": 0.5672868397269182,
        "projDdm": -0.8833029650201273,
        "projDtotal": -0.05080747701475236,
        "projDfdm": -0.8802228824915413,
        "DthetaE": -0.049561923488419174
}