{
        "Reff": 0.5423966499825412,
        "R": 0.6397297297297296,
        "MthetaE": 0.6397297297297296,
        "Mstar": 10.387700894003224,
        "Mdm": 9.983169393265646,
        "Mbh": 8.265588760375977,
        "Mtotal": 10.531955832442545,
        "fdm": 0.2826269428551476,
        "projMstar": 10.480275896075595,
        "projMdm": 10.275593071737097,
        "projMtotal": 10.690912870135643,
        "projfdm": 0.3843086871203482,
        "MMstar": 10.448935763126443,
        "MMdm": 9.648506206930271,
        "MMbh": -Infinity,
        "MMtotal": 10.512769056103725,
        "Mfdm": 0.13669012819918094,
        "MMthetaE": 0.6365295087181563,
        "projMMstar": 10.47285269733643,
        "projMMdm": 10.087226528828884,
        "projMMtotal": 10.622534743609927,
        "projMfdm": 0.291535727752887,
        "Dstar": 0.15142291718128395,
        "Ddm": -0.5372602435525485,
        "Dtotal": -0.043217499132739395,
        "Dfdm": -0.5163584659752783,
        "projDstar": -0.01694729791672816,
        "projDdm": -0.3519127805166814,
        "projDtotal": -0.14567744276535008,
        "projDfdm": -0.24140219171889002,
        "DthetaE": 0.005002457855015387
}