{
        "Reff": 0.36422601544215016,
        "R": 0.9105650386053754,
        "MthetaE": 0.40279279279279273,
        "Mstar": 10.27293859069873,
        "Mdm": 10.113967989717644,
        "Mbh": 8.177248001098633,
        "Mtotal": 10.501716802955189,
        "fdm": 0.40949743592464155,
        "projMstar": 10.358796827178473,
        "projMdm": 10.355252888833848,
        "projMtotal": 10.658058468574506,
        "projfdm": 0.4979599564196837,
        "MMstar": [
                -Infinity,
                -Infinity,
                -Infinity
        ],
        "MMdm": [
                -Infinity,
                -Infinity,
                -Infinity
        ],
        "MMbh": -Infinity,
        "MMtotal": [
                -Infinity,
                -Infinity,
                -Infinity
        ],
        "Mfdm": [
                0.0,
                0.0,
                0.0
        ],
        "MMthetaE": 0.4500195182604169,
        "projMMstar": [
                10.227114004453172,
                10.246076748536721,
                10.261192822889129
        ],
        "projMMdm": [
                10.496685690872503,
                10.52423986652803,
                10.560022434204651
        ],
        "projMMtotal": [
                10.694854303438637,
                10.708506869205452,
                10.725720913612019
        ],
        "projMfdm": [
                0.6326607501543624,
                0.6549559394996398,
                0.6829881506141531
        ],
        "Dstar": -1.0,
        "Ddm": -1.0,
        "Dtotal": -1.0,
        "Dfdm": -1.0,
        "projDstar": -0.2285994905314833,
        "projDdm": 0.4756622849272182,
        "projDtotal": 0.12317751484922282,
        "projDfdm": 0.31527832922300064,
        "DthetaE": -0.11724818892655525
}