{
        "Reff": 0.5148342648334497,
        "R": 0.5804954954954954,
        "MthetaE": 0.5804954954954954,
        "Mstar": 10.332992349204273,
        "Mdm": 9.915833221302163,
        "Mbh": 8.260486602783203,
        "Mtotal": 10.473715443571665,
        "fdm": 0.2767692123056929,
        "projMstar": 10.40732278043186,
        "projMdm": 10.179791668756826,
        "projMtotal": 10.609320580506106,
        "projfdm": 0.3719384597388031,
        "MMstar": [
                10.190103486082636,
                10.223668513759982,
                10.250209192156381
        ],
        "MMdm": [
                9.749625889163141,
                9.796160650736491,
                9.84673062994865
        ],
        "MMbh": -Infinity,
        "MMtotal": [
                10.350676995860665,
                10.361702555188439,
                10.372226222197193
        ],
        "Mfdm": [
                0.24065941741598512,
                0.2725954111988315,
                0.3123644130535126
        ],
        "MMthetaE": 0.5762987595061156,
        "projMMstar": [
                10.217930866446613,
                10.25229123714691,
                10.278902003444806
        ],
        "projMMdm": [
                10.169130592688422,
                10.213370369027443,
                10.261700091285212
        ],
        "projMMtotal": [
                10.527960299462263,
                10.534287753496272,
                10.541950820907008
        ],
        "projMfdm": [
                0.43738669893792925,
                0.4779794740601506,
                0.5245440241336691
        ],
        "Dstar": -0.22254338241434266,
        "Ddm": -0.24085029179507908,
        "Dtotal": -0.22734234509600085,
        "Dfdm": -0.01508043857945949,
        "projDstar": -0.30020883244423635,
        "projDdm": 0.08038538417639045,
        "projDtotal": -0.15866845447193345,
        "projDfdm": 0.2851036550396422,
        "DthetaE": 0.0072295754608699084
}