{
        "Reff": 0.9842781252851374,
        "R": 2.4606953132128435,
        "MthetaE": 1.2083783783783781,
        "Mstar": 11.047832343965457,
        "Mdm": 11.001254446472288,
        "Mbh": 8.475809097290039,
        "Mtotal": 11.326197524289501,
        "fdm": 0.4732132780951882,
        "projMstar": 11.149499647980916,
        "projMdm": 11.24215644498053,
        "projMtotal": 11.499324412551626,
        "projfdm": 0.5531361371153823,
        "MMstar": [
                11.102119511467968,
                11.105520778818414,
                11.111111072491049
        ],
        "MMdm": [
                10.875914319162726,
                10.884964261995824,
                10.903727852276809
        ],
        "MMbh": -Infinity,
        "MMtotal": [
                11.308162321491958,
                11.309408115668598,
                11.3179289060201
        ],
        "Mfdm": [
                0.3688912541832351,
                0.3759305814634648,
                0.38528648740664273
        ],
        "MMthetaE": 1.2111171673943844,
        "projMMstar": [
                11.117125704058093,
                11.120710066646303,
                11.126340588816381
        ],
        "projMMdm": [
                11.179836149395001,
                11.190327622702164,
                11.200389036249595
        ],
        "projMMtotal": [
                11.454120885357826,
                11.457818649853312,
                11.463800384626486
        ],
        "projMfdm": [
                0.5313286255673956,
                0.540105987536523,
                0.5472284649577526
        ],
        "Dstar": 0.14205872188979785,
        "Ddm": -0.2349147743153163,
        "Dtotal": -0.037921318356371934,
        "Dfdm": -0.20557896647218488,
        "projDstar": -0.0641410055561325,
        "projDdm": -0.11249424537191506,
        "projDtotal": -0.09114576069515046,
        "projDfdm": -0.023556858257014132,
        "DthetaE": -0.002266499521186088
}