{
        "Reff": 0.23513420348217307,
        "R": 0.29617117117117114,
        "MthetaE": 0.29617117117117114,
        "Mstar": 9.876642141429853,
        "Mdm": 9.343449316493516,
        "Mbh": 7.900820732116699,
        "Mtotal": 9.988226969854768,
        "fdm": 0.22658040390447187,
        "projMstar": 10.002798214419613,
        "projMdm": 9.58959111729185,
        "projMtotal": 10.14461871342537,
        "projfdm": 0.2785944137301345,
        "MMstar": -Infinity,
        "MMdm": -Infinity,
        "MMbh": -Infinity,
        "MMtotal": -Infinity,
        "Mfdm": 0.0,
        "MMthetaE": 0.3247669375126507,
        "projMMstar": 10.095273182661774,
        "projMMdm": 6.803546151990607,
        "projMMtotal": 10.095494974918456,
        "projMfdm": 0.0005105651612063523,
        "Dstar": -1.0,
        "Ddm": -1.0,
        "Dtotal": -1.0,
        "Dfdm": -1.0,
        "projDstar": 0.23729987269631736,
        "projDdm": -0.9983633529399423,
        "projDtotal": -0.10694899921770343,
        "projDfdm": -0.9981673531986147,
        "DthetaE": -0.0965514848335887
}