{
        "Reff": 0.9094395894549946,
        "R": 2.2735989736374864,
        "MthetaE": 0.46202702702702697,
        "Mstar": 10.63249087929843,
        "Mdm": 10.608043679512585,
        "Mbh": 8.274933815002441,
        "Mtotal": 10.921469274343053,
        "fdm": 0.4859307755243753,
        "projMstar": 10.714692474183407,
        "projMdm": 10.768149505668532,
        "projMtotal": 11.043272965876945,
        "projfdm": 0.5307335471058287,
        "MMstar": -Infinity,
        "MMdm": -Infinity,
        "MMbh": -Infinity,
        "MMtotal": -Infinity,
        "Mfdm": 0.0,
        "MMthetaE": 0.458917242575832,
        "projMMstar": 10.734710996231888,
        "projMMdm": 10.616885422410116,
        "projMMtotal": 10.980811820039046,
        "projMfdm": 0.43258713784067326,
        "Dstar": -1.0,
        "Ddm": -1.0,
        "Dtotal": -1.0,
        "Dfdm": -1.0,
        "projDstar": 0.04717320756220183,
        "projDdm": -0.2941118086450463,
        "projDtotal": -0.13395819966354114,
        "projDfdm": -0.1849259572913052,
        "DthetaE": 0.006730741426979472
}