{
        "Reff": 0.33542414752571365,
        "R": 0.8385603688142841,
        "MthetaE": 0.48572072072072064,
        "Mstar": 10.277667357888435,
        "Mdm": 9.98913029177223,
        "Mbh": [
                7.912351131439209,
                6.072244644165039
        ],
        "Mtotal": 10.457962983718119,
        "fdm": 0.3397561353859292,
        "projMstar": 10.32902983598197,
        "projMdm": 10.227985957460554,
        "projMtotal": 10.582469923635239,
        "projfdm": 0.44209543840509763,
        "MMstar": [
                10.2545922920899,
                10.285976372681318,
                10.315715544431647
        ],
        "MMdm": [
                9.907672681043495,
                9.98533885561799,
                10.05637788560779
        ],
        "MMbh": -Infinity,
        "MMtotal": [
                10.454389233228728,
                10.462355982073941,
                10.469408732558923
        ],
        "Mfdm": [
                0.2814106311077067,
                0.33443656739692185,
                0.3854972152700251
        ],
        "MMthetaE": 0.48492597519012226,
        "projMMstar": [
                10.274752214191286,
                10.30521579962405,
                10.336063094923304
        ],
        "projMMdm": [
                10.193057008674536,
                10.269454662768192,
                10.334537644117006
        ],
        "projMMtotal": [
                10.570465010469732,
                10.589578324443323,
                10.607104692528205
        ],
        "projMfdm": [
                0.42001268007935444,
                0.47852772621712325,
                0.5337122092133066
        ],
        "Dstar": 0.019316407200042542,
        "Ddm": -0.00869210766077799,
        "Dtotal": 0.010166584627569112,
        "Dfdm": -0.015657018181481387,
        "projDstar": -0.05335757585626807,
        "projDdm": 0.10019256400207054,
        "projDtotal": 0.01650238232246488,
        "projDfdm": 0.08240819661803941,
        "DthetaE": 0.001636219120771968,
        "PL_slope1": -2.6682132944149037,
        "AV_slope1": 2.7066772145332756,
        "PL_slope2": -2.189283926057516,
        "AV_slope2": 2.174584537190564
}