{
        "Reff": 0.9365665652080015,
        "R": 2.3414164130200037,
        "MthetaE": 0.46202702702702697,
        "Mstar": 10.640716130724963,
        "Mdm": 10.623906835986013,
        "Mbh": 8.274933815002441,
        "Mtotal": 10.933422799058757,
        "fdm": 0.4903249999115269,
        "projMstar": 10.720203291334967,
        "projMdm": 10.779935899085148,
        "projMtotal": 11.052125730909896,
        "projfdm": 0.5343307502741772,
        "MMstar": 10.725662806756276,
        "MMdm": 10.457671754473141,
        "MMbh": -Infinity,
        "MMtotal": 10.913048632292393,
        "Mfdm": 0.3504476258757637,
        "MMthetaE": 0.0,
        "projMMstar": 10.740184037930817,
        "projMMdm": 10.706221081155748,
        "projMMtotal": 11.024564469574118,
        "projMfdm": 0.4804593081523855,
        "Dstar": 0.2160366828775987,
        "Ddm": -0.31803055256474394,
        "Dtotal": -0.04582983429341733,
        "Dfdm": -0.28527481580788727,
        "projDstar": 0.04708212714736808,
        "projDdm": -0.15611127955850784,
        "projDtotal": -0.061490358308548716,
        "projDfdm": -0.10082040401782795,
        "DthetaE": 1.0,
        "PL_slope1": -2.1658462477336156,
        "AV_slope1": 2.214909450579198,
        "PL_slope2": -1.9422635912285588,
        "AV_slope2": 1.9659512206575849
}