{
        "Reff": 0.5148342648334497,
        "R": 1.2870856620836244,
        "MthetaE": 0.5804954954954954,
        "Mstar": 10.485052405687021,
        "Mdm": 10.343082781744615,
        "Mbh": 8.260486602783203,
        "Mtotal": 10.72087312472932,
        "fdm": 0.41899578782519636,
        "projMstar": 10.567427798541386,
        "projMdm": 10.56775212156492,
        "projMtotal": 10.868619985991932,
        "projfdm": 0.5001866953311498,
        "MMstar": [
                -Infinity,
                -Infinity,
                -Infinity
        ],
        "MMdm": [
                -Infinity,
                -Infinity,
                -Infinity
        ],
        "MMbh": -Infinity,
        "MMtotal": [
                -Infinity,
                -Infinity,
                -Infinity
        ],
        "Mfdm": [
                0.0,
                0.0,
                0.0
        ],
        "MMthetaE": 0.7258489720382846,
        "projMMstar": [
                10.4674935915562,
                10.487503655324065,
                10.50971679570703
        ],
        "projMMdm": [
                10.572008591614887,
                10.636625241452501,
                10.69197592117482
        ],
        "projMMtotal": [
                10.8425737357384,
                10.868559336727614,
                10.895572074077807
        ],
        "projMfdm": [
                0.5357807162049406,
                0.5847395069559916,
                0.6260628649580128
        ],
        "Dstar": -1.0,
        "Ddm": -1.0,
        "Dtotal": -1.0,
        "Dfdm": -1.0,
        "projDstar": -0.16809093477809453,
        "projDdm": 0.17185295604854192,
        "projDtotal": -0.0001396403413020233,
        "projDfdm": 0.16904250435702506,
        "DthetaE": -0.2503955287692962
}