{
        "Reff": 0.6860226179383073,
        "R": 1.7150565448457682,
        "MthetaE": 0.0,
        "Mstar": 10.84301596834364,
        "Mdm": 10.743585617454288,
        "Mbh": 8.453516006469727,
        "Mtotal": 11.097170128597762,
        "fdm": 0.4430119985802378,
        "projMstar": 10.942653613166152,
        "projMdm": 11.01637535019762,
        "projMtotal": 11.282106891190807,
        "projfdm": 0.5423360316663773,
        "MMstar": 10.794390041781247,
        "MMdm": 10.937504228196563,
        "MMbh": -Infinity,
        "MMtotal": 11.17284574749,
        "Mfdm": 0.5816456449885481,
        "MMthetaE": 0.0,
        "projMMstar": 10.809460980947367,
        "projMMdm": 11.333252828287371,
        "projMMtotal": 11.44698563506578,
        "projMfdm": 0.7696037819455249,
        "Dstar": -0.10592474869839123,
        "Ddm": 0.5628547273238211,
        "Dtotal": 0.19035258358365326,
        "Dfdm": 0.3129342926435459,
        "projDstar": -0.2641193762818742,
        "projDdm": 1.0743282313840918,
        "projDtotal": 0.4617689878530421,
        "projDfdm": 0.41905338574102574,
        "DthetaE": 0
}