{
        "Reff": 0.16132178706696065,
        "R": 0.18954954954954953,
        "MthetaE": 0.18954954954954953,
        "Mstar": 9.345171940693744,
        "Mdm": 8.74601141403639,
        "Mbh": 7.548817157745361,
        "Mtotal": 9.442663397311287,
        "fdm": 0.20107034205073515,
        "projMstar": 9.585940106115428,
        "projMdm": 9.095671706651812,
        "projMtotal": 9.707629180051482,
        "projfdm": 0.24436698278553526,
        "MMstar": 9.6522598245876,
        "MMdm": 8.49233284231968,
        "MMbh": -Infinity,
        "MMtotal": 9.681316633980156,
        "Mfdm": 0.06471667682612414,
        "MMthetaE": 0.20156767776074946,
        "projMMstar": 9.721336564537053,
        "projMMdm": 8.871238526465978,
        "projMMtotal": 9.778706650771868,
        "projMfdm": 0.12374620119804967,
        "Dstar": 1.028093083207428,
        "Ddm": -0.4424017163521048,
        "Dtotal": 0.7324201908761658,
        "Dfdm": -0.6781391220302669,
        "projDstar": 0.36582940498116523,
        "projDdm": -0.4035599199635416,
        "projDtotal": 0.17781605705702758,
        "projDfdm": -0.4936050697706018,
        "DthetaE": -0.06340362316745214
}