{
        "Reff": 0.3129603324922881,
        "R": 0.45018018018018013,
        "MthetaE": 0.45018018018018013,
        "Mstar": 10.157419078496352,
        "Mdm": 9.745693003339381,
        "Mbh": 8.01979923248291,
        "Mtotal": 10.299652689733843,
        "fdm": 0.27928030725671116,
        "projMstar": 10.210306231675538,
        "projMdm": 9.953741366541735,
        "projMtotal": 10.401730642113568,
        "projfdm": 0.3564599357065718,
        "MMstar": [
                10.188767973558619,
                10.205381340909303,
                10.221059358202487
        ],
        "MMdm": [
                8.727120726534457,
                8.895027551910145,
                9.00756083789907
        ],
        "MMbh": -Infinity,
        "MMtotal": [
                10.216012574168765,
                10.225597099480973,
                10.236147574724294
        ],
        "Mfdm": [
                0.03115852930242836,
                0.04693679643753574,
                0.06162610905447532
        ],
        "MMthetaE": 0.4027931353555214,
        "projMMstar": [
                10.22275186236564,
                10.238559991631613,
                10.254975403442808
        ],
        "projMMdm": [
                9.268687969685757,
                9.418542417460129,
                9.515239831506754
        ],
        "projMMtotal": [
                10.293987920835004,
                10.29872610155377,
                10.305596931974447
        ],
        "projMfdm": [
                0.09352548714108048,
                0.13119852245255836,
                0.16350240232906676
        ],
        "Dstar": 0.11676620327584944,
        "Ddm": -0.8589625170751887,
        "Dtotal": -0.1567731832621316,
        "Dfdm": -0.8319366055609786,
        "projDstar": 0.06721951960445423,
        "projDdm": -0.7083909145045996,
        "projDtotal": -0.21114812989082235,
        "projDfdm": -0.6319403408057689,
        "DthetaE": 0.10526239694891172
}