{
        "Reff": 0.23513420348217307,
        "R": 0.29617117117117114,
        "MthetaE": 0.29617117117117114,
        "Mstar": 9.876642141429853,
        "Mdm": 9.343449316493516,
        "Mbh": 7.900820732116699,
        "Mtotal": 9.988226969854768,
        "fdm": 0.22658040390447187,
        "projMstar": 10.002798214419613,
        "projMdm": 9.58959111729185,
        "projMtotal": 10.14461871342537,
        "projfdm": 0.2785944137301345,
        "MMstar": 9.979170335289531,
        "MMdm": 8.42454514618054,
        "MMbh": -Infinity,
        "MMtotal": 9.991114976615602,
        "Mfdm": 0.027128774121134364,
        "MMthetaE": 0.2847271780932828,
        "projMMstar": 10.008714968864732,
        "projMMdm": 9.282539100150366,
        "projMMtotal": 10.083478615997091,
        "projMfdm": 0.15814682748777584,
        "Dstar": 0.2662754698772796,
        "Ddm": -0.879469813186893,
        "Dtotal": 0.006672040868956039,
        "Dfdm": -0.8802686655436801,
        "projDstar": 0.013717057853875295,
        "projDdm": -0.5068852618549169,
        "projDtotal": -0.13131984019194373,
        "projDfdm": -0.4323402778601023,
        "DthetaE": 0.03863979411849754
}