{
        "Reff": 1.1035545250518053,
        "R": 0.6634234234234233,
        "MthetaE": 0.6634234234234233,
        "Mstar": 10.522028515683154,
        "Mdm": 10.064407877741875,
        "Mbh": 8.336731910705566,
        "Mtotal": 10.6519251077602,
        "fdm": 0.25851322760668544,
        "projMstar": 10.610449633395211,
        "projMdm": 10.389287224511984,
        "projMtotal": 10.814827120951854,
        "projfdm": 0.37537046949957625,
        "MMstar": -Infinity,
        "MMdm": -Infinity,
        "MMbh": -Infinity,
        "MMtotal": -Infinity,
        "Mfdm": 0.0,
        "MMthetaE": 0.6491916548593238,
        "projMMstar": 10.574101030795987,
        "projMMdm": 10.267277478679427,
        "projMMtotal": 10.748269679035579,
        "projMfdm": 0.3303754743102152,
        "Dstar": -1.0,
        "Ddm": -1.0,
        "Dtotal": -1.0,
        "Dfdm": -1.0,
        "projDstar": -0.08028896484221255,
        "projDdm": -0.24492471687370448,
        "projDtotal": -0.14208836437868944,
        "projDfdm": -0.11986823377274716,
        "DthetaE": 0.021452013995315607
}