{
        "Reff": 0.3252354630461267,
        "R": 0.8130886576153168,
        "MthetaE": 0.45018018018018013,
        "Mstar": 10.279244816479249,
        "Mdm": 10.038776024887166,
        "Mbh": 8.01979923248291,
        "Mtotal": 10.47647549649999,
        "fdm": 0.3650064411580266,
        "projMstar": 10.316428278646478,
        "projMdm": 10.200359625260543,
        "projMtotal": 10.563289996087967,
        "projfdm": 0.43358038749917766,
        "MMstar": [
                10.215135736556839,
                10.23630168859905,
                10.263389043520728
        ],
        "MMdm": [
                9.841692511195586,
                9.905155181574788,
                9.956043896273627
        ],
        "MMbh": -Infinity,
        "MMtotal": [
                10.390048013568185,
                10.40393140629388,
                10.416180166529118
        ],
        "Mfdm": [
                0.27572382315387167,
                0.3177564171305044,
                0.353049171267065
        ],
        "MMthetaE": 0.4500195182604169,
        "projMMstar": [
                10.234026755747132,
                10.25569167122781,
                10.282003168692377
        ],
        "projMMdm": [
                10.192127343686794,
                10.250304312125497,
                10.294041282683919
        ],
        "projMMtotal": [
                10.533989519862082,
                10.55342121121632,
                10.571874236930313
        ],
        "projMfdm": [
                0.45046707164450134,
                0.4968689437246115,
                0.5286790346707719
        ],
        "Dstar": -0.0941487830289889,
        "Ddm": -0.26484459145649014,
        "Dtotal": -0.1538333396208663,
        "Dfdm": -0.12944983622101533,
        "projDstar": -0.13051240041925796,
        "projDdm": 0.12187555954089867,
        "projDtotal": -0.02246747784710093,
        "projDfdm": 0.14596729476273618,
        "DthetaE": 0.00035688359202955825
}