{
        "Reff": 0.3252354630461267,
        "R": 0.8130886576153168,
        "MthetaE": 0.45018018018018013,
        "Mstar": 10.279244816479249,
        "Mdm": 10.038776024887166,
        "Mbh": 8.01979923248291,
        "Mtotal": 10.47647549649999,
        "fdm": 0.3650064411580266,
        "projMstar": 10.316428278646478,
        "projMdm": 10.200359625260543,
        "projMtotal": 10.563289996087967,
        "projfdm": 0.43358038749917766,
        "MMstar": [
                10.214218000513663,
                10.23711349962449,
                10.26552932481722
        ],
        "MMdm": [
                9.832526401797633,
                9.903001122636349,
                9.958971202025591
        ],
        "MMbh": -Infinity,
        "MMtotal": [
                10.391377620940712,
                10.403444513300887,
                10.41673162009463
        ],
        "Mfdm": [
                0.27188071304554007,
                0.31848578642550296,
                0.35509172387988397
        ],
        "MMthetaE": 0.4500195182604169,
        "projMMstar": [
                10.233203172598543,
                10.255000230882537,
                10.285034426021781
        ],
        "projMMdm": [
                10.186464624765467,
                10.24761128801448,
                10.298213419778092
        ],
        "projMMtotal": [
                10.533237660767611,
                10.55357267489365,
                10.573943916150405
        ],
        "projMfdm": [
                0.4452250470634251,
                0.4970164235101941,
                0.5331346267950159
        ],
        "Dstar": -0.09245392441543533,
        "Ddm": -0.26848186399084006,
        "Dtotal": -0.15478145610918245,
        "Dfdm": -0.12745159944282436,
        "projDstar": -0.13189561043135672,
        "projDdm": 0.11494042643275469,
        "projDtotal": -0.022126496097712424,
        "projDfdm": 0.1463074388048439,
        "DthetaE": 0.00035688359202955825,
        "PL_slope1": -2.714627203254639,
        "AV_slope1": 2.7221320200156756,
        "PL_slope2": -2.172321300007404,
        "AV_slope2": 2.1473550163071025
}