{
        "Reff": 0.9094395894549946,
        "R": 2.2735989736374864,
        "MthetaE": 0.46202702702702697,
        "Mstar": 10.63249087929843,
        "Mdm": 10.608043679512585,
        "Mbh": 8.274933815002441,
        "Mtotal": 10.921469274343053,
        "fdm": 0.4859307755243753,
        "projMstar": 10.714692474183407,
        "projMdm": 10.768149505668532,
        "projMtotal": 11.043272965876945,
        "projfdm": 0.5307335471058287,
        "MMstar": [
                -Infinity,
                -Infinity,
                -Infinity
        ],
        "MMdm": [
                -Infinity,
                -Infinity,
                -Infinity
        ],
        "MMbh": -Infinity,
        "MMtotal": [
                -Infinity,
                -Infinity,
                -Infinity
        ],
        "Mfdm": [
                0.0,
                0.0,
                0.0
        ],
        "MMthetaE": 0.5249657346094901,
        "projMMstar": [
                10.709202255693747,
                10.71241533064028,
                10.717161456446881
        ],
        "projMMdm": [
                10.599255059014757,
                10.636344456430683,
                10.717772632725442
        ],
        "projMMtotal": [
                10.96139942526011,
                10.97674856985419,
                11.015302969155764
        ],
        "projMfdm": [
                0.4343139936259825,
                0.45561854804709767,
                0.5027978069024969
        ],
        "Dstar": -1.0,
        "Ddm": -1.0,
        "Dtotal": -1.0,
        "Dfdm": -1.0,
        "projDstar": -0.005229594585341441,
        "projDdm": -0.26176445715459423,
        "projDtotal": -0.14202308255638646,
        "projDfdm": -0.14153052782953815,
        "DthetaE": -0.13622299973975652
}