{
        "Reff": 0.9662426539989696,
        "R": 0.45018018018018013,
        "MthetaE": 0.45018018018018013,
        "Mstar": 10.307116544969112,
        "Mdm": 9.689914983895168,
        "Mbh": 8.30414867401123,
        "Mtotal": 10.401040182296704,
        "fdm": 0.19447993540979114,
        "projMstar": 10.389112670322442,
        "projMdm": 9.993272781079773,
        "projMtotal": 10.53584177711993,
        "projfdm": 0.286702185777595,
        "MMstar": 10.342853959781902,
        "MMdm": 9.453436652421031,
        "MMbh": -Infinity,
        "MMtotal": 10.395547099871903,
        "Mfdm": 0.1142587721036802,
        "MMthetaE": 0.4500195182604169,
        "projMMstar": 10.369201377046904,
        "projMMdm": 9.905046440700326,
        "projMMtotal": 10.49741816628222,
        "projMfdm": 0.25563968540041404,
        "Dstar": 0.08576894235221834,
        "Ddm": -0.4198748836545578,
        "Dtotal": -0.01256863626993905,
        "Dfdm": -0.4124906928680119,
        "projDstar": -0.04481233225416276,
        "projDdm": -0.183843094350193,
        "projDtotal": -0.08467275563741943,
        "projDfdm": -0.10834413519706203,
        "DthetaE": 0.00035688359202955825
}