{
        "Reff": 0.3129603324922881,
        "R": 0.45018018018018013,
        "MthetaE": 0.45018018018018013,
        "Mstar": 10.157419078496352,
        "Mdm": 9.745693003339381,
        "Mbh": 8.01979923248291,
        "Mtotal": 10.299652689733843,
        "fdm": 0.27928030725671116,
        "projMstar": 10.210306231675538,
        "projMdm": 9.953741366541735,
        "projMtotal": 10.401730642113568,
        "projfdm": 0.3564599357065718,
        "MMstar": [
                10.212590918095415,
                10.234476983728115,
                10.257206074116992
        ],
        "MMdm": [
                8.187831930932827,
                8.578456344205783,
                8.791279605048507
        ],
        "MMbh": -Infinity,
        "MMtotal": [
                10.227250144643634,
                10.244240822715334,
                10.263391748021167
        ],
        "Mfdm": [
                0.008585396761548531,
                0.02138459192793074,
                0.0362176812231006
        ],
        "MMthetaE": 0.4027931353555214,
        "projMMstar": [
                10.24377232152909,
                10.264601292785702,
                10.287329762046028
        ],
        "projMMdm": [
                8.873011351723889,
                9.279554617045186,
                9.431919888893892
        ],
        "projMMtotal": [
                10.294566520567018,
                10.303303319096075,
                10.321036682952094
        ],
        "projMfdm": [
                0.037314414916583,
                0.09368086262458025,
                0.13261924562046867
        ],
        "Dstar": 0.19414731156947931,
        "Ddm": -0.9319601510392919,
        "Dtotal": -0.119786281418612,
        "Dfdm": -0.9234296462289614,
        "projDstar": 0.13316998120576354,
        "projDdm": -0.7882549578214971,
        "projDtotal": -0.20279011153356288,
        "projDfdm": -0.7371910466210267,
        "DthetaE": 0.10526239694891172
}