{
        "Reff": 0.9365583424776649,
        "R": 0.533108108108108,
        "MthetaE": 0.533108108108108,
        "Mstar": 10.31006509796883,
        "Mdm": 9.833454064524009,
        "Mbh": 8.183881759643555,
        "Mtotal": 10.435131446102673,
        "fdm": 0.25022034492304296,
        "projMstar": 10.391067736586477,
        "projMdm": 10.102557322907726,
        "projMtotal": 10.571372417928766,
        "projfdm": 0.33976990204554613,
        "MMstar": -Infinity,
        "MMdm": -Infinity,
        "MMbh": -Infinity,
        "MMtotal": -Infinity,
        "Mfdm": 0.0,
        "MMthetaE": 0.509223606974525,
        "projMMstar": 10.289333178945869,
        "projMMdm": 10.141384809103737,
        "projMMtotal": 10.522658839437241,
        "projMfdm": 0.41564826275844075,
        "Dstar": -1.0,
        "Ddm": -1.0,
        "Dtotal": -1.0,
        "Dfdm": -1.0,
        "projDstar": -0.20883795864370783,
        "projDdm": 0.09352190278234015,
        "projDtotal": -0.10610517814447468,
        "projDfdm": 0.22332278479075854,
        "DthetaE": 0.04480235954081493
}