{
        "Reff": 0.9365583424776649,
        "R": 0.533108108108108,
        "MthetaE": 0.533108108108108,
        "Mstar": 10.31006509796883,
        "Mdm": 9.833454064524009,
        "Mbh": 8.183881759643555,
        "Mtotal": 10.435131446102673,
        "fdm": 0.25022034492304296,
        "projMstar": 10.391067736586477,
        "projMdm": 10.102557322907726,
        "projMtotal": 10.571372417928766,
        "projfdm": 0.33976990204554613,
        "MMstar": -Infinity,
        "MMdm": -Infinity,
        "MMbh": -Infinity,
        "MMtotal": -Infinity,
        "Mfdm": 0.0,
        "MMthetaE": 0.5249657346094901,
        "projMMstar": 10.290900108831195,
        "projMMdm": 10.154217204557202,
        "projMMtotal": 10.528943779594785,
        "projMfdm": 0.4219620804950592,
        "Dstar": -1.0,
        "Ddm": -1.0,
        "Dtotal": -1.0,
        "Dfdm": -1.0,
        "projDstar": -0.20597829867893747,
        "projDdm": 0.12631503543992942,
        "projDtotal": -0.09307502509498215,
        "projDfdm": 0.24190541291233966,
        "DthetaE": 0.015273400225544362
}