{
        "Reff": 0.4869602608436852,
        "R": 1.220225225225225,
        "MthetaE": 1.220225225225225,
        "Mstar": 10.87244459182217,
        "Mdm": 10.637575202464305,
        "Mbh": 8.438713073730469,
        "Mtotal": 11.071727465792158,
        "fdm": 0.3679999305160368,
        "projMstar": 10.97001301300598,
        "projMdm": 10.903444554972886,
        "projMtotal": 11.239032980836678,
        "projfdm": 0.4617549652833109,
        "MMstar": [
                10.842932617905118,
                10.870412483527888,
                10.897653884147397
        ],
        "MMdm": [
                10.541354211141092,
                10.584347595708438,
                10.628873289404869
        ],
        "MMbh": -Infinity,
        "MMtotal": [
                11.040695674171165,
                11.052275833495596,
                11.06442622435545
        ],
        "Mfdm": [
                0.3084508119463146,
                0.3410594825812432,
                0.3781849412707616
        ],
        "MMthetaE": 1.2538946881415722,
        "projMMstar": [
                10.855394190872888,
                10.883051921712239,
                10.909812058645047
        ],
        "projMMdm": [
                10.865348154473907,
                10.90014435539462,
                10.932068914059021
        ],
        "projMMtotal": [
                11.188385491859856,
                11.192594916797065,
                11.196972727357547
        ],
        "projMfdm": [
                0.475073631591619,
                0.5099819038027473,
                0.5438741172041798
        ],
        "Dstar": -0.004668172320844884,
        "Ddm": -0.11534814349693599,
        "Dtotal": -0.04380081828724099,
        "Dfdm": -0.07320775277597394,
        "projDstar": -0.18146188182322365,
        "projDdm": -0.007570191020418244,
        "projDtotal": -0.10140926600903825,
        "projDfdm": 0.1044427069448981,
        "DthetaE": -0.027592826488349813
}