{
        "Reff": 0.4869602608436852,
        "R": 1.220225225225225,
        "MthetaE": 1.220225225225225,
        "Mstar": 10.87244459182217,
        "Mdm": 10.637575202464305,
        "Mbh": 8.438713073730469,
        "Mtotal": 11.071727465792158,
        "fdm": 0.3679999305160368,
        "projMstar": 10.97001301300598,
        "projMdm": 10.903444554972886,
        "projMtotal": 11.239032980836678,
        "projfdm": 0.4617549652833109,
        "MMstar": [
                10.839954099712008,
                10.870804257679067,
                10.898454232218215
        ],
        "MMdm": [
                10.541797900679459,
                10.587927733264616,
                10.632125971025175
        ],
        "MMbh": -Infinity,
        "MMtotal": [
                11.041830839945787,
                11.052677159957327,
                11.063325296087617
        ],
        "Mfdm": [
                0.3072620962518012,
                0.34247332185824414,
                0.38227838754533594
        ],
        "MMthetaE": 1.2730590174363126,
        "projMMstar": [
                10.851731737320518,
                10.883165280755446,
                10.910525761215633
        ],
        "projMMdm": [
                10.864028847506043,
                10.900243655749192,
                10.935404931242527
        ],
        "projMMtotal": [
                11.188148788287096,
                11.192649122627607,
                11.19731314321922
        ],
        "projMfdm": [
                0.4738081507032186,
                0.5100582341820951,
                0.5483081239741038
        ],
        "Dstar": -0.0037698850190158078,
        "Ddm": -0.10802531110598822,
        "Dtotal": -0.04291679739019397,
        "Dfdm": -0.0693657974934869,
        "projDstar": -0.18124820006436282,
        "projDdm": -0.007343248465687867,
        "projDtotal": -0.10129710272128849,
        "projDfdm": 0.10460801189034877,
        "DthetaE": -0.043298393705420775
}