{
        "Reff": 0.544754228166559,
        "R": 1.3618855704163977,
        "MthetaE": 0.6397297297297296,
        "Mstar": 10.514315208436313,
        "Mdm": 10.434754337870459,
        "Mbh": 8.265588760375977,
        "Mtotal": 10.777384127747368,
        "fdm": 0.45432873975917076,
        "projMstar": 10.612744809851986,
        "projMdm": 10.67090916452487,
        "projMtotal": 10.943829988181458,
        "projfdm": 0.5334321367791579,
        "MMstar": 10.575596197796107,
        "MMdm": 10.342295092212037,
        "MMbh": -Infinity,
        "MMtotal": 10.775456858861707,
        "Mfdm": 0.36884018684284664,
        "MMthetaE": 0.6365295087181563,
        "projMMstar": 10.601506371520475,
        "projMMdm": 10.619605559136719,
        "projMMtotal": 10.911680239443854,
        "projMfdm": 0.5104172222253958,
        "Dstar": 0.15154519991651738,
        "Ddm": -0.19175922885776184,
        "Dtotal": -0.004427868562242824,
        "Dfdm": -0.18816452809399564,
        "projDstar": -0.025545508609828987,
        "projDdm": -0.11142028517647283,
        "projDtotal": -0.07135387416920658,
        "projDfdm": -0.04314497190350264,
        "DthetaE": 0.005002457855015387
}