{
        "Reff": 0.544754228166559,
        "R": 1.3618855704163977,
        "MthetaE": 0.6397297297297296,
        "Mstar": 10.514315208436313,
        "Mdm": 10.434754337870459,
        "Mbh": 8.265588760375977,
        "Mtotal": 10.777384127747368,
        "fdm": 0.45432873975917076,
        "projMstar": 10.612744809851986,
        "projMdm": 10.67090916452487,
        "projMtotal": 10.943829988181458,
        "projfdm": 0.5334321367791579,
        "MMstar": 10.575763752603903,
        "MMdm": 10.33997003986667,
        "MMbh": -Infinity,
        "MMtotal": 10.774706704361291,
        "Mfdm": 0.3675050705375759,
        "MMthetaE": 0.6365295087181563,
        "projMMstar": 10.601629444952177,
        "projMMdm": 10.617945102253072,
        "projMMtotal": 10.91089388347403,
        "projMfdm": 0.5093909428398272,
        "Dstar": 0.15198956236600802,
        "Ddm": -0.19607468960207375,
        "Dtotal": -0.006146030585869099,
        "Dfdm": -0.191103185036496,
        "projDstar": -0.025269321694904097,
        "projDdm": -0.11481114410763639,
        "projDtotal": -0.07303380735562787,
        "projDfdm": -0.0450688893333095,
        "DthetaE": 0.005002457855015387,
        "PL_slope1": -2.6846840809363233,
        "AV_slope1": 2.6152601414692556,
        "PL_slope2": -1.7173052734783605,
        "AV_slope2": 1.7394923981948907
}