{
        "Reff": 0.9365583424776649,
        "R": 2.341395856194162,
        "MthetaE": 0.533108108108108,
        "Mstar": 10.604333704610394,
        "Mdm": 10.634934192831413,
        "Mbh": 8.183881759643555,
        "Mtotal": 10.920933403323664,
        "fdm": 0.5176077729134222,
        "projMstar": 10.682572097391489,
        "projMdm": 10.838119149014558,
        "projMtotal": 11.068302560459982,
        "projfdm": 0.5885950271362097,
        "MMstar": [
                10.576257514092186,
                10.601762302446831,
                10.622201389104534
        ],
        "MMdm": [
                10.586030069310297,
                10.633625855282984,
                10.678576283880329
        ],
        "MMbh": -Infinity,
        "MMtotal": [
                10.90365316329428,
                10.91834655873693,
                10.93323425410693
        ],
        "Mfdm": [
                0.47982249144989536,
                0.5171681756083811,
                0.5575382414358122
        ],
        "MMthetaE": 0.5475522655640054,
        "projMMstar": [
                10.599089852371343,
                10.624198903469312,
                10.645109705589999
        ],
        "projMMdm": [
                10.803823629633026,
                10.84826249571673,
                10.890465904468256
        ],
        "projMMtotal": [
                11.029797790205818,
                11.050720361793294,
                11.072779343339437
        ],
        "projMfdm": [
                0.5934919403402882,
                0.6276656780981877,
                0.660881832949989
        ],
        "Dstar": -0.005903378468829692,
        "Ddm": -0.003008025334468183,
        "Dtotal": -0.005938725424457946,
        "Dfdm": -0.0008492865216585361,
        "projDstar": -0.1257677847891411,
        "projDdm": 0.023630804278599808,
        "projDtotal": -0.03967595879384499,
        "projDfdm": 0.0663795125012779,
        "DthetaE": -0.027094237052887268,
        "PL_slope1": -2.4514422099321127,
        "AV_slope1": 2.428316168268858,
        "PL_slope2": -1.8773819205800817,
        "AV_slope2": 1.8856424688569866
}