{
        "Reff": 0.9365583424776649,
        "R": 0.533108108108108,
        "MthetaE": 0.533108108108108,
        "Mstar": 10.31006509796883,
        "Mdm": 9.833454064524009,
        "Mbh": 8.183881759643555,
        "Mtotal": 10.435131446102673,
        "fdm": 0.25022034492304296,
        "projMstar": 10.391067736586477,
        "projMdm": 10.102557322907726,
        "projMtotal": 10.571372417928766,
        "projfdm": 0.33976990204554613,
        "MMstar": -Infinity,
        "MMdm": -Infinity,
        "MMbh": -Infinity,
        "MMtotal": -Infinity,
        "Mfdm": 0.0,
        "MMthetaE": 0.5475522655640054,
        "projMMstar": 10.241285449954034,
        "projMMdm": 10.23810908658198,
        "projMMtotal": 10.540730167854962,
        "projMfdm": 0.49817154641307815,
        "Dstar": -1.0,
        "Ddm": -1.0,
        "Dtotal": -1.0,
        "Dfdm": -1.0,
        "projDstar": -0.2916992309075132,
        "projDdm": 0.3663179177799017,
        "projDtotal": -0.06812480875370082,
        "projDfdm": 0.46620269604191805,
        "DthetaE": -0.027094237052887268
}