{
        "Reff": 0.9094395894549946,
        "R": 2.2735989736374864,
        "MthetaE": 0.46202702702702697,
        "Mstar": 10.63249087929843,
        "Mdm": 10.608043679512585,
        "Mbh": 8.274933815002441,
        "Mtotal": 10.921469274343053,
        "fdm": 0.4859307755243753,
        "projMstar": 10.714692474183407,
        "projMdm": 10.768149505668532,
        "projMtotal": 11.043272965876945,
        "projfdm": 0.5307335471058287,
        "MMstar": [
                -Infinity,
                -Infinity,
                -Infinity
        ],
        "MMdm": [
                -Infinity,
                -Infinity,
                -Infinity
        ],
        "MMbh": -Infinity,
        "MMtotal": [
                -Infinity,
                -Infinity,
                -Infinity
        ],
        "Mfdm": [
                0.0,
                0.0,
                0.0
        ],
        "MMthetaE": 0.458917242575832,
        "projMMstar": [
                10.72656286511264,
                10.734742053950873,
                10.747911268000355
        ],
        "projMMdm": [
                10.470633263669432,
                10.613857838805172,
                10.69708761466226
        ],
        "projMMtotal": [
                10.930875956723948,
                10.980264835502716,
                11.012253200457716
        ],
        "projMfdm": [
                0.34579743787730977,
                0.4307345380632098,
                0.4835170935955028
        ],
        "Dstar": -1.0,
        "Ddm": -1.0,
        "Dtotal": -1.0,
        "Dfdm": -1.0,
        "projDstar": 0.047248096780219094,
        "projDdm": -0.29901563222750366,
        "projDtotal": -0.13504827403204728,
        "projDfdm": -0.18841659734518149,
        "DthetaE": 0.006730741426979472
}