{
        "Reff": 0.5148342648334497,
        "R": 1.2870856620836244,
        "MthetaE": 0.5804954954954954,
        "Mstar": 10.485052405687021,
        "Mdm": 10.343082781744615,
        "Mbh": 8.260486602783203,
        "Mtotal": 10.72087312472932,
        "fdm": 0.41899578782519636,
        "projMstar": 10.567427798541386,
        "projMdm": 10.56775212156492,
        "projMtotal": 10.868619985991932,
        "projfdm": 0.5001866953311498,
        "MMstar": 10.425670614571526,
        "MMdm": 10.380218681625184,
        "MMbh": -Infinity,
        "MMtotal": 10.7045689801403,
        "Mfdm": 0.4738596196302342,
        "MMthetaE": 0.5694543561865656,
        "projMMstar": 10.444968807895478,
        "projMMdm": 10.728804646057643,
        "projMMtotal": 10.91070325745785,
        "projMfdm": 0.6578113893666923,
        "Dstar": -0.1277957292137083,
        "Ddm": 0.08927089578913931,
        "Dtotal": -0.03684572766008363,
        "Dfdm": 0.13094124905123594,
        "projDstar": -0.24570538133940484,
        "projDdm": 0.4489470816713871,
        "projDtotal": 0.10175053853760703,
        "projDfdm": 0.31513172082913293,
        "DthetaE": 0.019020198080099457
}