{
        "Reff": 0.36422601544215016,
        "R": 0.9105650386053754,
        "MthetaE": 0.40279279279279273,
        "Mstar": 10.27293859069873,
        "Mdm": 10.113967989717644,
        "Mbh": 8.177248001098633,
        "Mtotal": 10.501716802955189,
        "fdm": 0.40949743592464155,
        "projMstar": 10.358796827178473,
        "projMdm": 10.355252888833848,
        "projMtotal": 10.658058468574506,
        "projfdm": 0.4979599564196837,
        "MMstar": [
                10.292375703081387,
                10.313495326699545,
                10.336362847710546
        ],
        "MMdm": [
                9.817619212846957,
                9.890953171946753,
                9.955240938417601
        ],
        "MMbh": -Infinity,
        "MMtotal": [
                10.44756135239938,
                10.452749901181162,
                10.45969160346694
        ],
        "Mfdm": [
                0.23251828020419357,
                0.273957578077112,
                0.3150668112260853
        ],
        "MMthetaE": 0.4027931353555214,
        "projMMstar": [
                10.305310957569608,
                10.32662311190018,
                10.349344250977312
        ],
        "projMMdm": [
                10.100182114207607,
                10.183421507278917,
                10.252296561508881
        ],
        "projMMtotal": [
                10.541563047493488,
                10.56267418331093,
                10.581915310164586
        ],
        "projMfdm": [
                0.3627775685137594,
                0.4180217387473273,
                0.4706602830804704
        ],
        "Dstar": 0.09788470798155885,
        "Ddm": -0.4016088219033213,
        "Dtotal": -0.10662643353783907,
        "Dfdm": -0.33099073634363974,
        "projDstar": -0.07140512009101695,
        "projDdm": -0.3267620042007091,
        "projDtotal": -0.19718456304628465,
        "projDfdm": -0.16053141752021524,
        "DthetaE": -8.504688634280417e-07,
        "PL_slope1": -2.5117978642925194,
        "AV_slope1": 2.4612031805282664,
        "PL_slope2": -2.3015997397516625,
        "AV_slope2": 2.290917171153475
}