{
        "Reff": 0.9365583424776649,
        "R": 0.533108108108108,
        "MthetaE": 0.533108108108108,
        "Mstar": 10.31006509796883,
        "Mdm": 9.833454064524009,
        "Mbh": 8.183881759643555,
        "Mtotal": 10.435131446102673,
        "fdm": 0.25022034492304296,
        "projMstar": 10.391067736586477,
        "projMdm": 10.102557322907726,
        "projMtotal": 10.571372417928766,
        "projfdm": 0.33976990204554613,
        "MMstar": 10.347793724282846,
        "MMdm": 9.544154765992467,
        "MMbh": -Infinity,
        "MMtotal": 10.411189720560477,
        "Mfdm": 0.13582041259508704,
        "MMthetaE": 0.5249657346094901,
        "projMMstar": 10.380329611613032,
        "projMMdm": 9.961374292083176,
        "projMMtotal": 10.520556318488731,
        "projMfdm": 0.2759421054110869,
        "Dstar": 0.09075855097710256,
        "Ddm": -0.48631048487135964,
        "Dtotal": -0.053635862217307484,
        "Dfdm": -0.45719676536750214,
        "projDstar": -0.024422276449913845,
        "projDdm": -0.2775347392513571,
        "projDtotal": -0.11042227314246725,
        "projDfdm": -0.18785594677513,
        "DthetaE": 0.015273400225544362
}