{
        "Reff": 0.3555664498963653,
        "R": 0.8889161247409133,
        "MthetaE": 0.7108108108108108,
        "Mstar": 10.480430779715173,
        "Mdm": 10.35153228832647,
        "Mbh": 8.265618324279785,
        "Mtotal": 10.721776209571578,
        "fdm": 0.4263399979307349,
        "projMstar": 10.52668112853081,
        "projMdm": 10.557453231213469,
        "projMtotal": 10.843369664689648,
        "projfdm": 0.5177064389389725,
        "MMstar": [
                10.390813225636553,
                10.435573205875908,
                10.469101207712983
        ],
        "MMdm": [
                10.305368357423431,
                10.358405450525385,
                10.40357450033245
        ],
        "MMbh": -Infinity,
        "MMtotal": [
                10.68569694842329,
                10.700122760943078,
                10.709800764528755
        ],
        "Mfdm": [
                0.41143970359729626,
                0.4542009632888543,
                0.5057522321112036
        ],
        "MMthetaE": 0.815168435358413,
        "projMMstar": [
                10.405368483509458,
                10.449527997951863,
                10.482619385776584
        ],
        "projMMdm": [
                10.581609950793295,
                10.614635751384004,
                10.64854010015714
        ],
        "projMMtotal": [
                10.832656970002281,
                10.840332727831719,
                10.84723666868641
        ],
        "projMfdm": [
                0.5570069961387802,
                0.5935169447618427,
                0.6372278447440005
        ],
        "Dstar": -0.09813314513559851,
        "Ddm": 0.01595193586822058,
        "Dtotal": -0.048636355191574825,
        "Dfdm": 0.06534917083394506,
        "projDstar": -0.1627659754492309,
        "projDdm": 0.14072909902675879,
        "projDtotal": -0.006968412763885006,
        "projDfdm": 0.14643531569404872,
        "DthetaE": -0.14681490905936434
}