{
        "Reff": 0.3555664498963653,
        "R": 0.8889161247409133,
        "MthetaE": 0.7108108108108108,
        "Mstar": 10.480430779715173,
        "Mdm": 10.35153228832647,
        "Mbh": 8.265618324279785,
        "Mtotal": 10.721776209571578,
        "fdm": 0.4263399979307349,
        "projMstar": 10.52668112853081,
        "projMdm": 10.557453231213469,
        "projMtotal": 10.843369664689648,
        "projfdm": 0.5177064389389725,
        "MMstar": [
                10.394220617704038,
                10.439101151420147,
                10.471264117457382
        ],
        "MMdm": [
                10.304412177676332,
                10.356283389895552,
                10.399018499472573
        ],
        "MMbh": -Infinity,
        "MMtotal": [
                10.685409274878236,
                10.699513767249266,
                10.709497109434947
        ],
        "Mfdm": [
                0.4070601405387527,
                0.45396261915514075,
                0.5002554374712656
        ],
        "MMthetaE": 0.9736163722059971,
        "projMMstar": [
                10.407694931135284,
                10.452511634015984,
                10.484738597057335
        ],
        "projMMdm": [
                10.578742919973669,
                10.609775370452404,
                10.648353799455327
        ],
        "projMMtotal": [
                10.832135584820778,
                10.839296161087177,
                10.84723690488772
        ],
        "projMfdm": [
                0.5553978891397982,
                0.5894970419562593,
                0.6372287761070218
        ],
        "Dstar": -0.09077708696877901,
        "Ddm": 0.01099987424164979,
        "Dtotal": -0.04996947927530947,
        "Dfdm": 0.06479012374741705,
        "projDstar": -0.15699431094848318,
        "projDdm": 0.1280338684481722,
        "projDtotal": -0.009335737538449594,
        "projDfdm": 0.13867048508112048,
        "DthetaE": -0.3697264551947488
}