{
        "Reff": 0.34651468388585527,
        "R": 1.0469619550928646,
        "Mstar": 11.050399311639293,
        "Mdm": 10.790380694727535,
        "Mbh": 8.772610664367676,
        "Mtotal": 11.24059574585391,
        "fdm": 0.3546377385318364,
        "MMstar": 11.127199219651192,
        "MMdm": 10.627420171425468,
        "MMbh": -Infinity,
        "MMtotal": 11.246583362320342,
        "Mfdm": 0.24034595041470153,
        "Dstar": 0.19343812642812444,
        "Ddm": -0.3128691036867309,
        "Dtotal": 0.013882475337874069,
        "Dfdm": -0.32227756862620166
}