{
        "Reff": 0.16132178706696065,
        "R": 0.40330446766740163,
        "MthetaE": 0.18954954954954953,
        "Mstar": 9.599760029832073,
        "Mdm": 9.279234321206893,
        "Mbh": 7.548817157745361,
        "Mtotal": 9.769449468963973,
        "fdm": 0.32343338962162704,
        "projMstar": 9.717313111667044,
        "projMdm": 9.527509505220532,
        "projMtotal": 9.93372876526527,
        "projfdm": 0.39244675278136476,
        "MMstar": 9.819808550501156,
        "MMdm": 8.943398876986869,
        "MMbh": -Infinity,
        "MMtotal": 9.874007793463521,
        "Mfdm": 0.11732514065107483,
        "MMthetaE": 0.20156767776074946,
        "projMMstar": 9.852399948174558,
        "projMMdm": 9.313082083029547,
        "projMMtotal": 9.962604512095764,
        "projMfdm": 0.22411842972035315,
        "Dstar": 0.6597723317726133,
        "Ddm": -0.5385075973908265,
        "Dtotal": 0.27220859256771884,
        "Dfdm": -0.6372509938187605,
        "projDstar": 0.3648560101482951,
        "projDdm": -0.3896589537686862,
        "projDtotal": 0.06874906263412722,
        "projDfdm": -0.4289201576214562,
        "DthetaE": -0.06340362316745214,
        "PL_slope1": -2.9754188394652568,
        "AV_slope1": 2.940209400147326,
        "PL_slope2": -2.853036515857731,
        "AV_slope2": 2.8763125869415798
}