{
        "Reff": 0.3939136227063193,
        "R": 0.45018018018018013,
        "MthetaE": 0.45018018018018013,
        "Mstar": 10.143283281527738,
        "Mdm": 9.666221446383181,
        "Mbh": 8.139239311218262,
        "Mtotal": 10.268236873791992,
        "fdm": 0.2500256543701848,
        "projMstar": 10.238793465359723,
        "projMdm": 9.866167182171507,
        "projMtotal": 10.392305795077736,
        "projfdm": 0.29775659339548977,
        "MMstar": 10.19629399240521,
        "MMdm": 9.168675178117997,
        "MMbh": -Infinity,
        "MMtotal": 10.235247208683408,
        "Mfdm": 0.08578828174756688,
        "MMthetaE": 0.4500195182604169,
        "projMMstar": 10.242886794052298,
        "projMMdm": 9.552165363148232,
        "projMMtotal": 10.32345372786044,
        "projMfdm": 0.16932131601828723,
        "Dstar": 0.12982377884178456,
        "Ddm": -0.6819805136923128,
        "Dtotal": -0.07314812061957812,
        "Dfdm": -0.6568820829059813,
        "projDstar": 0.009469795058525575,
        "projDdm": -0.5147135324430921,
        "projDtotal": -0.14660924685306853,
        "projDfdm": -0.4313431850914909,
        "DthetaE": 0.00035688359202955825
}