{
        "Reff": 0.3939136227063193,
        "R": 0.45018018018018013,
        "MthetaE": 0.45018018018018013,
        "Mstar": 10.143283281527738,
        "Mdm": 9.666221446383181,
        "Mbh": 8.139239311218262,
        "Mtotal": 10.268236873791992,
        "fdm": 0.2500256543701848,
        "projMstar": 10.238793465359723,
        "projMdm": 9.866167182171507,
        "projMtotal": 10.392305795077736,
        "projfdm": 0.29775659339548977,
        "MMstar": 10.194600651260556,
        "MMdm": 9.198459410438323,
        "MMbh": -Infinity,
        "MMtotal": 10.236345552903476,
        "Mfdm": 0.09164607240792673,
        "MMthetaE": 0.458917242575832,
        "projMMstar": 10.240520897131889,
        "projMMdm": 9.572458450947668,
        "projMMtotal": 10.325008579421997,
        "projMfdm": 0.17678681496386717,
        "Dstar": 0.1254271028184515,
        "Ddm": -0.6594052384836374,
        "Dtotal": -0.07080111688648755,
        "Dfdm": -0.6334533244647099,
        "projDstar": 0.0039854796327294245,
        "projDdm": -0.49149963525520163,
        "projDtotal": -0.14354848025447386,
        "projDfdm": -0.4062706959806821,
        "DthetaE": -0.019407923272310522
}