{
        "Reff": 0.41926087573428844,
        "R": 1.048152189335721,
        "MthetaE": 0.37909909909909906,
        "Mstar": 10.368959787027727,
        "Mdm": 10.167612661655273,
        "Mbh": 8.278263092041016,
        "Mtotal": 10.58088173208385,
        "fdm": 0.3861276746118224,
        "projMstar": 10.46300205690702,
        "projMdm": 10.48531827130692,
        "projMtotal": 10.775333483789968,
        "projfdm": 0.5128434197786145,
        "MMstar": 10.434061132539135,
        "MMdm": 10.032487760199562,
        "MMbh": -Infinity,
        "MMtotal": 10.579154162355225,
        "Mfdm": 0.2840099777702288,
        "MMthetaE": 0.38191770523089374,
        "projMMstar": 10.44619923798512,
        "projMMdm": 10.569946365491306,
        "projMMtotal": 10.813495504193739,
        "projMfdm": 0.5707564936791287,
        "Dstar": 0.16171967724005157,
        "Ddm": -0.2673861941304502,
        "Dtotal": -0.0039699750345201824,
        "Dfdm": -0.2644661430814392,
        "projDstar": -0.0379510253087949,
        "projDdm": 0.21514497190804005,
        "projDtotal": 0.09184759143616537,
        "projDfdm": 0.11292544988783187,
        "DthetaE": -0.007435011421796824
}