{
        "Reff": 0.41926087573428844,
        "R": 1.048152189335721,
        "MthetaE": 0.37909909909909906,
        "Mstar": 10.368959787027727,
        "Mdm": 10.167612661655273,
        "Mbh": 8.278263092041016,
        "Mtotal": 10.58088173208385,
        "fdm": 0.3861276746118224,
        "projMstar": 10.46300205690702,
        "projMdm": 10.48531827130692,
        "projMtotal": 10.775333483789968,
        "projfdm": 0.5128434197786145,
        "MMstar": 10.434703742933976,
        "MMdm": 10.02212234426684,
        "MMbh": -Infinity,
        "MMtotal": 10.5766986486422,
        "Mfdm": 0.27888406214769557,
        "MMthetaE": 0.38191770523089374,
        "projMMstar": 10.446772310629823,
        "projMMdm": 10.555602161364599,
        "projMMtotal": 10.805617308304038,
        "projMfdm": 0.5623217126881945,
        "Dstar": 0.16343990568791775,
        "Ddm": -0.28466465767448207,
        "Dtotal": -0.009585667346151941,
        "Dfdm": -0.2777413262904292,
        "projDstar": -0.03668071706715307,
        "projDdm": 0.17566581423649924,
        "projDtotal": 0.07221980422473853,
        "projDfdm": 0.09647836162339564,
        "DthetaE": -0.007435011421796824
}