{
        "Reff": 0.1610837669734156,
        "R": 0.40270941743353894,
        "MthetaE": 0.18954954954954953,
        "Mstar": 9.59925175767073,
        "Mdm": 9.2785085095605,
        "Mbh": 7.548817157745361,
        "Mtotal": 9.768870849191126,
        "fdm": 0.3233237895645361,
        "projMstar": 9.717139581904535,
        "projMdm": 9.526572642013694,
        "projMtotal": 9.93325582769927,
        "projfdm": 0.39202775390066114,
        "MMstar": [
                9.737948814975194,
                9.786934999972875,
                9.825296147502776
        ],
        "MMdm": [
                8.90417434593165,
                9.07066861333336,
                9.202419647507314
        ],
        "MMbh": -Infinity,
        "MMtotal": [
                9.838921818829325,
                9.861947480704112,
                9.886099369781565
        ],
        "Mfdm": [
                0.10854147907783761,
                0.1629197003438747,
                0.22126036276457728
        ],
        "MMthetaE": 0.20156767776074946,
        "projMMstar": [
                9.770229747698622,
                9.819437421459979,
                9.858103062577252
        ],
        "projMMdm": [
                9.27422335714665,
                9.390870022871923,
                9.492193557237036
        ],
        "projMMtotal": [
                9.934019207131023,
                9.955495143534623,
                9.977196541539447
        ],
        "projMfdm": [
                0.2079255447414269,
                0.2712235762202727,
                0.33965633731219746
        ],
        "Dstar": 0.5405764058808543,
        "Ddm": -0.38033052428702485,
        "Dtotal": 0.23901519219186806,
        "Dfdm": -0.49610976487903746,
        "projDstar": 0.2656040023076333,
        "projDdm": -0.2683601014357897,
        "projDtotal": 0.05254171197668905,
        "projDfdm": -0.3081521052486501,
        "DthetaE": -0.06340362316745214
}