{
        "Reff": 0.23513420348217307,
        "R": 0.5878355087054327,
        "MthetaE": 0.29617117117117114,
        "Mstar": 10.050722827275926,
        "Mdm": 9.733344266485139,
        "Mbh": 7.900820732116699,
        "Mtotal": 10.22143265648222,
        "fdm": 0.3250211405665837,
        "projMstar": 10.118482880290474,
        "projMdm": 9.9181948845171,
        "projMtotal": 10.330814090773245,
        "projfdm": 0.3867058960445534,
        "MMstar": [
                10.113234476423392,
                10.12815879301176,
                10.144542971624501
        ],
        "MMdm": [
                9.002197373027046,
                9.076649260833872,
                9.144424611873685
        ],
        "MMbh": -Infinity,
        "MMtotal": [
                10.15530277140358,
                10.166006969922291,
                10.177034865818628
        ],
        "Mfdm": [
                0.0675369461780266,
                0.08216440340096957,
                0.09596904539338627
        ],
        "MMthetaE": 0.3247669375126507,
        "projMMstar": [
                10.132994994964632,
                10.148171599693194,
                10.164437651324855
        ],
        "projMMdm": [
                9.856776936352711,
                9.937759548637015,
                10.00148354165693
        ],
        "projMMtotal": [
                10.337225937446684,
                10.357315680305986,
                10.374490929407372
        ],
        "projMfdm": [
                0.32936967359005775,
                0.3828489195980496,
                0.42266894787269155
        ],
        "Dstar": 0.1951872890779574,
        "Ddm": -0.7795525932434856,
        "Dtotal": -0.11981428996330938,
        "Dfdm": -0.7472028949940337,
        "projDstar": 0.07075156887844718,
        "projDdm": 0.046079434487471024,
        "projDtotal": 0.06292247360138097,
        "projDfdm": -0.009973927178134926,
        "DthetaE": -0.0965514848335887
}