{
        "Reff": 0.23513420348217307,
        "R": 0.5878355087054327,
        "MthetaE": 0.29617117117117114,
        "Mstar": 10.050722827275926,
        "Mdm": 9.733344266485139,
        "Mbh": 7.900820732116699,
        "Mtotal": 10.22143265648222,
        "fdm": 0.3250211405665837,
        "projMstar": 10.118482880290474,
        "projMdm": 9.9181948845171,
        "projMtotal": 10.330814090773245,
        "projfdm": 0.3867058960445534,
        "MMstar": [
                10.112724437287058,
                10.127475192890914,
                10.1429756774209
        ],
        "MMdm": [
                9.00637319757251,
                9.076402487729885,
                9.140622675475683
        ],
        "MMbh": -Infinity,
        "MMtotal": [
                10.154920461119573,
                10.16513322913035,
                10.17648805544234
        ],
        "Mfdm": [
                0.06851293422922991,
                0.0818936483467515,
                0.09543134286808395
        ],
        "MMthetaE": 0.3247669375126507,
        "projMMstar": [
                10.132445134190204,
                10.147206547377115,
                10.162324891290051
        ],
        "projMMdm": [
                9.86294826430738,
                9.943577833275945,
                10.00985133100618
        ],
        "projMMtotal": [
                10.33853382768187,
                10.358478065761979,
                10.37716558771886
        ],
        "projMfdm": [
                0.33460615460302684,
                0.3849128877987251,
                0.42980565030736956
        ],
        "Dstar": 0.19330748741253453,
        "Ddm": -0.7796778194215921,
        "Dtotal": -0.12158332248451052,
        "Dfdm": -0.748035933281162,
        "projDstar": 0.06837487729262984,
        "projDdm": 0.060188157480302935,
        "projDtotal": 0.06577118706357832,
        "projDfdm": -0.0046366198813314954,
        "DthetaE": -0.0965514848335887
}