{
        "Reff": 0.42908660556761313,
        "R": 0.533108108108108,
        "MthetaE": 0.533108108108108,
        "Mstar": 10.316567053263963,
        "Mdm": 9.953675599223988,
        "Mbh": 8.356976509094238,
        "Mtotal": 10.473000874721839,
        "fdm": 0.3024647195873248,
        "projMstar": 10.385313712548719,
        "projMdm": 10.208555729354114,
        "projMtotal": 10.606895895322637,
        "projfdm": 0.3996316112517674,
        "MMstar": 10.293424330329165,
        "MMdm": 9.371226412776624,
        "MMbh": -Infinity,
        "MMtotal": 10.342494794786196,
        "Mfdm": 0.10683944368863339,
        "MMthetaE": 0.4500195182604169,
        "projMMstar": 10.330827949960433,
        "projMMdm": 9.918194832274594,
        "projMMtotal": 10.472808432677938,
        "projMfdm": 0.2788601133718847,
        "Dstar": -0.05189316586458033,
        "Ddm": -0.7384523552405272,
        "Dtotal": -0.25955309855927716,
        "Dfdm": -0.6467705594411063,
        "projDstar": -0.11790728082228073,
        "projDdm": -0.48756462485762747,
        "projDtotal": -0.2656340408301752,
        "projDfdm": -0.302207068909263,
        "DthetaE": 0.15585692392215827
}