{
        "Reff": 0.36422601544214994,
        "R": 0.9105650386053749,
        "Mstar": 10.272935922181803,
        "Mdm": 10.113922514649254,
        "Mbh": 8.177248001098633,
        "Mtotal": 10.501696605775322,
        "fdm": 0.4094736020291421,
        "MMstar": 10.204834446542757,
        "MMdm": 9.869596593120665,
        "MMbh": -Infinity,
        "MMtotal": 10.369819797458796,
        "Mfdm": 0.316065283468257,
        "Dstar": -0.1451330554948997,
        "Ddm": -0.4302634538535069,
        "Dtotal": -0.26188642675880275,
        "Dfdm": -0.22811804741014113
}