{
        "Reff": 0.33542414752571365,
        "R": 0.48572072072072064,
        "MthetaE": 0.48572072072072064,
        "Mstar": 10.193931422797494,
        "Mdm": 9.704516155365626,
        "Mbh": [
                7.912351131439209,
                6.072244644165039
        ],
        "Mtotal": 10.315829128814833,
        "fdm": 0.2447298965108559,
        "projMstar": 10.263860798608103,
        "projMdm": 9.965676135596594,
        "projMtotal": 10.440902574668815,
        "projfdm": 0.3347908352976755,
        "MMstar": [
                -Infinity,
                -Infinity,
                -Infinity
        ],
        "MMdm": [
                -Infinity,
                -Infinity,
                -Infinity
        ],
        "MMbh": -Infinity,
        "MMtotal": [
                -Infinity,
                -Infinity,
                -Infinity
        ],
        "Mfdm": [
                0.0,
                0.0,
                0.0
        ],
        "MMthetaE": 0.48492597519012226,
        "projMMstar": [
                10.193903359750694,
                10.20558034291007,
                10.212683382513276
        ],
        "projMMdm": [
                10.019360605910439,
                10.031293216640163,
                10.049213914606925
        ],
        "projMMtotal": [
                10.427370634466243,
                10.427974797044888,
                10.428641365049591
        ],
        "projMfdm": [
                0.39060391342912,
                0.40108362568453493,
                0.41749612527314983
        ],
        "Dstar": -1.0,
        "Ddm": -1.0,
        "Dtotal": -1.0,
        "Dfdm": -1.0,
        "projDstar": -0.125581083361014,
        "projDdm": 0.16310006780157899,
        "projDtotal": -0.029328625305852587,
        "projDfdm": 0.19801256007475812,
        "DthetaE": 0.001636219120771968
}