{
        "Reff": 0.1613217870669608,
        "R": 0.40330446766740197,
        "Mstar": 9.599749234910771,
        "Mdm": 9.279234321206893,
        "Mbh": 7.548817157745361,
        "Mtotal": 9.769442165510016,
        "fdm": 0.3234388287898183,
        "MMstar": 9.80449308169178,
        "MMdm": 9.186138812077374,
        "MMbh": -Infinity,
        "MMtotal": 9.89819277985647,
        "Mfdm": 0.19406447076106098,
        "Dstar": 0.6023000519922533,
        "Ddm": -0.19294247566302697,
        "Dtotal": 0.34508774024357486,
        "Dfdm": -0.3999963718420129
}