{
        "Reff": 0.33542414752571365,
        "R": 0.48572072072072064,
        "MthetaE": 0.48572072072072064,
        "Mstar": 10.193931422797494,
        "Mdm": 9.704516155365626,
        "Mbh": [
                7.912351131439209,
                6.072244644165039
        ],
        "Mtotal": 10.315829128814833,
        "fdm": 0.2447298965108559,
        "projMstar": 10.263860798608103,
        "projMdm": 9.965676135596594,
        "projMtotal": 10.440902574668815,
        "projfdm": 0.3347908352976755,
        "MMstar": [
                -Infinity,
                -Infinity,
                -Infinity
        ],
        "MMdm": [
                -Infinity,
                -Infinity,
                -Infinity
        ],
        "MMbh": -Infinity,
        "MMtotal": [
                -Infinity,
                -Infinity,
                -Infinity
        ],
        "Mfdm": [
                0.0,
                0.0,
                0.0
        ],
        "MMthetaE": 0.48492597519012226,
        "projMMstar": [
                10.193824138821492,
                10.206392404765708,
                10.21374155805725
        ],
        "projMMdm": [
                10.017428978366938,
                10.030044653980463,
                10.04892388974226
        ],
        "projMMtotal": [
                10.42736701981915,
                10.427955715732306,
                10.428645412219945
        ],
        "projMfdm": [
                0.38898218041791016,
                0.399864032190512,
                0.4174060953448909
        ],
        "Dstar": -1.0,
        "Ddm": -1.0,
        "Dtotal": -1.0,
        "Dfdm": -1.0,
        "projDstar": -0.12394452899001675,
        "projDdm": 0.1597610481084118,
        "projDtotal": -0.02937127212225186,
        "projDfdm": 0.1943697079849195,
        "DthetaE": 0.001636219120771968
}