{
        "Reff": 0.1610837669734156,
        "R": 0.2139189189189189,
        "MthetaE": 0.2139189189189189,
        "Mstar": 9.390928731079235,
        "Mdm": 8.836651975254435,
        "Mbh": 7.548817157745361,
        "Mtotal": 9.49782524582419,
        "fdm": 0.2181859241283298,
        "projMstar": 9.612591783057342,
        "projMdm": 9.171360799891524,
        "projMtotal": 9.746784957211958,
        "projfdm": 0.2658127709092187,
        "MMstar": 9.648990721322303,
        "MMdm": 8.632191378297069,
        "MMbh": -Infinity,
        "MMtotal": 9.688882764394254,
        "Mfdm": 0.08776242479776533,
        "MMthetaE": 0.20126366482753005,
        "projMMstar": 9.711987488946805,
        "projMMdm": 9.028864529489672,
        "projMMtotal": 9.793850391419248,
        "projMfdm": 0.1717964313046842,
        "Dstar": 0.8115986577899316,
        "Ddm": -0.3754899912095462,
        "Dtotal": 0.5525926238857298,
        "Dfdm": -0.5977631226744656,
        "projDstar": 0.25717491250677627,
        "projDdm": -0.27971606319353787,
        "projDtotal": 0.11446243457972162,
        "projDfdm": -0.353693839776582,
        "DthetaE": 0.059159115777812674
}