{
        "Reff": 1.1035545250518053,
        "R": 2.7588863126295133,
        "MthetaE": 0.6634234234234233,
        "Mstar": 10.900020863315055,
        "Mdm": 10.946236990033489,
        "Mbh": 8.336731910705566,
        "Mtotal": 11.22477340265395,
        "fdm": 0.526579062991917,
        "projMstar": 10.958959151544681,
        "projMdm": 11.188491183100519,
        "projMtotal": 11.389745840450614,
        "projfdm": 0.629137167379847,
        "MMstar": [
                -Infinity,
                -Infinity,
                -Infinity
        ],
        "MMdm": [
                -Infinity,
                -Infinity,
                -Infinity
        ],
        "MMbh": -Infinity,
        "MMtotal": [
                -Infinity,
                -Infinity,
                -Infinity
        ],
        "Mfdm": [
                0.0,
                0.0,
                0.0
        ],
        "MMthetaE": 0.6491916548593238,
        "projMMstar": [
                11.030582376614845,
                11.047706940193086,
                11.056968382045843
        ],
        "projMMdm": [
                10.959134321112005,
                11.02310254970081,
                11.119564452197654
        ],
        "projMMtotal": [
                11.311055578159735,
                11.33704469099151,
                11.378547807072865
        ],
        "projMfdm": [
                0.44333521594033903,
                0.4855483884731159,
                0.5514104261320503
        ],
        "Dstar": -1.0,
        "Ddm": -1.0,
        "Dtotal": -1.0,
        "Dfdm": -1.0,
        "projDstar": 0.2267266173743327,
        "projDdm": -0.3167000851538134,
        "projDtotal": -0.11427510701766556,
        "projDfdm": -0.22823127666218165,
        "DthetaE": 0.021452013995315607
}