{
        "Reff": 1.1035545250518053,
        "R": 2.7588863126295133,
        "MthetaE": 0.6634234234234233,
        "Mstar": 10.900020863315055,
        "Mdm": 10.946236990033489,
        "Mbh": 8.336731910705566,
        "Mtotal": 11.22477340265395,
        "fdm": 0.526579062991917,
        "projMstar": 10.958959151544681,
        "projMdm": 11.188491183100519,
        "projMtotal": 11.389745840450614,
        "projfdm": 0.629137167379847,
        "MMstar": [
                10.9353229751628,
                10.958821095652953,
                10.977612543690247
        ],
        "MMdm": [
                10.806095883261367,
                10.86011425592349,
                10.919805554548947
        ],
        "MMbh": -Infinity,
        "MMtotal": [
                11.200942952429411,
                11.21360221875291,
                11.229315367208445
        ],
        "Mfdm": [
                0.40458231518568416,
                0.4438851733129493,
                0.49104673623561557
        ],
        "MMthetaE": 0.6553516178469189,
        "projMMstar": [
                10.958673561829336,
                10.983534001314004,
                11.002589276345324
        ],
        "projMMdm": [
                11.191706776992307,
                11.250950262667141,
                11.312281151206175
        ],
        "projMMtotal": [
                11.40535055145536,
                11.438407675677112,
                11.471440063397194
        ],
        "projMfdm": [
                0.6091694303922589,
                0.649089710447445,
                0.6917006442088522
        ],
        "Dstar": 0.14498614723217212,
        "Ddm": -0.17988025896292467,
        "Dtotal": -0.025394593829002814,
        "Dfdm": -0.1570398359728121,
        "projDstar": 0.05821728187358717,
        "projDdm": 0.15467318304656297,
        "projDtotal": 0.11856656888451107,
        "projDfdm": 0.031714138191348426,
        "DthetaE": 0.012166898682672369
}