{
        "Reff": 0.4869602608436852,
        "R": 1.220225225225225,
        "MthetaE": 1.220225225225225,
        "Mstar": 10.87244459182217,
        "Mdm": 10.637575202464305,
        "Mbh": 8.438713073730469,
        "Mtotal": 11.071727465792158,
        "fdm": 0.3679999305160368,
        "projMstar": 10.97001301300598,
        "projMdm": 10.903444554972886,
        "projMtotal": 11.239032980836678,
        "projfdm": 0.4617549652833109,
        "MMstar": [
                10.920674509594361,
                10.935070205777631,
                10.94925282925735
        ],
        "MMdm": [
                10.448761062262081,
                10.474470909110801,
                10.499394800949736
        ],
        "MMbh": -Infinity,
        "MMtotal": [
                11.058654469934071,
                11.063686501609476,
                11.070866790517782
        ],
        "Mfdm": [
                0.24096426177546448,
                0.25782577259589823,
                0.2749527798897344
        ],
        "MMthetaE": 1.2111171673943844,
        "projMMstar": [
                10.932732453839947,
                10.947205326957492,
                10.960841111170181
        ],
        "projMMdm": [
                10.788729533644306,
                10.816518442249805,
                10.84024192472567
        ],
        "projMMtotal": [
                11.184198721449329,
                11.187935978602003,
                11.190057874458212
        ],
        "projMfdm": [
                0.4024702997741525,
                0.425103958387867,
                0.44695172567264163
        ],
        "Dstar": 0.15511603846801994,
        "Ddm": -0.31309653576003726,
        "Dtotal": -0.01834465453107709,
        "Dfdm": -0.29938635522469853,
        "projDstar": -0.05116146575706724,
        "projDdm": -0.18139595317889048,
        "projDtotal": -0.11099746827909282,
        "projDfdm": -0.07937328161258982,
        "DthetaE": 0.007464243192611874
}