{
        "Reff": 0.35973259940631414,
        "R": 0.47555110172829945,
        "Mstar": 10.161975651500203,
        "Mdm": 9.869985356278166,
        "Mbh": 8.119908332824707,
        "Mtotal": 10.34110109863089,
        "fdm": 0.3379747516950848,
        "MMstar": 10.371906217382127,
        "MMdm": 9.497748881821625,
        "MMbh": -Infinity,
        "MMtotal": 10.426370321858254,
        "Mfdm": 0.11786329007356626,
        "Dstar": 0.6215508263869884,
        "Ddm": -0.5756115795578215,
        "Dtotal": 0.21694015949910095,
        "Dfdm": -0.651265991076456
}