{
        "Reff": 0.9842781252851374,
        "R": 1.2083783783783781,
        "MthetaE": 1.2083783783783781,
        "Mstar": 10.895234730204656,
        "Mdm": 10.600000777609383,
        "Mbh": 8.475809097290039,
        "Mtotal": 11.073266611131011,
        "fdm": 0.3363056522233072,
        "projMstar": 10.999048452312893,
        "projMdm": 10.872514045276716,
        "projMtotal": 11.241403360007325,
        "projfdm": 0.42767186967863274,
        "MMstar": 10.95226618113744,
        "MMdm": 10.297964267175068,
        "MMbh": -Infinity,
        "MMtotal": 11.039218487244955,
        "Mfdm": 0.18144532374377909,
        "MMthetaE": 1.1840817742821617,
        "projMMstar": 10.979148684426233,
        "projMMdm": 10.70387631338302,
        "projMMtotal": 11.163996660250273,
        "projMfdm": 0.3466407798960558,
        "Dstar": 0.14033236567229876,
        "Ddm": -0.5011574511886674,
        "Dtotal": -0.07540428558173835,
        "Dfdm": -0.4604749502595358,
        "projDstar": -0.044786982967308604,
        "projDdm": -0.32179299977618275,
        "projDtotal": -0.1632546640881906,
        "projDfdm": -0.18947023530789264,
        "DthetaE": 0.02010678487049899
}