{
        "Reff": 0.9842781252851374,
        "R": 1.2083783783783781,
        "MthetaE": 1.2083783783783781,
        "Mstar": 10.895234730204656,
        "Mdm": 10.600000777609383,
        "Mbh": 8.475809097290039,
        "Mtotal": 11.073266611131011,
        "fdm": 0.3363056522233072,
        "projMstar": 10.999048452312893,
        "projMdm": 10.872514045276716,
        "projMtotal": 11.241403360007325,
        "projfdm": 0.42767186967863274,
        "MMstar": 10.952034406017097,
        "MMdm": 10.298397596954665,
        "MMbh": -Infinity,
        "MMtotal": 11.03910746796449,
        "Mfdm": 0.1816728917208518,
        "MMthetaE": 1.1840817742821617,
        "projMMstar": 10.979020013580882,
        "projMMdm": 10.705171652799509,
        "projMMtotal": 11.164362138351503,
        "projMfdm": 0.34738376231235935,
        "Dstar": 0.1397239532503271,
        "Ddm": -0.5006594683263457,
        "Dtotal": -0.07564061101600904,
        "Dfdm": -0.4597982801662196,
        "projDstar": -0.045069947329007626,
        "projDdm": -0.3197671400604495,
        "projDtotal": -0.16255020933993516,
        "projDfdm": -0.18773296318648366,
        "DthetaE": 0.02010678487049899
}