{
        "Reff": 0.3129603324922881,
        "R": 0.45018018018018013,
        "MthetaE": 0.45018018018018013,
        "Mstar": 10.157419078496352,
        "Mdm": 9.745693003339381,
        "Mbh": 8.01979923248291,
        "Mtotal": 10.299652689733843,
        "fdm": 0.27928030725671116,
        "projMstar": 10.210306231675538,
        "projMdm": 9.953741366541735,
        "projMtotal": 10.401730642113568,
        "projfdm": 0.3564599357065718,
        "MMstar": 10.150155288878864,
        "MMdm": 8.84551299441255,
        "MMbh": -Infinity,
        "MMtotal": 10.1711732533234,
        "Mfdm": 0.04724324725268928,
        "MMthetaE": 0.4027931353555214,
        "projMMstar": 10.184728814345384,
        "projMMdm": 9.758854149895704,
        "projMMtotal": 10.323057169393103,
        "projMfdm": 0.2727702366601541,
        "Dstar": -0.016586399176712296,
        "Ddm": -0.8741596286876493,
        "Dtotal": -0.2560897142096569,
        "Dfdm": -0.8308393179714464,
        "projDstar": -0.05719346820386068,
        "projDdm": -0.3615707395535649,
        "projDtotal": -0.16569177077971797,
        "projDfdm": -0.2347800991450237,
        "DthetaE": 0.10526239694891172
}