{
        "Reff": 0.3129603324922881,
        "R": 0.45018018018018013,
        "MthetaE": 0.45018018018018013,
        "Mstar": 10.157419078496352,
        "Mdm": 9.745693003339381,
        "Mbh": 8.01979923248291,
        "Mtotal": 10.299652689733843,
        "fdm": 0.27928030725671116,
        "projMstar": 10.210306231675538,
        "projMdm": 9.953741366541735,
        "projMtotal": 10.401730642113568,
        "projfdm": 0.3564599357065718,
        "MMstar": 10.150106505797078,
        "MMdm": 8.845314887172092,
        "MMbh": -Infinity,
        "MMtotal": 10.17111741683884,
        "Mfdm": 0.04722777334736565,
        "MMthetaE": 0.4027931353555214,
        "projMMstar": 10.184843036784669,
        "projMMdm": 9.761196403886037,
        "projMMtotal": 10.323780267103428,
        "projMfdm": 0.27378908904767313,
        "Dstar": -0.01669685706606427,
        "Ddm": -0.8742170187872433,
        "Dtotal": -0.2561853513103799,
        "Dfdm": -0.8308947243317286,
        "projDstar": -0.05694547098279018,
        "projDdm": -0.35811823616982824,
        "projDtotal": -0.16430149549793213,
        "projDfdm": -0.23192184696725943,
        "DthetaE": 0.10526239694891172
}