{
        "Reff": 0.9365583424776649,
        "R": 2.341395856194162,
        "MthetaE": 0.533108108108108,
        "Mstar": 10.604333704610394,
        "Mdm": 10.634934192831413,
        "Mbh": 8.183881759643555,
        "Mtotal": 10.920933403323664,
        "fdm": 0.5176077729134222,
        "projMstar": 10.682572097391489,
        "projMdm": 10.838119149014558,
        "projMtotal": 11.068302560459982,
        "projfdm": 0.5885950271362097,
        "MMstar": [
                10.535819745806469,
                10.5775630083578,
                10.607816645504284
        ],
        "MMdm": [
                10.605134447836338,
                10.656707847848795,
                10.705568731310512
        ],
        "MMbh": -Infinity,
        "MMtotal": [
                10.90298062804979,
                10.919012228512647,
                10.93496638818136
        ],
        "Mfdm": [
                0.5001216442529217,
                0.5455565393655115,
                0.5929992769022997
        ],
        "MMthetaE": 0.7200312292166671,
        "projMMstar": [
                10.558705506404134,
                10.5998552266835,
                10.629772579473725
        ],
        "projMMdm": [
                10.837581941292,
                10.895145881509485,
                10.94842660782789
        ],
        "projMMtotal": [
                11.038644317121374,
                11.070999094284804,
                11.103843194677305
        ],
        "projMfdm": [
                0.6245112456879934,
                0.6646822415860764,
                0.7020316986652049
        ],
        "Dstar": -0.05978039260919389,
        "Ddm": 0.05141375667048183,
        "Dtotal": -0.0044138984712043545,
        "Dfdm": 0.05399603312519069,
        "projDstar": -0.17342335651508684,
        "projDdm": 0.14031997647925062,
        "projDtotal": 0.006228314376062609,
        "projDfdm": 0.12926921047917542,
        "DthetaE": -0.35062892172454674
}