{
        "Reff": 0.9365583424776649,
        "R": 2.341395856194162,
        "MthetaE": 0.533108108108108,
        "Mstar": 10.604333704610394,
        "Mdm": 10.634934192831413,
        "Mbh": 8.183881759643555,
        "Mtotal": 10.920933403323664,
        "fdm": 0.5176077729134222,
        "projMstar": 10.682572097391489,
        "projMdm": 10.838119149014558,
        "projMtotal": 11.068302560459982,
        "projfdm": 0.5885950271362097,
        "MMstar": [
                10.532732505743132,
                10.576851566620562,
                10.607912225719275
        ],
        "MMdm": [
                10.602453827415895,
                10.655464078181268,
                10.708601575006124
        ],
        "MMbh": -Infinity,
        "MMtotal": [
                10.901073482160019,
                10.919050108318014,
                10.935644832384963
        ],
        "Mfdm": [
                0.49868321340637006,
                0.5448710352825146,
                0.5997793779765824
        ],
        "MMthetaE": 0.6854669924529392,
        "projMMstar": [
                10.555271948885904,
                10.599040849804041,
                10.629759757468817
        ],
        "projMMdm": [
                10.833924332091382,
                10.895786621061571,
                10.94433648756715
        ],
        "projMMtotal": [
                11.036477356791476,
                11.069536193654887,
                11.098519807860963
        ],
        "projMfdm": [
                0.620407738873266,
                0.6663193672550591,
                0.7030748160903363
        ],
        "Dstar": -0.06131935731491738,
        "Ddm": 0.048406935713499424,
        "Dtotal": -0.004327058195665644,
        "Dfdm": 0.052671663363240445,
        "projDstar": -0.1749718776191396,
        "projDdm": 0.14200359759377776,
        "projDtotal": 0.0028445835765397477,
        "projDfdm": 0.1320506231542844,
        "DthetaE": -0.2857935980105831
}