{
        "Reff": 0.9365583424776649,
        "R": 2.341395856194162,
        "MthetaE": 0.533108108108108,
        "Mstar": 10.604333704610394,
        "Mdm": 10.634934192831413,
        "Mbh": 8.183881759643555,
        "Mtotal": 10.920933403323664,
        "fdm": 0.5176077729134222,
        "projMstar": 10.682572097391489,
        "projMdm": 10.838119149014558,
        "projMtotal": 11.068302560459982,
        "projfdm": 0.5885950271362097,
        "MMstar": 10.574322026046163,
        "MMdm": 10.667514241753072,
        "MMbh": -Infinity,
        "MMtotal": 10.92444303162811,
        "Mfdm": 0.5534408480179528,
        "MMthetaE": 0.7258489720382846,
        "projMMstar": 10.596968920365097,
        "projMMdm": 10.895370791183788,
        "projMMtotal": 11.072339860157374,
        "projMfdm": 0.6653205395216396,
        "Dstar": -0.06677079490237242,
        "Ddm": 0.07790391404588035,
        "Dtotal": 0.008113958993230162,
        "Dfdm": 0.06922823995250207,
        "projDstar": -0.17889854260081456,
        "projDdm": 0.14091067110222147,
        "projDtotal": 0.009339570217133775,
        "projDfdm": 0.1303536537825259,
        "DthetaE": -0.3615417979932336
}