{
        "Reff": 0.9365583424776649,
        "R": 2.341395856194162,
        "MthetaE": 0.533108108108108,
        "Mstar": 10.604333704610394,
        "Mdm": 10.634934192831413,
        "Mbh": 8.183881759643555,
        "Mtotal": 10.920933403323664,
        "fdm": 0.5176077729134222,
        "projMstar": 10.682572097391489,
        "projMdm": 10.838119149014558,
        "projMtotal": 11.068302560459982,
        "projfdm": 0.5885950271362097,
        "MMstar": 10.575290769308143,
        "MMdm": 10.655935891685019,
        "MMbh": -Infinity,
        "MMtotal": 10.918512539753916,
        "Mfdm": 0.5462901273384998,
        "MMthetaE": 0.6854669924529392,
        "projMMstar": 10.597963653892444,
        "projMMdm": 10.889413281499436,
        "projMMtotal": 11.068721535944967,
        "projMfdm": 0.6617466410567584,
        "Dstar": -0.06468679753200215,
        "Ddm": 0.04954653421318673,
        "Dtotal": -0.005558737094894706,
        "Dfdm": 0.05541329927028582,
        "projDstar": -0.1770156882363366,
        "projDdm": 0.12536688761864884,
        "projDtotal": 0.0009651922045454283,
        "projDfdm": 0.12428173964782804,
        "DthetaE": -0.2857935980105831,
        "PL_slope1": -2.4831884521409737,
        "AV_slope1": 2.4568739617417186,
        "PL_slope2": -1.7690179744455548,
        "AV_slope2": 1.799843759324236
}