{
        "Reff": 0.9662426539989692,
        "R": 2.415606634997423,
        "Mstar": 10.591894592835773,
        "Mdm": 10.646124901091902,
        "Mbh": 8.30414867401123,
        "Mtotal": 10.920885659902202,
        "fdm": 0.5311769748082665,
        "MMstar": 10.574853859094864,
        "MMdm": 10.68435200304373,
        "MMbh": -Infinity,
        "MMtotal": 10.934074779094974,
        "Mfdm": 0.5627004000945948,
        "Dstar": -0.03847790979545105,
        "Ddm": 0.09201122339335772,
        "Dtotal": 0.03083491321713345,
        "Dfdm": 0.05934637000729732
}