{
        "Reff": 0.17139511835893803,
        "R": 0.4284877958973451,
        "MthetaE": 0.5568018018018017,
        "Mstar": 10.27291174804152,
        "Mdm": 9.91931159824612,
        "Mbh": 8.217829704284668,
        "Mtotal": 10.43217688920371,
        "fdm": 0.30699740823157523,
        "projMstar": 10.299543750996003,
        "projMdm": 10.107108354633704,
        "projMtotal": 10.514928467670378,
        "projfdm": 0.39100281759344385,
        "MMstar": 10.171808159717363,
        "MMdm": 9.903501139813317,
        "MMbh": -Infinity,
        "MMtotal": 10.359083281313222,
        "Mfdm": 0.35028203046559986,
        "MMthetaE": 0.8052440505450654,
        "projMMstar": 10.185241813435423,
        "projMMdm": 10.182207417644786,
        "projMMtotal": 10.484757261346866,
        "projMfdm": 0.4982532684774799,
        "Dstar": -0.2076876751329101,
        "Ddm": -0.03575023528369593,
        "Dtotal": -0.15490332672122897,
        "Dfdm": 0.14099344513480075,
        "projDstar": -0.23140410175817894,
        "projDdm": 0.18877335691983596,
        "projDtotal": -0.06711353152582233,
        "projDfdm": 0.27429585173872767,
        "DthetaE": -0.44619512354182145
}