{
        "Reff": 0.17139511835893803,
        "R": 0.4284877958973451,
        "MthetaE": 0.5568018018018017,
        "Mstar": 10.27291174804152,
        "Mdm": 9.91931159824612,
        "Mbh": 8.217829704284668,
        "Mtotal": 10.43217688920371,
        "fdm": 0.30699740823157523,
        "projMstar": 10.299543750996003,
        "projMdm": 10.107108354633704,
        "projMtotal": 10.514928467670378,
        "projfdm": 0.39100281759344385,
        "MMstar": 10.176734865716792,
        "MMdm": 9.897226307814869,
        "MMbh": -Infinity,
        "MMtotal": 10.3601190809014,
        "Mfdm": 0.34443496094525816,
        "MMthetaE": 0.7744442356070901,
        "projMMstar": 10.190141177276256,
        "projMMdm": 10.180640879153927,
        "projMMtotal": 10.48644700102956,
        "projMfdm": 0.4945314068615458,
        "Dstar": -0.19864838286526038,
        "Ddm": -0.049581875839549656,
        "Dtotal": -0.1528853515542333,
        "Dfdm": 0.1219474552874496,
        "projDstar": -0.22268432375012984,
        "projDdm": 0.1844930709248034,
        "projDtotal": -0.06347681517187315,
        "projDfdm": 0.2647770926698249,
        "DthetaE": -0.39087954295586136,
        "PL_slope1": 1.3219081558325982,
        "AV_slope1": 2.793617790775003,
        "PL_slope2": -3.3127235016806096,
        "AV_slope2": 3.2533344115182508
}