{
        "Reff": 0.5447542281665589,
        "R": 1.3618855704163972,
        "MthetaE": 0.0,
        "Mstar": 10.514312794352605,
        "Mdm": 10.43474709606854,
        "Mbh": 8.265588760375977,
        "Mtotal": 10.777379520299181,
        "fdm": 0.4543259838895221,
        "projMstar": 10.612743061209496,
        "projMdm": 10.67090916452487,
        "projMtotal": 10.943829172321944,
        "projfdm": 0.5334331388782186,
        "MMstar": 10.525913476425266,
        "MMdm": 10.12476258329495,
        "MMbh": -Infinity,
        "MMtotal": 10.67112653634463,
        "Mfdm": 0.2842078354103967,
        "MMthetaE": 0.0,
        "projMMstar": 10.550952319571072,
        "projMMdm": 10.61351490123576,
        "projMMtotal": 10.884389195121873,
        "projMfdm": 0.5359517657797702,
        "Dstar": 0.02707150907198422,
        "Ddm": -0.5102037144858084,
        "Dtotal": -0.21702658549037282,
        "Dfdm": -0.37444071990496774,
        "projDstar": -0.1326202908515707,
        "projDdm": -0.12379498064811463,
        "projDtotal": -0.12791257792816724,
        "projDfdm": 0.004721541872797999,
        "DthetaE": 0
}