{
        "Reff": 0.1613217870669608,
        "R": 0.18675810480333455,
        "Mstar": 9.339422089924847,
        "Mdm": 8.73381737402459,
        "Mbh": 7.548817157745361,
        "Mtotal": 9.435625468812502,
        "fdm": 0.19869727230946613,
        "MMstar": 9.640232876527406,
        "MMdm": 8.513124649504476,
        "MMbh": -Infinity,
        "MMtotal": 9.671490332157465,
        "Mfdm": 0.0694439342705765,
        "Dstar": 0.9989907596930336,
        "Ddm": -0.3984007647929872,
        "Dtotal": 0.7213328754292947,
        "Dfdm": -0.6505038370007451
}