{
        "Reff": 0.4869602608436852,
        "R": 1.220225225225225,
        "MthetaE": 1.220225225225225,
        "Mstar": 10.87244459182217,
        "Mdm": 10.637575202464305,
        "Mbh": 8.438713073730469,
        "Mtotal": 11.071727465792158,
        "fdm": 0.3679999305160368,
        "projMstar": 10.97001301300598,
        "projMdm": 10.903444554972886,
        "projMtotal": 11.239032980836678,
        "projfdm": 0.4617549652833109,
        "MMstar": 10.868150257722336,
        "MMdm": 10.587153484274008,
        "MMbh": -Infinity,
        "MMtotal": 11.051022454997051,
        "Mfdm": 0.3436616170526912,
        "MMthetaE": 1.2504724864817973,
        "projMMstar": 10.880115846686671,
        "projMMdm": 10.903142385551343,
        "projMMtotal": 11.1928117039237,
        "projMfdm": 0.5132520369399103,
        "Dstar": -0.009839343456611005,
        "Ddm": -0.10961408392178586,
        "Dtotal": -0.04655644101505102,
        "Dfdm": -0.06613673385540209,
        "projDstar": -0.18697699635575757,
        "projDdm": -0.0006955288132253078,
        "projDtotal": -0.10096060377773129,
        "projDfdm": 0.11152467331889596,
        "DthetaE": -0.02478826091387297
}