{
        "Reff": 0.1711945002191585,
        "R": 0.42798625054789624,
        "MthetaE": 0.0,
        "Mstar": 10.272768103513672,
        "Mdm": 9.918860506492777,
        "Mbh": 8.217829704284668,
        "Mtotal": 10.43193888232478,
        "fdm": 0.30684681811046544,
        "projMstar": 10.299456228808682,
        "projMdm": 10.106476541384401,
        "projMtotal": 10.514628207353143,
        "projfdm": 0.3907044286802383,
        "MMstar": [
                10.131148303312559,
                10.253327132690506,
                10.316561367769067
        ],
        "MMdm": [
                9.412519440004585,
                9.699895625265423,
                9.920237642454731
        ],
        "MMbh": -Infinity,
        "MMtotal": [
                10.328247578830844,
                10.35677683124706,
                10.384914281329287
        ],
        "Mfdm": [
                0.11125805506090056,
                0.21716623486979478,
                0.380149033613514
        ],
        "MMthetaE": 0.0,
        "projMMstar": [
                10.145841172666472,
                10.267924518502573,
                10.33105277778197
        ],
        "projMMdm": [
                9.9427452206783,
                10.05137434399122,
                10.168454196050044
        ],
        "projMMtotal": [
                10.445705834378282,
                10.46701262484861,
                10.495711997124095
        ],
        "projMfdm": [
                0.293625646097754,
                0.3751945809605821,
                0.5077770903622336
        ],
        "Dstar": -0.04377734431348451,
        "Ddm": -0.3960025309697184,
        "Dtotal": -0.15891875493868854,
        "Dfdm": -0.2922649933048531,
        "projDstar": -0.07003139001377368,
        "projDdm": -0.11915842942970309,
        "projDtotal": -0.10384234789001816,
        "projDfdm": -0.039697138248591016,
        "DthetaE": 0
}