{
        "Reff": 0.367224520196528,
        "R": 0.7108108108108108,
        "MthetaE": 0.7108108108108108,
        "Mstar": 10.451843296180769,
        "Mdm": 10.23681373681996,
        "Mbh": 8.265618324279785,
        "Mtotal": 10.658533039151479,
        "fdm": 0.3786872626768167,
        "projMstar": 10.498681972681283,
        "projMdm": 10.45430910397408,
        "projMtotal": 10.778091997453737,
        "projfdm": 0.4744791210545737,
        "MMstar": [
                10.574433275130174,
                10.58319746930405,
                10.597740681105195
        ],
        "MMdm": [
                9.811715970269793,
                9.860934099601774,
                9.911742318298034
        ],
        "MMbh": -Infinity,
        "MMtotal": [
                10.652924891433672,
                10.66018329536692,
                10.670035297906722
        ],
        "Mfdm": [
                0.14182630262389098,
                0.15957544614906238,
                0.1767359844199669
        ],
        "MMthetaE": 0.7258489720382846,
        "projMMstar": [
                10.591982474164485,
                10.600823317552955,
                10.615465709493519
        ],
        "projMMdm": [
                10.172999565233278,
                10.211989858824396,
                10.235000076285514
        ],
        "projMMtotal": [
                10.747369229261757,
                10.749582976911306,
                10.75144100544986
        ],
        "projMfdm": [
                0.2651287104232059,
                0.28995856208284565,
                0.3050787251272696
        ],
        "Dstar": 0.3531756466947254,
        "Ddm": -0.5791567529445024,
        "Dtotal": 0.003807083964664066,
        "Dfdm": -0.578608889506672,
        "projDstar": 0.26514803377498053,
        "projDdm": -0.42762487042707886,
        "projDtotal": -0.06353623119069816,
        "projDfdm": -0.38889078735775356,
        "DthetaE": -0.021156348494925137
}