{
        "Reff": 0.367224520196528,
        "R": 0.7108108108108108,
        "MthetaE": 0.7108108108108108,
        "Mstar": 10.451843296180769,
        "Mdm": 10.23681373681996,
        "Mbh": 8.265618324279785,
        "Mtotal": 10.658533039151479,
        "fdm": 0.3786872626768167,
        "projMstar": 10.498681972681283,
        "projMdm": 10.45430910397408,
        "projMtotal": 10.778091997453737,
        "projfdm": 0.4744791210545737,
        "MMstar": [
                10.574548597326126,
                10.58330064588613,
                10.598485779984827
        ],
        "MMdm": [
                9.81146902232854,
                9.859431953002368,
                9.911939484633253
        ],
        "MMbh": -Infinity,
        "MMtotal": [
                10.65334893730953,
                10.660553666295009,
                10.66951995545855
        ],
        "Mfdm": [
                0.14207776761435942,
                0.15938476027035658,
                0.17657080771988812
        ],
        "MMthetaE": 0.7258489720382846,
        "projMMstar": [
                10.592283851412255,
                10.600824444816102,
                10.61565914528042
        ],
        "projMMdm": [
                10.171178941568936,
                10.21108178397809,
                10.234525077510959
        ],
        "projMMtotal": [
                10.747341598000338,
                10.74954874240601,
                10.751384178734915
        ],
        "projMfdm": [
                0.2649597646421232,
                0.28935810429266706,
                0.30459812593353874
        ],
        "Dstar": 0.3534971626932066,
        "Ddm": -0.5806098596725999,
        "Dtotal": 0.00466350639518174,
        "Dfdm": -0.5791124339812284,
        "projDstar": 0.2651513176219156,
        "projDdm": -0.4288204104819507,
        "projDtotal": -0.0636100477175882,
        "projDfdm": -0.3901562967627702,
        "DthetaE": -0.021156348494925137
}