{
        "Reff": 0.33542414752571365,
        "R": 0.8385603688142841,
        "MthetaE": 0.48572072072072064,
        "Mstar": 10.277667357888435,
        "Mdm": 9.98913029177223,
        "Mbh": [
                7.912351131439209,
                6.072244644165039
        ],
        "Mtotal": 10.457962983718119,
        "fdm": 0.3397561353859292,
        "projMstar": 10.32902983598197,
        "projMdm": 10.227985957460554,
        "projMtotal": 10.582469923635239,
        "projfdm": 0.44209543840509763,
        "MMstar": 10.306011479993124,
        "MMdm": 9.904430570026916,
        "MMbh": -Infinity,
        "MMtotal": 10.451102369061342,
        "Mfdm": 0.28400644846475015,
        "MMthetaE": 0.48492597519012226,
        "projMMstar": 10.3263368801693,
        "projMMdm": 10.226796585398509,
        "projMMtotal": 10.580442337398654,
        "projMfdm": 0.4429495328509535,
        "Dstar": 0.06744159537591864,
        "Ddm": -0.17718864155281097,
        "Dtotal": -0.015673028521530782,
        "Dfdm": -0.16408735888714104,
        "projDstar": -0.0061815748730291355,
        "projDdm": -0.0027348837528990513,
        "projDtotal": -0.004657808451228319,
        "projDfdm": 0.001931923226661439,
        "DthetaE": 0.001636219120771968
}