{
        "Reff": 0.3467016162740413,
        "R": 1.0695945945945944,
        "MthetaE": 1.0695945945945944,
        "Mstar": 11.052319011791777,
        "Mdm": 10.800034010313489,
        "Mbh": 8.772610664367676,
        "Mtotal": 11.24527386432193,
        "fdm": 0.3587237624371107,
        "projMstar": 11.085043720067373,
        "projMdm": 11.036982667059704,
        "projMtotal": 11.362707682791516,
        "projfdm": 0.4723620342745544,
        "MMstar": [
                11.194944793243467,
                11.20526434132463,
                11.22134737506592
        ],
        "MMdm": [
                10.251667312984527,
                10.34167587491066,
                10.404561694094294
        ],
        "MMbh": -Infinity,
        "MMtotal": [
                11.255143156430673,
                11.263147779050755,
                11.270275177897211
        ],
        "Mfdm": [
                0.09797449542641584,
                0.12029878036682581,
                0.13845102102957396
        ],
        "MMthetaE": 1.0837536663679035,
        "projMMstar": [
                11.211429293210054,
                11.2223152515241,
                11.23802020401522
        ],
        "projMMdm": [
                10.687581099234288,
                10.747929319475007,
                10.786317683659599
        ],
        "projMMtotal": [
                11.341468943452282,
                11.348379047769049,
                11.354298827800294
        ],
        "projMfdm": [
                0.21899872732717782,
                0.2518273865984572,
                0.2723911822104551
        ],
        "Dstar": 0.42214975080445427,
        "Ddm": -0.6519498184792228,
        "Dtotal": 0.04201486556652998,
        "Dfdm": -0.664647862886095,
        "projDstar": 0.3717391427346828,
        "projDdm": -0.4860194883011508,
        "projDtotal": -0.03245457222287322,
        "projDfdm": -0.4668763187430814,
        "DthetaE": -0.013237792940301632
}