{
        "Reff": 0.23513420348217307,
        "R": 0.29617117117117114,
        "MthetaE": 0.29617117117117114,
        "Mstar": 9.876642141429853,
        "Mdm": 9.343449316493516,
        "Mbh": 7.900820732116699,
        "Mtotal": 9.988226969854768,
        "fdm": 0.22658040390447187,
        "projMstar": 10.002798214419613,
        "projMdm": 9.58959111729185,
        "projMtotal": 10.14461871342537,
        "projfdm": 0.2785944137301345,
        "MMstar": 9.987507417590544,
        "MMdm": 8.362131357945271,
        "MMbh": -Infinity,
        "MMtotal": 9.99767724112588,
        "Mfdm": 0.023144836480677153,
        "MMthetaE": 0.3247669375126507,
        "projMMstar": 10.017299906483204,
        "projMMdm": 9.377977913614819,
        "projMMtotal": 10.107008901262425,
        "projMfdm": 0.18662465262302053,
        "Dstar": 0.2908187825966336,
        "Ddm": -0.8956044368333621,
        "Dtotal": 0.02199853033654135,
        "Dfdm": -0.8978515525533478,
        "projDstar": 0.03395512938819594,
        "projDdm": -0.3856911155944752,
        "projDtotal": -0.08295597020680383,
        "projDfdm": -0.33012062185928154,
        "DthetaE": -0.0965514848335887
}