{
        "Reff": 0.3281228274892596,
        "R": 0.48572072072072064,
        "MthetaE": 0.48572072072072064,
        "Mstar": 10.193931422797494,
        "Mdm": 9.704516155365626,
        "Mbh": [
                7.912351131439209,
                6.072244644165039
        ],
        "Mtotal": 10.315829128814833,
        "fdm": 0.2447298965108559,
        "projMstar": 10.263860798608103,
        "projMdm": 9.965676135596594,
        "projMtotal": 10.440902574668815,
        "projfdm": 0.3347908352976755,
        "MMstar": 10.191019402663311,
        "MMdm": 9.631162404960243,
        "MMbh": -Infinity,
        "MMtotal": 10.296704487771754,
        "Mfdm": 0.21600207202362942,
        "MMthetaE": 0.5249657346094901,
        "projMMstar": 10.216100110474867,
        "projMMdm": 9.98426739838221,
        "projMMtotal": 10.416502952134806,
        "projMfdm": 0.3696276458135851,
        "Dstar": -0.0066827446305482985,
        "Ddm": -0.1554093882818505,
        "Dtotal": -0.043080600739738524,
        "Dfdm": -0.11738584004979603,
        "projDstar": -0.10414172032835549,
        "projDdm": 0.04373744101504048,
        "projDtotal": -0.054633132379080226,
        "projDfdm": 0.10405544848602212,
        "DthetaE": -0.0807974875573294
}