{
        "Reff": 0.3281228274892596,
        "R": 0.48572072072072064,
        "MthetaE": 0.48572072072072064,
        "Mstar": 10.193931422797494,
        "Mdm": 9.704516155365626,
        "Mbh": [
                7.912351131439209,
                6.072244644165039
        ],
        "Mtotal": 10.315829128814833,
        "fdm": 0.2447298965108559,
        "projMstar": 10.263860798608103,
        "projMdm": 9.965676135596594,
        "projMtotal": 10.440902574668815,
        "projfdm": 0.3347908352976755,
        "MMstar": 10.190768823458674,
        "MMdm": 9.632528542620502,
        "MMbh": -Infinity,
        "MMtotal": 10.2968036327155,
        "Mfdm": 0.21663314760280816,
        "MMthetaE": 0.5249657346094901,
        "projMMstar": 10.215725939311824,
        "projMMdm": 9.98607503054943,
        "projMMtotal": 10.416936513320405,
        "projMfdm": 0.37079896840494,
        "Dstar": -0.007255703453387736,
        "Ddm": -0.15274842029427413,
        "Dtotal": -0.04286212098894112,
        "Dfdm": -0.11480717847973017,
        "projDstar": -0.10491322443528799,
        "projDdm": 0.048090766529075867,
        "projDtotal": -0.05368889049645055,
        "projDfdm": 0.10755411830568255,
        "DthetaE": -0.0807974875573294
}