{
        "Reff": 0.3465146838858552,
        "R": 0.8662867097146381,
        "MthetaE": 1.0543693693693692,
        "Mstar": 11.033412259839897,
        "Mdm": 10.707664354405054,
        "Mbh": 8.772610664367676,
        "Mtotal": 11.201419526893796,
        "fdm": 0.32080773240888977,
        "projMstar": 11.066829826989872,
        "projMdm": 10.9365370114967,
        "projMtotal": 11.30758134804791,
        "projfdm": 0.42555496657047037,
        "MMstar": -Infinity,
        "MMdm": -Infinity,
        "MMbh": -Infinity,
        "MMtotal": -Infinity,
        "Mfdm": 0.0,
        "MMthetaE": 1.1525975190122313,
        "projMMstar": 11.204942380633401,
        "projMMdm": 10.64396452617793,
        "projMMtotal": 11.310385603180649,
        "projMfdm": 0.21556533482106027,
        "Dstar": -1.0,
        "Ddm": -1.0,
        "Dtotal": -1.0,
        "Dfdm": -1.0,
        "projDstar": 0.3743981238450553,
        "projDdm": -0.4901675024132968,
        "projDtotal": 0.006477927664704318,
        "projDfdm": -0.4934489037731312,
        "DthetaE": -0.0931629393801657
}