{
        "Reff": 0.3129603324922881,
        "R": 0.7824008312307202,
        "MthetaE": 0.0,
        "Mstar": 10.273399770015239,
        "Mdm": 10.022244869721614,
        "Mbh": 8.01979923248291,
        "Mtotal": 10.466760355017644,
        "fdm": 0.35932258444479737,
        "projMstar": 10.311296349477995,
        "projMdm": 10.185498404817997,
        "projMtotal": 10.553966374268237,
        "projfdm": 0.4280869911502228,
        "MMstar": [
                10.159327776202737,
                10.244078309371893,
                10.315682364543303
        ],
        "MMdm": [
                9.003888599310027,
                9.486692441797317,
                9.75232273739621
        ],
        "MMbh": -Infinity,
        "MMtotal": [
                10.287928954104128,
                10.318776114241436,
                10.349311316528562
        ],
        "Mfdm": [
                0.04744299311372205,
                0.14980241226878374,
                0.28188095075109504
        ],
        "MMthetaE": 0.0,
        "projMMstar": [
                10.184349387257342,
                10.267306490711354,
                10.34102488221038
        ],
        "projMMdm": [
                9.4902592280272,
                10.005890278092814,
                10.195777472445759
        ],
        "projMMtotal": [
                10.387764126839308,
                10.439691131968706,
                10.508201615529174
        ],
        "projMfdm": [
                0.12401419221457449,
                0.3652659876270553,
                0.5097083788647417
        ],
        "Dstar": -0.06528644804966294,
        "Ddm": -0.7086281629834692,
        "Dtotal": -0.288760678106524,
        "Dfdm": -0.5830976989652654,
        "projDstar": -0.09632942486479582,
        "projDdm": -0.3387101250050978,
        "projDtotal": -0.2313568561688121,
        "projDfdm": -0.1467482189878612,
        "DthetaE": 0,
        "PL_slope1": -2.833046382695665,
        "AV_slope1": 2.865678879502498,
        "PL_slope2": -2.951403190699361,
        "AV_slope2": 2.9343488587736295
}