{
        "Reff": 0.4081097725007585,
        "R": 1.0202744312518963,
        "MthetaE": 0.37909909909909906,
        "Mstar": 10.364943218193039,
        "Mdm": 10.152496114847926,
        "Mbh": 8.278263092041016,
        "Mtotal": 10.572612711748814,
        "fdm": 0.38008733894439084,
        "projMstar": 10.459069556768531,
        "projMdm": 10.470354006813059,
        "projMtotal": 10.765778427480319,
        "projfdm": 0.5064954861724276,
        "MMstar": 10.472112419645686,
        "MMdm": 9.932986638130265,
        "MMbh": -Infinity,
        "MMtotal": 10.582360040435443,
        "Mfdm": 0.22419534843843034,
        "MMthetaE": 0.38191770523089374,
        "projMMstar": 10.484505853138208,
        "projMMdm": 10.441335410391453,
        "projMMtotal": 10.764486819001572,
        "projMfdm": 0.47516953813213775,
        "Dstar": 0.27987984917411385,
        "Ddm": -0.396759455498053,
        "Dtotal": 0.022697816436087134,
        "Dfdm": -0.41014781218157986,
        "projDstar": 0.060318396250262946,
        "projDdm": -0.06463437891918017,
        "projDtotal": -0.002969620357778111,
        "projDfdm": -0.06184842490309074,
        "DthetaE": -0.007435011421796824
}