{
        "Reff": 0.3252354630461267,
        "R": 0.45018018018018013,
        "MthetaE": 0.45018018018018013,
        "Mstar": 10.157419078496352,
        "Mdm": 9.745693003339381,
        "Mbh": 8.01979923248291,
        "Mtotal": 10.299652689733843,
        "fdm": 0.27928030725671116,
        "projMstar": 10.210306231675538,
        "projMdm": 9.953741366541735,
        "projMtotal": 10.401730642113568,
        "projfdm": 0.3564599357065718,
        "MMstar": [
                10.111879186652379,
                10.135395353359378,
                10.162841413626401
        ],
        "MMdm": [
                9.39029227938047,
                9.484081364110743,
                9.575195017532087
        ],
        "MMbh": -Infinity,
        "MMtotal": [
                10.211456276596849,
                10.225430049655621,
                10.240239380178316
        ],
        "Mfdm": [
                0.14574573857479187,
                0.18381911973482623,
                0.22087097775734468
        ],
        "MMthetaE": 0.4500195182604169,
        "projMMstar": [
                10.137890687984745,
                10.161430264145215,
                10.189978485213011
        ],
        "projMMdm": [
                9.804621857739773,
                9.876557012021518,
                9.926339971520576
        ],
        "projMMtotal": [
                10.332375990640697,
                10.343766068866772,
                10.354782606228078
        ],
        "projMfdm": [
                0.29316507925779145,
                0.3430093381362493,
                0.3788920012765239
        ],
        "Dstar": -0.04944713565402807,
        "Ddm": -0.45249465820812923,
        "Dtotal": -0.15709746508239414,
        "Dfdm": -0.3418113810442715,
        "projDstar": -0.10643935597048157,
        "projDdm": -0.1628261668801192,
        "projDtotal": -0.1249448467102504,
        "projDfdm": -0.037733827067159345,
        "DthetaE": 0.00035688359202955825
}