{
        "Reff": 0.3252354630461267,
        "R": 0.45018018018018013,
        "MthetaE": 0.45018018018018013,
        "Mstar": 10.157419078496352,
        "Mdm": 9.745693003339381,
        "Mbh": 8.01979923248291,
        "Mtotal": 10.299652689733843,
        "fdm": 0.27928030725671116,
        "projMstar": 10.210306231675538,
        "projMdm": 9.953741366541735,
        "projMtotal": 10.401730642113568,
        "projfdm": 0.3564599357065718,
        "MMstar": [
                10.114196334293245,
                10.135662597797861,
                10.162281335957154
        ],
        "MMdm": [
                9.4023469451334,
                9.4839911991166,
                9.560315604108563
        ],
        "MMbh": -Infinity,
        "MMtotal": [
                10.21278788806686,
                10.225167883461129,
                10.239546666402688
        ],
        "Mfdm": [
                0.14897610809519124,
                0.18300306586299916,
                0.2161456660820711
        ],
        "MMthetaE": 0.4027931353555214,
        "projMMstar": [
                10.140040588717746,
                10.1616470772434,
                10.189165353791312
        ],
        "projMMdm": [
                9.810312137508767,
                9.878725631332632,
                9.923279202363366
        ],
        "projMMtotal": [
                10.332358842293717,
                10.344179744631857,
                10.354980049942476
        ],
        "projMfdm": [
                0.29577158723375846,
                0.34393861602758974,
                0.37448557210141253
        ],
        "Dstar": -0.0488620300352328,
        "Ddm": -0.45260831540126834,
        "Dtotal": -0.15760613805424742,
        "Dfdm": -0.34473336963646023,
        "projDstar": -0.1059931517768899,
        "projDdm": -0.1586353429434918,
        "projDtotal": -0.12411093888626121,
        "projDfdm": -0.03512686398869039,
        "DthetaE": 0.10526239694891172
}