{
        "Reff": 0.3465146838858552,
        "R": 0.8662867097146381,
        "MthetaE": 1.0543693693693692,
        "Mstar": 11.033412259839897,
        "Mdm": 10.707664354405054,
        "Mbh": 8.772610664367676,
        "Mtotal": 11.201419526893796,
        "fdm": 0.32080773240888977,
        "projMstar": 11.066829826989872,
        "projMdm": 10.9365370114967,
        "projMtotal": 11.30758134804791,
        "projfdm": 0.42555496657047037,
        "MMstar": 11.151165733495922,
        "MMdm": 10.22862645296832,
        "MMbh": -Infinity,
        "MMtotal": 11.20019973972202,
        "Mfdm": 0.10676446133904617,
        "MMthetaE": 1.0536958910447327,
        "projMMstar": 11.169293410362238,
        "projMMdm": 10.692664455705437,
        "projMMtotal": 11.294355274313608,
        "projMfdm": 0.2502126032493972,
        "Dstar": 0.31145524289349996,
        "Ddm": -0.6681345060387323,
        "Dtotal": -0.002804723152443287,
        "Dfdm": -0.6672010972510847,
        "projDstar": 0.26608709863826874,
        "projDdm": -0.42966838781444405,
        "projDtotal": -0.029995104140336938,
        "projDfdm": -0.41203223342486145,
        "DthetaE": 0.000638749895626525
}