{
        "Reff": 0.4081097725007585,
        "R": 1.0202744312518963,
        "MthetaE": 0.37909909909909906,
        "Mstar": 10.364943218193039,
        "Mdm": 10.152496114847926,
        "Mbh": 8.278263092041016,
        "Mtotal": 10.572612711748814,
        "fdm": 0.38008733894439084,
        "projMstar": 10.459069556768531,
        "projMdm": 10.470354006813059,
        "projMtotal": 10.765778427480319,
        "projfdm": 0.5064954861724276,
        "MMstar": [
                -Infinity,
                -Infinity,
                -Infinity
        ],
        "MMdm": [
                -Infinity,
                -Infinity,
                -Infinity
        ],
        "MMbh": -Infinity,
        "MMtotal": [
                -Infinity,
                -Infinity,
                -Infinity
        ],
        "Mfdm": [
                0.0,
                0.0,
                0.0
        ],
        "MMthetaE": 0.37130888008559115,
        "projMMstar": [
                10.514466702209994,
                10.517591332093215,
                10.518551311686664
        ],
        "projMMdm": [
                7.982058692453353,
                8.66601734417607,
                9.238720687686516
        ],
        "projMMtotal": [
                10.519711108827469,
                10.524102373927951,
                10.538913367970077
        ],
        "projMfdm": [
                0.0028987896291396862,
                0.013882958048897815,
                0.05055905363160131
        ],
        "Dstar": -1.0,
        "Ddm": -1.0,
        "Dtotal": -1.0,
        "Dfdm": -1.0,
        "projDstar": 0.14425225065791633,
        "projDdm": -0.9843085406035585,
        "projDtotal": -0.4267765528978008,
        "projDfdm": -0.9725901643195066,
        "DthetaE": 0.020549294451030833
}