{
        "Reff": 0.33542414752571365,
        "R": 0.48572072072072064,
        "MthetaE": 0.48572072072072064,
        "Mstar": 10.193931422797494,
        "Mdm": 9.704516155365626,
        "Mbh": [
                7.912351131439209,
                6.072244644165039
        ],
        "Mtotal": 10.315829128814833,
        "fdm": 0.2447298965108559,
        "projMstar": 10.263860798608103,
        "projMdm": 9.965676135596594,
        "projMtotal": 10.440902574668815,
        "projfdm": 0.3347908352976755,
        "MMstar": 10.19967832412423,
        "MMdm": 9.700077102217627,
        "MMbh": -Infinity,
        "MMtotal": 10.319105213276602,
        "Mfdm": 0.2404207175195031,
        "MMthetaE": 0.5475522655640054,
        "projMMstar": 10.223618782863273,
        "projMMdm": 10.02514654009192,
        "projMMtotal": 10.43665305624174,
        "projMfdm": 0.3876979314510754,
        "Dstar": 0.013320669355972087,
        "Ddm": -0.010169237667572117,
        "Dtotal": 0.007571986841050395,
        "Dfdm": -0.01760789773864684,
        "projDstar": -0.08849724790631651,
        "projDdm": 0.14675437184377135,
        "projDtotal": -0.009737161625053456,
        "projDfdm": 0.1580303000419893,
        "DthetaE": -0.1272985528629251
}