{
        "Reff": 0.1711945002191585,
        "R": 0.42798625054789624,
        "MthetaE": 0.5568018018018017,
        "Mstar": 10.272768103513672,
        "Mdm": 9.918860506492777,
        "Mbh": 8.217829704284668,
        "Mtotal": 10.43193888232478,
        "fdm": 0.30684681811046544,
        "projMstar": 10.299456228808682,
        "projMdm": 10.106476541384401,
        "projMtotal": 10.514628207353143,
        "projfdm": 0.3907044286802383,
        "MMstar": [
                -Infinity,
                -Infinity,
                -Infinity
        ],
        "MMdm": [
                -Infinity,
                -Infinity,
                -Infinity
        ],
        "MMbh": -Infinity,
        "MMtotal": [
                -Infinity,
                -Infinity,
                -Infinity
        ],
        "Mfdm": [
                0.0,
                0.0,
                0.0
        ],
        "MMthetaE": 0.6365295087181563,
        "projMMstar": [
                10.10356405205264,
                10.112308561390362,
                10.141325297921641
        ],
        "projMMdm": [
                10.189856464869603,
                10.21019352084754,
                10.215879660828795
        ],
        "projMMtotal": [
                10.463863690085011,
                10.465504532059871,
                10.467913607498247
        ],
        "projMfdm": [
                0.5278721314180533,
                0.5561967658463761,
                0.5643746289833297
        ],
        "Dstar": -1.0,
        "Ddm": -1.0,
        "Dtotal": -1.0,
        "Dfdm": -1.0,
        "projDstar": -0.3500913270943478,
        "projDdm": 0.2697463686509499,
        "projDtotal": -0.10694886922984578,
        "projDfdm": 0.4235742546485969,
        "DthetaE": -0.1431886654431738
}