{
        "Reff": 0.1711945002191585,
        "R": 0.42798625054789624,
        "MthetaE": 0.5568018018018017,
        "Mstar": 10.272768103513672,
        "Mdm": 9.918860506492777,
        "Mbh": 8.217829704284668,
        "Mtotal": 10.43193888232478,
        "fdm": 0.30684681811046544,
        "projMstar": 10.299456228808682,
        "projMdm": 10.106476541384401,
        "projMtotal": 10.514628207353143,
        "projfdm": 0.3907044286802383,
        "MMstar": [
                -Infinity,
                -Infinity,
                -Infinity
        ],
        "MMdm": [
                -Infinity,
                -Infinity,
                -Infinity
        ],
        "MMbh": -Infinity,
        "MMtotal": [
                -Infinity,
                -Infinity,
                -Infinity
        ],
        "Mfdm": [
                0.0,
                0.0,
                0.0
        ],
        "MMthetaE": 0.6300273255645836,
        "projMMstar": [
                10.103606095919798,
                10.112766305068815,
                10.140392178302866
        ],
        "projMMdm": [
                10.190420868286393,
                10.209557522081724,
                10.216147729292933
        ],
        "projMMtotal": [
                10.463977888355567,
                10.465648835974728,
                10.467874667828783
        ],
        "projMfdm": [
                0.5287592260434986,
                0.5555474504737165,
                0.5642669928032202
        ],
        "Dstar": -1.0,
        "Ddm": -1.0,
        "Dtotal": -1.0,
        "Dfdm": -1.0,
        "projDstar": -0.34940596628219694,
        "projDdm": 0.2678882605341406,
        "projDtotal": -0.1066520840019469,
        "projDfdm": 0.42191234522296533,
        "DthetaE": -0.13151093176391543
}