{
        "Reff": 0.33542414752571365,
        "R": 0.8385603688142841,
        "MthetaE": 0.48572072072072064,
        "Mstar": 10.277667357888435,
        "Mdm": 9.98913029177223,
        "Mbh": [
                7.912351131439209,
                6.072244644165039
        ],
        "Mtotal": 10.457962983718119,
        "fdm": 0.3397561353859292,
        "projMstar": 10.32902983598197,
        "projMdm": 10.227985957460554,
        "projMtotal": 10.582469923635239,
        "projfdm": 0.44209543840509763,
        "MMstar": [
                10.273538163137847,
                10.290219752196464,
                10.312347459741648
        ],
        "MMdm": [
                9.886723208231464,
                9.942047790109866,
                9.986508484986546
        ],
        "MMbh": -Infinity,
        "MMtotal": [
                10.443528892249164,
                10.452125921990485,
                10.460597670985164
        ],
        "Mfdm": [
                0.2745138475054528,
                0.3092152950368564,
                0.3378601007513218
        ],
        "MMthetaE": 0.5249657346094901,
        "projMMstar": [
                10.291846944614598,
                10.308444757633886,
                10.32969140859177
        ],
        "projMMdm": [
                10.245138991419338,
                10.293359171467404,
                10.330437913472608
        ],
        "projMMtotal": [
                10.58738380323983,
                10.602291426486808,
                10.614247803691653
        ],
        "projMfdm": [
                0.4545282100605887,
                0.49106861688699144,
                0.5201145854886474
        ],
        "Dstar": 0.02932469985744669,
        "Ddm": -0.10274167125096607,
        "Dtotal": -0.01335041336110784,
        "Dfdm": -0.08989047486775015,
        "projDstar": -0.04629310676990826,
        "projDdm": 0.16244714183142042,
        "projDtotal": 0.04669826154584746,
        "projDfdm": 0.11077512733125978,
        "DthetaE": -0.0807974875573294,
        "PL_slope1": -2.7557886222060284,
        "AV_slope1": 2.796437100870564,
        "PL_slope2": -2.097404543816305,
        "AV_slope2": 2.095147988497393
}