{
        "Reff": 0.4869602608436852,
        "R": 1.220225225225225,
        "MthetaE": 1.220225225225225,
        "Mstar": 10.87244459182217,
        "Mdm": 10.637575202464305,
        "Mbh": 8.438713073730469,
        "Mtotal": 11.071727465792158,
        "fdm": 0.3679999305160368,
        "projMstar": 10.97001301300598,
        "projMdm": 10.903444554972886,
        "projMtotal": 11.239032980836678,
        "projfdm": 0.4617549652833109,
        "MMstar": 10.934750645720104,
        "MMdm": 10.480256197954253,
        "MMbh": -Infinity,
        "MMtotal": 11.065457558571671,
        "Mfdm": 0.2598954278734896,
        "MMthetaE": 1.224463753867507,
        "projMMstar": 10.946655633012906,
        "projMMdm": 10.825549233966855,
        "projMMtotal": 11.191340254745027,
        "projMfdm": 0.430733826493687,
        "Dstar": 0.15426640028191607,
        "Ddm": -0.30388499458275836,
        "Dtotal": -0.01433328119410956,
        "Dfdm": -0.29376229090846573,
        "projDstar": -0.05236166718045182,
        "projDdm": -0.16419555018406398,
        "projDtotal": -0.10400151794428257,
        "projDfdm": -0.06718095336688101,
        "DthetaE": -0.0034735625478481487
}