{
        "Reff": 0.1711945002191585,
        "R": 0.5568018018018017,
        "MthetaE": 0.5568018018018017,
        "Mstar": 10.29718412001835,
        "Mdm": 10.054040228274305,
        "Mbh": 8.217829704284668,
        "Mtotal": 10.493440279762195,
        "fdm": 0.3635799691958276,
        "projMstar": 10.317644882056662,
        "projMdm": 10.217508581624593,
        "projMtotal": 10.571486439761745,
        "projfdm": 0.44261093765245546,
        "MMstar": [
                10.157681622778092,
                10.194187793158695,
                10.213129153749291
        ],
        "MMdm": [
                10.00129140420053,
                10.04811891411587,
                10.09662262541914
        ],
        "MMbh": -Infinity,
        "MMtotal": [
                10.411691741860787,
                10.427616637689686,
                10.438518766627462
        ],
        "Mfdm": [
                0.38367936057569635,
                0.4149485046848261,
                0.4632483427706572
        ],
        "MMthetaE": 0.6553516178469189,
        "projMMstar": [
                10.164245365151775,
                10.201598277482226,
                10.220697611142073
        ],
        "projMMdm": [
                10.297798590421777,
                10.318837306321448,
                10.34720903872638
        ],
        "projMMtotal": [
                10.558504749142358,
                10.563837454434365,
                10.571741338373444
        ],
        "projMfdm": [
                0.5452872688312497,
                0.5676992930668299,
                0.6029638744591838
        ],
        "Dstar": -0.21113321039665572,
        "Ddm": -0.013541803228344364,
        "Dtotal": -0.14063758019158035,
        "Dfdm": 0.14128538379772768,
        "projDstar": -0.23448554561695828,
        "projDdm": 0.26278299433718016,
        "projDtotal": -0.01745824713931038,
        "projDfdm": 0.2826146956011187,
        "DthetaE": -0.17699263135681587
}