{
        "Reff": 1.1965155934630276,
        "R": 0.6634234234234233,
        "MthetaE": 0.6634234234234233,
        "Mstar": 10.522028515683154,
        "Mdm": 10.064407877741875,
        "Mbh": 8.336731910705566,
        "Mtotal": 10.6519251077602,
        "fdm": 0.25851322760668544,
        "projMstar": 10.610449633395211,
        "projMdm": 10.389287224511984,
        "projMtotal": 10.814827120951854,
        "projfdm": 0.37537046949957625,
        "MMstar": [
                10.64605693892093,
                10.651833966818486,
                10.656751306778276
        ],
        "MMdm": [
                7.889136911983108,
                8.454180855640391,
                8.76648894562939
        ],
        "MMbh": -Infinity,
        "MMtotal": [
                10.650834548507605,
                10.654695962706061,
                10.658021831305245
        ],
        "Mfdm": [
                0.0017046052832365376,
                0.006290339486410494,
                0.012966433801555963
        ],
        "MMthetaE": 0.6491916548593238,
        "projMMstar": [
                10.710025210192262,
                10.715423675431198,
                10.720248750159778
        ],
        "projMMdm": [
                8.312286718264083,
                8.875726562271842,
                9.162368216603742
        ],
        "projMMtotal": [
                10.718611294235584,
                10.722177407072795,
                10.724982873650797
        ],
        "projMfdm": [
                0.003916591067680384,
                0.014189293553864748,
                0.027529528154121134
        ],
        "Dstar": 0.34835872933812073,
        "Ddm": -0.975465739179021,
        "Dtotal": 0.006400525672193529,
        "Dfdm": -0.9756672432407175,
        "projDstar": 0.2734269654761416,
        "projDdm": -0.9693493747831669,
        "projDtotal": -0.19211362071692617,
        "projDfdm": -0.962199227944646,
        "DthetaE": 0.021452013995315607
}