{
        "Reff": 1.1965155934630276,
        "R": 0.6634234234234233,
        "MthetaE": 0.6634234234234233,
        "Mstar": 10.522028515683154,
        "Mdm": 10.064407877741875,
        "Mbh": 8.336731910705566,
        "Mtotal": 10.6519251077602,
        "fdm": 0.25851322760668544,
        "projMstar": 10.610449633395211,
        "projMdm": 10.389287224511984,
        "projMtotal": 10.814827120951854,
        "projfdm": 0.37537046949957625,
        "MMstar": [
                10.64558906701068,
                10.651623807780366,
                10.656751306778276
        ],
        "MMdm": [
                7.924356171529274,
                8.449474818062667,
                8.78574317408594
        ],
        "MMbh": -Infinity,
        "MMtotal": [
                10.650600162845508,
                10.65453345016613,
                10.658477081243227
        ],
        "Mfdm": [
                0.001841024160912336,
                0.006185517956282267,
                0.013517118087013152
        ],
        "MMthetaE": 0.6491916548593238,
        "projMMstar": [
                10.70915479329137,
                10.71547046570003,
                10.720340358281085
        ],
        "projMMdm": [
                8.337556461521508,
                8.8728501239767,
                9.186756584403234
        ],
        "projMMtotal": [
                10.71873953425597,
                10.722325879664599,
                10.72491217454675
        ],
        "projMfdm": [
                0.004146712157654335,
                0.014086512694689952,
                0.029113450393722637
        ],
        "Dstar": 0.34770640416738846,
        "Ddm": -0.9757301584863924,
        "Dtotal": 0.0060240021020867745,
        "Dfdm": -0.9760727216415664,
        "projDstar": 0.2735641700743978,
        "projDdm": -0.9695517105516336,
        "projDtotal": -0.19183738075653814,
        "projDfdm": -0.962473039732003,
        "DthetaE": 0.021452013995315607
}