{
        "Reff": 0.3467016162740413,
        "R": 1.0543693693693692,
        "MthetaE": 1.0543693693693692,
        "Mstar": 11.051047526846789,
        "Mdm": 10.793390939483194,
        "Mbh": 8.772610664367676,
        "Mtotal": 11.242083096745356,
        "fdm": 0.355883491538148,
        "projMstar": 11.083819296434118,
        "projMdm": 11.030129712404289,
        "projMtotal": 11.35883364304146,
        "projfdm": 0.4691330928669549,
        "MMstar": [
                11.123206941894484,
                11.139922283174657,
                11.163051831364157
        ],
        "MMdm": [
                10.533307101986974,
                10.605379278625149,
                10.666467945760449
        ],
        "MMbh": -Infinity,
        "MMtotal": [
                11.243118370951844,
                11.254029853299746,
                11.265382921015302
        ],
        "Mfdm": [
                0.19153281344619288,
                0.22670634347065063,
                0.25653551613603076
        ],
        "MMthetaE": 1.1385664922071537,
        "projMMstar": [
                11.141105335210474,
                11.157459865136751,
                11.180458234311478
        ],
        "projMMdm": [
                10.84058932359438,
                10.89684595578648,
                10.931125867519393
        ],
        "projMMtotal": [
                11.340557244035448,
                11.346650413431197,
                11.355753291653558
        ],
        "projMfdm": [
                0.3128880240175042,
                0.3544390752026432,
                0.37887507944119087
        ],
        "Dstar": 0.22708530809777483,
        "Ddm": -0.3513829821289751,
        "Dtotal": 0.02789027355771791,
        "Dfdm": -0.3629759489803437,
        "projDstar": 0.18478778686355019,
        "projDdm": -0.2642737637951921,
        "projDtotal": -0.027663093434852116,
        "projDfdm": -0.24448076549747624,
        "DthetaE": -0.07985543328913638
}