{
        "Reff": 0.3467016162740413,
        "R": 1.0543693693693692,
        "MthetaE": 1.0543693693693692,
        "Mstar": 11.051047526846789,
        "Mdm": 10.793390939483194,
        "Mbh": 8.772610664367676,
        "Mtotal": 11.242083096745356,
        "fdm": 0.355883491538148,
        "projMstar": 11.083819296434118,
        "projMdm": 11.030129712404289,
        "projMtotal": 11.35883364304146,
        "projfdm": 0.4691330928669549,
        "MMstar": [
                11.124437039233017,
                11.141834797519545,
                11.167259937001074
        ],
        "MMdm": [
                10.529228625937977,
                10.60422403595205,
                10.66955815029613
        ],
        "MMbh": -Infinity,
        "MMtotal": [
                11.244266395946532,
                11.255914246917998,
                11.265977234533343
        ],
        "Mfdm": [
                0.18562463454001865,
                0.22510822532969033,
                0.25811059979319284
        ],
        "MMthetaE": 1.127957667061851,
        "projMMstar": [
                11.142062885691018,
                11.159806679375494,
                11.185007504271887
        ],
        "projMMdm": [
                10.835030428905839,
                10.890651590936418,
                10.93001157497435
        ],
        "projMMtotal": [
                11.340587334660261,
                11.346593362252737,
                11.355440241782611
        ],
        "projMfdm": [
                0.3081257036282256,
                0.34985042163288077,
                0.3779512104247643
        ],
        "Dstar": 0.23250097262775532,
        "Ddm": -0.35310603957670345,
        "Dtotal": 0.03235995536835975,
        "Dfdm": -0.36746651451361173,
        "projDstar": 0.19120740074463366,
        "projDdm": -0.2746929839055936,
        "projDtotal": -0.027790816270951643,
        "projDfdm": -0.2542618993367463,
        "DthetaE": -0.06979366039104094
}