{
        "Reff": 0.39391362270631924,
        "R": 0.4468078192185168,
        "thetaE": 0.4468078192185168,
        "Mstar": 10.140918026411882,
        "Mdm": 9.662250970282136,
        "Mbh": 8.139239311218262,
        "Mtotal": 10.26547082817707,
        "fdm": 0.24933321791419477,
        "MMstar": 10.238432056475428,
        "MMdm": 8.805438039398057,
        "MMbh": -Infinity,
        "MMtotal": 10.254168205594212,
        "Mfdm": 0.03558523464032274,
        "Dstar": 0.2517397103495861,
        "Ddm": -0.8609448528071397,
        "Dtotal": -0.025689512305730324,
        "Dfdm": -0.8572784046264987
}