{
        "Reff": 0.33542414752571365,
        "R": 0.8385603688142841,
        "MthetaE": 0.48572072072072064,
        "Mstar": 10.277667357888435,
        "Mdm": 9.98913029177223,
        "Mbh": [
                7.912351131439209,
                6.072244644165039
        ],
        "Mtotal": 10.457962983718119,
        "fdm": 0.3397561353859292,
        "projMstar": 10.32902983598197,
        "projMdm": 10.227985957460554,
        "projMtotal": 10.582469923635239,
        "projfdm": 0.44209543840509763,
        "MMstar": [
                10.225826297445172,
                10.263259107742213,
                10.289152998278732
        ],
        "MMdm": [
                9.943499897587694,
                10.013973403122689,
                10.085814757936502
        ],
        "MMbh": -Infinity,
        "MMtotal": [
                10.446354558430713,
                10.457736746985347,
                10.468123151653485
        ],
        "Mfdm": [
                0.3136483576013471,
                0.3574328627615143,
                0.4206637050155644
        ],
        "MMthetaE": 0.5475522655640054,
        "projMMstar": [
                10.245119433863998,
                10.283309455333445,
                10.309347825614388
        ],
        "projMMdm": [
                10.270981480726002,
                10.32132645694877,
                10.374270890459155
        ],
        "projMMtotal": [
                10.587082710741985,
                10.603461821986615,
                10.622058012315996
        ],
        "projMfdm": [
                0.48102132063204356,
                0.521996741415154,
                0.5709432950452611
        ],
        "Dstar": -0.03263192697156088,
        "Ddm": 0.05887113944364365,
        "Dtotal": -0.0005207936682431045,
        "Dfdm": 0.05202769143670096,
        "projDstar": -0.09992309285677127,
        "projDdm": 0.23976821988058086,
        "projDtotal": 0.04952284989869579,
        "projDfdm": 0.18073315413139765,
        "DthetaE": -0.1272985528629251,
        "PL_slope1": -2.6099357004742387,
        "AV_slope1": 2.6592287705350883,
        "PL_slope2": -2.041185317157148,
        "AV_slope2": 2.037592133676648
}