{
        "Reff": 0.33542414752571365,
        "R": 0.8385603688142841,
        "MthetaE": 0.48572072072072064,
        "Mstar": 10.277667357888435,
        "Mdm": 9.98913029177223,
        "Mbh": [
                7.912351131439209,
                6.072244644165039
        ],
        "Mtotal": 10.457962983718119,
        "fdm": 0.3397561353859292,
        "projMstar": 10.32902983598197,
        "projMdm": 10.227985957460554,
        "projMtotal": 10.582469923635239,
        "projfdm": 0.44209543840509763,
        "MMstar": [
                10.22646331839824,
                10.260845820163546,
                10.290645476728404
        ],
        "MMdm": [
                9.943465691754975,
                10.014135429834237,
                10.085164550698657
        ],
        "MMbh": -Infinity,
        "MMtotal": [
                10.446454718682475,
                10.457212649103859,
                10.467223879957944
        ],
        "Mfdm": [
                0.3110184723188023,
                0.3617524920536188,
                0.4193102913646133
        ],
        "MMthetaE": 0.5475522655640054,
        "projMMstar": [
                10.245228901013096,
                10.280430956237902,
                10.31088317552795
        ],
        "projMMdm": [
                10.272141349696206,
                10.32435292637459,
                10.37588871230398
        ],
        "projMMtotal": [
                10.587126756245047,
                10.604360611257507,
                10.6210931879869
        ],
        "projMfdm": [
                0.4831886458777269,
                0.525468091584644,
                0.5749285208096623
        ],
        "Dstar": -0.03799249030059566,
        "Ddm": 0.05926625709685931,
        "Dtotal": -0.0017262176670005066,
        "Dfdm": 0.0647416025105888,
        "projDstar": -0.10586906610303667,
        "projDdm": 0.2484379702439514,
        "projDtotal": 0.05169712723339242,
        "projDfdm": 0.1885851921031381,
        "DthetaE": -0.1272985528629251,
        "PL_slope1": -2.6050375943975204,
        "AV_slope1": 2.6535697910219875,
        "PL_slope2": -2.0425894483941502,
        "AV_slope2": 2.0389322351623
}