{
        "Reff": 0.5447542281665589,
        "R": 1.3618855704163972,
        "MthetaE": 0.0,
        "Mstar": 10.514312794352605,
        "Mdm": 10.43474709606854,
        "Mbh": 8.265588760375977,
        "Mtotal": 10.777379520299181,
        "fdm": 0.4543259838895221,
        "projMstar": 10.612743061209496,
        "projMdm": 10.67090916452487,
        "projMtotal": 10.943829172321944,
        "projfdm": 0.5334331388782186,
        "MMstar": [
                10.45980848609731,
                10.527267841997565,
                10.570044686436464
        ],
        "MMdm": [
                9.899425528464866,
                10.07657618154804,
                10.245888085587607
        ],
        "MMbh": -Infinity,
        "MMtotal": [
                10.643276769073765,
                10.661672288494188,
                10.68283782493509
        ],
        "Mfdm": [
                0.1774517807756887,
                0.26314603070323395,
                0.38042682574656644
        ],
        "MMthetaE": 0.0,
        "projMMstar": [
                10.485094870108348,
                10.553036311819989,
                10.595095049910542
        ],
        "projMMdm": [
                10.368812374949593,
                10.556240560820054,
                10.67497518225031
        ],
        "projMMtotal": [
                10.779236204611172,
                10.842406311511285,
                10.912447236494593
        ],
        "projMfdm": [
                0.3780704809756279,
                0.5110656147352552,
                0.59530321279519
        ],
        "Dstar": 0.030279474173698966,
        "Ddm": -0.5616418499331607,
        "Dtotal": -0.23388711228652673,
        "Dfdm": -0.42079907371702774,
        "projDstar": -0.12844810679450286,
        "projDdm": -0.2320527380476234,
        "projDtotal": -0.2082699311274833,
        "projDfdm": -0.041931260944906984,
        "DthetaE": 0
}