{
        "Reff": 0.5447542281665589,
        "R": 1.3618855704163972,
        "MthetaE": 0.0,
        "Mstar": 10.514312794352605,
        "Mdm": 10.43474709606854,
        "Mbh": 8.265588760375977,
        "Mtotal": 10.777379520299181,
        "fdm": 0.4543259838895221,
        "projMstar": 10.612743061209496,
        "projMdm": 10.67090916452487,
        "projMtotal": 10.943829172321944,
        "projfdm": 0.5334331388782186,
        "MMstar": [
                10.458509708082428,
                10.525782924342918,
                10.568391879611045
        ],
        "MMdm": [
                9.911756885978624,
                10.080379458902941,
                10.259054531901283
        ],
        "MMbh": -Infinity,
        "MMtotal": [
                10.642471916695454,
                10.660824509489057,
                10.683035509553738
        ],
        "Mfdm": [
                0.18327921592958674,
                0.2619276750488206,
                0.38760980043018034
        ],
        "MMthetaE": 0.0,
        "projMMstar": [
                10.482757641182044,
                10.550654949643445,
                10.593940663368283
        ],
        "projMMdm": [
                10.380229041652958,
                10.560751140175006,
                10.687379601022558
        ],
        "projMMtotal": [
                10.778091018692695,
                10.843382471014618,
                10.917908390043102
        ],
        "projMfdm": [
                0.3947228885369621,
                0.5156006145090284,
                0.6095804975232084
        ],
        "Dstar": 0.026762810301510533,
        "Ddm": -0.5577861271804984,
        "Dtotal": -0.235381169723335,
        "Dfdm": -0.42348075096555954,
        "projDstar": -0.13321399942137274,
        "projDdm": -0.22403528076953635,
        "projDtotal": -0.20648836566135406,
        "projDfdm": -0.0334297273069519,
        "DthetaE": 0
}