{
        "Reff": 1.1035545250518053,
        "R": 2.7588863126295133,
        "MthetaE": 0.0,
        "Mstar": 10.900018194349306,
        "Mdm": 10.946230299126873,
        "Mbh": 8.336731910705566,
        "Mtotal": 11.22476861582299,
        "fdm": 0.5265767543183801,
        "projMstar": 10.95895643895832,
        "projMdm": 11.188488629591196,
        "projMtotal": 11.389743227945536,
        "projfdm": 0.6291372528435722,
        "MMstar": [
                10.72862039388249,
                10.862176604529875,
                10.932291773575864
        ],
        "MMdm": [
                10.82403408022957,
                10.9303987684161,
                11.022711867663592
        ],
        "MMbh": -Infinity,
        "MMtotal": [
                11.16955098634035,
                11.193409719489555,
                11.217636386714377
        ],
        "Mfdm": [
                0.4435934303290002,
                0.5390023912449186,
                0.6644156214593526
        ],
        "MMthetaE": 0.0,
        "projMMstar": [
                10.750697073492315,
                10.883241671838578,
                10.957176475216459
        ],
        "projMMdm": [
                11.172798569048242,
                11.264407419902833,
                11.354294994188502
        ],
        "projMMtotal": [
                11.346905338655011,
                11.40811311388922,
                11.482932944016653
        ],
        "projMfdm": [
                0.6404190906144983,
                0.7168260008220025,
                0.7780675094069028
        ],
        "Dstar": -0.08344525482198976,
        "Ddm": -0.035797020234882126,
        "Dtotal": -0.06966126431341005,
        "Dfdm": 0.02359700997933836,
        "projDstar": -0.1599884977547598,
        "projDdm": 0.19101927586755726,
        "projDtotal": 0.043205542894850416,
        "projDfdm": 0.13937936051647715,
        "DthetaE": 0
}