{
        "Reff": 0.6860226179383073,
        "R": 1.0899099099099099,
        "MthetaE": 1.0899099099099099,
        "Mstar": 10.742246908926605,
        "Mdm": 10.494685451500338,
        "Mbh": 8.453516006469727,
        "Mtotal": 10.936902124158186,
        "fdm": 0.36122959761691914,
        "projMstar": 10.856106322719304,
        "projMdm": 10.77867479018461,
        "projMtotal": 11.120143955811441,
        "projfdm": 0.45554452811787544,
        "MMstar": 10.776004748539316,
        "MMdm": 10.436476302472366,
        "MMbh": -Infinity,
        "MMtotal": 10.939638568055832,
        "Mfdm": 0.31393355238076787,
        "MMthetaE": 1.083811265650753,
        "projMMstar": 10.796744979410175,
        "projMMdm": 10.724859873923066,
        "projMMtotal": 11.063318044527461,
        "projMfdm": 0.4587138250333662,
        "Dstar": 0.08083111732848768,
        "Ddm": -0.12543750101577836,
        "Dtotal": 0.006320787322990549,
        "Dfdm": -0.13093070320973066,
        "projDstar": -0.12775466241538966,
        "projDdm": -0.11654367628208807,
        "projDtotal": -0.12264755902755875,
        "projDfdm": 0.006957161638149902,
        "DthetaE": 0.005595548956574725
}