{
        "Reff": 0.6860226179383073,
        "R": 1.0899099099099099,
        "MthetaE": 1.0899099099099099,
        "Mstar": 10.742246908926605,
        "Mdm": 10.494685451500338,
        "Mbh": 8.453516006469727,
        "Mtotal": 10.936902124158186,
        "fdm": 0.36122959761691914,
        "projMstar": 10.856106322719304,
        "projMdm": 10.77867479018461,
        "projMtotal": 11.120143955811441,
        "projfdm": 0.45554452811787544,
        "MMstar": 10.776349370902018,
        "MMdm": 10.447641969638047,
        "MMbh": -Infinity,
        "MMtotal": 10.94340940416366,
        "Mfdm": 0.31932473870371386,
        "MMthetaE": 1.0875756874765057,
        "projMMstar": 10.797138134188318,
        "projMMdm": 10.734352777297614,
        "projMMtotal": 11.067909063834461,
        "projMfdm": 0.46392065986160735,
        "Dstar": 0.08168912131654436,
        "Ddm": -0.1026610521896895,
        "Dtotal": 0.015096382320278183,
        "Dfdm": -0.11600616114974338,
        "projDstar": -0.12696468532683977,
        "projDdm": -0.0970202997535645,
        "projDtotal": -0.11332368433108243,
        "projDfdm": 0.018387075745018133,
        "DthetaE": 0.0021416654827894365
}