{
        "Reff": 0.3555664498963653,
        "R": 0.7108108108108108,
        "MthetaE": 0.7108108108108108,
        "Mstar": 10.451843296180769,
        "Mdm": 10.23681373681996,
        "Mbh": 8.265618324279785,
        "Mtotal": 10.658533039151479,
        "fdm": 0.3786872626768167,
        "projMstar": 10.498681972681283,
        "projMdm": 10.45430910397408,
        "projMtotal": 10.778091997453737,
        "projfdm": 0.4744791210545737,
        "MMstar": [
                -Infinity,
                -Infinity,
                -Infinity
        ],
        "MMdm": [
                -Infinity,
                -Infinity,
                -Infinity
        ],
        "MMbh": -Infinity,
        "MMtotal": [
                -Infinity,
                -Infinity,
                -Infinity
        ],
        "Mfdm": [
                0.0,
                0.0,
                0.0
        ],
        "MMthetaE": 0.7200312292166671,
        "projMMstar": [
                10.55558477425524,
                10.559167047428797,
                10.563155068295403
        ],
        "projMMdm": [
                10.296503891634215,
                10.304614420930026,
                10.311656799651717
        ],
        "projMMtotal": [
                10.750981256701404,
                10.751304120728877,
                10.751568926692268
        ],
        "projMfdm": [
                0.35114994683111345,
                0.35754010010524784,
                0.3631560520825981
        ],
        "Dstar": -1.0,
        "Ddm": -1.0,
        "Dtotal": -1.0,
        "Dfdm": -1.0,
        "projDstar": 0.1494367404349313,
        "projDdm": -0.29155634180759266,
        "projDtotal": -0.05981758649043355,
        "projDfdm": -0.24645767486969303,
        "DthetaE": -0.012971691293410007
}