{
        "Reff": 0.1711945002191585,
        "R": 0.5568018018018017,
        "MthetaE": 0.5568018018018017,
        "Mstar": 10.29718412001835,
        "Mdm": 10.054040228274305,
        "Mbh": 8.217829704284668,
        "Mtotal": 10.493440279762195,
        "fdm": 0.3635799691958276,
        "projMstar": 10.317644882056662,
        "projMdm": 10.217508581624593,
        "projMtotal": 10.571486439761745,
        "projfdm": 0.44261093765245546,
        "MMstar": [
                -Infinity,
                -Infinity,
                -Infinity
        ],
        "MMdm": [
                -Infinity,
                -Infinity,
                -Infinity
        ],
        "MMbh": -Infinity,
        "MMtotal": [
                -Infinity,
                -Infinity,
                -Infinity
        ],
        "Mfdm": [
                0.0,
                0.0,
                0.0
        ],
        "MMthetaE": 0.6300273255645836,
        "projMMstar": [
                10.157963474825092,
                10.164970118915523,
                10.172268086591037
        ],
        "projMMdm": [
                10.342532130405536,
                10.348671254545096,
                10.353755562303512
        ],
        "projMMtotal": [
                10.566568151306036,
                10.567342474827685,
                10.56810596986328
        ],
        "projMfdm": [
                0.5965873211218673,
                0.6043343613646994,
                0.6108037929337877
        ],
        "Dstar": -1.0,
        "Ddm": -1.0,
        "Dtotal": -1.0,
        "Dfdm": -1.0,
        "projDstar": -0.2964009622190945,
        "projDdm": 0.352579101497699,
        "projDtotal": -0.009496453052297866,
        "projDfdm": 0.36538505932546916,
        "DthetaE": -0.13151093176391543
}