{
        "Reff": 0.1711945002191585,
        "R": 0.5568018018018017,
        "MthetaE": 0.5568018018018017,
        "Mstar": 10.29718412001835,
        "Mdm": 10.054040228274305,
        "Mbh": 8.217829704284668,
        "Mtotal": 10.493440279762195,
        "fdm": 0.3635799691958276,
        "projMstar": 10.317644882056662,
        "projMdm": 10.217508581624593,
        "projMtotal": 10.571486439761745,
        "projfdm": 0.44261093765245546,
        "MMstar": [
                -Infinity,
                -Infinity,
                -Infinity
        ],
        "MMdm": [
                -Infinity,
                -Infinity,
                -Infinity
        ],
        "MMbh": -Infinity,
        "MMtotal": [
                -Infinity,
                -Infinity,
                -Infinity
        ],
        "Mfdm": [
                0.0,
                0.0,
                0.0
        ],
        "MMthetaE": 0.5762987595061156,
        "projMMstar": [
                10.158103919428232,
                10.164711699844245,
                10.172251751445565
        ],
        "projMMdm": [
                10.342477709603731,
                10.348903927496492,
                10.353374157364255
        ],
        "projMMtotal": [
                10.56660299230338,
                10.567352585668766,
                10.568059876189519
        ],
        "projMfdm": [
                0.5966958503316748,
                0.6044822694709464,
                0.6106232673186112
        ],
        "Dstar": -1.0,
        "Ddm": -1.0,
        "Dtotal": -1.0,
        "Dfdm": -1.0,
        "projDstar": -0.29681950155779946,
        "projDdm": 0.3533039389113873,
        "projDtotal": -0.009473392799522522,
        "projDfdm": 0.3657192311537377,
        "DthetaE": -0.03501597451951858
}