{
        "Reff": 0.3555664498963653,
        "R": 0.7108108108108108,
        "MthetaE": 0.7108108108108108,
        "Mstar": 10.451843296180769,
        "Mdm": 10.23681373681996,
        "Mbh": 8.265618324279785,
        "Mtotal": 10.658533039151479,
        "fdm": 0.3786872626768167,
        "projMstar": 10.498681972681283,
        "projMdm": 10.45430910397408,
        "projMtotal": 10.778091997453737,
        "projfdm": 0.4744791210545737,
        "MMstar": [
                10.711569984820992,
                10.717700767497117,
                10.721809706579538
        ],
        "MMdm": [
                7.327318606699991,
                8.093640983882034,
                8.556415555630704
        ],
        "MMbh": -Infinity,
        "MMtotal": [
                10.714524826801183,
                10.718613027087269,
                10.722301961787952
        ],
        "Mfdm": [
                0.00040615993238837464,
                0.002391839177667271,
                0.007026528279890629
        ],
        "MMthetaE": 0.7032624410837693,
        "projMMstar": [
                10.725597665717991,
                10.731478154967887,
                10.735326901142065
        ],
        "projMMdm": [
                7.941820572761206,
                8.705763015537753,
                9.129842298212091
        ],
        "projMMtotal": [
                10.73323280102121,
                10.735891532851738,
                10.739001088044564
        ],
        "projMfdm": [
                0.0016080759140695323,
                0.009309702612791706,
                0.024626596704172023
        ],
        "Dstar": 0.8444100132078354,
        "Ddm": -0.9928083714630542,
        "Dtotal": 0.14836510679052062,
        "Dfdm": -0.9936838668384034,
        "projDstar": 0.7092129801436563,
        "projDdm": -0.9821575736987843,
        "projDtotal": -0.09259841110283734,
        "projDfdm": -0.9803791100605228,
        "DthetaE": 0.010619379463898584
}