{
        "Reff": 0.31296033249228816,
        "R": 0.7824008312307205,
        "MthetaE": 0.0,
        "Mstar": 10.273398214805393,
        "Mdm": 10.022244869721614,
        "Mbh": 8.01979923248291,
        "Mtotal": 10.46675935863046,
        "fdm": 0.3593234088274306,
        "projMstar": 10.311292475410198,
        "projMdm": 10.185498404817997,
        "projMtotal": 10.553964158642696,
        "projfdm": 0.42808917511278727,
        "MMstar": 10.203775472263183,
        "MMdm": 9.556460751813054,
        "MMbh": -Infinity,
        "MMtotal": 10.292003948545563,
        "Mfdm": 0.1838471082801763,
        "MMthetaE": 0.0,
        "projMMstar": 10.229461302573757,
        "projMMdm": 10.185680307982766,
        "projMMtotal": 10.509152259825038,
        "projMfdm": 0.47481895531211427,
        "Dstar": -0.148122284712016,
        "Ddm": -0.6578505217325048,
        "Dtotal": -0.33127957241381445,
        "Dfdm": -0.4883519866403385,
        "projDstar": -0.17173592038675164,
        "projDdm": 0.00041893524443651595,
        "projDtotal": -0.09803829024793538,
        "projDfdm": 0.10915898582816362,
        "DthetaE": 0,
        "PL_slope1": -2.644755030576565,
        "AV_slope1": 2.6647660267422726,
        "PL_slope2": -2.388409030476769,
        "AV_slope2": 2.375320853280298
}