{
        "Reff": 0.31296033249228816,
        "R": 0.7824008312307205,
        "MthetaE": 0.0,
        "Mstar": 10.273398214805393,
        "Mdm": 10.022244869721614,
        "Mbh": 8.01979923248291,
        "Mtotal": 10.46675935863046,
        "fdm": 0.3593234088274306,
        "projMstar": 10.311292475410198,
        "projMdm": 10.185498404817997,
        "projMtotal": 10.553964158642696,
        "projfdm": 0.42808917511278727,
        "MMstar": 10.204966869902917,
        "MMdm": 9.562336118998806,
        "MMbh": -Infinity,
        "MMtotal": 10.294060279086292,
        "Mfdm": 0.18547092584627747,
        "MMthetaE": 0.0,
        "projMMstar": 10.23070749805963,
        "projMMdm": 10.210125932382251,
        "projMMtotal": 10.521568621601412,
        "projMfdm": 0.4881545153070612,
        "Dstar": -0.1457821249016816,
        "Ddm": -0.6531902892823603,
        "Dtotal": -0.32810575619381627,
        "Dfdm": -0.48383288900792953,
        "projDstar": -0.16935582733571605,
        "projDdm": 0.05834564623509313,
        "projDtotal": -0.07187929134282223,
        "projDfdm": 0.14031034580224724,
        "DthetaE": 0,
        "PL_slope1": -2.627994129807474,
        "AV_slope1": 2.6581540449851033,
        "PL_slope2": -2.3598336541884004,
        "AV_slope2": 2.3531427935309592
}