{
        "Reff": 0.544754228166559,
        "R": 1.3618855704163977,
        "MthetaE": 0.6397297297297296,
        "Mstar": 10.514315208436313,
        "Mdm": 10.434754337870459,
        "Mbh": 8.265588760375977,
        "Mtotal": 10.777384127747368,
        "fdm": 0.45432873975917076,
        "projMstar": 10.612744809851986,
        "projMdm": 10.67090916452487,
        "projMtotal": 10.943829988181458,
        "projfdm": 0.5334321367791579,
        "MMstar": [
                10.474637425781776,
                10.504095390876191,
                10.520671714341072
        ],
        "MMdm": [
                10.310350927219815,
                10.341753028840996,
                10.385655899389613
        ],
        "MMbh": -Infinity,
        "MMtotal": [
                10.723601269420724,
                10.730255886709543,
                10.73837195348666
        ],
        "Mfdm": [
                0.38216728525783894,
                0.4090149815710912,
                0.4475769017395477
        ],
        "MMthetaE": 0.6365295087181563,
        "projMMstar": [
                10.499967631504537,
                10.529899080350805,
                10.546344351895273
        ],
        "projMMdm": [
                10.842437831211939,
                10.870540228050732,
                10.913267657006955
        ],
        "projMMtotal": [
                11.019672368221748,
                11.034240126949676,
                11.05484610649868
        ],
        "projMfdm": [
                0.6648279321631093,
                0.686095388885162,
                0.7210805023686154
        ],
        "Dstar": -0.023257281175366677,
        "Ddm": -0.19276740287635322,
        "Dtotal": -0.1028361644490751,
        "Dfdm": -0.0997378202666628,
        "projDstar": -0.1736685723152142,
        "projDdm": 0.583547385325978,
        "projDtotal": 0.2314311600947905,
        "projDfdm": 0.2861905790449348,
        "DthetaE": 0.005002457855015387
}