{
        "Reff": 0.544754228166559,
        "R": 1.3618855704163977,
        "MthetaE": 0.6397297297297296,
        "Mstar": 10.514315208436313,
        "Mdm": 10.434754337870459,
        "Mbh": 8.265588760375977,
        "Mtotal": 10.777384127747368,
        "fdm": 0.45432873975917076,
        "projMstar": 10.612744809851986,
        "projMdm": 10.67090916452487,
        "projMtotal": 10.943829988181458,
        "projfdm": 0.5334321367791579,
        "MMstar": [
                10.477273107079226,
                10.504255783781348,
                10.520685928936471
        ],
        "MMdm": [
                10.309704659357921,
                10.340526475329552,
                10.378712919738861
        ],
        "MMbh": -Infinity,
        "MMtotal": [
                10.723329481823312,
                10.729340803326453,
                10.737809848222097
        ],
        "Mfdm": [
                0.38223921059071403,
                0.4074490594759484,
                0.44298148637387
        ],
        "MMthetaE": 0.6491916548593238,
        "projMMstar": [
                10.502914108161807,
                10.529777520132402,
                10.546281831196039
        ],
        "projMMdm": [
                10.844058657379453,
                10.869204525541411,
                10.90815674445576
        ],
        "projMMtotal": [
                11.020042710071776,
                11.033411455427805,
                11.052474141794043
        ],
        "projMfdm": [
                0.6654057154189426,
                0.6858276544085304,
                0.7177169520113308
        ],
        "Dstar": -0.022896485582656115,
        "Ddm": -0.19504400820160697,
        "Dtotal": -0.1047245499420551,
        "Dfdm": -0.10318449215445233,
        "projDstar": -0.1738998323849128,
        "projDdm": 0.5786845583861736,
        "projDtotal": 0.22908372295356008,
        "projDfdm": 0.2856886698831657,
        "DthetaE": -0.014790504004857865,
        "PL_slope1": -2.5725006905134635,
        "AV_slope1": 2.5163107834405287,
        "PL_slope2": -1.3091782696611705,
        "AV_slope2": 1.3394300216833324
}