{
        "Reff": 0.1711945002191585,
        "R": 0.5568018018018017,
        "MthetaE": 0.5568018018018017,
        "Mstar": 10.29718412001835,
        "Mdm": 10.054040228274305,
        "Mbh": 8.217829704284668,
        "Mtotal": 10.493440279762195,
        "fdm": 0.3635799691958276,
        "projMstar": 10.317644882056662,
        "projMdm": 10.217508581624593,
        "projMtotal": 10.571486439761745,
        "projfdm": 0.44261093765245546,
        "MMstar": 10.186000185183598,
        "MMdm": 10.050887118698455,
        "MMbh": -Infinity,
        "MMtotal": 10.424706960126535,
        "Mfdm": 0.42284398644605586,
        "MMthetaE": 0.7638354104617875,
        "projMMstar": 10.195401949287906,
        "projMMdm": 10.33257156404515,
        "projMMtotal": 10.570409927957453,
        "projMfdm": 0.5783112437252135,
        "Dstar": -0.22586613715239126,
        "Ddm": -0.007234010773913927,
        "Dtotal": -0.14637587537848618,
        "Dfdm": 0.16300132645181048,
        "projDstar": -0.24533003270846382,
        "projDdm": 0.30335578050799594,
        "projDtotal": -0.002475690444126516,
        "projDfdm": 0.3065904941086473,
        "DthetaE": -0.3718263985318085
}