{
        "Reff": 0.9842781252851374,
        "R": 2.4606953132128435,
        "MthetaE": 1.2083783783783781,
        "Mstar": 11.047832343965455,
        "Mdm": 11.001254446472288,
        "Mbh": 8.475809097290039,
        "Mtotal": 11.326197524289501,
        "fdm": 0.4732132780951882,
        "projMstar": 11.149499647980916,
        "projMdm": 11.24215644498053,
        "projMtotal": 11.499324412551626,
        "projfdm": 0.5531361371153823,
        "MMstar": [
                -Infinity,
                -Infinity,
                -Infinity
        ],
        "MMdm": [
                -Infinity,
                -Infinity,
                -Infinity
        ],
        "MMbh": -Infinity,
        "MMtotal": [
                -Infinity,
                -Infinity,
                -Infinity
        ],
        "Mfdm": [
                0.0,
                0.0,
                0.0
        ],
        "MMthetaE": 1.2792189804239076,
        "projMMstar": [
                10.96199537746979,
                10.96484161575817,
                10.967141744280749
        ],
        "projMMdm": [
                11.38184040173978,
                11.385363639372136,
                11.390047037653163
        ],
        "projMMtotal": [
                11.523202647695049,
                11.525186546393362,
                11.527895856494855
        ],
        "projMfdm": [
                0.7221238414980473,
                0.72477859642328,
                0.7281968494760778
        ],
        "Dstar": -1.0,
        "Ddm": -1.0,
        "Dtotal": -1.0,
        "Dfdm": -1.0,
        "projDstar": -0.34635496335702304,
        "projDdm": 0.3906159117990689,
        "projDtotal": 0.06135857696181177,
        "projDfdm": 0.31030780271022795,
        "DthetaE": -0.05862451969770946
}