{
        "Reff": 0.16132178706696065,
        "R": 0.40330446766740163,
        "MthetaE": 0.18954954954954953,
        "Mstar": 9.599760029832073,
        "Mdm": 9.279234321206893,
        "Mbh": 7.548817157745361,
        "Mtotal": 9.769449468963973,
        "fdm": 0.32343338962162704,
        "projMstar": 9.717313111667044,
        "projMdm": 9.527509505220532,
        "projMtotal": 9.93372876526527,
        "projfdm": 0.39244675278136476,
        "MMstar": -Infinity,
        "MMdm": -Infinity,
        "MMbh": -Infinity,
        "MMtotal": -Infinity,
        "Mfdm": 0.0,
        "MMthetaE": 0.20156767776074946,
        "projMMstar": 9.8637604080164,
        "projMMdm": 9.642337092250076,
        "projMMtotal": 10.068039977208432,
        "projMfdm": 0.3752296212958396,
        "Dstar": -1.0,
        "Ddm": -1.0,
        "Dtotal": -1.0,
        "Dfdm": -1.0,
        "projDstar": 0.4010295531856395,
        "projDdm": 0.30264952973860254,
        "projDtotal": 0.3624206324452952,
        "projDfdm": -0.043871254796996564,
        "DthetaE": -0.06340362316745214
}