{
        "Reff": 0.3465146838858552,
        "R": 0.8662867097146381,
        "MthetaE": 1.0543693693693692,
        "Mstar": 11.033412259839897,
        "Mdm": 10.707664354405054,
        "Mbh": 8.772610664367676,
        "Mtotal": 11.201419526893796,
        "fdm": 0.32080773240888977,
        "projMstar": 11.066829826989872,
        "projMdm": 10.9365370114967,
        "projMtotal": 11.30758134804791,
        "projfdm": 0.42555496657047037,
        "MMstar": 11.138756992308837,
        "MMdm": 10.441508648689346,
        "MMbh": -Infinity,
        "MMtotal": 11.218225656194113,
        "Mfdm": 0.16721798757037892,
        "MMthetaE": 1.0988689529537632,
        "projMMstar": 11.156851942655335,
        "projMMdm": 10.748464402982757,
        "projMMtotal": 11.300020526908622,
        "projMfdm": 0.2808302432070583,
        "Dstar": 0.274514358310341,
        "Ddm": -0.45819339599485365,
        "Dtotal": 0.0394560451332815,
        "Dfdm": -0.47875948526936063,
        "projDstar": 0.23033142163221504,
        "projDdm": -0.3514740008149314,
        "projDtotal": -0.017258765467798774,
        "projDfdm": -0.340084677027136,
        "DthetaE": -0.04220492825110209,
        "PL_slope1": -3.5905872969557957,
        "AV_slope1": 3.5520225714939544,
        "PL_slope2": -2.9034234783530533,
        "AV_slope2": 3.021806129339257
}