{
        "Reff": 0.544754228166559,
        "R": 0.6397297297297296,
        "MthetaE": 0.6397297297297296,
        "Mstar": 10.387700894003224,
        "Mdm": 9.983169393265646,
        "Mbh": 8.265588760375977,
        "Mtotal": 10.531955832442545,
        "fdm": 0.2826269428551476,
        "projMstar": 10.480275896075595,
        "projMdm": 10.275593071737097,
        "projMtotal": 10.690912870135643,
        "projfdm": 0.3843086871203482,
        "MMstar": 10.364198750970479,
        "MMdm": 9.656939571054114,
        "MMbh": -Infinity,
        "MMtotal": 10.442009408128163,
        "Mfdm": 0.16403259780497936,
        "MMthetaE": 0.6365295087181563,
        "projMMstar": 10.387839850312808,
        "projMMdm": 10.303764720885786,
        "projMMtotal": 10.64886362669367,
        "projMfdm": 0.451753050853334,
        "Dstar": -0.05267749008465675,
        "Ddm": -0.5281867014246212,
        "Dtotal": -0.1870692047851332,
        "Dfdm": -0.4196144353829366,
        "projDstar": -0.19171605169763847,
        "projDdm": 0.06701776255575931,
        "projDtotal": -0.09228239922827514,
        "projDfdm": 0.17549528801534806,
        "DthetaE": 0.005002457855015387
}