{
        "Reff": 0.9842781252851374,
        "R": 2.4606953132128435,
        "MthetaE": 1.2083783783783781,
        "Mstar": 11.047832343965455,
        "Mdm": 11.001254446472288,
        "Mbh": 8.475809097290039,
        "Mtotal": 11.326197524289501,
        "fdm": 0.4732132780951882,
        "projMstar": 11.149499647980916,
        "projMdm": 11.24215644498053,
        "projMtotal": 11.499324412551626,
        "projfdm": 0.5531361371153823,
        "MMstar": [
                11.132015116448551,
                11.138024011190907,
                11.148739182836621
        ],
        "MMdm": [
                10.818652782867174,
                10.84579343867677,
                10.85934519683287
        ],
        "MMbh": -Infinity,
        "MMtotal": [
                11.313799238170223,
                11.316101483478933,
                11.320936102308005
        ],
        "Mfdm": [
                0.3190153798855085,
                0.33838044710083504,
                0.3472845633580721
        ],
        "MMthetaE": 1.1840817742821617,
        "projMMstar": [
                11.14799578230337,
                11.153804786282317,
                11.164551883105435
        ],
        "projMMdm": [
                11.128493100021759,
                11.158905043629229,
                11.177206237582773
        ],
        "projMMtotal": [
                11.447151782951774,
                11.45737754393448,
                11.465238542417833
        ],
        "projMfdm": [
                0.47987524585522606,
                0.5033227528642448,
                0.5162217522647755
        ],
        "Dstar": 0.23081184527602022,
        "Ddm": -0.3009004988968735,
        "Dtotal": -0.022978863479715703,
        "Dfdm": -0.2849303627681199,
        "projDstar": 0.009962243292887708,
        "projDdm": -0.17444008311853942,
        "projDtotal": -0.0920684006907767,
        "projDfdm": -0.09005628254721434,
        "DthetaE": 0.02010678487049899
}