{
        "Reff": 0.9842781252851374,
        "R": 2.4606953132128435,
        "MthetaE": 1.2083783783783781,
        "Mstar": 11.047832343965455,
        "Mdm": 11.001254446472288,
        "Mbh": 8.475809097290039,
        "Mtotal": 11.326197524289501,
        "fdm": 0.4732132780951882,
        "projMstar": 11.149499647980916,
        "projMdm": 11.24215644498053,
        "projMtotal": 11.499324412551626,
        "projfdm": 0.5531361371153823,
        "MMstar": [
                11.132000676330225,
                11.138050874613239,
                11.148371651495415
        ],
        "MMdm": [
                10.818081825664304,
                10.84679464109776,
                10.860234621613785
        ],
        "MMbh": -Infinity,
        "MMtotal": [
                11.313804683949236,
                11.316207263093938,
                11.321197268831988
        ],
        "Mfdm": [
                0.318435886271265,
                0.3383197490240547,
                0.3475661691528427
        ],
        "MMthetaE": 1.2076949657346092,
        "projMMstar": [
                11.147925503610566,
                11.15390898199748,
                11.164139541345282
        ],
        "projMMdm": [
                11.129320508527815,
                11.159229913405426,
                11.177035894774615
        ],
        "projMMtotal": [
                11.446992877209839,
                11.457435207570107,
                11.465153722390207
        ],
        "projMfdm": [
                0.4801137355443287,
                0.5032920549121168,
                0.5158700732420876
        ],
        "Dstar": 0.2308879798860489,
        "Ddm": -0.2992869680615664,
        "Dtotal": -0.022740864814817678,
        "Dfdm": -0.28505863067519266,
        "projDstar": 0.010204581999539084,
        "projDdm": -0.17382229999295193,
        "projDtotal": -0.0919478416808038,
        "projDfdm": -0.09011178055225891,
        "DthetaE": 0.0005655617942171796
}