{
        "Reff": 0.9662426539989696,
        "R": 0.45018018018018013,
        "MthetaE": 0.45018018018018013,
        "Mstar": 10.307116544969112,
        "Mdm": 9.689914983895168,
        "Mbh": 8.30414867401123,
        "Mtotal": 10.401040182296704,
        "fdm": 0.19447993540979114,
        "projMstar": 10.389112670322442,
        "projMdm": 9.993272781079773,
        "projMtotal": 10.53584177711993,
        "projfdm": 0.286702185777595,
        "MMstar": [
                10.25642288288395,
                10.279304631582631,
                10.30373713248798
        ],
        "MMdm": [
                9.644943766460703,
                9.753058846410513,
                9.824245558229293
        ],
        "MMbh": -Infinity,
        "MMtotal": [
                10.385856509048073,
                10.39252834144647,
                10.398015628520945
        ],
        "Mfdm": [
                0.18069537275906927,
                0.2284419308040306,
                0.27025406740476066
        ],
        "MMthetaE": 0.5475522655640054,
        "projMMstar": [
                10.282462987203346,
                10.305046850891047,
                10.329880241447153
        ],
        "projMMdm": [
                9.991104685111742,
                10.053150216036979,
                10.104166643107558
        ],
        "projMMtotal": [
                10.493262936334181,
                10.49889735316187,
                10.503641853248864
        ],
        "projMfdm": [
                0.31351836037829767,
                0.35952503625194027,
                0.39873005593118205
        ],
        "Dstar": -0.062031860688208235,
        "Ddm": 0.15649527438012198,
        "Dtotal": -0.019408421445560157,
        "Dfdm": 0.17462981629790095,
        "projDstar": -0.17598677764415901,
        "projDdm": 0.14782963938741425,
        "projDtotal": -0.08154987829160663,
        "projDfdm": 0.2540017275307295,
        "DthetaE": -0.21629580703631385
}