{
        "Reff": 0.3129603324922881,
        "R": 0.7824008312307202,
        "MthetaE": 0.45018018018018013,
        "Mstar": 10.273399770015239,
        "Mdm": 10.022244869721614,
        "Mbh": 8.01979923248291,
        "Mtotal": 10.466760355017644,
        "fdm": 0.35932258444479737,
        "projMstar": 10.311296349477995,
        "projMdm": 10.185498404817997,
        "projMtotal": 10.553966374268237,
        "projfdm": 0.4280869911502228,
        "MMstar": 10.362899036516607,
        "MMdm": 8.74714675140131,
        "MMbh": -Infinity,
        "MMtotal": 10.373294028606686,
        "Mfdm": 0.023651175068520457,
        "MMthetaE": 0.4027931353555214,
        "projMMstar": 10.388889019987321,
        "projMMdm": 9.204471878599243,
        "projMMtotal": 10.416402026134891,
        "projMfdm": 0.06138607313480956,
        "Dstar": 0.22885111111725054,
        "Ddm": -0.9469235482704256,
        "Dtotal": -0.19363127821863058,
        "Dfdm": -0.9341784343862918,
        "projDstar": 0.19561862163023114,
        "projDdm": -0.8955343589167104,
        "projDtotal": -0.27148977469670665,
        "projDfdm": -0.8566037408194258,
        "DthetaE": 0.10526239694891172
}