{
        "Reff": 0.3129603324922881,
        "R": 0.7824008312307202,
        "MthetaE": 0.45018018018018013,
        "Mstar": 10.273399770015239,
        "Mdm": 10.022244869721614,
        "Mbh": 8.01979923248291,
        "Mtotal": 10.466760355017644,
        "fdm": 0.35932258444479737,
        "projMstar": 10.311296349477995,
        "projMdm": 10.185498404817997,
        "projMtotal": 10.553966374268237,
        "projfdm": 0.4280869911502228,
        "MMstar": 10.362122465424722,
        "MMdm": 8.76239441836384,
        "MMbh": -Infinity,
        "MMtotal": 10.37290335673519,
        "Mfdm": 0.024518339912106567,
        "MMthetaE": 0.4027931353555214,
        "projMMstar": 10.38804042259345,
        "projMMdm": 9.217268824740177,
        "projMMtotal": 10.416403540850078,
        "projMfdm": 0.06322157106107264,
        "Dstar": 0.22665573999480737,
        "Ddm": -0.9450269859996031,
        "Dtotal": -0.19435632525882957,
        "Dfdm": -0.9317651019626535,
        "projDstar": 0.1932847023951752,
        "projDdm": -0.8924103685281225,
        "projDtotal": -0.27148723382300705,
        "projDfdm": -0.8523160657342023,
        "DthetaE": 0.10526239694891172
}