{
        "Reff": 0.1711945002191585,
        "R": 0.42798625054789624,
        "MthetaE": 0.5568018018018017,
        "Mstar": 10.272768103513672,
        "Mdm": 9.918860506492777,
        "Mbh": 8.217829704284668,
        "Mtotal": 10.43193888232478,
        "fdm": 0.30684681811046544,
        "projMstar": 10.299456228808682,
        "projMdm": 10.106476541384401,
        "projMtotal": 10.514628207353143,
        "projfdm": 0.3907044286802383,
        "MMstar": [
                -Infinity,
                -Infinity,
                -Infinity
        ],
        "MMdm": [
                -Infinity,
                -Infinity,
                -Infinity
        ],
        "MMbh": -Infinity,
        "MMtotal": [
                -Infinity,
                -Infinity,
                -Infinity
        ],
        "Mfdm": [
                0.0,
                0.0,
                0.0
        ],
        "MMthetaE": 0.6300273255645836,
        "projMMstar": [
                10.136459786346558,
                10.144247139132593,
                10.151804942622483
        ],
        "projMMdm": [
                10.181932259162348,
                10.18890992493122,
                10.195055259125555
        ],
        "projMMtotal": [
                10.466291740967458,
                10.46816667979086,
                10.469986108139981
        ],
        "projMfdm": [
                0.5175048811020933,
                0.5259363966117252,
                0.5334700853079972
        ],
        "Dstar": -1.0,
        "Ddm": -1.0,
        "Dtotal": -1.0,
        "Dfdm": -1.0,
        "projDstar": -0.30049485957157274,
        "projDdm": 0.20901971712193895,
        "projDtotal": -0.10145781264131996,
        "projDfdm": 0.3461234580531564,
        "DthetaE": -0.13151093176391543
}