{
        "Reff": 0.42908660556761313,
        "R": 0.533108108108108,
        "MthetaE": 0.533108108108108,
        "Mstar": 10.316567053263963,
        "Mdm": 9.953675599223988,
        "Mbh": 8.356976509094238,
        "Mtotal": 10.473000874721839,
        "fdm": 0.3024647195873248,
        "projMstar": 10.385313712548719,
        "projMdm": 10.208555729354114,
        "projMtotal": 10.606895895322637,
        "projfdm": 0.3996316112517674,
        "MMstar": [
                -Infinity,
                -Infinity,
                -Infinity
        ],
        "MMdm": [
                -Infinity,
                -Infinity,
                -Infinity
        ],
        "MMbh": -Infinity,
        "MMtotal": [
                -Infinity,
                -Infinity,
                -Infinity
        ],
        "Mfdm": [
                0.0,
                0.0,
                0.0
        ],
        "MMthetaE": 0.458917242575832,
        "projMMstar": [
                10.437763542452593,
                10.438053368882615,
                10.438218728338923
        ],
        "projMMdm": [
                9.540638123311053,
                9.542533462169036,
                9.545575907817222
        ],
        "projMMtotal": [
                10.489928304349498,
                10.490068287565574,
                10.490161154810837
        ],
        "projMfdm": [
                0.11237266103648731,
                0.1128368524684496,
                0.11362157425815188
        ],
        "Dstar": -1.0,
        "Ddm": -1.0,
        "Dtotal": -1.0,
        "Dfdm": -1.0,
        "projDstar": 0.12911884628121567,
        "projDdm": -0.7842366220073351,
        "projDtotal": -0.2358609532959502,
        "projDfdm": -0.717647830423098,
        "DthetaE": 0.13916664257004888
}