{
        "Reff": 0.9094395894549946,
        "R": 0.46202702702702697,
        "MthetaE": 0.46202702702702697,
        "Mstar": 10.249161196740573,
        "Mdm": 9.727404978743365,
        "Mbh": 8.274933815002441,
        "Mtotal": 10.36336385144635,
        "fdm": 0.23122837510002717,
        "projMstar": 10.357000467888106,
        "projMdm": 9.994571718724659,
        "projMtotal": 10.513574293257767,
        "projfdm": 0.30268954843648216,
        "MMstar": [
                -Infinity,
                -Infinity,
                -Infinity
        ],
        "MMdm": [
                -Infinity,
                -Infinity,
                -Infinity
        ],
        "MMbh": -Infinity,
        "MMtotal": [
                -Infinity,
                -Infinity,
                -Infinity
        ],
        "Mfdm": [
                0.0,
                0.0,
                0.0
        ],
        "MMthetaE": 0.5249657346094901,
        "projMMstar": [
                10.337910367189396,
                10.341353537790598,
                10.345503589384355
        ],
        "projMMdm": [
                9.810801413434953,
                9.82907451463151,
                9.842544159899541
        ],
        "projMMtotal": [
                10.456456765356936,
                10.457715770517812,
                10.45886397858207
        ],
        "projMfdm": [
                0.22605302216308476,
                0.23528802418653255,
                0.24209890650673083
        ],
        "Dstar": -1.0,
        "Ddm": -1.0,
        "Dtotal": -1.0,
        "Dfdm": -1.0,
        "projDstar": -0.035387090330709324,
        "projDdm": -0.3168708841770623,
        "projDtotal": -0.12069108313220982,
        "projDfdm": -0.2226754263505516,
        "DthetaE": -0.13622299973975652
}