{
        "Reff": 0.9365665652080015,
        "R": 2.3414164130200037,
        "MthetaE": 0.46202702702702697,
        "Mstar": 10.640716130724963,
        "Mdm": 10.623906835986013,
        "Mbh": 8.274933815002441,
        "Mtotal": 10.933422799058757,
        "fdm": 0.4903249999115269,
        "projMstar": 10.720203291334967,
        "projMdm": 10.779935899085148,
        "projMtotal": 11.052125730909896,
        "projfdm": 0.5343307502741772,
        "MMstar": [
                10.698423303867184,
                10.726520220142477,
                10.752250683797591
        ],
        "MMdm": [
                10.317008986013507,
                10.422164359752076,
                10.509903728563907
        ],
        "MMbh": -Infinity,
        "MMtotal": [
                10.883690995262654,
                10.901297859569903,
                10.918680551603174
        ],
        "Mfdm": [
                0.2688455322967791,
                0.33203661684504787,
                0.3937483788606728
        ],
        "MMthetaE": 0.5400234219125003,
        "projMMstar": [
                10.71636716494051,
                10.743583243845695,
                10.770435496118854
        ],
        "projMMdm": [
                10.553598775754192,
                10.650569811638409,
                10.740094949765755
        ],
        "projMMtotal": [
                10.970459227560637,
                11.001127484833175,
                11.033177793124398
        ],
        "projMfdm": [
                0.3847905164844263,
                0.4467674799111585,
                0.5105044999557666
        ],
        "Dstar": 0.21843983576631884,
        "Ddm": -0.37156911074111604,
        "Dtotal": -0.07130082336666756,
        "Dfdm": -0.32282339895995554,
        "projDstar": 0.055309754638031186,
        "projDdm": -0.25760692432039195,
        "projDtotal": -0.1107952910448733,
        "projDfdm": -0.16387466062562936,
        "DthetaE": -0.1688134899539347
}