{
        "Reff": 0.9365665652080015,
        "R": 2.3414164130200037,
        "MthetaE": 0.46202702702702697,
        "Mstar": 10.640716130724963,
        "Mdm": 10.623906835986013,
        "Mbh": 8.274933815002441,
        "Mtotal": 10.933422799058757,
        "fdm": 0.4903249999115269,
        "projMstar": 10.720203291334967,
        "projMdm": 10.779935899085148,
        "projMtotal": 11.052125730909896,
        "projfdm": 0.5343307502741772,
        "MMstar": [
                10.69968063556382,
                10.724820296331812,
                10.748429181953904
        ],
        "MMdm": [
                10.325482570613536,
                10.426784381238521,
                10.50825511617582
        ],
        "MMbh": -Infinity,
        "MMtotal": [
                10.884755987481597,
                10.901527005850097,
                10.918209220746041
        ],
        "Mfdm": [
                0.27533700801778627,
                0.33625327210269806,
                0.3904005185303689
        ],
        "MMthetaE": 0.0,
        "projMMstar": [
                10.717721786807825,
                10.741960576411246,
                10.76473625358306
        ],
        "projMMdm": [
                10.5591099164714,
                10.659777215532605,
                10.740108039765905
        ],
        "projMMtotal": [
                10.970459227560637,
                11.002588968843392,
                11.032864976140615
        ],
        "projMfdm": [
                0.385426203934249,
                0.45205403320730103,
                0.5097558659725115
        ],
        "Dstar": 0.21367991689609553,
        "Ddm": -0.36484818237803535,
        "Dtotal": -0.07081068563225615,
        "Dfdm": -0.3142236839578426,
        "projDstar": 0.05137412628691838,
        "projDdm": -0.24169954522204415,
        "projDtotal": -0.10779790654084853,
        "projDfdm": -0.15398087612337139,
        "DthetaE": 1.0
}