{
        "Reff": 0.1711945002191585,
        "R": 0.5568018018018017,
        "MthetaE": 0.5568018018018017,
        "Mstar": 10.29718412001835,
        "Mdm": 10.054040228274305,
        "Mbh": 8.217829704284668,
        "Mtotal": 10.493440279762195,
        "fdm": 0.3635799691958276,
        "projMstar": 10.317644882056662,
        "projMdm": 10.217508581624593,
        "projMtotal": 10.571486439761745,
        "projfdm": 0.44261093765245546,
        "MMstar": 10.170089928375656,
        "MMdm": 10.065692522871327,
        "MMbh": -Infinity,
        "MMtotal": 10.422050629575386,
        "Mfdm": 0.4401917444017285,
        "MMthetaE": 0.8866924500477111,
        "projMMstar": 10.178088927738813,
        "projMMdm": 10.331172704886473,
        "projMMtotal": 10.562371211864289,
        "projMfdm": 0.5872208847220313,
        "Dstar": -0.25371311703099714,
        "Ddm": 0.02719357579287081,
        "Dtotal": -0.15158107030719342,
        "Dfdm": 0.21071506050058847,
        "projDstar": -0.2748229594318518,
        "projDdm": 0.299164435413963,
        "projDtotal": -0.020769860398455516,
        "projDfdm": 0.3267202293656955,
        "DthetaE": -0.5924741033135822
}