{
        "Reff": 0.544754228166559,
        "R": 0.6397297297297296,
        "MthetaE": 0.6397297297297296,
        "Mstar": 10.387700894003224,
        "Mdm": 9.983169393265646,
        "Mbh": 8.265588760375977,
        "Mtotal": 10.531955832442545,
        "fdm": 0.2826269428551476,
        "projMstar": 10.480275896075595,
        "projMdm": 10.275593071737097,
        "projMtotal": 10.690912870135643,
        "projfdm": 0.3843086871203482,
        "MMstar": 10.379780494106626,
        "MMdm": 9.918350140001712,
        "MMbh": -Infinity,
        "MMtotal": 10.508695422636736,
        "Mfdm": 0.25683530206477134,
        "MMthetaE": 0.6365295087181563,
        "projMMstar": 10.46076169214347,
        "projMMdm": 10.287354558562967,
        "projMMtotal": 10.683686083452411,
        "projMfdm": 0.4014842151375636,
        "Dstar": -0.018072099823934117,
        "Ddm": -0.13864784077784603,
        "Dtotal": -0.05215005287223246,
        "Dfdm": -0.09125683676801839,
        "projDstar": -0.04393857420932935,
        "projDdm": 0.027451869789068713,
        "projDtotal": -0.016502606403366163,
        "projDfdm": 0.04469201085698275,
        "DthetaE": 0.005002457855015387
}