{
        "Reff": 0.4081097725007585,
        "R": 1.0202744312518963,
        "MthetaE": 0.0,
        "Mstar": 10.364943218193039,
        "Mdm": 10.152496114847926,
        "Mbh": 8.278263092041016,
        "Mtotal": 10.572612711748814,
        "fdm": 0.38008733894439084,
        "projMstar": 10.459069556768531,
        "projMdm": 10.470354006813059,
        "projMtotal": 10.765778427480319,
        "projfdm": 0.5064954861724276,
        "MMstar": 10.39019285561813,
        "MMdm": 10.281355577030086,
        "MMbh": -Infinity,
        "MMtotal": 10.640204751563106,
        "Mfdm": 0.4376740779292472,
        "MMthetaE": 0.0,
        "projMMstar": 10.40219569033306,
        "projMMdm": 10.64733032267475,
        "projMMtotal": 10.842863744317086,
        "projMfdm": 0.6374800211228634,
        "Dstar": 0.05986277133506513,
        "Ddm": 0.34542490372238893,
        "Dtotal": 0.1684013223374489,
        "Dfdm": 0.15150922718128645,
        "projDstar": -0.12274443165237146,
        "projDdm": 0.503059994863146,
        "projDtotal": 0.19422268560446287,
        "projDfdm": 0.2586094812814273,
        "DthetaE": 0
}