{
        "Reff": 0.544754228166559,
        "R": 1.3618855704163977,
        "MthetaE": 0.6397297297297296,
        "Mstar": 10.514315208436313,
        "Mdm": 10.434754337870459,
        "Mbh": 8.265588760375977,
        "Mtotal": 10.777384127747368,
        "fdm": 0.45432873975917076,
        "projMstar": 10.612744809851986,
        "projMdm": 10.67090916452487,
        "projMtotal": 10.943829988181458,
        "projfdm": 0.5334321367791579,
        "MMstar": [
                10.502663784884243,
                10.528592828538711,
                10.558642357896481
        ],
        "MMdm": [
                10.329073041594503,
                10.388102750169644,
                10.432490612033153
        ],
        "MMbh": -Infinity,
        "MMtotal": [
                10.757800377187458,
                10.764986738880054,
                10.772982475420076
        ],
        "Mfdm": [
                0.37008097996477574,
                0.42028298734945946,
                0.4609333782595502
        ],
        "MMthetaE": 0.6365295087181563,
        "projMMstar": [
                10.527954911757666,
                10.553790938685092,
                10.584466276637949
        ],
        "projMMdm": [
                10.727081810183494,
                10.783076606262274,
                10.829527000752005
        ],
        "projMMtotal": [
                10.96204710063427,
                10.985309753415688,
                11.006926720619058
        ],
        "projMfdm": [
                0.5827559449153775,
                0.6302743550056059,
                0.6661040113935771
        ],
        "Dstar": 0.033421803254839746,
        "Ddm": -0.10185095530515968,
        "Dtotal": -0.028142453924627508,
        "Dfdm": -0.07493638291022087,
        "projDstar": -0.1269359035416067,
        "projDdm": 0.2946949133684966,
        "projDtotal": 0.1002205823270603,
        "projDfdm": 0.18154552669281884,
        "DthetaE": 0.005002457855015387,
        "PL_slope1": -2.6029347205445026,
        "AV_slope1": 2.557514955237813,
        "PL_slope2": -1.4492160655800175,
        "AV_slope2": 1.4842540082867959
}