{
        "Reff": 0.3129603324922881,
        "R": 0.45018018018018013,
        "MthetaE": 0.45018018018018013,
        "Mstar": 10.157419078496352,
        "Mdm": 9.745693003339381,
        "Mbh": 8.01979923248291,
        "Mtotal": 10.299652689733843,
        "fdm": 0.27928030725671116,
        "projMstar": 10.210306231675538,
        "projMdm": 9.953741366541735,
        "projMtotal": 10.401730642113568,
        "projfdm": 0.3564599357065718,
        "MMstar": [
                -Infinity,
                -Infinity,
                -Infinity
        ],
        "MMdm": [
                -Infinity,
                -Infinity,
                -Infinity
        ],
        "MMbh": -Infinity,
        "MMtotal": [
                -Infinity,
                -Infinity,
                -Infinity
        ],
        "Mfdm": [
                0.0,
                0.0,
                0.0
        ],
        "MMthetaE": 0.4500195182604169,
        "projMMstar": [
                10.319090348719616,
                10.323602780212042,
                10.325758794055327
        ],
        "projMMdm": [
                8.129754333277974,
                8.438519774215427,
                8.764467960390128
        ],
        "projMMtotal": [
                10.328202211344037,
                10.328902004939646,
                10.332044780979423
        ],
        "projMfdm": [
                0.006366292104338949,
                0.012853826780418468,
                0.027180194352703066
        ],
        "Dstar": -1.0,
        "Ddm": -1.0,
        "Dtotal": -1.0,
        "Dfdm": -1.0,
        "projDstar": 0.2980653240984935,
        "projDdm": -0.9694663721743941,
        "projDtotal": -0.15438756102565696,
        "projDfdm": -0.9639403324389325,
        "DthetaE": 0.00035688359202955825
}