{
        "Reff": 0.3129603324922881,
        "R": 0.45018018018018013,
        "MthetaE": 0.45018018018018013,
        "Mstar": 10.157419078496352,
        "Mdm": 9.745693003339381,
        "Mbh": 8.01979923248291,
        "Mtotal": 10.299652689733843,
        "fdm": 0.27928030725671116,
        "projMstar": 10.210306231675538,
        "projMdm": 9.953741366541735,
        "projMtotal": 10.401730642113568,
        "projfdm": 0.3564599357065718,
        "MMstar": [
                -Infinity,
                -Infinity,
                -Infinity
        ],
        "MMdm": [
                -Infinity,
                -Infinity,
                -Infinity
        ],
        "MMbh": -Infinity,
        "MMtotal": [
                -Infinity,
                -Infinity,
                -Infinity
        ],
        "Mfdm": [
                0.0,
                0.0,
                0.0
        ],
        "MMthetaE": 0.4500195182604169,
        "projMMstar": [
                10.320015324987272,
                10.323666981892849,
                10.325915226251
        ],
        "projMMdm": [
                8.07888389223728,
                8.428649948052335,
                8.708645087348941
        ],
        "projMMtotal": [
                10.328145105340388,
                10.328877533321656,
                10.331844146082435
        ],
        "projMfdm": [
                0.005640852086159241,
                0.012588801363827682,
                0.023820025660575284
        ],
        "Dstar": -1.0,
        "Ddm": -1.0,
        "Dtotal": -1.0,
        "Dfdm": -1.0,
        "projDstar": 0.298257231063238,
        "projDdm": -0.9701524573455669,
        "projDtotal": -0.1544352082383893,
        "projDfdm": -0.9646838252975772,
        "DthetaE": 0.00035688359202955825
}