{
        "Reff": 0.9887552142199191,
        "R": 1.2122072072072072,
        "MthetaE": 1.2122072072072072,
        "Mstar": 10.8958169791626,
        "Mdm": 10.601774166703061,
        "Mbh": 8.475809097290039,
        "Mtotal": 11.07424981195575,
        "fdm": 0.3369181092012998,
        "projMstar": 10.999760479692874,
        "projMdm": 10.874165367113326,
        "projMtotal": 11.242517345854745,
        "projfdm": 0.4282013392411441,
        "MMstar": [
                10.985829283948076,
                11.001406596755377,
                11.025616951511132
        ],
        "MMdm": [
                10.180302195598877,
                10.319094222613835,
                10.386006050344264
        ],
        "MMbh": -Infinity,
        "MMtotal": [
                11.08077004600909,
                11.08369831637422,
                11.087354796016637
        ],
        "Mfdm": [
                0.12464902008686689,
                0.1719289757306285,
                0.2005208568464395
        ],
        "MMthetaE": 1.2600015084485088,
        "projMMstar": [
                11.016112594931766,
                11.031171901883008,
                11.054640664498763
        ],
        "projMMdm": [
                10.426064256028125,
                10.552930595512635,
                10.606730548170464
        ],
        "projMMtotal": [
                11.14875807631304,
                11.155838639548417,
                11.159338190788874
        ],
        "projMfdm": [
                0.18986007554671924,
                0.24929612989518438,
                0.2801391820403096
        ],
        "Dstar": 0.27523321989034877,
        "Ddm": -0.4784210497752553,
        "Dtotal": 0.021994372519192514,
        "Dfdm": -0.48970099547868046,
        "projDstar": 0.07500732174793512,
        "projDdm": -0.522728800114136,
        "projDtotal": -0.18092948261379777,
        "projDfdm": -0.41780628165015665,
        "DthetaE": -0.03942750130269759
}