{
        "Reff": 0.9887552142199191,
        "R": 1.2122072072072072,
        "MthetaE": 1.2122072072072072,
        "Mstar": 10.8958169791626,
        "Mdm": 10.601774166703061,
        "Mbh": 8.475809097290039,
        "Mtotal": 11.07424981195575,
        "fdm": 0.3369181092012998,
        "projMstar": 10.999760479692874,
        "projMdm": 10.874165367113326,
        "projMtotal": 11.242517345854745,
        "projfdm": 0.4282013392411441,
        "MMstar": [
                10.985620610250127,
                11.0015959865837,
                11.025521123626639
        ],
        "MMdm": [
                10.184566638661781,
                10.318748043454772,
                10.388075988671702
        ],
        "MMbh": -Infinity,
        "MMtotal": [
                11.080851020705646,
                11.083821949060315,
                11.087603834099179
        ],
        "Mfdm": [
                0.12562173965675413,
                0.1724424196890338,
                0.20134600865665134
        ],
        "MMthetaE": 1.2632421945770878,
        "projMMstar": [
                11.015163822046436,
                11.03137999681296,
                11.05452015692323
        ],
        "projMMdm": [
                10.428901771001094,
                10.5522693590141,
                10.607832158023497
        ],
        "projMMtotal": [
                11.148729815675978,
                11.155969249376456,
                11.15968446456637
        ],
        "projMfdm": [
                0.19133075150263532,
                0.2488966971784485,
                0.2810697083043234
        ],
        "Dstar": 0.27578945276745925,
        "Ddm": -0.4788366383362186,
        "Dtotal": 0.02228534995736733,
        "Dfdm": -0.4881770525845972,
        "projDstar": 0.0755225416866823,
        "projDdm": -0.5234549180397557,
        "projDtotal": -0.1806831181033258,
        "projDfdm": -0.4187390968474275,
        "DthetaE": -0.042100877693558324
}