{
        "Reff": 0.9662426539989696,
        "R": 0.45018018018018013,
        "MthetaE": 0.45018018018018013,
        "Mstar": 10.307116544969112,
        "Mdm": 9.689914983895168,
        "Mbh": 8.30414867401123,
        "Mtotal": 10.401040182296704,
        "fdm": 0.19447993540979114,
        "projMstar": 10.389112670322442,
        "projMdm": 9.993272781079773,
        "projMtotal": 10.53584177711993,
        "projfdm": 0.286702185777595,
        "MMstar": [
                10.262043619836314,
                10.302245416989782,
                10.332496752271583
        ],
        "MMdm": [
                9.536638402428986,
                9.684091555630218,
                9.803882257347539
        ],
        "MMbh": -Infinity,
        "MMtotal": [
                10.38394324016392,
                10.394716666588387,
                10.404511540574733
        ],
        "Mfdm": [
                0.13739070121925143,
                0.19470713978412832,
                0.25656283044550643
        ],
        "MMthetaE": 0.48492597519012226,
        "projMMstar": [
                10.287387216626481,
                10.327993120507578,
                10.357862832447184
        ],
        "projMMdm": [
                9.921808901918208,
                10.005683712450077,
                10.091633297844938
        ],
        "projMMtotal": [
                10.49017995637755,
                10.497498513317089,
                10.503802072433109
        ],
        "projMfdm": [
                0.2679948994990721,
                0.32250980880001867,
                0.38881086385737174
        ],
        "Dstar": -0.0111535197629567,
        "Ddm": -0.013319439765955631,
        "Dtotal": -0.014454942516999693,
        "Dfdm": 0.0011682664016647052,
        "projDstar": -0.13127873967811013,
        "projDdm": 0.028989472058013714,
        "projDtotal": -0.08450339904523578,
        "projDfdm": 0.12489483791449335,
        "DthetaE": -0.07718197410653545
}