{
        "Reff": 0.36422601544215016,
        "R": 0.9105650386053754,
        "MthetaE": 0.0,
        "Mstar": 10.27293859069873,
        "Mdm": 10.113967989717644,
        "Mbh": 8.177248001098633,
        "Mtotal": 10.501716802955189,
        "fdm": 0.40949743592464155,
        "projMstar": 10.358796827178473,
        "projMdm": 10.355252888833848,
        "projMtotal": 10.658058468574506,
        "projfdm": 0.4979599564196837,
        "MMstar": [
                10.073895552000796,
                10.180000131594884,
                10.253603310850961
        ],
        "MMdm": [
                9.764888997252507,
                9.91884932405096,
                10.069209973006384
        ],
        "MMbh": -Infinity,
        "MMtotal": [
                10.345720008807394,
                10.374643993137074,
                10.402566067126331
        ],
        "Mfdm": [
                0.2511572510419621,
                0.3539495893017703,
                0.4928537558766972
        ],
        "MMthetaE": 0.0,
        "projMMstar": [
                10.087197736028727,
                10.192820541639055,
                10.267182638638463
        ],
        "projMMdm": [
                10.355276325893037,
                10.476304500934551,
                10.596868322204209
        ],
        "projMMtotal": [
                10.57763604114773,
                10.654816904329595,
                10.742220210649785
        ],
        "projMfdm": [
                0.5747055602415316,
                0.6686839314530681,
                0.7440589610796059
        ],
        "Dstar": -0.19265057389957402,
        "Ddm": -0.36191088769329494,
        "Dtotal": -0.2536763738332407,
        "Dfdm": -0.13564882646321028,
        "projDstar": -0.3176240460345632,
        "projDdm": 0.3214526679471099,
        "projDtotal": -0.007436191203290301,
        "projDfdm": 0.34284679487259256,
        "DthetaE": 0,
        "PL_slope1": -2.5488995087053694,
        "AV_slope1": 2.484675742586323,
        "PL_slope2": -2.089408124039158,
        "AV_slope2": 2.0971303573872784
}