{
        "Reff": 0.36422601544215016,
        "R": 0.9105650386053754,
        "MthetaE": 0.0,
        "Mstar": 10.27293859069873,
        "Mdm": 10.113967989717644,
        "Mbh": 8.177248001098633,
        "Mtotal": 10.501716802955189,
        "fdm": 0.40949743592464155,
        "projMstar": 10.358796827178473,
        "projMdm": 10.355252888833848,
        "projMtotal": 10.658058468574506,
        "projfdm": 0.4979599564196837,
        "MMstar": [
                10.082536011833405,
                10.18215248926583,
                10.252956976588681
        ],
        "MMdm": [
                9.764892264962631,
                9.91594954352898,
                10.061548014180282
        ],
        "MMbh": -Infinity,
        "MMtotal": [
                10.345721016999041,
                10.374508099237643,
                10.401996517061814
        ],
        "Mfdm": [
                0.2536363456887563,
                0.3530587527934315,
                0.48749992847144713
        ],
        "MMthetaE": 0.0,
        "projMMstar": [
                10.09510407000159,
                10.19504232886856,
                10.266265333116145
        ],
        "projMMdm": [
                10.339520100976006,
                10.462418011073234,
                10.583598402634228
        ],
        "projMMtotal": [
                10.57213704178742,
                10.644401283366133,
                10.732402989420592
        ],
        "projMfdm": [
                0.5625310192322768,
                0.6609487609804477,
                0.7366438783399155
        ],
        "Dstar": -0.18863942951230966,
        "Ddm": -0.36615721110211835,
        "Dtotal": -0.25390986738662724,
        "Dfdm": -0.1378242650134597,
        "projDstar": -0.3141241653692678,
        "projDdm": 0.27986782765749185,
        "projDtotal": -0.03095752196723103,
        "projDfdm": 0.3273130749963277,
        "DthetaE": 0
}