{
        "Reff": 0.3754074905418294,
        "R": 0.9385187263545736,
        "MthetaE": 0.46202702702702697,
        "Mstar": 10.28487101278799,
        "Mdm": 10.233614943059834,
        "Mbh": 8.119908332824707,
        "Mtotal": 10.561028699670167,
        "fdm": 0.47052883535589357,
        "projMstar": 10.376835217113879,
        "projMdm": 10.481706519401403,
        "projMtotal": 10.733458678860627,
        "projfdm": 0.5600771317331104,
        "MMstar": [
                10.481321883048658,
                10.50709293635778,
                10.531202860494712
        ],
        "MMdm": [
                9.540923690777507,
                9.686166786524359,
                9.823764814133995
        ],
        "MMbh": -Infinity,
        "MMtotal": [
                10.558268110949982,
                10.570357845249767,
                10.579048126240181
        ],
        "Mfdm": [
                0.09263941856176476,
                0.13163684653635424,
                0.17843178081549044
        ],
        "MMthetaE": 0.0,
        "projMMstar": [
                10.49396047893508,
                10.518951624155232,
                10.543502287174933
        ],
        "projMMdm": [
                9.974900895494306,
                10.096690999125899,
                10.220073893782281
        ],
        "projMMtotal": [
                10.641537589903903,
                10.659175017381028,
                10.681529989641573
        ],
        "projMfdm": [
                0.21336723056841445,
                0.27435997498772074,
                0.345358382649842
        ],
        "Dstar": 0.6680993900933615,
        "Ddm": -0.7165007962401935,
        "Dtotal": 0.02171353243124219,
        "Dfdm": -0.7202363879850462,
        "projDstar": 0.38712758072724907,
        "projDdm": -0.5879172076676066,
        "projDtotal": -0.15721589044288803,
        "projDfdm": -0.5101389443651494,
        "DthetaE": 1.0,
        "PL_slope1": -3.118220298328405,
        "AV_slope1": 3.293710039343915,
        "PL_slope2": -2.6143362522675733,
        "AV_slope2": 2.558864759424775
}