{
        "Reff": 0.33542414752571353,
        "R": 0.8385603688142839,
        "MthetaE": 0.0,
        "Mstar": 10.277665526691122,
        "Mdm": 9.98913029177223,
        "Mbh": [
                7.912351131439209,
                6.072244644165039
        ],
        "Mtotal": 10.457961774682195,
        "fdm": 0.3397570812371014,
        "projMstar": 10.329025796615191,
        "projMdm": 10.227974299643654,
        "projMtotal": 10.582462516202895,
        "projfdm": 0.44209111169474896,
        "MMstar": 10.30079532122595,
        "MMdm": 10.057410461631653,
        "MMbh": -Infinity,
        "MMtotal": 10.496963885353924,
        "Mfdm": 0.36345159264651283,
        "MMthetaE": 0.0,
        "projMMstar": 10.319919977176514,
        "projMMdm": 10.472597464977653,
        "projMMtotal": 10.703963725780476,
        "projMfdm": 0.5869941042061233,
        "Dstar": 0.054702060674323025,
        "Ddm": 0.1702540959610043,
        "Dtotal": 0.09396168291433239,
        "Dfdm": 0.06973956605447783,
        "projDstar": -0.0207486463453574,
        "projDdm": 0.7563989359620695,
        "projDtotal": 0.32282139226781936,
        "projDfdm": 0.3277672603637995,
        "DthetaE": 0,
        "PL_slope1": -2.504993230998666,
        "AV_slope1": 2.5596891875304006,
        "PL_slope2": -1.8916491543476697,
        "AV_slope2": 1.8767839241638216
}