{
        "Reff": 0.33542414752571353,
        "R": 0.8385603688142839,
        "MthetaE": 0.0,
        "Mstar": 10.277665526691122,
        "Mdm": 9.98913029177223,
        "Mbh": [
                7.912351131439209,
                6.072244644165039
        ],
        "Mtotal": 10.457961774682195,
        "fdm": 0.3397570812371014,
        "projMstar": 10.329025796615191,
        "projMdm": 10.227974299643654,
        "projMtotal": 10.582462516202895,
        "projfdm": 0.44209111169474896,
        "MMstar": 10.301022077139724,
        "MMdm": 10.051890272532031,
        "MMbh": -Infinity,
        "MMtotal": 10.495110691367753,
        "Mfdm": 0.3603956838488637,
        "MMthetaE": 0.0,
        "projMMstar": 10.32048965619425,
        "projMMdm": 10.482745912114375,
        "projMMtotal": 10.710181661121647,
        "projMfdm": 0.5923307118006428,
        "Dstar": 0.0552528905513465,
        "Ddm": 0.15547347626621508,
        "Dtotal": 0.08930354423370299,
        "Dfdm": 0.06074517280585992,
        "projDstar": -0.01946328580326194,
        "projDdm": 0.7979251704939704,
        "projDtotal": 0.34189688552763614,
        "projDfdm": 0.3398385448871677,
        "DthetaE": 0,
        "PL_slope1": -2.509132131247762,
        "AV_slope1": 2.560002031831034,
        "PL_slope2": -1.8780898038782692,
        "AV_slope2": 1.8652489249439923
}