{
        "Reff": 0.9365583424776649,
        "R": 2.341395856194162,
        "MthetaE": 0.533108108108108,
        "Mstar": 10.604333704610394,
        "Mdm": 10.634934192831413,
        "Mbh": 8.183881759643555,
        "Mtotal": 10.920933403323664,
        "fdm": 0.5176077729134222,
        "projMstar": 10.682572097391489,
        "projMdm": 10.838119149014558,
        "projMtotal": 11.068302560459982,
        "projfdm": 0.5885950271362097,
        "MMstar": [
                10.61692395435758,
                10.641851362420503,
                10.66881734604087
        ],
        "MMdm": [
                10.461910522796103,
                10.557746694895657,
                10.634174117124259
        ],
        "MMbh": -Infinity,
        "MMtotal": [
                10.877618662740181,
                10.904103872532653,
                10.928534376275424
        ],
        "Mfdm": [
                0.38449267953751226,
                0.45201536657179725,
                0.5104767415787227
        ],
        "MMthetaE": 0.5249657346094901,
        "projMMstar": [
                10.639515204375858,
                10.664859791739785,
                10.691433154987614
        ],
        "projMMdm": [
                10.789337725488977,
                10.8851895911374,
                10.967715450887379
        ],
        "projMMtotal": [
                11.03876947509866,
                11.089834192332761,
                11.136769426417024
        ],
        "projMfdm": [
                0.5598432337947763,
                0.6256352962715349,
                0.6784248862062426
        ],
        "Dstar": 0.09022881867271024,
        "Ddm": -0.16283222630712504,
        "Dtotal": -0.03801019561161426,
        "Dfdm": -0.12672222051927393,
        "projDstar": -0.03996361188886126,
        "projDdm": 0.11447528568920919,
        "projDtotal": 0.0508279892176456,
        "projDfdm": 0.06292997294853722,
        "DthetaE": 0.015273400225544362
}