{
        "Reff": 0.42908660556761313,
        "R": 0.533108108108108,
        "MthetaE": 0.533108108108108,
        "Mstar": 10.316567053263963,
        "Mdm": 9.953675599223988,
        "Mbh": 8.356976509094238,
        "Mtotal": 10.473000874721839,
        "fdm": 0.3024647195873248,
        "projMstar": 10.385313712548719,
        "projMdm": 10.208555729354114,
        "projMtotal": 10.606895895322637,
        "projfdm": 0.3996316112517674,
        "MMstar": 10.267526632747007,
        "MMdm": 9.657961732446138,
        "MMbh": -Infinity,
        "MMtotal": 10.362946003314521,
        "Mfdm": 0.1972494173952399,
        "MMthetaE": 0.509223606974525,
        "projMMstar": 10.304636956119536,
        "projMMdm": 10.176663076920201,
        "projMMtotal": 10.54637682588185,
        "projMfdm": 0.4268607774547762,
        "Dstar": -0.10677765383970964,
        "Ddm": -0.49384196758728643,
        "Dtotal": -0.22385095295963084,
        "Dfdm": -0.34785975149643233,
        "projDstar": -0.16953134810595297,
        "projDdm": -0.07080396580271922,
        "projDtotal": -0.13007676524144254,
        "projDfdm": 0.06813566653978848,
        "DthetaE": 0.04480235954081493
}