{
        "Reff": 0.4869602608436852,
        "R": 1.220225225225225,
        "MthetaE": 1.220225225225225,
        "Mstar": 10.87244459182217,
        "Mdm": 10.637575202464305,
        "Mbh": 8.438713073730469,
        "Mtotal": 11.071727465792158,
        "fdm": 0.3679999305160368,
        "projMstar": 10.97001301300598,
        "projMdm": 10.903444554972886,
        "projMtotal": 11.239032980836678,
        "projfdm": 0.4617549652833109,
        "MMstar": [
                -Infinity,
                -Infinity,
                -Infinity
        ],
        "MMdm": [
                -Infinity,
                -Infinity,
                -Infinity
        ],
        "MMbh": -Infinity,
        "MMtotal": [
                -Infinity,
                -Infinity,
                -Infinity
        ],
        "Mfdm": [
                0.0,
                0.0,
                0.0
        ],
        "MMthetaE": 1.224463753867507,
        "projMMstar": [
                10.932492884947381,
                10.935232471796137,
                10.939616914709617
        ],
        "projMMdm": [
                10.820859084533355,
                10.827987564202543,
                10.832273741653466
        ],
        "projMMtotal": [
                11.185313913062108,
                11.185938044198748,
                11.186297777678854
        ],
        "projMfdm": [
                0.43204703586100834,
                0.4385791892753863,
                0.4425635044466947
        ],
        "Dstar": -1.0,
        "Ddm": -1.0,
        "Dtotal": -1.0,
        "Dfdm": -1.0,
        "projDstar": -0.07696225889994547,
        "projDdm": -0.15948975926587214,
        "projDtotal": -0.11507785501823084,
        "projDfdm": -0.050190637351793355,
        "DthetaE": -0.0034735625478481487
}