{
        "Reff": 0.4869602608436852,
        "R": 1.220225225225225,
        "MthetaE": 1.220225225225225,
        "Mstar": 10.87244459182217,
        "Mdm": 10.637575202464305,
        "Mbh": 8.438713073730469,
        "Mtotal": 11.071727465792158,
        "fdm": 0.3679999305160368,
        "projMstar": 10.97001301300598,
        "projMdm": 10.903444554972886,
        "projMtotal": 11.239032980836678,
        "projfdm": 0.4617549652833109,
        "MMstar": [
                -Infinity,
                -Infinity,
                -Infinity
        ],
        "MMdm": [
                -Infinity,
                -Infinity,
                -Infinity
        ],
        "MMbh": -Infinity,
        "MMtotal": [
                -Infinity,
                -Infinity,
                -Infinity
        ],
        "Mfdm": [
                0.0,
                0.0,
                0.0
        ],
        "MMthetaE": 1.224463753867507,
        "projMMstar": [
                10.932551066489829,
                10.93524360637045,
                10.939795768575468
        ],
        "projMMdm": [
                10.820553914495274,
                10.827964660092812,
                10.832194844059057
        ],
        "projMMtotal": [
                11.185282049049436,
                11.18593936665607,
                11.186295623315072
        ],
        "projMfdm": [
                0.43178864662319527,
                0.4385579329468412,
                0.4424824581621529
        ],
        "Dstar": -1.0,
        "Ddm": -1.0,
        "Dtotal": -1.0,
        "Dfdm": -1.0,
        "projDstar": -0.07693859347360098,
        "projDdm": -0.1595340854821982,
        "projDtotal": -0.1150751603637921,
        "projDfdm": -0.05023667113625318,
        "DthetaE": -0.0034735625478481487
}