{
        "Reff": 0.1711945002191585,
        "R": 0.42798625054789624,
        "MthetaE": 0.5568018018018017,
        "Mstar": 10.272768103513672,
        "Mdm": 9.918860506492777,
        "Mbh": 8.217829704284668,
        "Mtotal": 10.43193888232478,
        "fdm": 0.30684681811046544,
        "projMstar": 10.299456228808682,
        "projMdm": 10.106476541384401,
        "projMtotal": 10.514628207353143,
        "projfdm": 0.3907044286802383,
        "MMstar": [
                10.129859454103046,
                10.168439591930522,
                10.186874910676577
        ],
        "MMdm": [
                9.846078379841432,
                9.901992982592212,
                9.951942622139425
        ],
        "MMbh": -Infinity,
        "MMtotal": [
                10.336972684954103,
                10.352138001089198,
                10.368210209739136
        ],
        "Mfdm": [
                0.3172083349107636,
                0.35197489005941224,
                0.39242960288146
        ],
        "MMthetaE": 0.7744442356070901,
        "projMMstar": [
                10.142760083461456,
                10.18086973774091,
                10.199733128034552
        ],
        "projMMdm": [
                10.154594829996357,
                10.176827007082402,
                10.20654253503669
        ],
        "projMMtotal": [
                10.472506377455066,
                10.478100562509615,
                10.484687607394134
        ],
        "projMfdm": [
                0.47513168509201087,
                0.49698719392649054,
                0.5342278067533593
        ],
        "Dstar": -0.2135493269952299,
        "Ddm": -0.03809434907637706,
        "Dtotal": -0.16785478783733948,
        "Dfdm": 0.1470703598194087,
        "projDstar": -0.23894944162247952,
        "projDdm": 0.1758460530082406,
        "projDtotal": -0.08066804677056601,
        "projDfdm": 0.2720285654433586,
        "DthetaE": -0.39087954295586136
}