{
        "Reff": 0.1711945002191585,
        "R": 0.42798625054789624,
        "MthetaE": 0.5568018018018017,
        "Mstar": 10.272768103513672,
        "Mdm": 9.918860506492777,
        "Mbh": 8.217829704284668,
        "Mtotal": 10.43193888232478,
        "fdm": 0.30684681811046544,
        "projMstar": 10.299456228808682,
        "projMdm": 10.106476541384401,
        "projMtotal": 10.514628207353143,
        "projfdm": 0.3907044286802383,
        "MMstar": [
                10.13262763020515,
                10.170105994550177,
                10.187971003103236
        ],
        "MMdm": [
                9.839526024358817,
                9.901225652538855,
                9.94704348635245
        ],
        "MMbh": -Infinity,
        "MMtotal": [
                10.336215869618432,
                10.353753577804154,
                10.3677363824974
        ],
        "Mfdm": [
                0.31274062536577046,
                0.35031760177222643,
                0.3908851227352073
        ],
        "MMthetaE": 0.6553516178469189,
        "projMMstar": [
                10.145455961672795,
                10.183410972813162,
                10.200711922836728
        ],
        "projMMdm": [
                10.150987949237798,
                10.174239061120089,
                10.205257148317557
        ],
        "projMMtotal": [
                10.472323380597414,
                10.478348338234067,
                10.484464884659545
        ],
        "projMfdm": [
                0.47285029606344103,
                0.49499861230495545,
                0.5342278067533593
        ],
        "Dstar": -0.21052589235549987,
        "Ddm": -0.0397923845718753,
        "Dtotal": -0.16475344033347522,
        "Dfdm": 0.14166933171883642,
        "projDstar": -0.23448316852422862,
        "projDdm": 0.16886006191227046,
        "projDtotal": -0.08014339554437017,
        "projDfdm": 0.2669388314256196,
        "DthetaE": -0.17699263135681587
}