{
        "Reff": 0.3939136227063193,
        "R": 0.45018018018018013,
        "MthetaE": 0.45018018018018013,
        "Mstar": 10.143283281527738,
        "Mdm": 9.666221446383181,
        "Mbh": 8.139239311218262,
        "Mtotal": 10.268236873791992,
        "fdm": 0.2500256543701848,
        "projMstar": 10.238793465359723,
        "projMdm": 9.866167182171507,
        "projMtotal": 10.392305795077736,
        "projfdm": 0.29775659339548977,
        "MMstar": 10.20321515671978,
        "MMdm": 9.074499618433807,
        "MMbh": -Infinity,
        "MMtotal": 10.234361186332137,
        "Mfdm": 0.06920515283623296,
        "MMthetaE": 0.4500195182604169,
        "projMMstar": 10.247756928782744,
        "projMMdm": 9.558094572830809,
        "projMMtotal": 10.328503368281611,
        "projMfdm": 0.169664587106162,
        "Dstar": 0.14797353260833387,
        "Ddm": -0.743977477596927,
        "Dtotal": -0.07503710238438388,
        "Dfdm": -0.7232077923741029,
        "projDstar": 0.02085359713400883,
        "projDdm": -0.5080427211313385,
        "projDtotal": -0.13662876885209774,
        "projDfdm": -0.430190327033974,
        "DthetaE": 0.00035688359202955825
}