{
        "Reff": 0.3129603324922881,
        "R": 0.7824008312307202,
        "MthetaE": 0.45018018018018013,
        "Mstar": 10.273399770015239,
        "Mdm": 10.022244869721614,
        "Mbh": 8.01979923248291,
        "Mtotal": 10.466760355017644,
        "fdm": 0.35932258444479737,
        "projMstar": 10.311296349477995,
        "projMdm": 10.185498404817997,
        "projMtotal": 10.553966374268237,
        "projfdm": 0.4280869911502228,
        "MMstar": [
                -Infinity,
                -Infinity,
                -Infinity
        ],
        "MMdm": [
                -Infinity,
                -Infinity,
                -Infinity
        ],
        "MMbh": -Infinity,
        "MMtotal": [
                -Infinity,
                -Infinity,
                -Infinity
        ],
        "Mfdm": [
                0.0,
                0.0,
                0.0
        ],
        "MMthetaE": 0.4027931353555214,
        "projMMstar": [
                10.43431453910446,
                10.43691999054999,
                10.437545872488702
        ],
        "projMMdm": [
                7.699786274151587,
                8.05663658871863,
                8.690152436130798
        ],
        "projMMtotal": [
                10.43817289476098,
                10.438938304293782,
                10.442048375145024
        ],
        "projMfdm": [
                0.001824857525287345,
                0.004150989632616808,
                0.01769289038150636
        ],
        "Dstar": -1.0,
        "Ddm": -1.0,
        "Dtotal": -1.0,
        "Dfdm": -1.0,
        "projDstar": 0.3354377266757647,
        "projDdm": -0.9925674441051794,
        "projDtotal": -0.2326881062978537,
        "projDfdm": -0.9903033969299943,
        "DthetaE": 0.10526239694891172
}