{
        "Reff": 0.36422601544215016,
        "R": 0.40279279279279273,
        "MthetaE": 0.40279279279279273,
        "Mstar": 10.09249136930786,
        "Mdm": 9.657160343916678,
        "Mbh": 8.177248001098633,
        "Mtotal": 10.228260665224283,
        "fdm": 0.2684724207169141,
        "projMstar": 10.177779355267997,
        "projMdm": 9.932815037193404,
        "projMtotal": 10.37337452695279,
        "projfdm": 0.3626106123565712,
        "MMstar": [
                10.021160174932703,
                10.049989040003583,
                10.082085959242422
        ],
        "MMdm": [
                9.204845653690866,
                9.305080372775977,
                9.395435394722094
        ],
        "MMbh": -Infinity,
        "MMtotal": [
                10.10883004844933,
                10.122929375778707,
                10.13809206929886
        ],
        "Mfdm": [
                0.11775876390698395,
                0.15221153254351666,
                0.1897909833538209
        ],
        "MMthetaE": 0.4027931353555214,
        "projMMstar": [
                10.042542926313782,
                10.071857604639177,
                10.10406201530493
        ],
        "projMMdm": [
                9.647594965492829,
                9.757466775862987,
                9.832992198396832
        ],
        "projMMtotal": [
                10.23292910506749,
                10.243331755935017,
                10.25322694243282
        ],
        "projMfdm": [
                0.2597777158220648,
                0.3268928203214733,
                0.3817468888128308
        ],
        "Dstar": -0.09322889882458206,
        "Ddm": -0.5554505995532274,
        "Dtotal": -0.21536313211093105,
        "Dfdm": -0.4330459265161788,
        "projDstar": -0.21642918942612507,
        "projDdm": -0.3321918134892962,
        "projDtotal": -0.25876276223374545,
        "projDfdm": -0.09850178350537352,
        "DthetaE": -8.504688634280417e-07
}