{
        "Reff": 0.35973259940631447,
        "R": 0.46202702702702697,
        "MthetaE": 0.46202702702702697,
        "Mstar": 10.154514149873487,
        "Mdm": 9.85340370134865,
        "Mbh": 8.119908332824707,
        "Mtotal": 10.330578592964834,
        "fdm": 0.33329216803596157,
        "projMstar": 10.270689529883358,
        "projMdm": 10.129276943838029,
        "projMtotal": 10.506743732429133,
        "projfdm": 0.4193080608244642,
        "MMstar": [
                -Infinity,
                -Infinity,
                -Infinity
        ],
        "MMdm": [
                -Infinity,
                -Infinity,
                -Infinity
        ],
        "MMbh": -Infinity,
        "MMtotal": [
                -Infinity,
                -Infinity,
                -Infinity
        ],
        "Mfdm": [
                0.0,
                0.0,
                0.0
        ],
        "MMthetaE": 0.509223606974525,
        "projMMstar": [
                10.443164316314807,
                10.449421379775531,
                10.45409189287888
        ],
        "projMMdm": [
                9.234426683071154,
                9.310447192436635,
                9.39114929028554
        ],
        "projMMtotal": [
                10.479429476640899,
                10.479834577077055,
                10.480150989250115
        ],
        "projMfdm": [
                0.05686133736409981,
                0.06769418496193097,
                0.08147323634096855
        ],
        "Dstar": -1.0,
        "Ddm": -1.0,
        "Dtotal": -1.0,
        "Dfdm": -1.0,
        "projDstar": 0.5091480604128927,
        "projDdm": -0.8482354814185777,
        "projDtotal": -0.06008009987207262,
        "projDfdm": -0.8385573966099594,
        "DthetaE": -0.10215112360675202
}