{
        "Reff": 0.9365583424776647,
        "R": 2.3413958561941617,
        "Mstar": 10.604331395051114,
        "Mdm": 10.634915923094567,
        "Mbh": 8.183881759643555,
        "Mtotal": 10.920922832725646,
        "fdm": 0.5175985968843835,
        "MMstar": 10.56770740251832,
        "MMdm": 10.691335422291306,
        "MMbh": -Infinity,
        "MMtotal": 10.934935691216294,
        "Mfdm": 0.5706893015089448,
        "Dstar": -0.08087197679638312,
        "Ddm": 0.1387266879906863,
        "Dtotal": 0.03279198397508808,
        "Dfdm": 0.1025711911588127
}