{
        "Reff": 0.42908660556761313,
        "R": 1.0727165139190329,
        "MthetaE": 0.0,
        "Mstar": 10.461121573211894,
        "Mdm": 10.349580676302088,
        "Mbh": 8.356976509094238,
        "Mtotal": 10.709952236130166,
        "fdm": 0.4361425316510598,
        "projMstar": 10.519498947164227,
        "projMdm": 10.555126770256264,
        "projMtotal": 10.838708097904357,
        "projfdm": 0.5204975293137197,
        "MMstar": [
                10.251870854290921,
                10.307646089778135,
                10.352094190726355
        ],
        "MMdm": [
                10.139776126630196,
                10.20597884386694,
                10.277725764263264
        ],
        "MMbh": -Infinity,
        "MMtotal": [
                10.54814592038599,
                10.562977306494352,
                10.578443963748132
        ],
        "Mfdm": [
                0.3834898982496471,
                0.44331484786563113,
                0.5124897240816408
        ],
        "MMthetaE": 0.0,
        "projMMstar": [
                10.278003211577191,
                10.333699590899599,
                10.377830409335411
        ],
        "projMMdm": [
                10.74222841918409,
                10.817908606537342,
                10.904129267030468
        ],
        "projMMtotal": [
                10.874713159506971,
                10.938938294037184,
                11.011473581958867
        ],
        "projMfdm": [
                0.7208383907963324,
                0.7579170474945768,
                0.7919789074125927
        ],
        "Dstar": -0.29769701134016574,
        "Ddm": -0.2815473226083765,
        "Dtotal": -0.28710581807058916,
        "Dfdm": 0.016444890589825806,
        "projDstar": -0.34807048454056033,
        "projDdm": 0.8313942077285225,
        "projDtotal": 0.2595928772826587,
        "projDfdm": 0.45613956802810696,
        "DthetaE": 0
}