{
        "Reff": 1.1035545250518053,
        "R": 0.6634234234234233,
        "MthetaE": 0.6634234234234233,
        "Mstar": 10.522028515683154,
        "Mdm": 10.064407877741875,
        "Mbh": 8.336731910705566,
        "Mtotal": 10.6519251077602,
        "fdm": 0.25851322760668544,
        "projMstar": 10.610449633395211,
        "projMdm": 10.389287224511984,
        "projMtotal": 10.814827120951854,
        "projfdm": 0.37537046949957625,
        "MMstar": [
                10.504507948306014,
                10.529773586798093,
                10.551088508786108
        ],
        "MMdm": [
                9.693004638536069,
                9.76193352100023,
                9.837576740985408
        ],
        "MMbh": -Infinity,
        "MMtotal": [
                10.586180210752492,
                10.599212317738825,
                10.609929557202237
        ],
        "Mfdm": [
                0.12264121117693538,
                0.14645645704096685,
                0.17725586061363519
        ],
        "MMthetaE": 0.6491916548593238,
        "projMMstar": [
                10.549627984347135,
                10.574858563312176,
                10.596762483852785
        ],
        "projMMdm": [
                10.207377209446062,
                10.267930312863445,
                10.326712118268379
        ],
        "projMMtotal": [
                10.744532498645992,
                10.749432826428725,
                10.754950062268968
        ],
        "projMfdm": [
                0.2905681289680004,
                0.33069592948284043,
                0.3755064081230391
        ],
        "Dstar": 0.01799365499385153,
        "Ddm": -0.5016601200290361,
        "Dtotal": -0.11429884712496101,
        "Dfdm": -0.43346629340068893,
        "projDstar": -0.07868332851075575,
        "projDdm": -0.2437888294584517,
        "projDtotal": -0.13978758645310665,
        "projDfdm": -0.11901453003560328,
        "DthetaE": 0.021452013995315607
}