{
        "Reff": 0.3555664498963653,
        "R": 0.7108108108108108,
        "MthetaE": 0.7108108108108108,
        "Mstar": 10.451843296180769,
        "Mdm": 10.23681373681996,
        "Mbh": 8.265618324279785,
        "Mtotal": 10.658533039151479,
        "fdm": 0.3786872626768167,
        "projMstar": 10.498681972681283,
        "projMdm": 10.45430910397408,
        "projMtotal": 10.778091997453737,
        "projfdm": 0.4744791210545737,
        "MMstar": 10.410373706365798,
        "MMdm": 10.222049980841879,
        "MMbh": -Infinity,
        "MMtotal": 10.627370735752955,
        "Mfdm": 0.3932595202668979,
        "MMthetaE": 0.9900429401729172,
        "projMMstar": 10.426613669854103,
        "projMMdm": 10.484738570877266,
        "projMMtotal": 10.75767780278492,
        "projMfdm": 0.5334095269026679,
        "Dstar": -0.09107005803504874,
        "Ddm": -0.03342347346120672,
        "Dtotal": -0.06924003072011277,
        "Dfdm": 0.03848098160755317,
        "projDstar": -0.1529058214397722,
        "projDdm": 0.0725794377175183,
        "projDtotal": -0.04591777386405818,
        "projDfdm": 0.12420020867749859,
        "DthetaE": -0.3928360755284387
}