{
        "Reff": 0.5148342648334497,
        "R": 1.2870856620836244,
        "thetaE": 0.5616352290396287,
        "Mstar": 10.485048613230262,
        "Mdm": 10.34306489408524,
        "Mbh": 8.0,
        "Mtotal": 10.720863426497717,
        "fdm": 0.41898788695716166,
        "MMstar": 10.408074493784397,
        "MMdm": 10.429828311225116,
        "MMbh": -Infinity,
        "MMtotal": 10.72011759006414,
        "Mfdm": 0.5125198863384689,
        "Dstar": -0.1624208061917706,
        "Ddm": 0.22113426340700001,
        "Dtotal": -0.001715878048874633,
        "Dfdm": 0.22323318237328943
}