{
        "Reff": 0.1711945002191585,
        "R": 0.42798625054789624,
        "MthetaE": 0.5568018018018017,
        "Mstar": 10.272768103513672,
        "Mdm": 9.918860506492777,
        "Mbh": 8.217829704284668,
        "Mtotal": 10.43193888232478,
        "fdm": 0.30684681811046544,
        "projMstar": 10.299456228808682,
        "projMdm": 10.106476541384401,
        "projMtotal": 10.514628207353143,
        "projfdm": 0.3907044286802383,
        "MMstar": 10.169049494774555,
        "MMdm": 9.932084554415335,
        "MMbh": -Infinity,
        "MMtotal": 10.36756238145821,
        "Mfdm": 0.36687842498540474,
        "MMthetaE": 0.8052440505450654,
        "projMMstar": 10.181872965572323,
        "projMMdm": 10.202283784894457,
        "projMMtotal": 10.493228267427128,
        "projMfdm": 0.5117472498998082,
        "Dstar": -0.21244409659315616,
        "Ddm": 0.030917822863887758,
        "Dtotal": -0.13776926595850694,
        "Dfdm": 0.19564031083851036,
        "projDstar": -0.2371893694366266,
        "projDdm": 0.24683000060825958,
        "projDtotal": -0.04808085799307042,
        "projDfdm": 0.3098066270414207,
        "DthetaE": -0.44619512354182145
}