{
        "Reff": 0.9094395894549946,
        "R": 0.45018018018018013,
        "MthetaE": 0.45018018018018013,
        "Mstar": 10.188291312145626,
        "Mdm": 9.669608105376728,
        "Mbh": 8.278263092041016,
        "Mtotal": 10.30320646934083,
        "fdm": 0.23248858595902655,
        "projMstar": 10.326511929628978,
        "projMdm": 10.003439814762785,
        "projMtotal": 10.495379408395333,
        "projfdm": 0.32215168434816444,
        "MMstar": [
                -Infinity,
                -Infinity,
                -Infinity
        ],
        "MMdm": [
                -Infinity,
                -Infinity,
                -Infinity
        ],
        "MMbh": -Infinity,
        "MMtotal": [
                -Infinity,
                -Infinity,
                -Infinity
        ],
        "Mfdm": [
                0.0,
                0.0,
                0.0
        ],
        "MMthetaE": 0.5249657346094901,
        "projMMstar": [
                10.332842915163189,
                10.336337010787112,
                10.340990450808127
        ],
        "projMMdm": [
                9.794396547992942,
                9.81507125135787,
                9.828063355677392
        ],
        "projMMtotal": [
                10.449423581302131,
                10.450435533481842,
                10.451822436061832
        ],
        "projMfdm": [
                0.22115931848679432,
                0.23146090372949912,
                0.23802870140984267
        ],
        "Dstar": -1.0,
        "Ddm": -1.0,
        "Dtotal": -1.0,
        "Dfdm": -1.0,
        "projDstar": 0.02288092813707793,
        "projDdm": -0.351915795648349,
        "projDtotal": -0.09831234231382069,
        "projDfdm": -0.28151577354676044,
        "DthetaE": -0.16612360499606588
}