{
        "Reff": 0.5447542281665592,
        "R": 1.361885570416398,
        "MthetaE": 0.0,
        "Mstar": 10.514315208436313,
        "Mdm": 10.434754337870459,
        "Mbh": 8.265588760375977,
        "Mtotal": 10.777384127747368,
        "fdm": 0.45432873975917076,
        "projMstar": 10.612744809851986,
        "projMdm": 10.670909164524872,
        "projMtotal": 10.943829988181458,
        "projfdm": 0.5334321367791579,
        "MMstar": [
                10.461428575189064,
                10.51508022246851,
                10.562794847315885
        ],
        "MMdm": [
                9.946761308939324,
                10.128668692052369,
                10.26823673293313
        ],
        "MMbh": -Infinity,
        "MMtotal": [
                10.645987934598235,
                10.665921680294932,
                10.685773391149256
        ],
        "Mfdm": [
                0.19788496708745007,
                0.2914215942097781,
                0.38615794579272045
        ],
        "MMthetaE": 0.0,
        "projMMstar": [
                10.486156610325933,
                10.540535094574349,
                10.58802110009174
        ],
        "projMMdm": [
                10.31627393715774,
                10.489296705872956,
                10.606740206842417
        ],
        "projMMtotal": [
                10.763540438689198,
                10.813614012328394,
                10.858175292766994
        ],
        "projMfdm": [
                0.35287108244147053,
                0.4713759888730972,
                0.5634482302084876
        ],
        "Dstar": 0.001763062276417544,
        "Ddm": -0.5057867848226792,
        "Dtotal": -0.22636242927297878,
        "Dfdm": -0.3585666749493902,
        "projDstar": -0.15318160243183446,
        "projDdm": -0.341755041772961,
        "projDtotal": -0.25905832269116424,
        "projDfdm": -0.11633372574954574,
        "DthetaE": 0
}