{
        "Reff": 0.9662426539989692,
        "R": 2.415606634997423,
        "MthetaE": 0.0,
        "Mstar": 10.591894592835773,
        "Mdm": 10.646124901091902,
        "Mbh": 8.30414867401123,
        "Mtotal": 10.920885659902202,
        "fdm": 0.5311769748082665,
        "projMstar": 10.678436993976614,
        "projMdm": 10.847385641969348,
        "projMtotal": 11.072105547814939,
        "projfdm": 0.5960464341528928,
        "MMstar": 10.577571905144145,
        "MMdm": 10.656549462579044,
        "MMbh": -Infinity,
        "MMtotal": 10.91988349492967,
        "Mfdm": 0.5453382594164725,
        "MMthetaE": 0.0,
        "projMMstar": 10.597369376701318,
        "projMMdm": 10.880411052390167,
        "projMMtotal": 11.062581580620058,
        "projMfdm": 0.6573996549091511,
        "Dstar": -0.03244132233736483,
        "Ddm": 0.0242938413337837,
        "Dtotal": -0.0023049097332722016,
        "Dfdm": 0.026660200422500682,
        "projDstar": -0.1702784256533051,
        "projDdm": 0.07900985287844624,
        "projDtotal": -0.02169103615834162,
        "projDfdm": 0.1029336260411558,
        "DthetaE": 0,
        "PL_slope1": -2.4678661600312037,
        "AV_slope1": 2.502740685788459,
        "PL_slope2": -1.8031120576507234,
        "AV_slope2": 1.8240744996170755
}