{
        "Reff": 0.42908660556761313,
        "R": 1.0727165139190329,
        "MthetaE": 0.533108108108108,
        "Mstar": 10.461121573211894,
        "Mdm": 10.349580676302088,
        "Mbh": 8.356976509094238,
        "Mtotal": 10.709952236130166,
        "fdm": 0.4361425316510598,
        "projMstar": 10.519498947164227,
        "projMdm": 10.555126770256264,
        "projMtotal": 10.838708097904357,
        "projfdm": 0.5204975293137197,
        "MMstar": [
                10.434603827342919,
                10.449354529587001,
                10.47583134898173
        ],
        "MMdm": [
                10.164243932352456,
                10.217590645286418,
                10.252539284564856
        ],
        "MMbh": -Infinity,
        "MMtotal": [
                10.642878279312008,
                10.650512228620919,
                10.659427148047621
        ],
        "Mfdm": [
                0.32935813584152196,
                0.36992478501984366,
                0.3948095144914535
        ],
        "MMthetaE": 0.509223606974525,
        "projMMstar": [
                10.460497817005756,
                10.475461662343548,
                10.501615115391136
        ],
        "projMMdm": [
                10.629759142630101,
                10.679169359956807,
                10.711827987951283
        ],
        "projMMtotal": [
                10.868424427369966,
                10.88952466325888,
                10.90715848045612
        ],
        "projMfdm": [
                0.5750324480181539,
                0.6152389548247328,
                0.6386875577330761
        ],
        "Dstar": -0.02673085281887178,
        "Ddm": -0.26207883150202205,
        "Dtotal": -0.1279126387906759,
        "Dfdm": -0.1518259326384484,
        "projDstar": -0.09642810258538435,
        "projDdm": 0.33058489726369616,
        "projDtotal": 0.12413007050083426,
        "projDfdm": 0.18202089380891087,
        "DthetaE": 0.04480235954081493
}