{
        "Reff": 0.42908660556761313,
        "R": 1.0727165139190329,
        "MthetaE": 0.533108108108108,
        "Mstar": 10.461121573211894,
        "Mdm": 10.349580676302088,
        "Mbh": 8.356976509094238,
        "Mtotal": 10.709952236130166,
        "fdm": 0.4361425316510598,
        "projMstar": 10.519498947164227,
        "projMdm": 10.555126770256264,
        "projMtotal": 10.838708097904357,
        "projfdm": 0.5204975293137197,
        "MMstar": [
                10.433785693555798,
                10.44773798483889,
                10.476195847497152
        ],
        "MMdm": [
                10.163464635395703,
                10.217572073721046,
                10.254214972075003
        ],
        "MMbh": -Infinity,
        "MMtotal": [
                10.642462214947344,
                10.650162735689067,
                10.659602298622188
        ],
        "Mfdm": [
                0.3287799054880023,
                0.36993945580413445,
                0.3953568178934391
        ],
        "MMthetaE": 0.48492597519012226,
        "projMMstar": [
                10.459608241985352,
                10.47346679867924,
                10.502382142460176
        ],
        "projMMdm": [
                10.628908037662049,
                10.681261243747727,
                10.713367802187278
        ],
        "projMMtotal": [
                10.86944792318373,
                10.890598066809464,
                10.908556500420136
        ],
        "projMfdm": [
                0.5728902997503338,
                0.6178686437844324,
                0.640525415172201
        ],
        "Dstar": -0.030346852257488278,
        "Ddm": -0.26211038626216465,
        "Dtotal": -0.1286141576379414,
        "Dfdm": -0.15179229504700495,
        "projDstar": -0.10056900097428728,
        "projDdm": 0.33700943959331076,
        "projDtotal": 0.12691191015709008,
        "projDfdm": 0.18707315402456817,
        "DthetaE": 0.09037966631003672
}