{
        "Reff": 0.33542414752571365,
        "R": 0.8385603688142841,
        "MthetaE": 0.48572072072072064,
        "Mstar": 10.277667357888435,
        "Mdm": 9.98913029177223,
        "Mbh": [
                7.912351131439209,
                6.072244644165039
        ],
        "Mtotal": 10.457962983718119,
        "fdm": 0.3397561353859292,
        "projMstar": 10.32902983598197,
        "projMdm": 10.227985957460554,
        "projMtotal": 10.582469923635239,
        "projfdm": 0.44209543840509763,
        "MMstar": [
                10.261879006424383,
                10.305571585062692,
                10.340603465353569
        ],
        "MMdm": [
                9.804647384856516,
                9.906733004862032,
                10.018156988373407
        ],
        "MMbh": -Infinity,
        "MMtotal": [
                10.446683116877942,
                10.453597385307063,
                10.461472353233289
        ],
        "Mfdm": [
                0.22484544085016628,
                0.2858706908316725,
                0.3643618251593545
        ],
        "MMthetaE": 0.48492597519012226,
        "projMMstar": [
                10.282151359811861,
                10.323378181944454,
                10.360619439038176
        ],
        "projMMdm": [
                10.11685389123283,
                10.239245721317234,
                10.331504626046009
        ],
        "projMMtotal": [
                10.556813519015803,
                10.58474067115081,
                10.611104368621772
        ],
        "projMfdm": [
                0.3636974269723557,
                0.4502079849456229,
                0.5275512500342984
        ],
        "Dstar": 0.06636093596745077,
        "Ddm": -0.17281488062719338,
        "Dtotal": -0.010001807708446449,
        "Dfdm": -0.1586003575565992,
        "projDstar": -0.012929105970672952,
        "projDdm": 0.02626558128464484,
        "projDtotal": 0.00524228230724887,
        "projDfdm": 0.01835021544169759,
        "DthetaE": 0.001636219120771968,
        "PL_slope1": -2.7436951527262807,
        "AV_slope1": 2.791823828367357,
        "PL_slope2": -2.2198253845551172,
        "AV_slope2": 2.199977288531232
}