{
        "Reff": 0.9662426539989696,
        "R": 0.45018018018018013,
        "MthetaE": 0.45018018018018013,
        "Mstar": 10.307116544969112,
        "Mdm": 9.689914983895168,
        "Mbh": 8.30414867401123,
        "Mtotal": 10.401040182296704,
        "fdm": 0.19447993540979114,
        "projMstar": 10.389112670322442,
        "projMdm": 9.993272781079773,
        "projMtotal": 10.53584177711993,
        "projfdm": 0.286702185777595,
        "MMstar": 10.344341074580397,
        "MMdm": 9.421337858264536,
        "MMbh": -Infinity,
        "MMtotal": 10.393325572577004,
        "Mfdm": 0.1066626294425091,
        "MMthetaE": 0.4500195182604169,
        "projMMstar": 10.370976525029766,
        "projMMdm": 9.87561094502079,
        "projMMtotal": 10.491425528587774,
        "projMfdm": 0.24220628945701989,
        "Dstar": 0.08949321415114016,
        "Ddm": -0.4612058466758473,
        "Dtotal": -0.017606703628725014,
        "Dfdm": -0.45154944021469917,
        "projDstar": -0.04090008012997668,
        "projDdm": -0.23732736511778055,
        "projDtotal": -0.09721621208233859,
        "projDfdm": -0.15519901321956484,
        "DthetaE": 0.00035688359202955825
}