{
        "Reff": 0.35973259940631447,
        "R": 0.46202702702702697,
        "MthetaE": 0.46202702702702697,
        "Mstar": 10.154514149873487,
        "Mdm": 9.85340370134865,
        "Mbh": 8.119908332824707,
        "Mtotal": 10.330578592964834,
        "fdm": 0.33329216803596157,
        "projMstar": 10.270689529883358,
        "projMdm": 10.129276943838029,
        "projMtotal": 10.506743732429133,
        "projfdm": 0.4193080608244642,
        "MMstar": [
                -Infinity,
                -Infinity,
                -Infinity
        ],
        "MMdm": [
                -Infinity,
                -Infinity,
                -Infinity
        ],
        "MMbh": -Infinity,
        "MMtotal": [
                -Infinity,
                -Infinity,
                -Infinity
        ],
        "Mfdm": [
                0.0,
                0.0,
                0.0
        ],
        "MMthetaE": 0.5694543561865656,
        "projMMstar": [
                10.381293637472567,
                10.437834123717387,
                10.449837984884933
        ],
        "projMMdm": [
                8.982234511776577,
                9.25493839797827,
                9.754632741429365
        ],
        "projMMtotal": [
                10.464465607617047,
                10.465399870545085,
                10.474127080646033
        ],
        "projMfdm": [
                0.03291085978053807,
                0.06160458013796793,
                0.19190007552317526
        ],
        "Dstar": -1.0,
        "Ddm": -1.0,
        "Dtotal": -1.0,
        "Dfdm": -1.0,
        "projDstar": 0.4694154228045078,
        "projDdm": -0.8664445994627643,
        "projDtotal": -0.09080688539759248,
        "projDfdm": -0.8530803819587013,
        "DthetaE": -0.23251308446346472
}