{
        "Reff": 0.3129603324922881,
        "R": 0.7824008312307202,
        "MthetaE": 0.45018018018018013,
        "Mstar": 10.273399770015239,
        "Mdm": 10.022244869721614,
        "Mbh": 8.01979923248291,
        "Mtotal": 10.466760355017644,
        "fdm": 0.35932258444479737,
        "projMstar": 10.311296349477995,
        "projMdm": 10.185498404817997,
        "projMtotal": 10.553966374268237,
        "projfdm": 0.4280869911502228,
        "MMstar": 10.353613373451998,
        "MMdm": 9.093305534928804,
        "MMbh": -Infinity,
        "MMtotal": 10.376830902215625,
        "Mfdm": 0.05205646015599698,
        "MMthetaE": 0.4027931353555214,
        "projMMstar": 10.37688972104864,
        "projMMdm": 9.692135746331264,
        "projMMtotal": 10.458472856327601,
        "projMfdm": 0.1712627408153173,
        "Dstar": 0.202855901906026,
        "Ddm": -0.8822229518977548,
        "Dtotal": -0.18703743616914698,
        "Dfdm": -0.8551261111615588,
        "projDstar": 0.16303657232100968,
        "projDdm": -0.6789021914951393,
        "projDtotal": -0.1973864598137836,
        "projDfdm": -0.5999347227180319,
        "DthetaE": 0.10526239694891172
}