{
        "Reff": 0.42908660556761313,
        "R": 1.0727165139190329,
        "MthetaE": 0.533108108108108,
        "Mstar": 10.461121573211894,
        "Mdm": 10.349580676302088,
        "Mbh": 8.356976509094238,
        "Mtotal": 10.709952236130166,
        "fdm": 0.4361425316510598,
        "projMstar": 10.519498947164227,
        "projMdm": 10.555126770256262,
        "projMtotal": 10.838708097904357,
        "projfdm": 0.5204975293137197,
        "MMstar": [
                -Infinity,
                -Infinity,
                -Infinity
        ],
        "MMdm": [
                -Infinity,
                -Infinity,
                -Infinity
        ],
        "MMbh": -Infinity,
        "MMtotal": [
                -Infinity,
                -Infinity,
                -Infinity
        ],
        "Mfdm": [
                0.0,
                0.0,
                0.0
        ],
        "MMthetaE": 0.458917242575832,
        "projMMstar": [
                10.60718741256397,
                10.607472616332569,
                10.607645969187125
        ],
        "projMMdm": [
                10.084041403801898,
                10.086543338252252,
                10.090084284316218
        ],
        "projMMtotal": [
                10.721393903168837,
                10.721892233987697,
                10.722502669854144
        ],
        "projMfdm": [
                0.23047946480577047,
                0.23155244679929796,
                0.23310901001952503
        ],
        "Dstar": -1.0,
        "Ddm": -1.0,
        "Dtotal": -1.0,
        "Dfdm": -1.0,
        "projDstar": 0.2245419542841501,
        "projDdm": -0.6600488082510909,
        "projDtotal": -0.2358402897860086,
        "projDfdm": -0.5551324766044484,
        "DthetaE": 0.13916664257004888
}