{
        "Reff": 0.9365665652080015,
        "R": 0.46202702702702697,
        "MthetaE": 0.46202702702702697,
        "Mstar": 10.249161196740573,
        "Mdm": 9.727404978743365,
        "Mbh": 8.274933815002441,
        "Mtotal": 10.36336385144635,
        "fdm": 0.23122837510002717,
        "projMstar": 10.357000467888106,
        "projMdm": 9.994571718724659,
        "projMtotal": 10.513574293257767,
        "projfdm": 0.30268954843648216,
        "MMstar": 10.312636296427028,
        "MMdm": 9.548284340810227,
        "MMbh": -Infinity,
        "MMtotal": 10.381581462019264,
        "Mfdm": 0.14679216600257242,
        "MMthetaE": 0.0,
        "projMMstar": 10.347354036563269,
        "projMMdm": 9.844838204775561,
        "projMMtotal": 10.466081977083379,
        "projMfdm": 0.23919727497121301,
        "Dstar": 0.1573776718359864,
        "Ddm": -0.3379674206605895,
        "Dtotal": 0.042839830984230345,
        "Dfdm": -0.3651637004365423,
        "projDstar": -0.02196686482005493,
        "projDdm": -0.2916196819598864,
        "projDtotal": -0.10358795427473588,
        "projDfdm": -0.2097603759139793,
        "DthetaE": 1.0
}