{
        "Reff": 0.36422601544215016,
        "R": 0.9105650386053754,
        "MthetaE": 0.0,
        "Mstar": 10.27293859069873,
        "Mdm": 10.113967989717644,
        "Mbh": 8.177248001098633,
        "Mtotal": 10.501716802955189,
        "fdm": 0.40949743592464155,
        "projMstar": 10.358796827178473,
        "projMdm": 10.355252888833848,
        "projMtotal": 10.658058468574506,
        "projfdm": 0.4979599564196837,
        "MMstar": [
                10.522133819545171,
                10.548812200513934,
                10.567672400665739
        ],
        "MMdm": [
                7.130538094431316,
                8.54991886285473,
                9.284767106603253
        ],
        "MMbh": -Infinity,
        "MMtotal": [
                10.539944553566126,
                10.555830803293135,
                10.570895441453327
        ],
        "Mfdm": [
                0.0003685310457689667,
                0.009740334386502522,
                0.053415402207692995
        ],
        "MMthetaE": 0.0,
        "projMMstar": [
                10.534466572865128,
                10.560452201368623,
                10.578882793734113
        ],
        "projMMdm": [
                7.568250621245768,
                8.98926532683124,
                9.757694870947844
        ],
        "projMMtotal": [
                10.56309143470853,
                10.581641548247063,
                10.610649243471174
        ],
        "projMfdm": [
                0.0010025899949510889,
                0.026513649903577765,
                0.14428123469435986
        ],
        "Dstar": 0.887441977952511,
        "Ddm": -0.972713308983763,
        "Dtotal": 0.13269765222784652,
        "Dfdm": -0.976213930706284,
        "projDstar": 0.5909457624246728,
        "projDdm": -0.9569461059244462,
        "projDtotal": -0.1613455037815982,
        "projDfdm": -0.9467554578199219,
        "DthetaE": 0
}