{
        "Reff": 0.5447542281665592,
        "R": 1.361885570416398,
        "MthetaE": 0.0,
        "Mstar": 10.514315208436313,
        "Mdm": 10.434754337870459,
        "Mbh": 8.265588760375977,
        "Mtotal": 10.777384127747368,
        "fdm": 0.45432873975917076,
        "projMstar": 10.612744809851986,
        "projMdm": 10.670909164524872,
        "projMtotal": 10.943829988181458,
        "projfdm": 0.5334321367791579,
        "MMstar": [
                10.434335232017828,
                10.480565326017517,
                10.519057614727732
        ],
        "MMdm": [
                10.096990960939824,
                10.196648471085583,
                10.296145004274207
        ],
        "MMbh": -Infinity,
        "MMtotal": [
                10.648556901036587,
                10.664453857576467,
                10.679799864261758
        ],
        "Mfdm": [
                0.27721281710338425,
                0.3419165754579566,
                0.4203901833334855
        ],
        "MMthetaE": 0.0,
        "projMMstar": [
                10.45963496840195,
                10.505665959649685,
                10.544745024856852
        ],
        "projMMdm": [
                10.573868461578453,
                10.69246925167441,
                10.805594697609889
        ],
        "projMMtotal": [
                10.837356598896708,
                10.908316061683642,
                10.980754451904838
        ],
        "projMfdm": [
                0.536694784108064,
                0.6096501953960601,
                0.6786556655301784
        ],
        "Dstar": -0.0747691232690373,
        "Ddm": -0.42204485632118194,
        "Dtotal": -0.2289727456123871,
        "Dfdm": -0.24742472677559701,
        "projDstar": -0.2185140943271189,
        "projDdm": 0.050896842454597385,
        "projDtotal": -0.07851966079934294,
        "projDfdm": 0.14288239002078848,
        "DthetaE": 0,
        "PL_slope1": -2.8318762785314693,
        "AV_slope1": 2.7586566195309516,
        "PL_slope2": -1.5254250190590006,
        "AV_slope2": 1.571203960491634
}