{
        "Reff": 0.36422601544215016,
        "R": 0.40279279279279273,
        "MthetaE": 0.40279279279279273,
        "Mstar": 10.09249136930786,
        "Mdm": 9.657160343916678,
        "Mbh": 8.177248001098633,
        "Mtotal": 10.228260665224283,
        "fdm": 0.2684724207169141,
        "projMstar": 10.177779355267997,
        "projMdm": 9.932815037193404,
        "projMtotal": 10.37337452695279,
        "projfdm": 0.3626106123565712,
        "MMstar": 10.047693391721372,
        "MMdm": 9.283163213106317,
        "MMbh": -Infinity,
        "MMtotal": 10.116612400153278,
        "Mfdm": 0.1467407765257686,
        "MMthetaE": 0.4027931353555214,
        "projMMstar": 10.069937650204633,
        "projMMdm": 9.736690430103554,
        "projMMtotal": 10.235553157947255,
        "projMfdm": 0.31705694608765267,
        "Dstar": -0.09800937756486168,
        "Ddm": -0.5773285933424473,
        "Dtotal": -0.2266933677208031,
        "Dfdm": -0.4534232747858418,
        "projDstar": -0.2198855992944833,
        "projDdm": -0.36338716125293424,
        "projDtotal": -0.27192078855036167,
        "projDfdm": -0.12562695276034444,
        "DthetaE": -8.504688634280417e-07
}