{
        "Reff": 0.3939136227063193,
        "R": 0.9847840567657983,
        "MthetaE": 0.45018018018018013,
        "Mstar": 10.342989362034055,
        "Mdm": 10.05084423957988,
        "Mbh": 8.139239311218262,
        "Mtotal": 10.522062487644199,
        "fdm": 0.33789498956208713,
        "projMstar": 10.39835509943564,
        "projMdm": 10.18970749862652,
        "projMtotal": 10.607472654621885,
        "projfdm": 0.38215086240880686,
        "MMstar": [
                10.37519077822838,
                10.405942484210735,
                10.438990923023029
        ],
        "MMdm": [
                9.462773494816025,
                9.695641570220268,
                9.832784096557175
        ],
        "MMbh": -Infinity,
        "MMtotal": [
                10.477421125598841,
                10.483866018303075,
                10.491583996412427
        ],
        "Mfdm": [
                0.09487830700326172,
                0.1628397257865012,
                0.22367770099304987
        ],
        "MMthetaE": 0.4500195182604169,
        "projMMstar": [
                10.404459538293082,
                10.434433781984348,
                10.468356741365378
        ],
        "projMMdm": [
                9.898364772210368,
                10.132218919394438,
                10.264642351203083
        ],
        "projMMtotal": [
                10.56967772253165,
                10.60874381674934,
                10.641096665453958
        ],
        "projMfdm": [
                0.2112748890979539,
                0.33519040075330414,
                0.41856943208530706
        ],
        "Dstar": 0.1559874579665877,
        "Ddm": -0.5586355693594371,
        "Dtotal": -0.08419390272134275,
        "Dfdm": -0.5180759383335576,
        "projDstar": 0.08662247272445874,
        "projDdm": -0.12398524585578496,
        "projDtotal": 0.0029312466921617613,
        "projDfdm": -0.12288461514779114,
        "DthetaE": 0.00035688359202955825,
        "PL_slope1": -2.695638728857451,
        "AV_slope1": 2.693860018624725,
        "PL_slope2": -2.472151998526357,
        "AV_slope2": 2.4765902231981314
}