{
        "Reff": 0.5148342648334497,
        "R": 0.5804954954954954,
        "MthetaE": 0.5804954954954954,
        "Mstar": 10.332992349204273,
        "Mdm": 9.915833221302163,
        "Mbh": 8.260486602783203,
        "Mtotal": 10.473715443571665,
        "fdm": 0.2767692123056929,
        "projMstar": 10.40732278043186,
        "projMdm": 10.179791668756826,
        "projMtotal": 10.609320580506106,
        "projfdm": 0.3719384597388031,
        "MMstar": -Infinity,
        "MMdm": -Infinity,
        "MMbh": -Infinity,
        "MMtotal": -Infinity,
        "Mfdm": 0.0,
        "MMthetaE": 0.815168435358413,
        "projMMstar": 10.285689591955915,
        "projMMdm": 10.162410964766574,
        "projMMtotal": 10.529439893290103,
        "projMfdm": 0.4295078161301454,
        "Dstar": -1.0,
        "Ddm": -1.0,
        "Dtotal": -1.0,
        "Dfdm": -1.0,
        "projDstar": -0.24426974089611264,
        "projDdm": -0.039230304784862814,
        "projDtotal": -0.16800768884318168,
        "projDfdm": 0.15478194008699955,
        "DthetaE": -0.4042631539502422
}