{
        "Reff": 0.4888927916199904,
        "R": 1.222231979049976,
        "MthetaE": 1.220225225225225,
        "Mstar": 10.872799948028954,
        "Mdm": 10.63840063344136,
        "Mbh": 8.438713073730469,
        "Mtotal": 11.07225586865504,
        "fdm": 0.36825170371954624,
        "projMstar": 10.970296737631696,
        "projMdm": 10.904246176794656,
        "projMtotal": 11.23955592381404,
        "projfdm": 0.46205136010423437,
        "MMstar": 10.890567798254443,
        "MMdm": 10.623147944562783,
        "MMbh": -Infinity,
        "MMtotal": 11.078153884498184,
        "Mfdm": 0.35074707667949206,
        "MMthetaE": 1.224463753867507,
        "projMMstar": 10.903007572094618,
        "projMMdm": 10.868420832368095,
        "projMMtotal": 11.18708841323294,
        "projMfdm": 0.48010078838503983,
        "Dstar": 0.041760413117666616,
        "Ddm": -0.03451104228921772,
        "Dtotal": 0.013673319718911996,
        "Dfdm": -0.04753440883843237,
        "projDstar": -0.14353260485069433,
        "projDdm": -0.07918018643002572,
        "projDtotal": -0.1137984823934277,
        "projDfdm": 0.03906368390893534,
        "DthetaE": -0.0034735625478481487
}