{
        "Reff": 0.33542414752571365,
        "R": 0.8385603688142841,
        "MthetaE": 0.48572072072072064,
        "Mstar": 10.277667357888435,
        "Mdm": 9.98913029177223,
        "Mbh": [
                7.912351131439209,
                6.072244644165039
        ],
        "Mtotal": 10.457962983718119,
        "fdm": 0.3397561353859292,
        "projMstar": 10.32902983598197,
        "projMdm": 10.227985957460554,
        "projMtotal": 10.582469923635239,
        "projfdm": 0.44209543840509763,
        "MMstar": 10.26946690593706,
        "MMdm": 9.99868583984523,
        "MMbh": -Infinity,
        "MMtotal": 10.455877016474512,
        "Mfdm": 0.3489866575748774,
        "MMthetaE": 0.5694543561865656,
        "projMMstar": 10.28924491815322,
        "projMMdm": 10.300037735903075,
        "projMMtotal": 10.595704848883013,
        "projMfdm": 0.5062125255854434,
        "Dstar": -0.018705085720637123,
        "Ddm": 0.0222463017982093,
        "Dtotal": -0.004791600558542286,
        "Dfdm": 0.027168080948599363,
        "projDstar": -0.08753737997295147,
        "projDdm": 0.18046136690687156,
        "projDtotal": 0.03094364352090059,
        "projDfdm": 0.14502996776364488,
        "DthetaE": -0.1723904949774421
}