{
        "Reff": 0.939249303987715,
        "R": 0.5704504504504504,
        "MthetaE": 0.5704504504504504,
        "Mstar": 10.324357056674737,
        "Mdm": 9.86945336076618,
        "Mbh": 8.183881759643555,
        "Mtotal": 10.454957644889042,
        "fdm": 0.25971421216180146,
        "projMstar": 10.404865630863434,
        "projMdm": 10.136748081175366,
        "projMtotal": 10.592207129877783,
        "projfdm": 0.3503813255471689,
        "MMstar": [
                10.319852236174714,
                10.35023375901881,
                10.374352351920514
        ],
        "MMdm": [
                9.512127849570351,
                9.640655863702836,
                9.761653674393767
        ],
        "MMbh": -Infinity,
        "MMtotal": [
                10.41712840321118,
                10.42923276175374,
                10.439789010434696
        ],
        "Mfdm": [
                0.12306308721306833,
                0.16369894259440781,
                0.21561403584759561
        ],
        "MMthetaE": 0.5248205904019576,
        "projMMstar": [
                10.349720889028212,
                10.37976363348646,
                10.405513653883881
        ],
        "projMMdm": [
                9.929551971973302,
                10.016541813509425,
                10.092378731432166
        ],
        "projMMtotal": [
                10.528439537768666,
                10.53674658081978,
                10.544792015674966
        ],
        "projMfdm": [
                0.2501238519555043,
                0.30315733657916605,
                0.35351589613169604
        ],
        "Dstar": 0.06139418106202404,
        "Ddm": -0.40952365655501144,
        "Dtotal": -0.057513546234974365,
        "Dfdm": -0.3696958621100655,
        "projDstar": -0.056160817588988006,
        "projDdm": -0.24178262497474706,
        "projDtotal": -0.11988494303930262,
        "projDfdm": -0.13477884100773935,
        "DthetaE": 0.07998917348993524
}