{
        "Reff": 0.939249303987715,
        "R": 0.5704504504504504,
        "MthetaE": 0.5704504504504504,
        "Mstar": 10.324357056674737,
        "Mdm": 9.86945336076618,
        "Mbh": 8.183881759643555,
        "Mtotal": 10.454957644889042,
        "fdm": 0.25971421216180146,
        "projMstar": 10.404865630863434,
        "projMdm": 10.136748081175366,
        "projMtotal": 10.592207129877783,
        "projfdm": 0.3503813255471689,
        "MMstar": [
                10.320407199206599,
                10.349131711595222,
                10.372673172557002
        ],
        "MMdm": [
                9.52093714962328,
                9.653062057462183,
                9.764327200019787
        ],
        "MMbh": -Infinity,
        "MMtotal": [
                10.417644678718103,
                10.428984810909098,
                10.439076872283227
        ],
        "Mfdm": [
                0.12388132672180127,
                0.16584505040080044,
                0.21697133698991103
        ],
        "MMthetaE": 0.5400006464779323,
        "projMMstar": [
                10.350624307567564,
                10.37867038274564,
                10.403165625502416
        ],
        "projMMdm": [
                9.937418097246196,
                10.02053625531135,
                10.093596153701514
        ],
        "projMMtotal": [
                10.52743761391222,
                10.53705247650807,
                10.544574134284554
        ],
        "projMfdm": [
                0.2534715234665234,
                0.30513621534610624,
                0.3539447777883733
        ],
        "Dstar": 0.05870424617554845,
        "Ddm": -0.3924126871514845,
        "Dtotal": -0.05805148448779843,
        "Dfdm": -0.3614325183810916,
        "projDstar": -0.05853375870224482,
        "projDdm": -0.2347767195439212,
        "projDtotal": -0.11926481488093023,
        "projDfdm": -0.12913105494536886,
        "DthetaE": 0.05337852559932889
}