{
        "Reff": 0.16132178706696065,
        "R": 0.18954954954954953,
        "MthetaE": 0.18954954954954953,
        "Mstar": 9.345171940693744,
        "Mdm": 8.74601141403639,
        "Mbh": 7.548817157745361,
        "Mtotal": 9.44266339731129,
        "fdm": 0.20107034205073515,
        "projMstar": 9.585940106115428,
        "projMdm": 9.095671706651812,
        "projMtotal": 9.707629180051482,
        "projfdm": 0.24436698278553526,
        "MMstar": [
                9.621636983681764,
                9.663534647069971,
                9.70771277683731
        ],
        "MMdm": [
                7.905826482915915,
                8.113656428696498,
                8.29903684881029
        ],
        "MMbh": -Infinity,
        "MMtotal": [
                9.640215777014935,
                9.675766972239751,
                9.716305035043629
        ],
        "Mfdm": [
                0.015913824288468298,
                0.027413523549613007,
                0.044264899920946926
        ],
        "MMthetaE": 0.18000780730416677,
        "projMMstar": [
                9.690607472390187,
                9.732276255911339,
                9.776470155400514
        ],
        "projMMdm": [
                8.553943782320951,
                8.703828458455138,
                8.841218069318971
        ],
        "projMMtotal": [
                9.744085441988156,
                9.771274076777493,
                9.804578058615377
        ],
        "projMfdm": [
                0.05786194132648696,
                0.08499641559694872,
                0.1196871906629162
        ],
        "Dstar": 1.0814342968539494,
        "Ddm": -0.7668448489592863,
        "Dtotal": 0.7104231854249153,
        "Dfdm": -0.8636620235982098,
        "projDstar": 0.40067104141983273,
        "projDdm": -0.5943450761689029,
        "projDtotal": 0.15783026272145462,
        "projDfdm": -0.6521771696483872,
        "DthetaE": 0.05033903941242807
}