{
        "Reff": 0.16132178706696065,
        "R": 0.18954954954954953,
        "MthetaE": 0.18954954954954953,
        "Mstar": 9.345171940693744,
        "Mdm": 8.74601141403639,
        "Mbh": 7.548817157745361,
        "Mtotal": 9.442663397311287,
        "fdm": 0.20107034205073515,
        "projMstar": 9.585940106115428,
        "projMdm": 9.095671706651812,
        "projMtotal": 9.707629180051482,
        "projfdm": 0.24436698278553526,
        "MMstar": [
                9.618619885073706,
                9.660842999872433,
                9.704519006254493
        ],
        "MMdm": [
                7.941653091091783,
                8.1306163270351,
                8.311201330683183
        ],
        "MMbh": -Infinity,
        "MMtotal": [
                9.638114654123017,
                9.673992032854606,
                9.71393725260619
        ],
        "Mfdm": [
                0.017359439946531587,
                0.029000626777571776,
                0.04471423026572676
        ],
        "MMthetaE": 0.18000780730416677,
        "projMMstar": [
                9.687476189042934,
                9.72994599730093,
                9.773447403715483
        ],
        "projMMdm": [
                8.57423504388281,
                8.732773757648255,
                8.843036159503038
        ],
        "projMMtotal": [
                9.743622851347974,
                9.771385031165735,
                9.803124484325194
        ],
        "projMfdm": [
                0.05978477483657965,
                0.09133701301257828,
                0.12224873111083079
        ],
        "Dstar": 1.0685739879176248,
        "Ddm": -0.7575596440328192,
        "Dtotal": 0.7034470384390101,
        "Dfdm": -0.8557687499718174,
        "projDstar": 0.39317570118409906,
        "projDdm": -0.5663872427787148,
        "projDtotal": 0.15812610521002965,
        "projDfdm": -0.6262301397208855,
        "DthetaE": 0.05033903941242807
}