{
        "Reff": 0.5447542281665589,
        "R": 1.3618855704163972,
        "Mstar": 10.514312794352605,
        "Mdm": 10.43474709606854,
        "Mbh": 8.0,
        "Mtotal": 10.777379520299181,
        "fdm": 0.4543259838895221,
        "MMstar": 10.526095759885829,
        "MMdm": 10.087184448060016,
        "MMbh": -Infinity,
        "MMtotal": 10.66090674230062,
        "Mfdm": 0.2668564509006465,
        "Dstar": 0.027502685271813206,
        "Ddm": -0.5508024778109621,
        "Dtotal": -0.23523637693415925,
        "Dfdm": -0.4126322060295418
}