{
        "Reff": 0.5447542281665589,
        "R": 1.3618855704163972,
        "Mstar": 10.514312794352605,
        "Mdm": 10.43474709606854,
        "Mbh": 8.0,
        "Mtotal": 10.777379520299181,
        "fdm": 0.4543259838895221,
        "MMstar": 10.523966447487616,
        "MMdm": 10.135570798991575,
        "MMbh": -Infinity,
        "MMtotal": 10.67284291364097,
        "Mfdm": 0.290220365922988,
        "Dstar": 0.022477248469421708,
        "Ddm": -0.49786128955275366,
        "Dtotal": -0.21392606977313855,
        "Dfdm": -0.361206762953799
}