{
        "Reff": 0.7118621851736756,
        "R": 1.779655462934189,
        "Mstar": 10.578525479670315,
        "Mdm": 10.582625166261142,
        "Mbh": 8.361756017743174,
        "Mtotal": 10.882920167360714,
        "fdm": 0.5008469102117176,
        "MMstar": 10.388515561956844,
        "MMdm": 10.313524014480548,
        "MMbh": 9.210285028296617,
        "MMtotal": 10.669037160986806,
        "Mfdm": 0.44104901194706697,
        "Dstar": -0.35436051520179374,
        "Ddm": -0.4618555716133812,
        "Dtotal": -0.38889337260903634,
        "Dfdm": -0.1193935652700201
}