{
        "Reff": 0.367224520196528,
        "R": 0.9180613004913201,
        "MthetaE": 0.713063063063063,
        "Mstar": 10.484295661995816,
        "Mdm": 10.367877546100154,
        "Mbh": 8.265618324279785,
        "Mtotal": 10.731005893875547,
        "fdm": 0.4333827811211263,
        "projMstar": 10.530649847941406,
        "projMdm": 10.57205454453717,
        "projMtotal": 10.852875434422135,
        "projfdm": 0.5238164224654629,
        "MMstar": [
                10.749905695655595,
                10.75323873832889,
                10.756894207987177
        ],
        "MMdm": [
                7.151361583753176,
                7.823210004699347,
                8.39602698251248
        ],
        "MMbh": -Infinity,
        "MMtotal": [
                10.751605152846135,
                10.753898063076182,
                10.757431254458943
        ],
        "Mfdm": [
                0.00025002314751749983,
                0.0011662348241175133,
                0.004404714470852643
        ],
        "MMthetaE": 0.7029446191885824,
        "projMMstar": [
                10.7621328296932,
                10.765311315342172,
                10.768888810912188
        ],
        "projMMdm": [
                7.620388385889528,
                8.299943436842582,
                8.81662358883813
        ],
        "projMMtotal": [
                10.765068820358172,
                10.768068031826168,
                10.770845117521079
        ],
        "projMfdm": [
                0.0007066563001112992,
                0.003393624560307343,
                0.011137344191437687
        ],
        "Dstar": 0.8575609656712351,
        "Ddm": -0.9971467984019077,
        "Dtotal": 0.05412513559739108,
        "Dfdm": -0.9973089959386467,
        "projDstar": 0.7165697991522173,
        "projDdm": -0.9946557238334129,
        "projDtotal": -0.17739262766717243,
        "projDfdm": -0.993521347527948,
        "DthetaE": 0.014190110803125005,
        "PL_slope1": -4.423840231235615,
        "AV_slope1": 4.12587260949688,
        "PL_slope2": -2.9062323664838856,
        "AV_slope2": 2.9005403919461203
}