{
        "Reff": 0.16132178706696065,
        "R": 0.40330446766740163,
        "MthetaE": 0.18954954954954953,
        "Mstar": 9.599760029832073,
        "Mdm": 9.279234321206893,
        "Mbh": 7.548817157745361,
        "Mtotal": 9.769449468963973,
        "fdm": 0.32343338962162704,
        "projMstar": 9.717313111667044,
        "projMdm": 9.527509505220532,
        "projMtotal": 9.93372876526527,
        "projfdm": 0.39244675278136476,
        "MMstar": [
                9.775588831665537,
                9.812691978893048,
                9.846404060217214
        ],
        "MMdm": [
                8.739585829703499,
                8.887737718141882,
                9.030661926410747
        ],
        "MMbh": -Infinity,
        "MMtotal": [
                9.836967411839442,
                9.861254799784835,
                9.885149764465238
        ],
        "Mfdm": [
                0.07538114267056294,
                0.10631014299403366,
                0.14785926587027617
        ],
        "MMthetaE": 0.20156767776074946,
        "projMMstar": [
                9.807904400926974,
                9.844750063380287,
                9.87838455640065
        ],
        "projMMdm": [
                9.205865390560342,
                9.32630167389521,
                9.424405203253329
        ],
        "projMMtotal": [
                9.93734503080254,
                9.95867625240794,
                9.980306159689887
        ],
        "projMfdm": [
                0.17801458554672325,
                0.23005811817849095,
                0.2872534194201814
        ],
        "Dstar": 0.6327960800053588,
        "Ddm": -0.5940211613032308,
        "Dtotal": 0.2353935536080036,
        "Dfdm": -0.6713074580258951,
        "projDstar": 0.3410252392145708,
        "projDdm": -0.3707949948232888,
        "projDtotal": 0.059125652914626174,
        "projDfdm": -0.41378514015464873,
        "DthetaE": -0.06340362316745214
}