{
        "Reff": 0.1610837669734156,
        "R": 0.40270941743353894,
        "MthetaE": 0.2139189189189189,
        "Mstar": 9.59925175767073,
        "Mdm": 9.2785085095605,
        "Mbh": 7.548817157745361,
        "Mtotal": 9.768870849191126,
        "fdm": 0.3233237895645361,
        "projMstar": 9.717139581904535,
        "projMdm": 9.526572642013694,
        "projMtotal": 9.93325582769927,
        "projfdm": 0.39202775390066114,
        "MMstar": [
                9.732264488051838,
                9.78049026458427,
                9.814967320445982
        ],
        "MMdm": [
                8.870496998219123,
                9.009007456141124,
                9.151200433369741
        ],
        "MMbh": -Infinity,
        "MMtotal": [
                9.823505319766417,
                9.85181610605587,
                9.871702362541985
        ],
        "Mfdm": [
                0.10515753995190273,
                0.1438696852384908,
                0.2042142508762673
        ],
        "MMthetaE": 0.20126366482753005,
        "projMMstar": [
                9.764747550801227,
                9.812964344151716,
                9.848093272311019
        ],
        "projMMdm": [
                9.292291643024367,
                9.405353525627367,
                9.49499461776588
        ],
        "projMMtotal": [
                9.93346661539854,
                9.954433326891921,
                9.973315701475016
        ],
        "projMfdm": [
                0.21937720605694552,
                0.2784457796678667,
                0.34645353695553777
        ],
        "Dstar": 0.5178837337318056,
        "Ddm": -0.4623508709944726,
        "Dtotal": 0.21044554639247803,
        "Dfdm": -0.5550290764800834,
        "projDstar": 0.24688029672873,
        "projDdm": -0.2435488566898435,
        "projDtotal": 0.049971471654948,
        "projDfdm": -0.2897294212020913,
        "DthetaE": 0.059159115777812674,
        "PL_slope1": -2.866042441356055,
        "AV_slope1": 2.834102149148975,
        "PL_slope2": -2.7553427320279913,
        "AV_slope2": 2.7350069211657364
}