{
        "Reff": 0.4888927916199904,
        "R": 1.2122072072072072,
        "MthetaE": 1.2122072072072072,
        "Mstar": 10.871095986573987,
        "Mdm": 10.63397856854966,
        "Mbh": 8.438713073730469,
        "Mtotal": 11.069552938709212,
        "fdm": 0.3667968774376197,
        "projMstar": 10.968903910381536,
        "projMdm": 10.899972681351729,
        "projMtotal": 11.236834454174467,
        "projfdm": 0.46040308728388907,
        "MMstar": 10.9131851922667,
        "MMdm": 10.378732893161905,
        "MMbh": -Infinity,
        "MMtotal": 11.024484968394772,
        "Mfdm": 0.22607259777472483,
        "MMthetaE": 1.2241833986063213,
        "projMMstar": 10.925659779430765,
        "projMMdm": 10.84036492824607,
        "projMMtotal": 11.186132966961516,
        "projMfdm": 0.45105755483481463,
        "Dstar": 0.10176559302829925,
        "Ddm": -0.4444101224381344,
        "Dtotal": -0.0985699539370465,
        "Dfdm": -0.3836572455195656,
        "projDstar": -0.09477639756540793,
        "projDdm": -0.128249416190212,
        "projDtotal": -0.11018747868097875,
        "projDfdm": -0.020298587709755924,
        "DthetaE": -0.009879656982658877
}