{
        "Reff": 0.4888927916199904,
        "R": 1.2122072072072072,
        "MthetaE": 1.2122072072072072,
        "Mstar": 10.871095986573987,
        "Mdm": 10.63397856854966,
        "Mbh": 8.438713073730469,
        "Mtotal": 11.069552938709212,
        "fdm": 0.3667968774376197,
        "projMstar": 10.968903910381536,
        "projMdm": 10.899972681351729,
        "projMtotal": 11.236834454174467,
        "projfdm": 0.46040308728388907,
        "MMstar": 10.913321116465637,
        "MMdm": 10.377972271553356,
        "MMbh": -Infinity,
        "MMtotal": 11.02441837000486,
        "Mfdm": 0.22571161153449845,
        "MMthetaE": 1.2241833986063213,
        "projMMstar": 10.925911797476335,
        "projMMdm": 10.840305817543873,
        "projMMtotal": 11.186244675628876,
        "projMfdm": 0.45088017699654714,
        "Dstar": 0.10211047432319101,
        "Ddm": -0.44538232870711364,
        "Dtotal": -0.09870817624789448,
        "Dfdm": -0.38464140395283297,
        "projDstar": -0.09425095020813422,
        "projDdm": -0.12836805984022415,
        "projDtotal": -0.10995857281195125,
        "projDfdm": -0.020683854106021672,
        "DthetaE": -0.009879656982658877
}