{
        "Reff": 0.39391362270631924,
        "R": 0.4468078192185168,
        "Mstar": 10.140918026411882,
        "Mdm": 9.662250970282136,
        "Mbh": 8.139239311218262,
        "Mtotal": 10.26547082817707,
        "fdm": 0.24933321791419477,
        "MMstar": 10.178256957532131,
        "MMdm": 9.237980718965527,
        "MMbh": -Infinity,
        "MMtotal": 10.2254314603642,
        "Mfdm": 0.10293172679216443,
        "Dstar": 0.08978024539510657,
        "Ddm": -0.6235305420752424,
        "Dtotal": -0.08807182861778375,
        "Dfdm": -0.5871720276454009
}