{
        "Reff": 0.9842781252851374,
        "R": 2.4606953132128435,
        "MthetaE": 1.2083783783783781,
        "Mstar": 11.047832343965457,
        "Mdm": 11.001254446472288,
        "Mbh": 8.475809097290039,
        "Mtotal": 11.326197524289501,
        "fdm": 0.4732132780951882,
        "projMstar": 11.149499647980916,
        "projMdm": 11.24215644498053,
        "projMtotal": 11.499324412551626,
        "projfdm": 0.5531361371153823,
        "MMstar": 11.270494922483744,
        "MMdm": 10.115109478793455,
        "MMbh": -Infinity,
        "MMtotal": 11.2998470868429,
        "Mfdm": 0.0653525280161325,
        "MMthetaE": 1.2008505624150592,
        "projMMstar": 11.284655003270576,
        "projMMdm": 10.417724109874642,
        "projMMtotal": 11.339977117543997,
        "projMfdm": 0.11960435471972984,
        "Dstar": 0.6697927786082838,
        "Ddm": -0.8700264346686896,
        "Dtotal": -0.0588701189804664,
        "Dfdm": -0.8618962505042247,
        "projDstar": 0.36507136091398146,
        "projDdm": -0.8501807340464886,
        "projDtotal": -0.30712848851382885,
        "projDfdm": -0.7837704921188673,
        "DthetaE": 0.006229684425023531,
        "PL_slope1": -2.9260945020485893,
        "AV_slope1": 2.6722989760804916,
        "PL_slope2": -2.205278949371149,
        "AV_slope2": 2.221425356405453
}