{
        "Reff": 0.3281228274892596,
        "R": 0.4991441441441441,
        "MthetaE": 0.4991441441441441,
        "Mstar": 10.19956999445017,
        "Mdm": 9.71954541043672,
        "Mbh": [
                7.912351131439209,
                6.072244644165039
        ],
        "Mtotal": 10.323784716321983,
        "fdm": 0.24874862805075892,
        "projMstar": 10.267229922708196,
        "projMdm": 9.97878410275757,
        "projMtotal": 10.447556552132752,
        "projfdm": 0.3398032674668276,
        "MMstar": [
                10.174161378740678,
                10.205469163168232,
                10.236874739011972
        ],
        "MMdm": [
                9.426067281756312,
                9.516357463712254,
                9.588401455864176
        ],
        "MMbh": -Infinity,
        "MMtotal": [
                10.270713147272676,
                10.287200286819735,
                10.305863129514636
        ],
        "Mfdm": [
                0.1351007871809356,
                0.1694003044831474,
                0.20663693978910008
        ],
        "MMthetaE": 0.48468156572166493,
        "projMMstar": [
                10.202271343037717,
                10.232725500159033,
                10.265064905598573
        ],
        "projMMdm": [
                9.936443105491296,
                10.003892357824519,
                10.057219660654281
        ],
        "projMMtotal": [
                10.427858146037794,
                10.434607893716098,
                10.441370528855122
        ],
        "projMfdm": [
                0.32195484196972124,
                0.3709708302934568,
                0.41724883550179526
        ],
        "Dstar": 0.013676010612176279,
        "Ddm": -0.3736572521589349,
        "Dtotal": -0.08078824295234259,
        "Dfdm": -0.3189899947967549,
        "projDstar": -0.07637521717261056,
        "projDdm": 0.05951779456003037,
        "projDtotal": -0.029375293871501448,
        "projDfdm": 0.09172237529961905,
        "DthetaE": 0.02897475326947365
}