{
        "Reff": 0.3281228274892596,
        "R": 0.4991441441441441,
        "MthetaE": 0.4991441441441441,
        "Mstar": 10.19956999445017,
        "Mdm": 9.71954541043672,
        "Mbh": [
                7.912351131439209,
                6.072244644165039
        ],
        "Mtotal": 10.323784716321983,
        "fdm": 0.24874862805075892,
        "projMstar": 10.267229922708196,
        "projMdm": 9.97878410275757,
        "projMtotal": 10.447556552132752,
        "projfdm": 0.3398032674668276,
        "MMstar": [
                10.171890567143066,
                10.20730081295185,
                10.239518144812003
        ],
        "MMdm": [
                9.426564801661417,
                9.515636472015462,
                9.593493249985471
        ],
        "MMbh": -Infinity,
        "MMtotal": [
                10.26960126294304,
                10.286861866309875,
                10.306501751653709
        ],
        "Mfdm": [
                0.13421868106294157,
                0.16858689264883903,
                0.20860988901514127
        ],
        "MMthetaE": 0.48468156572166493,
        "projMMstar": [
                10.197786514717325,
                10.234712818910392,
                10.266573758590205
        ],
        "projMMdm": [
                9.935960054493718,
                10.003854802588664,
                10.05716015706533
        ],
        "projMMtotal": [
                10.427980339743517,
                10.434399339480045,
                10.44084883602257
        ],
        "projMfdm": [
                0.3179399068765115,
                0.3711116089823942,
                0.4183619304593603
        ],
        "Dstar": 0.0179602471740563,
        "Ddm": -0.37469620912485696,
        "Dtotal": -0.08150425237123639,
        "Dfdm": -0.3222600101559649,
        "projDstar": -0.07213905249341303,
        "projDdm": 0.059426177645812484,
        "projDtotal": -0.02984128942509641,
        "projDfdm": 0.09213666998838674,
        "DthetaE": 0.02897475326947365
}