{
        "Reff": 0.6860226179383073,
        "R": 1.7150565448457682,
        "MthetaE": 1.0899099099099099,
        "Mstar": 10.84301596834364,
        "Mdm": 10.743585617454288,
        "Mbh": 8.453516006469727,
        "Mtotal": 11.097170128597762,
        "fdm": 0.4430119985802378,
        "projMstar": 10.942653613166152,
        "projMdm": 11.01637535019762,
        "projMtotal": 11.282106891190807,
        "projfdm": 0.5423360316663773,
        "MMstar": 10.955584941868945,
        "MMdm": 10.470536747045356,
        "MMbh": -Infinity,
        "MMtotal": 11.078555466464213,
        "Mfdm": 0.24659330456963796,
        "MMthetaE": 1.0875756874765057,
        "projMMstar": 10.969562579256225,
        "projMMdm": 10.923612524379852,
        "projMMtotal": 11.248224976176324,
        "projMfdm": 0.4735736699480062,
        "Dstar": 0.2958924914654204,
        "Ddm": -0.46672511639163694,
        "Dtotal": -0.04195625914381462,
        "Dfdm": -0.44337104782733044,
        "projDstar": 0.06391998304548874,
        "projDdm": -0.19232400721571166,
        "projDtotal": -0.0750503657711287,
        "projDfdm": -0.12678921868254348,
        "DthetaE": 0.0021416654827894365
}