{
        "Reff": 0.33542414752571365,
        "R": 0.48572072072072064,
        "MthetaE": 0.48572072072072064,
        "Mstar": 10.193931422797494,
        "Mdm": 9.704516155365626,
        "Mbh": [
                7.912351131439209,
                6.072244644165039
        ],
        "Mtotal": 10.315829128814833,
        "fdm": 0.2447298965108559,
        "projMstar": 10.263860798608103,
        "projMdm": 9.965676135596594,
        "projMtotal": 10.440902574668815,
        "projfdm": 0.3347908352976755,
        "MMstar": [
                10.181529694939377,
                10.215734175116816,
                10.249881360522384
        ],
        "MMdm": [
                9.501883956240047,
                9.598356716321861,
                9.670976896025396
        ],
        "MMbh": -Infinity,
        "MMtotal": [
                10.292640540540535,
                10.310086452510598,
                10.327105408139575
        ],
        "Mfdm": [
                0.15184061083398143,
                0.19421126767247224,
                0.2352549251275178
        ],
        "MMthetaE": 0.5249657346094901,
        "projMMstar": [
                10.205688318720444,
                10.239965475124466,
                10.273774499393447
        ],
        "projMMdm": [
                9.88089908780767,
                9.961842463758881,
                10.023700031215512
        ],
        "projMMtotal": [
                10.41435887152736,
                10.423628077073582,
                10.432392911376526
        ],
        "projMfdm": [
                0.28714352560460105,
                0.3454448696540649,
                0.3962980643230436
        ],
        "Dstar": 0.051484202715039507,
        "Ddm": -0.21685791867571308,
        "Dtotal": -0.013135961041123308,
        "Dfdm": -0.2064260621960534,
        "projDstar": -0.053534742834030126,
        "projDdm": -0.008788508909906588,
        "projDtotal": -0.03899532053355219,
        "projDfdm": 0.03182295700214279,
        "DthetaE": -0.0807974875573294
}