{
        "Reff": 1.1035545250518053,
        "R": 2.7588863126295133,
        "MthetaE": 0.6634234234234233,
        "Mstar": 10.900020863315055,
        "Mdm": 10.946236990033489,
        "Mbh": 8.336731910705566,
        "Mtotal": 11.22477340265395,
        "fdm": 0.526579062991917,
        "projMstar": 10.958959151544681,
        "projMdm": 11.188491183100519,
        "projMtotal": 11.389745840450614,
        "projfdm": 0.629137167379847,
        "MMstar": -Infinity,
        "MMdm": -Infinity,
        "MMbh": -Infinity,
        "MMtotal": -Infinity,
        "Mfdm": 0.0,
        "MMthetaE": 0.6491916548593238,
        "projMMstar": 11.046691782650262,
        "projMMdm": 11.025284210450627,
        "projMMtotal": 11.337149883643255,
        "projMfdm": 0.48767930545347177,
        "Dstar": -1.0,
        "Ddm": -1.0,
        "Dtotal": -1.0,
        "Dfdm": -1.0,
        "projDstar": 0.22386250902507607,
        "projDdm": -0.3132589196499419,
        "projDtotal": -0.1140605451505412,
        "projDfdm": -0.22484422994035075,
        "DthetaE": 0.021452013995315607
}