{
        "Reff": 0.544754228166559,
        "R": 1.3618855704163977,
        "MthetaE": 0.6397297297297296,
        "Mstar": 10.514315208436313,
        "Mdm": 10.434754337870459,
        "Mbh": 8.265588760375977,
        "Mtotal": 10.777384127747368,
        "fdm": 0.45432873975917076,
        "projMstar": 10.612744809851986,
        "projMdm": 10.67090916452487,
        "projMtotal": 10.943829988181458,
        "projfdm": 0.5334321367791579,
        "MMstar": [
                -Infinity,
                -Infinity,
                -Infinity
        ],
        "MMdm": [
                -Infinity,
                -Infinity,
                -Infinity
        ],
        "MMbh": -Infinity,
        "MMtotal": [
                -Infinity,
                -Infinity,
                -Infinity
        ],
        "Mfdm": [
                0.0,
                0.0,
                0.0
        ],
        "MMthetaE": 0.6854669924529392,
        "projMMstar": [
                10.514885426317015,
                10.519338382325603,
                10.523256274863867
        ],
        "projMMdm": [
                10.713299347859591,
                10.722060087430377,
                10.731400176553105
        ],
        "projMMtotal": [
                10.929485346349292,
                10.933596384606188,
                10.937736806384894
        ],
        "projMfdm": [
                0.6076013326976694,
                0.6148001474506094,
                0.6222166657661866
        ],
        "Dstar": -1.0,
        "Ddm": -1.0,
        "Dtotal": -1.0,
        "Dfdm": -1.0,
        "projDstar": -0.19352005433709132,
        "projDdm": 0.12499585654119048,
        "projDtotal": -0.023288285889359397,
        "projDfdm": 0.15253676158835933,
        "DthetaE": -0.07149466500881933
}