{
        "Reff": 0.544754228166559,
        "R": 1.3618855704163977,
        "MthetaE": 0.6397297297297296,
        "Mstar": 10.514315208436313,
        "Mdm": 10.434754337870459,
        "Mbh": 8.265588760375977,
        "Mtotal": 10.777384127747368,
        "fdm": 0.45432873975917076,
        "projMstar": 10.612744809851986,
        "projMdm": 10.67090916452487,
        "projMtotal": 10.943829988181458,
        "projfdm": 0.5334321367791579,
        "MMstar": [
                -Infinity,
                -Infinity,
                -Infinity
        ],
        "MMdm": [
                -Infinity,
                -Infinity,
                -Infinity
        ],
        "MMbh": -Infinity,
        "MMtotal": [
                -Infinity,
                -Infinity,
                -Infinity
        ],
        "Mfdm": [
                0.0,
                0.0,
                0.0
        ],
        "MMthetaE": 0.7258489720382846,
        "projMMstar": [
                10.514314908839747,
                10.518996949484638,
                10.522949512027221
        ],
        "projMMdm": [
                10.713914636120379,
                10.722849858318698,
                10.731664015819776
        ],
        "projMMtotal": [
                10.929686184903074,
                10.93383469372384,
                10.93774194726559
        ],
        "projMfdm": [
                0.607993325302484,
                0.6153369215407378,
                0.6224285433754637
        ],
        "Dstar": -1.0,
        "Ddm": -1.0,
        "Dtotal": -1.0,
        "Dfdm": -1.0,
        "projDstar": -0.19415384209711195,
        "projDdm": 0.12704353932115894,
        "projDtotal": -0.02275219070778527,
        "projDfdm": 0.15354302659025712,
        "DthetaE": -0.13461816499436136
}