{
        "Reff": 0.5148342648334497,
        "R": 0.5804954954954954,
        "MthetaE": 0.5804954954954954,
        "Mstar": 10.332992349204273,
        "Mdm": 9.915833221302163,
        "Mbh": 8.260486602783203,
        "Mtotal": 10.473715443571665,
        "fdm": 0.2767692123056929,
        "projMstar": 10.40732278043186,
        "projMdm": 10.179791668756826,
        "projMtotal": 10.609320580506106,
        "projfdm": 0.3719384597388031,
        "MMstar": 10.224426062556187,
        "MMdm": 9.796736098074604,
        "MMbh": -Infinity,
        "MMtotal": 10.362260009885219,
        "Mfdm": 0.2719418753557754,
        "MMthetaE": 0.5762987595061156,
        "projMMstar": 10.253242357938126,
        "projMMdm": 10.21690875902629,
        "projMMtotal": 10.536485407463053,
        "projMfdm": 0.47909688985271026,
        "Dstar": -0.22118606539377372,
        "Ddm": -0.2398437392320811,
        "Dtotal": -0.22634993508545856,
        "Dfdm": -0.017441741116008515,
        "projDstar": -0.29867458479007497,
        "projDdm": 0.0892237196929488,
        "projDtotal": -0.15440028688536603,
        "projDfdm": 0.28810795793788063,
        "DthetaE": 0.0072295754608699084
}