{
        "Reff": 0.41926087573428844,
        "R": 1.048152189335721,
        "MthetaE": 0.37909909909909906,
        "Mstar": 10.368959787027727,
        "Mdm": 10.167612661655273,
        "Mbh": 8.278263092041016,
        "Mtotal": 10.58088173208385,
        "fdm": 0.3861276746118224,
        "projMstar": 10.46300205690702,
        "projMdm": 10.48531827130692,
        "projMtotal": 10.775333483789968,
        "projfdm": 0.5128434197786145,
        "MMstar": 10.399942051615168,
        "MMdm": 10.132643825337432,
        "MMbh": -Infinity,
        "MMtotal": 10.587570802197328,
        "Mfdm": 0.35081085503045856,
        "MMthetaE": 0.38191770523089374,
        "projMMstar": 10.411847573066431,
        "projMMdm": 10.57881701280705,
        "projMMtotal": 10.80433751307563,
        "projMfdm": 0.5949486723693568,
        "Dstar": 0.07394555441262009,
        "Ddm": -0.07736236948442604,
        "Dtotal": 0.015521377607910917,
        "Dfdm": -0.0914640982852839,
        "projDstar": -0.11111512556849956,
        "projDdm": 0.24022003120030613,
        "projDtotal": 0.06906479771727027,
        "projDfdm": 0.16009809119942633,
        "DthetaE": -0.007435011421796824
}