{
        "Reff": 0.41926087573428844,
        "R": 1.048152189335721,
        "MthetaE": 0.37909909909909906,
        "Mstar": 10.368959787027727,
        "Mdm": 10.167612661655273,
        "Mbh": 8.278263092041016,
        "Mtotal": 10.58088173208385,
        "fdm": 0.3861276746118224,
        "projMstar": 10.46300205690702,
        "projMdm": 10.48531827130692,
        "projMtotal": 10.775333483789968,
        "projfdm": 0.5128434197786145,
        "MMstar": 10.397348308931367,
        "MMdm": 10.124201222584642,
        "MMbh": -Infinity,
        "MMtotal": 10.582934173434406,
        "Mfdm": 0.34774992832412244,
        "MMthetaE": 0.38191770523089374,
        "projMMstar": 10.409298399033498,
        "projMMdm": 10.570630794827004,
        "projMMtotal": 10.798443410550576,
        "projMfdm": 0.591816929305458,
        "Dstar": 0.06755073011499478,
        "Ddm": -0.09512505981280006,
        "Dtotal": 0.004737105634533876,
        "Dfdm": -0.0993913381792213,
        "projDstar": -0.11631732176472485,
        "projDdm": 0.21706149765620075,
        "projDtotal": 0.05465381206885975,
        "projDfdm": 0.1539914649990733,
        "DthetaE": -0.007435011421796824
}