{
        "Reff": 0.35973259940631447,
        "R": 0.46202702702702697,
        "MthetaE": 0.46202702702702697,
        "Mstar": 10.154514149873487,
        "Mdm": 9.85340370134865,
        "Mbh": 8.119908332824707,
        "Mtotal": 10.330578592964834,
        "fdm": 0.33329216803596157,
        "projMstar": 10.270689529883358,
        "projMdm": 10.129276943838029,
        "projMtotal": 10.506743732429133,
        "projfdm": 0.4193080608244642,
        "MMstar": [
                10.407346451757121,
                10.434758332454098,
                10.449285319959948
        ],
        "MMdm": [
                7.869764632315773,
                8.635911897921693,
                9.052424032286291
        ],
        "MMbh": -Infinity,
        "MMtotal": [
                10.424695701986897,
                10.441055927071272,
                10.452937924010637
        ],
        "Mfdm": [
                0.0026137275056479143,
                0.015753532797056515,
                0.04283284845114693
        ],
        "MMthetaE": 0.458917242575832,
        "projMMstar": [
                10.434888538385826,
                10.461172213913187,
                10.47576010817615
        ],
        "projMMdm": [
                8.206841549617883,
                8.982528816188658,
                9.356440025545611
        ],
        "projMMtotal": [
                10.463562431132674,
                10.475957432907796,
                10.48439083363487
        ],
        "projMfdm": [
                0.005401761656097891,
                0.03216395107605435,
                0.07639856440276194
        ],
        "Dstar": 0.9065323667211246,
        "Ddm": -0.9393950361420047,
        "Dtotal": 0.2896662482691286,
        "Dfdm": -0.9527335643981988,
        "projDstar": 0.5505389632555667,
        "projDdm": -0.9286733425490582,
        "projDtotal": -0.06843384755662171,
        "projDfdm": -0.9232927909546694,
        "DthetaE": 0.006730741426979472
}