{
        "Reff": 0.35973259940631447,
        "R": 0.46202702702702697,
        "MthetaE": 0.46202702702702697,
        "Mstar": 10.154514149873487,
        "Mdm": 9.85340370134865,
        "Mbh": 8.119908332824707,
        "Mtotal": 10.330578592964834,
        "fdm": 0.33329216803596157,
        "projMstar": 10.270689529883358,
        "projMdm": 10.129276943838029,
        "projMtotal": 10.506743732429133,
        "projfdm": 0.4193080608244642,
        "MMstar": [
                10.407254657035349,
                10.433661776633215,
                10.449349210467131
        ],
        "MMdm": [
                7.852672797586844,
                8.635277979642947,
                9.08320197103296
        ],
        "MMbh": -Infinity,
        "MMtotal": [
                10.42443529760612,
                10.440812326945053,
                10.452996110107978
        ],
        "Mfdm": [
                0.0025330297735764004,
                0.0156513997303141,
                0.04463249109296835
        ],
        "MMthetaE": 0.458917242575832,
        "projMMstar": [
                10.43376643923549,
                10.460370415171823,
                10.475542005870151
        ],
        "projMMdm": [
                8.197350358956431,
                8.97136781281793,
                9.371997375697745
        ],
        "projMMtotal": [
                10.46273975113768,
                10.475879582659884,
                10.48405466307828
        ],
        "projMfdm": [
                0.005261219644224272,
                0.03143307278434814,
                0.07962847099143451
        ],
        "Dstar": 0.9017246103356862,
        "Ddm": -0.9394834336942273,
        "Dtotal": 0.2889430643884479,
        "Dfdm": -0.9530400014421421,
        "projDstar": 0.5476789838540549,
        "projDdm": -0.9304830244785282,
        "projDtotal": -0.06860082217691722,
        "projDfdm": -0.9250358490067114,
        "DthetaE": 0.006730741426979472
}