{
        "Reff": 0.9842781252851374,
        "R": 1.2083783783783781,
        "MthetaE": 1.2083783783783781,
        "Mstar": 10.895234730204656,
        "Mdm": 10.600000777609383,
        "Mbh": 8.475809097290039,
        "Mtotal": 11.073266611131011,
        "fdm": 0.3363056522233072,
        "projMstar": 10.999048452312893,
        "projMdm": 10.872514045276716,
        "projMtotal": 11.241403360007325,
        "projfdm": 0.42767186967863274,
        "MMstar": -Infinity,
        "MMdm": -Infinity,
        "MMbh": -Infinity,
        "MMtotal": -Infinity,
        "Mfdm": 0.0,
        "MMthetaE": 1.2888011450712775,
        "projMMstar": 10.79005863098435,
        "projMMdm": 10.983180830804818,
        "projMMtotal": 11.198297134691124,
        "projMfdm": 0.6093736853610469,
        "Dstar": -1.0,
        "Ddm": -1.0,
        "Dtotal": -1.0,
        "Dfdm": -1.0,
        "projDstar": -0.38196911508254416,
        "projDdm": 0.2902289595485521,
        "projDtotal": -0.09448890771068608,
        "projDfdm": 0.42486267759193763,
        "DthetaE": -0.06655429138083824
}