{
        "Reff": 0.6860226179383073,
        "R": 1.0899099099099099,
        "MthetaE": 1.0899099099099099,
        "Mstar": 10.742246908926605,
        "Mdm": 10.494685451500338,
        "Mbh": 8.453516006469727,
        "Mtotal": 10.936902124158186,
        "fdm": 0.36122959761691914,
        "projMstar": 10.856106322719304,
        "projMdm": 10.77867479018461,
        "projMtotal": 11.120143955811441,
        "projfdm": 0.45554452811787544,
        "MMstar": [
                10.984288163036673,
                10.989984547880633,
                10.995289938464508
        ],
        "MMdm": [
                8.834008899970053,
                9.15039227719032,
                9.328088003965657
        ],
        "MMbh": -Infinity,
        "MMtotal": [
                10.992758358216996,
                10.995911224802011,
                10.99977255090909
        ],
        "Mfdm": [
                0.006791924876151251,
                0.014266500645523523,
                0.021609824268932324
        ],
        "MMthetaE": 1.083811265650753,
        "projMMstar": [
                11.006275234939944,
                11.012176747316014,
                11.017481226842886
        ],
        "projMMdm": [
                9.156645448419276,
                9.479865543503,
                9.65569204851467
        ],
        "projMMtotal": [
                11.021875897715674,
                11.024145892245043,
                11.02772732733648
        ],
        "projMfdm": [
                0.013564164232362029,
                0.028514511426377818,
                0.04265629102304426
        ],
        "Dstar": 0.7690399431467381,
        "Ddm": -0.9547408049420845,
        "Dtotal": 0.14553694592852692,
        "Dfdm": -0.9605057261651825,
        "projDstar": 0.4324201597272787,
        "projDdm": -0.9497436720215423,
        "projDtotal": -0.19831836207968026,
        "projDfdm": -0.9374056548452284,
        "DthetaE": 0.005595548956574725
}