{
        "Reff": 1.1035545250518053,
        "R": 2.7588863126295133,
        "MthetaE": 0.0,
        "Mstar": 10.900018194349306,
        "Mdm": 10.946230299126873,
        "Mbh": 8.336731910705566,
        "Mtotal": 11.22476861582299,
        "fdm": 0.5265767543183801,
        "projMstar": 10.95895643895832,
        "projMdm": 11.188488629591196,
        "projMtotal": 11.389743227945536,
        "projfdm": 0.6291372528435722,
        "MMstar": 10.86326180956137,
        "MMdm": 10.972475248052588,
        "MMbh": -Infinity,
        "MMtotal": 11.222322548650444,
        "Mfdm": 0.5625390810575142,
        "MMthetaE": 0.0,
        "projMMstar": 10.887094467441308,
        "projMMdm": 11.331556125256204,
        "projMMtotal": 11.464892887169643,
        "projMfdm": 0.7356364468831075,
        "Dstar": -0.0811521251545724,
        "Ddm": 0.06229453911100968,
        "Dtotal": -0.005616446267803744,
        "Dfdm": 0.06829455809473578,
        "projDstar": -0.1525032752766673,
        "projDdm": 0.390168666810462,
        "projDtotal": 0.18891185956331533,
        "projDfdm": 0.1692781560115548,
        "DthetaE": 0
}