{
        "Reff": 0.5148342648334497,
        "R": 1.2870856620836244,
        "MthetaE": 0.5804954954954954,
        "Mstar": 10.485052405687021,
        "Mdm": 10.343082781744615,
        "Mbh": 8.260486602783203,
        "Mtotal": 10.72087312472932,
        "fdm": 0.41899578782519636,
        "projMstar": 10.567427798541386,
        "projMdm": 10.56775212156492,
        "projMtotal": 10.868619985991932,
        "projfdm": 0.5001866953311498,
        "MMstar": 10.489555567251,
        "MMdm": 10.319801603056037,
        "MMbh": -Infinity,
        "MMtotal": 10.713950342499032,
        "Mfdm": 0.4035071740550241,
        "MMthetaE": 0.5762987595061156,
        "projMMstar": 10.508466409186568,
        "projMMdm": 10.610876244018392,
        "projMMtotal": 10.86371297838166,
        "projMfdm": 0.5586801815924906,
        "Dstar": 0.010422856147520716,
        "Ddm": -0.05219537998218538,
        "Dtotal": -0.015813921031869665,
        "Dfdm": -0.03696603693933563,
        "projDstar": -0.12695101725685873,
        "projDdm": 0.1043942134406241,
        "projDtotal": -0.011235210833662185,
        "projDfdm": 0.11694330698383533,
        "DthetaE": 0.0072295754608699084,
        "PL_slope1": -2.3978354001084776,
        "AV_slope1": 2.320928985395345,
        "PL_slope2": -2.011506933103049,
        "AV_slope2": 2.0207989960226054
}