{
        "Reff": 0.23513420348217307,
        "R": 0.29617117117117114,
        "MthetaE": 0.29617117117117114,
        "Mstar": 9.876642141429853,
        "Mdm": 9.343449316493516,
        "Mbh": 7.900820732116699,
        "Mtotal": 9.988226969854768,
        "fdm": 0.22658040390447187,
        "projMstar": 10.002798214419613,
        "projMdm": 9.58959111729185,
        "projMtotal": 10.14461871342537,
        "projfdm": 0.2785944137301345,
        "MMstar": [
                9.967084486188291,
                9.979594652627288,
                9.99318372975233
        ],
        "MMdm": [
                8.336465910693272,
                8.419256644735734,
                8.505166927558575
        ],
        "MMbh": -Infinity,
        "MMtotal": [
                9.980349329546522,
                9.991108797066769,
                10.003703382392201
        ],
        "Mfdm": [
                0.021737668508505986,
                0.026904451959928185,
                0.032933469466196616
        ],
        "MMthetaE": 0.2847271780932828,
        "projMMstar": [
                9.995147476284384,
                10.008714968864732,
                10.022039142133607
        ],
        "projMMdm": [
                9.196443857622508,
                9.276746920569007,
                9.339752991146726
        ],
        "projMMtotal": [
                10.076731292498142,
                10.081096141538108,
                10.08828591522587
        ],
        "projMfdm": [
                0.13055515259544181,
                0.1560417653894693,
                0.18057455052550905
        ],
        "Dstar": 0.2675132594962589,
        "Ddm": -0.8809286361078208,
        "Dtotal": 0.0066577170977849655,
        "Dfdm": -0.8812586989152367,
        "projDstar": 0.013717057853875295,
        "projDdm": -0.5134182642714296,
        "projDtotal": -0.13607224199692988,
        "projDfdm": -0.4398962875809062,
        "DthetaE": 0.03863979411849754
}