{
        "Reff": 0.23513420348217307,
        "R": 0.29617117117117114,
        "MthetaE": 0.29617117117117114,
        "Mstar": 9.876642141429853,
        "Mdm": 9.343449316493516,
        "Mbh": 7.900820732116699,
        "Mtotal": 9.988226969854768,
        "fdm": 0.22658040390447187,
        "projMstar": 10.002798214419613,
        "projMdm": 9.58959111729185,
        "projMtotal": 10.14461871342537,
        "projfdm": 0.2785944137301345,
        "MMstar": [
                9.966745106709832,
                9.980555048871981,
                9.992702924641623
        ],
        "MMdm": [
                8.331640075280829,
                8.42557902806582,
                8.512013226926399
        ],
        "MMbh": -Infinity,
        "MMtotal": [
                9.98043112062478,
                9.99229751480518,
                10.00322605571967
        ],
        "Mfdm": [
                0.02158073141833498,
                0.02717923128619878,
                0.03350835719686122
        ],
        "MMthetaE": 0.2847271780932828,
        "projMMstar": [
                9.996125166656746,
                10.009761492410812,
                10.022517097943394
        ],
        "projMMdm": [
                9.193630571989104,
                9.269930217104672,
                9.337276930431909
        ],
        "projMMtotal": [
                10.076428045960817,
                10.080777367945691,
                10.088218929399497
        ],
        "projMfdm": [
                0.12961333457235613,
                0.15339728593396024,
                0.1783406184669608
        ],
        "Dstar": 0.27031933233295447,
        "Ddm": -0.8791825370923815,
        "Dtotal": 0.009416838142871276,
        "Dfdm": -0.880045975654374,
        "projDstar": 0.016162767036284664,
        "projDdm": -0.520996044407813,
        "projDtotal": -0.13670613517291388,
        "projDfdm": -0.4493885075436176,
        "DthetaE": 0.03863979411849754
}