{
        "Reff": 0.4021615124324089,
        "R": 1.0054037810810221,
        "MthetaE": 0.45018018018018013,
        "Mstar": 10.34766963459026,
        "Mdm": 10.06055109759499,
        "Mbh": 8.139239311218262,
        "Mtotal": 10.528447734250646,
        "fdm": 0.3404892174779608,
        "projMstar": 10.4017277629554,
        "projMdm": 10.197305195536327,
        "projMtotal": 10.612464774462895,
        "projfdm": 0.38445049204016374,
        "MMstar": 10.400600876584882,
        "MMdm": 9.75365414601407,
        "MMbh": -Infinity,
        "MMtotal": 10.48889703013962,
        "Mfdm": 0.18397428166219001,
        "MMthetaE": 0.48492597519012226,
        "projMMstar": 10.43204479520376,
        "projMMdm": 10.041155542578617,
        "projMMtotal": 10.580199040129969,
        "projMfdm": 0.28903903755783894,
        "Dstar": 0.12961705823380568,
        "Ddm": -0.5067091629885925,
        "Dtotal": -0.08704515889091638,
        "Dfdm": -0.45967662933673276,
        "projDstar": 0.07230179318190753,
        "projDdm": -0.3020081574482142,
        "projDtotal": -0.07160185151337217,
        "projDfdm": -0.24817617991852411,
        "DthetaE": -0.07718197410653545
}