{
        "Reff": 0.4021615124324089,
        "R": 1.0054037810810221,
        "MthetaE": 0.45018018018018013,
        "Mstar": 10.34766963459026,
        "Mdm": 10.06055109759499,
        "Mbh": 8.139239311218262,
        "Mtotal": 10.528447734250646,
        "fdm": 0.3404892174779608,
        "projMstar": 10.4017277629554,
        "projMdm": 10.197305195536327,
        "projMtotal": 10.612464774462895,
        "projfdm": 0.38445049204016374,
        "MMstar": 10.399605412597312,
        "MMdm": 9.734999019475579,
        "MMbh": -Infinity,
        "MMtotal": 10.48470608421749,
        "Mfdm": 0.17794792789800418,
        "MMthetaE": 0.458917242575832,
        "projMMstar": 10.431074455164868,
        "projMMdm": 10.025190002475084,
        "projMMtotal": 10.574947440013693,
        "projMfdm": 0.2819957496166468,
        "Dstar": 0.12703078236798543,
        "Ddm": -0.5274498320225827,
        "Dtotal": -0.09581280988035408,
        "Dfdm": -0.47737573243557296,
        "projDstar": 0.06990863396497794,
        "projDdm": -0.3272018216016583,
        "projDtotal": -0.08276067607190893,
        "projDfdm": -0.2664965829015337,
        "DthetaE": -0.019407923272310522
}