{
        "Reff": 0.9662426539989696,
        "R": 2.415606634997424,
        "MthetaE": 0.0,
        "Mstar": 10.5918964286169,
        "Mdm": 10.646142705336276,
        "Mbh": 8.30414867401123,
        "Mtotal": 10.920895977836436,
        "fdm": 0.5311861312447683,
        "projMstar": 10.67843889325413,
        "projMdm": 10.847396843209468,
        "projMtotal": 11.07211299151808,
        "projfdm": 0.5960515911979375,
        "MMstar": [
                10.461165324969407,
                10.58380666394336,
                10.669690528271085
        ],
        "MMdm": [
                10.62955732578323,
                10.723123550937519,
                10.80440039916545
        ],
        "MMbh": -Infinity,
        "MMtotal": [
                10.939543555388825,
                10.958931198701432,
                10.978233193101698
        ],
        "Mfdm": [
                0.4818004368514282,
                0.5772464364019954,
                0.6852977099627426
        ],
        "MMthetaE": 0.0,
        "projMMstar": [
                10.48281613762005,
                10.602586411399589,
                10.690145488426381
        ],
        "projMMdm": [
                10.877881112652592,
                10.940183677279588,
                10.996436366906405
        ],
        "projMMtotal": [
                11.070290442492613,
                11.099286402982205,
                11.139066668751262
        ],
        "projMfdm": [
                0.6212447044916453,
                0.6855355465748963,
                0.7589329063120867
        ],
        "Dstar": -0.01845495427771599,
        "Ddm": 0.19393544521833445,
        "Dtotal": 0.09152885480017171,
        "Dfdm": 0.08671217572885509,
        "projDstar": -0.16025482308618696,
        "projDdm": 0.2381886938653738,
        "projDtotal": 0.06456800968348181,
        "projDfdm": 0.15012786929586927,
        "DthetaE": 0
}