{
        "Reff": 1.0651673088178268,
        "R": 0.4991441441441441,
        "MthetaE": 0.4991441441441441,
        "Mstar": 10.328914644188087,
        "Mdm": 9.753618817054047,
        "Mbh": 8.30414867401123,
        "Mtotal": 10.431311068871075,
        "fdm": 0.21004277539049304,
        "projMstar": 10.406284017472307,
        "projMdm": 10.051001970472319,
        "projMtotal": 10.565033513080111,
        "projfdm": 0.3061741052775397,
        "MMstar": [
                10.340550488132562,
                10.358309018370504,
                10.375830410162738
        ],
        "MMdm": [
                9.35635513658015,
                9.446212338177865,
                9.517433548186718
        ],
        "MMbh": -Infinity,
        "MMtotal": [
                10.39687326910019,
                10.408329223751714,
                10.419493624354844
        ],
        "Mfdm": [
                0.08798796018673614,
                0.10891084144619387,
                0.12981019273604694
        ],
        "MMthetaE": 0.4500005387316103,
        "projMMstar": [
                10.372263410818935,
                10.3902329479117,
                10.407861114857043
        ],
        "projMMdm": [
                9.947421983481084,
                10.001698581450942,
                10.047879634707238
        ],
        "projMMtotal": [
                10.533344426627647,
                10.539728884124102,
                10.544743696021756
        ],
        "projMfdm": [
                0.2590871620775516,
                0.2888565421957222,
                0.3226235232049156
        ],
        "Dstar": 0.07002610760856348,
        "Ddm": -0.5072875672079512,
        "Dtotal": -0.05154188898398602,
        "Dfdm": -0.4814825635220425,
        "projDstar": -0.03628430830361769,
        "projDdm": -0.1073183428307216,
        "projDtotal": -0.05660108800927193,
        "projDfdm": -0.05656116171587898,
        "DthetaE": 0.09845573866602751
}