{
        "Reff": 1.0651673088178268,
        "R": 0.4991441441441441,
        "MthetaE": 0.4991441441441441,
        "Mstar": 10.328914644188087,
        "Mdm": 9.753618817054047,
        "Mbh": 8.30414867401123,
        "Mtotal": 10.431311068871075,
        "fdm": 0.21004277539049304,
        "projMstar": 10.406284017472307,
        "projMdm": 10.051001970472319,
        "projMtotal": 10.565033513080111,
        "projfdm": 0.3061741052775397,
        "MMstar": [
                10.342281330295307,
                10.361017425994971,
                10.375857435140436
        ],
        "MMdm": [
                9.349057033514143,
                9.445734397163092,
                9.511917069423669
        ],
        "MMbh": -Infinity,
        "MMtotal": [
                10.39849945660869,
                10.408999667202124,
                10.41941449133352
        ],
        "Mfdm": [
                0.0868630914450858,
                0.10797847791519302,
                0.12865149654156158
        ],
        "MMthetaE": 0.4500005387316103,
        "projMMstar": [
                10.37446508748996,
                10.393210234565316,
                10.40782696372803
        ],
        "projMMdm": [
                9.947441245377863,
                9.996505980530621,
                10.044743241880402
        ],
        "projMMtotal": [
                10.533509574892463,
                10.539716390140429,
                10.544862213310855
        ],
        "projMfdm": [
                0.2590871620775516,
                0.28638392612799113,
                0.3190348335339434
        ],
        "Dstar": 0.07672000418720146,
        "Ddm": -0.5078294989166844,
        "Dtotal": -0.05007657308803387,
        "Dfdm": -0.48592148568571836,
        "projDstar": -0.0296549000675059,
        "projDdm": -0.11792805328919632,
        "projDtotal": -0.05662822775327291,
        "projDfdm": -0.06463701145336645,
        "DthetaE": 0.09845573866602751
}