{
        "Reff": 0.33542414752571353,
        "R": 0.4659807672750291,
        "Mstar": 10.184985034255313,
        "Mdm": 9.6811755515846,
        "Mbh": [
                7.912351131439209,
                6.072244644165039
        ],
        "Mtotal": 10.303403887457089,
        "fdm": 0.23865561905933838,
        "MMstar": 10.230965783036622,
        "MMdm": 9.624187614476261,
        "MMbh": -Infinity,
        "MMtotal": 10.326936252353851,
        "Mfdm": 0.19826742312789697,
        "Dstar": 0.11168244800876377,
        "Ddm": -0.1229748190883798,
        "Dtotal": 0.05568017266292241,
        "Dfdm": -0.1692321181903513
}