{
        "Reff": 0.3129603324922881,
        "R": 0.7824008312307202,
        "MthetaE": 0.45018018018018013,
        "Mstar": 10.273399770015239,
        "Mdm": 10.022244869721614,
        "Mbh": 8.01979923248291,
        "Mtotal": 10.466760355017644,
        "fdm": 0.35932258444479737,
        "projMstar": 10.311296349477995,
        "projMdm": 10.185498404817997,
        "projMtotal": 10.553966374268237,
        "projfdm": 0.4280869911502228,
        "MMstar": [
                10.3081285914958,
                10.325005664631565,
                10.341718105909473
        ],
        "MMdm": [
                9.223971165518071,
                9.381572529599975,
                9.48521360805427
        ],
        "MMbh": -Infinity,
        "MMtotal": [
                10.366212724556863,
                10.371570209978874,
                10.378256522060104
        ],
        "Mfdm": [
                0.07097921847400583,
                0.10212506501080675,
                0.1309884477776756
        ],
        "MMthetaE": 0.4027931353555214,
        "projMMstar": [
                10.33332659259617,
                10.350174984228865,
                10.367122235165997
        ],
        "projMMdm": [
                9.66485064797417,
                9.814796855356137,
                9.918552948592756
        ],
        "projMMtotal": [
                10.4438017787689,
                10.461165736394262,
                10.476490485831116
        ],
        "projMfdm": [
                0.16600232115579042,
                0.22488111971585012,
                0.27760313881924403
        ],
        "Dstar": 0.12617503221531506,
        "Ddm": -0.771267614222685,
        "Dtotal": -0.1968256047416556,
        "Dfdm": -0.7157844526566456,
        "projDstar": 0.09365069870575983,
        "projDdm": -0.5741090118156489,
        "projDtotal": -0.19239432485008265,
        "projDfdm": -0.4746835938377403,
        "DthetaE": 0.10526239694891172,
        "PL_slope1": -2.8025524731873928,
        "AV_slope1": 2.8326332455456584,
        "PL_slope2": -2.8190717533206193,
        "AV_slope2": 2.80124495876695
}