{
        "Reff": 0.4081097725007585,
        "R": 0.37909909909909906,
        "MthetaE": 0.37909909909909906,
        "Mstar": 10.136938839434904,
        "Mdm": 9.556086234548895,
        "Mbh": 8.278263092041016,
        "Mtotal": 10.23817398702835,
        "fdm": 0.20792765111354303,
        "projMstar": 10.290529101756526,
        "projMdm": 9.899801459426145,
        "projMtotal": 10.438730064546228,
        "projfdm": 0.28911551283478226,
        "MMstar": [
                10.172403270430092,
                10.205542183663097,
                10.231650117497255
        ],
        "MMdm": [
                9.260205446325465,
                9.358351296647372,
                9.45995834021904
        ],
        "MMbh": -Infinity,
        "MMtotal": [
                10.242274272441808,
                10.263617456932925,
                10.280355888347492
        ],
        "Mfdm": [
                0.0981036251555957,
                0.12388259788857328,
                0.16016747710622473
        ],
        "MMthetaE": 0.37130888008559115,
        "projMMstar": [
                10.20005003121744,
                10.232651835470355,
                10.258404640640437
        ],
        "projMMdm": [
                9.786943764167912,
                9.848981383636835,
                9.91588629244133
        ],
        "projMMtotal": [
                10.371721631438271,
                10.382471902150556,
                10.393563999690517
        ],
        "projMfdm": [
                0.2523821001931459,
                0.2930436236554939,
                0.339543026257342
        ],
        "Dstar": 0.1711252488174325,
        "Ddm": -0.36574330220433954,
        "Dtotal": 0.0603359103890717,
        "Dfdm": -0.40420335041959027,
        "projDstar": -0.12476891519658602,
        "projDdm": -0.1104304179743803,
        "projDtotal": -0.12149985481602688,
        "projDfdm": 0.013586648402904638,
        "DthetaE": 0.020549294451030833
}