{
        "Reff": 0.6862264033777628,
        "R": 1.7155660084444069,
        "MthetaE": 1.1409009009009008,
        "Mstar": 10.843082740015452,
        "Mdm": 10.743798949609562,
        "Mbh": 8.453516006469727,
        "Mtotal": 11.097301834424467,
        "fdm": 0.4430952712050973,
        "projMstar": 10.94270243951153,
        "projMdm": 11.016527137729538,
        "projMtotal": 11.282211560126827,
        "projfdm": 0.5423948753765157,
        "MMstar": 11.010198859131364,
        "MMdm": 10.436923081216493,
        "MMbh": -Infinity,
        "MMtotal": 11.113020360768267,
        "Mfdm": 0.2108155881834201,
        "MMthetaE": 1.0949539324614128,
        "projMMstar": 11.024370351793378,
        "projMMdm": 10.724946664917667,
        "projMMtotal": 11.20099770751556,
        "projMfdm": 0.3341557644161932,
        "Dstar": 0.469319083062539,
        "Ddm": -0.5066852151921987,
        "Dtotal": 0.03685619383001535,
        "Dfdm": -0.5242206318066548,
        "projDstar": 0.2068906209201468,
        "projDdm": -0.48900161543520515,
        "projDtotal": -0.1705577618932992,
        "projDfdm": -0.38392529209603715,
        "DthetaE": 0.04027253234983549
}