{
        "Reff": 0.5423966499825412,
        "R": 1.355991624956353,
        "MthetaE": 0.6417567567567567,
        "Mstar": 10.513402181922052,
        "Mdm": 10.432306988216029,
        "Mbh": 8.265588760375977,
        "Mtotal": 10.775774685986606,
        "fdm": 0.45345302374030644,
        "projMstar": 10.611979249434077,
        "projMdm": 10.668755463077813,
        "projMtotal": 10.942324500904348,
        "projfdm": 0.5326365467736172,
        "MMstar": 10.545079720357306,
        "MMdm": 10.31831517826599,
        "MMbh": -Infinity,
        "MMtotal": 10.747362795203829,
        "Mfdm": 0.3723508787022799,
        "MMthetaE": 0.6364252723388055,
        "projMMstar": 10.569616931939237,
        "projMMdm": 10.770482876679932,
        "projMMtotal": 10.982590682084334,
        "projMfdm": 0.6136096692446472,
        "Dstar": 0.07566624003803986,
        "Ddm": -0.23085505509407586,
        "Dtotal": -0.06332676808041282,
        "Dfdm": -0.17885456881300657,
        "projDstar": -0.09293651857303149,
        "projDdm": 0.26394278050105774,
        "projDtotal": 0.09715043890078032,
        "projDfdm": 0.15202321913791902,
        "DthetaE": 0.008307640491227347
}