{
        "Reff": 0.5423966499825412,
        "R": 1.355991624956353,
        "MthetaE": 0.6417567567567567,
        "Mstar": 10.513402181922052,
        "Mdm": 10.432306988216029,
        "Mbh": 8.265588760375977,
        "Mtotal": 10.775774685986606,
        "fdm": 0.45345302374030644,
        "projMstar": 10.611979249434077,
        "projMdm": 10.668755463077813,
        "projMtotal": 10.942324500904348,
        "projfdm": 0.5326365467736172,
        "MMstar": 10.5439013447208,
        "MMdm": 10.322530167475993,
        "MMbh": -Infinity,
        "MMtotal": 10.748200478564225,
        "Mfdm": 0.3752577661142677,
        "MMthetaE": 0.6364252723388055,
        "projMMstar": 10.5684200194359,
        "projMMdm": 10.773182686338414,
        "projMMtotal": 10.983788977944076,
        "projMfdm": 0.6157348123684501,
        "Dstar": 0.07275157986121611,
        "Ddm": -0.2233538758187119,
        "Dtotal": -0.06151833436284848,
        "Dfdm": -0.17244400970368506,
        "projDstar": -0.0954329374401774,
        "projDdm": 0.27182460668289643,
        "projDtotal": 0.10018185263809598,
        "projDfdm": 0.1560130751413714,
        "DthetaE": 0.008307640491227347
}