{
        "Reff": 0.4021615124324089,
        "R": 0.4991441441441441,
        "MthetaE": 0.4991441441441441,
        "Mstar": 10.17436317565442,
        "Mdm": 9.72089648319492,
        "Mbh": 8.139239311218262,
        "Mtotal": 10.305337431414026,
        "fdm": 0.26035088109582466,
        "projMstar": 10.26410891081594,
        "projMdm": 9.912543732512981,
        "projMtotal": 10.423999797875984,
        "projfdm": 0.30799519036570894,
        "MMstar": 10.211691137097713,
        "MMdm": 9.26946577009119,
        "MMbh": -Infinity,
        "MMtotal": 10.258665416164,
        "Mfdm": 0.10251805402935078,
        "MMthetaE": 0.4500005387316103,
        "projMMstar": 10.251037489727782,
        "projMMdm": 9.67403192102094,
        "projMMtotal": 10.3530753535368,
        "projMfdm": 0.20939030402850883,
        "Dstar": 0.08975271940348717,
        "Ddm": -0.6463535630101106,
        "Dtotal": -0.10189319980306495,
        "Dfdm": -0.6062311999949868,
        "projDstar": -0.029649623036233697,
        "projDdm": -0.42258483143998465,
        "projDtotal": -0.15067177734993645,
        "projDfdm": -0.32015073423749935,
        "DthetaE": 0.09845573866602751
}