{
        "Reff": 0.3467016162740413,
        "R": 0.8667540406851032,
        "MthetaE": 1.0543693693693692,
        "Mstar": 11.03345786386676,
        "Mdm": 10.707938546070702,
        "Mbh": 8.772610664367676,
        "Mtotal": 11.201538476711304,
        "fdm": 0.32092242805804894,
        "projMstar": 11.066876405753483,
        "projMdm": 10.936810604375674,
        "projMtotal": 11.307724548300431,
        "projfdm": 0.4256827544263702,
        "MMstar": 11.121016073919254,
        "MMdm": 10.505963767503095,
        "MMbh": -Infinity,
        "MMtotal": 11.215358532123439,
        "Mfdm": 0.19525638091322006,
        "MMthetaE": 1.127957667061851,
        "projMMstar": 11.139546337528198,
        "projMMdm": 10.80908023308647,
        "projMMtotal": 11.306045546983496,
        "projMfdm": 0.3184451846426161,
        "Dstar": 0.22337108089054192,
        "Ddm": -0.37190516595600187,
        "Dtotal": 0.032333582387266566,
        "Dfdm": -0.3915776404449309,
        "projDstar": 0.18214277369012571,
        "projDdm": -0.2548055208670838,
        "projDtotal": -0.0038585798788922264,
        "projDfdm": -0.2519189905361854,
        "DthetaE": -0.06979366039104094
}