{
        "Reff": 0.3467016162740413,
        "R": 0.8667540406851032,
        "MthetaE": 1.0543693693693692,
        "Mstar": 11.03345786386676,
        "Mdm": 10.707938546070702,
        "Mbh": 8.772610664367676,
        "Mtotal": 11.201538476711304,
        "fdm": 0.32092242805804894,
        "projMstar": 11.066876405753483,
        "projMdm": 10.936810604375674,
        "projMtotal": 11.307724548300431,
        "projfdm": 0.4256827544263702,
        "MMstar": 11.122164245322832,
        "MMdm": 10.510137906234657,
        "MMbh": -Infinity,
        "MMtotal": 11.21709920174608,
        "Mfdm": 0.1963535260044083,
        "MMthetaE": 1.127957667061851,
        "projMMstar": 11.140700917258016,
        "projMMdm": 10.808628671104163,
        "projMMtotal": 11.30668930292838,
        "projMfdm": 0.31764305784271984,
        "Dstar": 0.22660966243782624,
        "Ddm": -0.3658392480239909,
        "Dtotal": 0.03647951959207429,
        "Dfdm": -0.38815891680561637,
        "projDstar": 0.1852897028512381,
        "projDdm": -0.25557994152047553,
        "projDtotal": -0.0023809017078873012,
        "projDfdm": -0.2538033205720056,
        "DthetaE": -0.06979366039104094,
        "PL_slope1": -3.6444198536774106,
        "AV_slope1": 3.5869318133599353,
        "PL_slope2": -2.7120240175052652,
        "AV_slope2": 2.8365975563013404
}